ISO-10303-21;
HEADER;
FILE_DESCRIPTION(('Open CASCADE Model'),'2;1');
FILE_NAME('Open CASCADE Shape Model','2026-09-17T10:57:10',('Author'),(
    'Open CASCADE'),'Open CASCADE STEP processor 7.9','build123d',
  'Unknown');
FILE_SCHEMA(('AUTOMOTIVE_DESIGN { 1 0 10303 214 1 1 1 1 }'));
ENDSEC;
DATA;
#1 = APPLICATION_PROTOCOL_DEFINITION('international standard',
  'automotive_design',2000,#2);
#2 = APPLICATION_CONTEXT(
  'core data for automotive mechanical design processes');
#3 = SHAPE_DEFINITION_REPRESENTATION(#4,#10);
#4 = PRODUCT_DEFINITION_SHAPE('','',#5);
#5 = PRODUCT_DEFINITION('design','',#6,#9);
#6 = PRODUCT_DEFINITION_FORMATION('','',#7);
#7 = PRODUCT('COMPOUND','COMPOUND','',(#8));
#8 = PRODUCT_CONTEXT('',#2,'mechanical');
#9 = PRODUCT_DEFINITION_CONTEXT('part definition',#2,'design');
#10 = ADVANCED_BREP_SHAPE_REPRESENTATION('',(#11,#15),#4067);
#11 = AXIS2_PLACEMENT_3D('',#12,#13,#14);
#12 = CARTESIAN_POINT('',(0.,0.,0.));
#13 = DIRECTION('',(0.,0.,1.));
#14 = DIRECTION('',(1.,0.,-0.));
#15 = MANIFOLD_SOLID_BREP('',#16);
#16 = CLOSED_SHELL('',(#17,#514,#646,#782,#836,#901,#954,#1007,#1061,
    #1115,#1241,#1294,#1430,#1484,#1549,#1581,#1636,#1710,#1861,#1915,
    #1960,#2009,#2269,#2323,#2371,#2418,#2472,#2623,#2676,#2721,#2949,
    #2984,#3147,#3214,#3240,#3289,#3338,#3391,#3444,#3477,#3504,#3554,
    #3642,#3668,#3694,#3743,#3791,#3839,#3867,#3922,#3949,#3999,#4026,
    #4053,#4060));
#17 = ADVANCED_FACE('',(#18,#479),#32,.F.);
#18 = FACE_BOUND('',#19,.F.);
#19 = EDGE_LOOP('',(#20,#55,#94,#122,#161,#189,#222,#250,#278,#321,#349,
    #392,#420,#448));
#20 = ORIENTED_EDGE('',*,*,#21,.T.);
#21 = EDGE_CURVE('',#22,#24,#26,.T.);
#22 = VERTEX_POINT('',#23);
#23 = CARTESIAN_POINT('',(-9.486832980505,-6.5,-4.));
#24 = VERTEX_POINT('',#25);
#25 = CARTESIAN_POINT('',(-11.,-6.5,-4.));
#26 = SURFACE_CURVE('',#27,(#31,#43),.PCURVE_S1.);
#27 = LINE('',#28,#29);
#28 = CARTESIAN_POINT('',(-10.24695076596,-6.5,-4.));
#29 = VECTOR('',#30,1.);
#30 = DIRECTION('',(-1.,-0.,-0.));
#31 = PCURVE('',#32,#37);
#32 = PLANE('',#33);
#33 = AXIS2_PLACEMENT_3D('',#34,#35,#36);
#34 = CARTESIAN_POINT('',(-13.,0.,-4.));
#35 = DIRECTION('',(0.,0.,-1.));
#36 = DIRECTION('',(1.,0.,0.));
#37 = DEFINITIONAL_REPRESENTATION('',(#38),#42);
#38 = LINE('',#39,#40);
#39 = CARTESIAN_POINT('',(2.75304923404,6.5));
#40 = VECTOR('',#41,1.);
#41 = DIRECTION('',(-1.,0.));
#42 = ( GEOMETRIC_REPRESENTATION_CONTEXT(2) 
PARAMETRIC_REPRESENTATION_CONTEXT() REPRESENTATION_CONTEXT('2D SPACE',''
  ) );
#43 = PCURVE('',#44,#49);
#44 = CYLINDRICAL_SURFACE('',#45,1.5);
#45 = AXIS2_PLACEMENT_3D('',#46,#47,#48);
#46 = CARTESIAN_POINT('',(-10.24695076596,-6.5,-5.5));
#47 = DIRECTION('',(-1.,-0.,-0.));
#48 = DIRECTION('',(-0.,0.,1.));
#49 = DEFINITIONAL_REPRESENTATION('',(#50),#54);
#50 = LINE('',#51,#52);
#51 = CARTESIAN_POINT('',(-0.,0.));
#52 = VECTOR('',#53,1.);
#53 = DIRECTION('',(-0.,1.));
#54 = ( GEOMETRIC_REPRESENTATION_CONTEXT(2) 
PARAMETRIC_REPRESENTATION_CONTEXT() REPRESENTATION_CONTEXT('2D SPACE',''
  ) );
#55 = ORIENTED_EDGE('',*,*,#56,.T.);
#56 = EDGE_CURVE('',#24,#57,#59,.T.);
#57 = VERTEX_POINT('',#58);
#58 = CARTESIAN_POINT('',(-11.5,-6.,-4.));
#59 = SURFACE_CURVE('',#60,(#65,#72),.PCURVE_S1.);
#60 = CIRCLE('',#61,0.5);
#61 = AXIS2_PLACEMENT_3D('',#62,#63,#64);
#62 = CARTESIAN_POINT('',(-11.,-6.,-4.));
#63 = DIRECTION('',(0.,0.,-1.));
#64 = DIRECTION('',(0.,-1.,0.));
#65 = PCURVE('',#32,#66);
#66 = DEFINITIONAL_REPRESENTATION('',(#67),#71);
#67 = CIRCLE('',#68,0.5);
#68 = AXIS2_PLACEMENT_2D('',#69,#70);
#69 = CARTESIAN_POINT('',(2.,6.));
#70 = DIRECTION('',(0.,1.));
#71 = ( GEOMETRIC_REPRESENTATION_CONTEXT(2) 
PARAMETRIC_REPRESENTATION_CONTEXT() REPRESENTATION_CONTEXT('2D SPACE',''
  ) );
#72 = PCURVE('',#73,#88);
#73 = SURFACE_OF_REVOLUTION('',#74,#85);
#74 = B_SPLINE_CURVE_WITH_KNOTS('',5,(#75,#76,#77,#78,#79,#80,#81,#82,
    #83,#84),.UNSPECIFIED.,.F.,.F.,(6,4,6),(4.712388980385,
    5.497787143782,6.28318530718),.UNSPECIFIED.);
#75 = CARTESIAN_POINT('',(-11.,-6.5,-4.));
#76 = CARTESIAN_POINT('',(-11.,-6.735619449019,-4.));
#77 = CARTESIAN_POINT('',(-11.,-6.971242630973,-4.046253389419));
#78 = CARTESIAN_POINT('',(-11.,-7.194735226524,-4.138827053586));
#79 = CARTESIAN_POINT('',(-11.,-7.394052061599,-4.272731718039));
#80 = CARTESIAN_POINT('',(-11.,-7.727268281961,-4.605947938401));
#81 = CARTESIAN_POINT('',(-11.,-7.861172946414,-4.805264773476));
#82 = CARTESIAN_POINT('',(-11.,-7.953746610581,-5.028757369027));
#83 = CARTESIAN_POINT('',(-11.,-8.,-5.264380550981));
#84 = CARTESIAN_POINT('',(-11.,-8.,-5.5));
#85 = AXIS1_PLACEMENT('',#86,#87);
#86 = CARTESIAN_POINT('',(-11.,-6.,-5.5));
#87 = DIRECTION('',(0.,0.,-1.));
#88 = DEFINITIONAL_REPRESENTATION('',(#89),#93);
#89 = LINE('',#90,#91);
#90 = CARTESIAN_POINT('',(0.,4.712388980385));
#91 = VECTOR('',#92,1.);
#92 = DIRECTION('',(1.,0.));
#93 = ( GEOMETRIC_REPRESENTATION_CONTEXT(2) 
PARAMETRIC_REPRESENTATION_CONTEXT() REPRESENTATION_CONTEXT('2D SPACE',''
  ) );
#94 = ORIENTED_EDGE('',*,*,#95,.T.);
#95 = EDGE_CURVE('',#57,#96,#98,.T.);
#96 = VERTEX_POINT('',#97);
#97 = CARTESIAN_POINT('',(-11.5,6.,-4.));
#98 = SURFACE_CURVE('',#99,(#103,#110),.PCURVE_S1.);
#99 = LINE('',#100,#101);
#100 = CARTESIAN_POINT('',(-11.5,-6.,-4.));
#101 = VECTOR('',#102,1.);
#102 = DIRECTION('',(0.,1.,0.));
#103 = PCURVE('',#32,#104);
#104 = DEFINITIONAL_REPRESENTATION('',(#105),#109);
#105 = LINE('',#106,#107);
#106 = CARTESIAN_POINT('',(1.5,6.));
#107 = VECTOR('',#108,1.);
#108 = DIRECTION('',(0.,-1.));
#109 = ( GEOMETRIC_REPRESENTATION_CONTEXT(2) 
PARAMETRIC_REPRESENTATION_CONTEXT() REPRESENTATION_CONTEXT('2D SPACE',''
  ) );
#110 = PCURVE('',#111,#116);
#111 = CYLINDRICAL_SURFACE('',#112,1.5);
#112 = AXIS2_PLACEMENT_3D('',#113,#114,#115);
#113 = CARTESIAN_POINT('',(-11.5,-6.,-5.5));
#114 = DIRECTION('',(0.,1.,0.));
#115 = DIRECTION('',(0.,-0.,1.));
#116 = DEFINITIONAL_REPRESENTATION('',(#117),#121);
#117 = LINE('',#118,#119);
#118 = CARTESIAN_POINT('',(-0.,0.));
#119 = VECTOR('',#120,1.);
#120 = DIRECTION('',(-0.,1.));
#121 = ( GEOMETRIC_REPRESENTATION_CONTEXT(2) 
PARAMETRIC_REPRESENTATION_CONTEXT() REPRESENTATION_CONTEXT('2D SPACE',''
  ) );
#122 = ORIENTED_EDGE('',*,*,#123,.T.);
#123 = EDGE_CURVE('',#96,#124,#126,.T.);
#124 = VERTEX_POINT('',#125);
#125 = CARTESIAN_POINT('',(-11.,6.5,-4.));
#126 = SURFACE_CURVE('',#127,(#132,#139),.PCURVE_S1.);
#127 = CIRCLE('',#128,0.5);
#128 = AXIS2_PLACEMENT_3D('',#129,#130,#131);
#129 = CARTESIAN_POINT('',(-11.,6.,-4.));
#130 = DIRECTION('',(0.,0.,-1.));
#131 = DIRECTION('',(-1.,0.,0.));
#132 = PCURVE('',#32,#133);
#133 = DEFINITIONAL_REPRESENTATION('',(#134),#138);
#134 = CIRCLE('',#135,0.5);
#135 = AXIS2_PLACEMENT_2D('',#136,#137);
#136 = CARTESIAN_POINT('',(2.,-6.));
#137 = DIRECTION('',(-1.,0.));
#138 = ( GEOMETRIC_REPRESENTATION_CONTEXT(2) 
PARAMETRIC_REPRESENTATION_CONTEXT() REPRESENTATION_CONTEXT('2D SPACE',''
  ) );
#139 = PCURVE('',#140,#155);
#140 = SURFACE_OF_REVOLUTION('',#141,#152);
#141 = B_SPLINE_CURVE_WITH_KNOTS('',5,(#142,#143,#144,#145,#146,#147,
    #148,#149,#150,#151),.UNSPECIFIED.,.F.,.F.,(6,4,6),(4.712388980385,
    5.497787143782,6.28318530718),.UNSPECIFIED.);
#142 = CARTESIAN_POINT('',(-11.5,6.,-4.));
#143 = CARTESIAN_POINT('',(-11.73561944901,6.,-4.));
#144 = CARTESIAN_POINT('',(-11.97124263097,6.,-4.046253389419));
#145 = CARTESIAN_POINT('',(-12.19473522652,6.,-4.138827053586));
#146 = CARTESIAN_POINT('',(-12.39405206159,6.,-4.272731718039));
#147 = CARTESIAN_POINT('',(-12.72726828196,6.,-4.605947938401));
#148 = CARTESIAN_POINT('',(-12.86117294641,6.,-4.805264773476));
#149 = CARTESIAN_POINT('',(-12.95374661058,6.,-5.028757369027));
#150 = CARTESIAN_POINT('',(-13.,6.,-5.264380550981));
#151 = CARTESIAN_POINT('',(-13.,6.,-5.5));
#152 = AXIS1_PLACEMENT('',#153,#154);
#153 = CARTESIAN_POINT('',(-11.,6.,-5.5));
#154 = DIRECTION('',(0.,0.,-1.));
#155 = DEFINITIONAL_REPRESENTATION('',(#156),#160);
#156 = LINE('',#157,#158);
#157 = CARTESIAN_POINT('',(0.,4.712388980385));
#158 = VECTOR('',#159,1.);
#159 = DIRECTION('',(1.,0.));
#160 = ( GEOMETRIC_REPRESENTATION_CONTEXT(2) 
PARAMETRIC_REPRESENTATION_CONTEXT() REPRESENTATION_CONTEXT('2D SPACE',''
  ) );
#161 = ORIENTED_EDGE('',*,*,#162,.T.);
#162 = EDGE_CURVE('',#124,#163,#165,.T.);
#163 = VERTEX_POINT('',#164);
#164 = CARTESIAN_POINT('',(-9.486832980505,6.5,-4.));
#165 = SURFACE_CURVE('',#166,(#170,#177),.PCURVE_S1.);
#166 = LINE('',#167,#168);
#167 = CARTESIAN_POINT('',(-11.,6.5,-4.));
#168 = VECTOR('',#169,1.);
#169 = DIRECTION('',(1.,0.,0.));
#170 = PCURVE('',#32,#171);
#171 = DEFINITIONAL_REPRESENTATION('',(#172),#176);
#172 = LINE('',#173,#174);
#173 = CARTESIAN_POINT('',(2.,-6.5));
#174 = VECTOR('',#175,1.);
#175 = DIRECTION('',(1.,0.));
#176 = ( GEOMETRIC_REPRESENTATION_CONTEXT(2) 
PARAMETRIC_REPRESENTATION_CONTEXT() REPRESENTATION_CONTEXT('2D SPACE',''
  ) );
#177 = PCURVE('',#178,#183);
#178 = CYLINDRICAL_SURFACE('',#179,1.5);
#179 = AXIS2_PLACEMENT_3D('',#180,#181,#182);
#180 = CARTESIAN_POINT('',(-11.,6.5,-5.5));
#181 = DIRECTION('',(1.,0.,0.));
#182 = DIRECTION('',(0.,-0.,1.));
#183 = DEFINITIONAL_REPRESENTATION('',(#184),#188);
#184 = LINE('',#185,#186);
#185 = CARTESIAN_POINT('',(-0.,0.));
#186 = VECTOR('',#187,1.);
#187 = DIRECTION('',(-0.,1.));
#188 = ( GEOMETRIC_REPRESENTATION_CONTEXT(2) 
PARAMETRIC_REPRESENTATION_CONTEXT() REPRESENTATION_CONTEXT('2D SPACE',''
  ) );
#189 = ORIENTED_EDGE('',*,*,#190,.F.);
#190 = EDGE_CURVE('',#191,#163,#193,.T.);
#191 = VERTEX_POINT('',#192);
#192 = CARTESIAN_POINT('',(-1.5,11.401754250991,-4.));
#193 = SURFACE_CURVE('',#194,(#199,#210),.PCURVE_S1.);
#194 = CIRCLE('',#195,11.5);
#195 = AXIS2_PLACEMENT_3D('',#196,#197,#198);
#196 = CARTESIAN_POINT('',(0.,0.,-4.));
#197 = DIRECTION('',(0.,-0.,1.));
#198 = DIRECTION('',(3.714268136244E-14,1.,0.));
#199 = PCURVE('',#32,#200);
#200 = DEFINITIONAL_REPRESENTATION('',(#201),#209);
#201 = ( BOUNDED_CURVE() B_SPLINE_CURVE(2,(#202,#203,#204,#205,#206,#207
,#208),.UNSPECIFIED.,.T.,.F.) B_SPLINE_CURVE_WITH_KNOTS((1,2,2,2,2,1),(
    -2.094395102393,0.,2.094395102393,4.188790204786,6.28318530718,
8.377580409573),.UNSPECIFIED.) CURVE() GEOMETRIC_REPRESENTATION_ITEM() 
RATIONAL_B_SPLINE_CURVE((1.,0.5,1.,0.5,1.,0.5,1.)) REPRESENTATION_ITEM(
  '') );
#202 = CARTESIAN_POINT('',(13.,-11.5));
#203 = CARTESIAN_POINT('',(-6.918584287042,-11.5));
#204 = CARTESIAN_POINT('',(3.040707856479,5.75));
#205 = CARTESIAN_POINT('',(12.999999999999,23.));
#206 = CARTESIAN_POINT('',(22.959292143521,5.75));
#207 = CARTESIAN_POINT('',(32.918584287043,-11.49999999999));
#208 = CARTESIAN_POINT('',(13.,-11.5));
#209 = ( GEOMETRIC_REPRESENTATION_CONTEXT(2) 
PARAMETRIC_REPRESENTATION_CONTEXT() REPRESENTATION_CONTEXT('2D SPACE',''
  ) );
#210 = PCURVE('',#211,#216);
#211 = TOROIDAL_SURFACE('',#212,11.5,1.5);
#212 = AXIS2_PLACEMENT_3D('',#213,#214,#215);
#213 = CARTESIAN_POINT('',(0.,0.,-5.5));
#214 = DIRECTION('',(0.,0.,-1.));
#215 = DIRECTION('',(3.714268136244E-14,1.,0.));
#216 = DEFINITIONAL_REPRESENTATION('',(#217),#221);
#217 = LINE('',#218,#219);
#218 = CARTESIAN_POINT('',(-0.,4.712388980385));
#219 = VECTOR('',#220,1.);
#220 = DIRECTION('',(-1.,0.));
#221 = ( GEOMETRIC_REPRESENTATION_CONTEXT(2) 
PARAMETRIC_REPRESENTATION_CONTEXT() REPRESENTATION_CONTEXT('2D SPACE',''
  ) );
#222 = ORIENTED_EDGE('',*,*,#223,.F.);
#223 = EDGE_CURVE('',#224,#191,#226,.T.);
#224 = VERTEX_POINT('',#225);
#225 = CARTESIAN_POINT('',(-1.5,6.5,-4.));
#226 = SURFACE_CURVE('',#227,(#231,#238),.PCURVE_S1.);
#227 = LINE('',#228,#229);
#228 = CARTESIAN_POINT('',(-1.5,8.,-4.));
#229 = VECTOR('',#230,1.);
#230 = DIRECTION('',(0.,1.,0.));
#231 = PCURVE('',#32,#232);
#232 = DEFINITIONAL_REPRESENTATION('',(#233),#237);
#233 = LINE('',#234,#235);
#234 = CARTESIAN_POINT('',(11.5,-8.));
#235 = VECTOR('',#236,1.);
#236 = DIRECTION('',(0.,-1.));
#237 = ( GEOMETRIC_REPRESENTATION_CONTEXT(2) 
PARAMETRIC_REPRESENTATION_CONTEXT() REPRESENTATION_CONTEXT('2D SPACE',''
  ) );
#238 = PCURVE('',#239,#244);
#239 = CYLINDRICAL_SURFACE('',#240,1.5);
#240 = AXIS2_PLACEMENT_3D('',#241,#242,#243);
#241 = CARTESIAN_POINT('',(-1.5,8.,-5.5));
#242 = DIRECTION('',(0.,1.,0.));
#243 = DIRECTION('',(0.,-0.,1.));
#244 = DEFINITIONAL_REPRESENTATION('',(#245),#249);
#245 = LINE('',#246,#247);
#246 = CARTESIAN_POINT('',(0.,0.));
#247 = VECTOR('',#248,1.);
#248 = DIRECTION('',(0.,1.));
#249 = ( GEOMETRIC_REPRESENTATION_CONTEXT(2) 
PARAMETRIC_REPRESENTATION_CONTEXT() REPRESENTATION_CONTEXT('2D SPACE',''
  ) );
#250 = ORIENTED_EDGE('',*,*,#251,.F.);
#251 = EDGE_CURVE('',#252,#224,#254,.T.);
#252 = VERTEX_POINT('',#253);
#253 = CARTESIAN_POINT('',(10.5,6.5,-4.));
#254 = SURFACE_CURVE('',#255,(#259,#266),.PCURVE_S1.);
#255 = LINE('',#256,#257);
#256 = CARTESIAN_POINT('',(10.5,6.5,-4.));
#257 = VECTOR('',#258,1.);
#258 = DIRECTION('',(-1.,-0.,-0.));
#259 = PCURVE('',#32,#260);
#260 = DEFINITIONAL_REPRESENTATION('',(#261),#265);
#261 = LINE('',#262,#263);
#262 = CARTESIAN_POINT('',(23.5,-6.5));
#263 = VECTOR('',#264,1.);
#264 = DIRECTION('',(-1.,0.));
#265 = ( GEOMETRIC_REPRESENTATION_CONTEXT(2) 
PARAMETRIC_REPRESENTATION_CONTEXT() REPRESENTATION_CONTEXT('2D SPACE',''
  ) );
#266 = PCURVE('',#267,#272);
#267 = CYLINDRICAL_SURFACE('',#268,1.5);
#268 = AXIS2_PLACEMENT_3D('',#269,#270,#271);
#269 = CARTESIAN_POINT('',(10.5,6.5,-5.5));
#270 = DIRECTION('',(-1.,-0.,-0.));
#271 = DIRECTION('',(-0.,0.,1.));
#272 = DEFINITIONAL_REPRESENTATION('',(#273),#277);
#273 = LINE('',#274,#275);
#274 = CARTESIAN_POINT('',(0.,0.));
#275 = VECTOR('',#276,1.);
#276 = DIRECTION('',(0.,1.));
#277 = ( GEOMETRIC_REPRESENTATION_CONTEXT(2) 
PARAMETRIC_REPRESENTATION_CONTEXT() REPRESENTATION_CONTEXT('2D SPACE',''
  ) );
#278 = ORIENTED_EDGE('',*,*,#279,.F.);
#279 = EDGE_CURVE('',#280,#252,#282,.T.);
#280 = VERTEX_POINT('',#281);
#281 = CARTESIAN_POINT('',(11.5,5.5,-4.));
#282 = SURFACE_CURVE('',#283,(#288,#299),.PCURVE_S1.);
#283 = CIRCLE('',#284,1.);
#284 = AXIS2_PLACEMENT_3D('',#285,#286,#287);
#285 = CARTESIAN_POINT('',(10.5,5.5,-4.));
#286 = DIRECTION('',(0.,-0.,1.));
#287 = DIRECTION('',(1.,0.,0.));
#288 = PCURVE('',#32,#289);
#289 = DEFINITIONAL_REPRESENTATION('',(#290),#298);
#290 = ( BOUNDED_CURVE() B_SPLINE_CURVE(2,(#291,#292,#293,#294,#295,#296
,#297),.UNSPECIFIED.,.T.,.F.) B_SPLINE_CURVE_WITH_KNOTS((1,2,2,2,2,1),(
    -2.094395102393,0.,2.094395102393,4.188790204786,6.28318530718,
8.377580409573),.UNSPECIFIED.) CURVE() GEOMETRIC_REPRESENTATION_ITEM() 
RATIONAL_B_SPLINE_CURVE((1.,0.5,1.,0.5,1.,0.5,1.)) REPRESENTATION_ITEM(
  '') );
#291 = CARTESIAN_POINT('',(24.5,-5.5));
#292 = CARTESIAN_POINT('',(24.5,-7.232050807569));
#293 = CARTESIAN_POINT('',(23.,-6.366025403784));
#294 = CARTESIAN_POINT('',(21.5,-5.5));
#295 = CARTESIAN_POINT('',(23.,-4.633974596216));
#296 = CARTESIAN_POINT('',(24.5,-3.767949192431));
#297 = CARTESIAN_POINT('',(24.5,-5.5));
#298 = ( GEOMETRIC_REPRESENTATION_CONTEXT(2) 
PARAMETRIC_REPRESENTATION_CONTEXT() REPRESENTATION_CONTEXT('2D SPACE',''
  ) );
#299 = PCURVE('',#300,#315);
#300 = SURFACE_OF_REVOLUTION('',#301,#312);
#301 = B_SPLINE_CURVE_WITH_KNOTS('',5,(#302,#303,#304,#305,#306,#307,
    #308,#309,#310,#311),.UNSPECIFIED.,.F.,.F.,(6,4,6),(4.712388980385,
    5.497787143782,6.28318530718),.UNSPECIFIED.);
#302 = CARTESIAN_POINT('',(11.5,5.5,-4.));
#303 = CARTESIAN_POINT('',(11.735619449019,5.5,-4.));
#304 = CARTESIAN_POINT('',(11.971242630973,5.5,-4.046253389419));
#305 = CARTESIAN_POINT('',(12.194735226524,5.5,-4.138827053586));
#306 = CARTESIAN_POINT('',(12.394052061599,5.5,-4.272731718039));
#307 = CARTESIAN_POINT('',(12.727268281961,5.5,-4.605947938401));
#308 = CARTESIAN_POINT('',(12.861172946414,5.5,-4.805264773476));
#309 = CARTESIAN_POINT('',(12.953746610581,5.5,-5.028757369027));
#310 = CARTESIAN_POINT('',(13.,5.5,-5.264380550981));
#311 = CARTESIAN_POINT('',(13.,5.5,-5.5));
#312 = AXIS1_PLACEMENT('',#313,#314);
#313 = CARTESIAN_POINT('',(10.5,5.5,-5.5));
#314 = DIRECTION('',(0.,0.,-1.));
#315 = DEFINITIONAL_REPRESENTATION('',(#316),#320);
#316 = LINE('',#317,#318);
#317 = CARTESIAN_POINT('',(-0.,4.712388980385));
#318 = VECTOR('',#319,1.);
#319 = DIRECTION('',(-1.,0.));
#320 = ( GEOMETRIC_REPRESENTATION_CONTEXT(2) 
PARAMETRIC_REPRESENTATION_CONTEXT() REPRESENTATION_CONTEXT('2D SPACE',''
  ) );
#321 = ORIENTED_EDGE('',*,*,#322,.F.);
#322 = EDGE_CURVE('',#323,#280,#325,.T.);
#323 = VERTEX_POINT('',#324);
#324 = CARTESIAN_POINT('',(11.5,-5.5,-4.));
#325 = SURFACE_CURVE('',#326,(#330,#337),.PCURVE_S1.);
#326 = LINE('',#327,#328);
#327 = CARTESIAN_POINT('',(11.5,-5.5,-4.));
#328 = VECTOR('',#329,1.);
#329 = DIRECTION('',(0.,1.,0.));
#330 = PCURVE('',#32,#331);
#331 = DEFINITIONAL_REPRESENTATION('',(#332),#336);
#332 = LINE('',#333,#334);
#333 = CARTESIAN_POINT('',(24.5,5.5));
#334 = VECTOR('',#335,1.);
#335 = DIRECTION('',(0.,-1.));
#336 = ( GEOMETRIC_REPRESENTATION_CONTEXT(2) 
PARAMETRIC_REPRESENTATION_CONTEXT() REPRESENTATION_CONTEXT('2D SPACE',''
  ) );
#337 = PCURVE('',#338,#343);
#338 = CYLINDRICAL_SURFACE('',#339,1.5);
#339 = AXIS2_PLACEMENT_3D('',#340,#341,#342);
#340 = CARTESIAN_POINT('',(11.5,-5.5,-5.5));
#341 = DIRECTION('',(0.,1.,0.));
#342 = DIRECTION('',(0.,-0.,1.));
#343 = DEFINITIONAL_REPRESENTATION('',(#344),#348);
#344 = LINE('',#345,#346);
#345 = CARTESIAN_POINT('',(0.,0.));
#346 = VECTOR('',#347,1.);
#347 = DIRECTION('',(0.,1.));
#348 = ( GEOMETRIC_REPRESENTATION_CONTEXT(2) 
PARAMETRIC_REPRESENTATION_CONTEXT() REPRESENTATION_CONTEXT('2D SPACE',''
  ) );
#349 = ORIENTED_EDGE('',*,*,#350,.F.);
#350 = EDGE_CURVE('',#351,#323,#353,.T.);
#351 = VERTEX_POINT('',#352);
#352 = CARTESIAN_POINT('',(10.5,-6.5,-4.));
#353 = SURFACE_CURVE('',#354,(#359,#370),.PCURVE_S1.);
#354 = CIRCLE('',#355,1.);
#355 = AXIS2_PLACEMENT_3D('',#356,#357,#358);
#356 = CARTESIAN_POINT('',(10.5,-5.5,-4.));
#357 = DIRECTION('',(-0.,0.,1.));
#358 = DIRECTION('',(0.,-1.,0.));
#359 = PCURVE('',#32,#360);
#360 = DEFINITIONAL_REPRESENTATION('',(#361),#369);
#361 = ( BOUNDED_CURVE() B_SPLINE_CURVE(2,(#362,#363,#364,#365,#366,#367
,#368),.UNSPECIFIED.,.T.,.F.) B_SPLINE_CURVE_WITH_KNOTS((1,2,2,2,2,1),(
    -2.094395102393,0.,2.094395102393,4.188790204786,6.28318530718,
8.377580409573),.UNSPECIFIED.) CURVE() GEOMETRIC_REPRESENTATION_ITEM() 
RATIONAL_B_SPLINE_CURVE((1.,0.5,1.,0.5,1.,0.5,1.)) REPRESENTATION_ITEM(
  '') );
#362 = CARTESIAN_POINT('',(23.5,6.5));
#363 = CARTESIAN_POINT('',(25.232050807569,6.5));
#364 = CARTESIAN_POINT('',(24.366025403784,5.));
#365 = CARTESIAN_POINT('',(23.5,3.5));
#366 = CARTESIAN_POINT('',(22.633974596216,5.));
#367 = CARTESIAN_POINT('',(21.767949192431,6.5));
#368 = CARTESIAN_POINT('',(23.5,6.5));
#369 = ( GEOMETRIC_REPRESENTATION_CONTEXT(2) 
PARAMETRIC_REPRESENTATION_CONTEXT() REPRESENTATION_CONTEXT('2D SPACE',''
  ) );
#370 = PCURVE('',#371,#386);
#371 = SURFACE_OF_REVOLUTION('',#372,#383);
#372 = B_SPLINE_CURVE_WITH_KNOTS('',5,(#373,#374,#375,#376,#377,#378,
    #379,#380,#381,#382),.UNSPECIFIED.,.F.,.F.,(6,4,6),(4.712388980385,
    5.497787143782,6.28318530718),.UNSPECIFIED.);
#373 = CARTESIAN_POINT('',(10.5,-6.5,-4.));
#374 = CARTESIAN_POINT('',(10.5,-6.735619449019,-4.));
#375 = CARTESIAN_POINT('',(10.5,-6.971242630973,-4.046253389419));
#376 = CARTESIAN_POINT('',(10.5,-7.194735226524,-4.138827053586));
#377 = CARTESIAN_POINT('',(10.5,-7.394052061599,-4.272731718039));
#378 = CARTESIAN_POINT('',(10.5,-7.727268281961,-4.605947938401));
#379 = CARTESIAN_POINT('',(10.5,-7.861172946414,-4.805264773476));
#380 = CARTESIAN_POINT('',(10.5,-7.953746610581,-5.028757369027));
#381 = CARTESIAN_POINT('',(10.5,-8.,-5.264380550981));
#382 = CARTESIAN_POINT('',(10.5,-8.,-5.5));
#383 = AXIS1_PLACEMENT('',#384,#385);
#384 = CARTESIAN_POINT('',(10.5,-5.5,-5.5));
#385 = DIRECTION('',(0.,0.,-1.));
#386 = DEFINITIONAL_REPRESENTATION('',(#387),#391);
#387 = LINE('',#388,#389);
#388 = CARTESIAN_POINT('',(-0.,4.712388980385));
#389 = VECTOR('',#390,1.);
#390 = DIRECTION('',(-1.,0.));
#391 = ( GEOMETRIC_REPRESENTATION_CONTEXT(2) 
PARAMETRIC_REPRESENTATION_CONTEXT() REPRESENTATION_CONTEXT('2D SPACE',''
  ) );
#392 = ORIENTED_EDGE('',*,*,#393,.F.);
#393 = EDGE_CURVE('',#394,#351,#396,.T.);
#394 = VERTEX_POINT('',#395);
#395 = CARTESIAN_POINT('',(-1.5,-6.5,-4.));
#396 = SURFACE_CURVE('',#397,(#401,#408),.PCURVE_S1.);
#397 = LINE('',#398,#399);
#398 = CARTESIAN_POINT('',(0.,-6.5,-4.));
#399 = VECTOR('',#400,1.);
#400 = DIRECTION('',(1.,0.,0.));
#401 = PCURVE('',#32,#402);
#402 = DEFINITIONAL_REPRESENTATION('',(#403),#407);
#403 = LINE('',#404,#405);
#404 = CARTESIAN_POINT('',(13.,6.5));
#405 = VECTOR('',#406,1.);
#406 = DIRECTION('',(1.,0.));
#407 = ( GEOMETRIC_REPRESENTATION_CONTEXT(2) 
PARAMETRIC_REPRESENTATION_CONTEXT() REPRESENTATION_CONTEXT('2D SPACE',''
  ) );
#408 = PCURVE('',#409,#414);
#409 = CYLINDRICAL_SURFACE('',#410,1.5);
#410 = AXIS2_PLACEMENT_3D('',#411,#412,#413);
#411 = CARTESIAN_POINT('',(0.,-6.5,-5.5));
#412 = DIRECTION('',(1.,0.,0.));
#413 = DIRECTION('',(0.,-0.,1.));
#414 = DEFINITIONAL_REPRESENTATION('',(#415),#419);
#415 = LINE('',#416,#417);
#416 = CARTESIAN_POINT('',(0.,0.));
#417 = VECTOR('',#418,1.);
#418 = DIRECTION('',(0.,1.));
#419 = ( GEOMETRIC_REPRESENTATION_CONTEXT(2) 
PARAMETRIC_REPRESENTATION_CONTEXT() REPRESENTATION_CONTEXT('2D SPACE',''
  ) );
#420 = ORIENTED_EDGE('',*,*,#421,.F.);
#421 = EDGE_CURVE('',#422,#394,#424,.T.);
#422 = VERTEX_POINT('',#423);
#423 = CARTESIAN_POINT('',(-1.5,-11.40175425099,-4.));
#424 = SURFACE_CURVE('',#425,(#429,#436),.PCURVE_S1.);
#425 = LINE('',#426,#427);
#426 = CARTESIAN_POINT('',(-1.5,-13.,-4.));
#427 = VECTOR('',#428,1.);
#428 = DIRECTION('',(0.,1.,0.));
#429 = PCURVE('',#32,#430);
#430 = DEFINITIONAL_REPRESENTATION('',(#431),#435);
#431 = LINE('',#432,#433);
#432 = CARTESIAN_POINT('',(11.5,13.));
#433 = VECTOR('',#434,1.);
#434 = DIRECTION('',(0.,-1.));
#435 = ( GEOMETRIC_REPRESENTATION_CONTEXT(2) 
PARAMETRIC_REPRESENTATION_CONTEXT() REPRESENTATION_CONTEXT('2D SPACE',''
  ) );
#436 = PCURVE('',#437,#442);
#437 = CYLINDRICAL_SURFACE('',#438,1.5);
#438 = AXIS2_PLACEMENT_3D('',#439,#440,#441);
#439 = CARTESIAN_POINT('',(-1.5,-13.,-5.5));
#440 = DIRECTION('',(0.,1.,0.));
#441 = DIRECTION('',(0.,-0.,1.));
#442 = DEFINITIONAL_REPRESENTATION('',(#443),#447);
#443 = LINE('',#444,#445);
#444 = CARTESIAN_POINT('',(0.,0.));
#445 = VECTOR('',#446,1.);
#446 = DIRECTION('',(0.,1.));
#447 = ( GEOMETRIC_REPRESENTATION_CONTEXT(2) 
PARAMETRIC_REPRESENTATION_CONTEXT() REPRESENTATION_CONTEXT('2D SPACE',''
  ) );
#448 = ORIENTED_EDGE('',*,*,#449,.F.);
#449 = EDGE_CURVE('',#22,#422,#450,.T.);
#450 = SURFACE_CURVE('',#451,(#456,#467),.PCURVE_S1.);
#451 = CIRCLE('',#452,11.5);
#452 = AXIS2_PLACEMENT_3D('',#453,#454,#455);
#453 = CARTESIAN_POINT('',(0.,0.,-4.));
#454 = DIRECTION('',(-0.,0.,1.));
#455 = DIRECTION('',(-0.788226981997,-0.615384615385,-0.));
#456 = PCURVE('',#32,#457);
#457 = DEFINITIONAL_REPRESENTATION('',(#458),#466);
#458 = ( BOUNDED_CURVE() B_SPLINE_CURVE(2,(#459,#460,#461,#462,#463,#464
,#465),.UNSPECIFIED.,.T.,.F.) B_SPLINE_CURVE_WITH_KNOTS((1,2,2,2,2,1),(
    -2.094395102393,0.,2.094395102393,4.188790204786,6.28318530718,
8.377580409573),.UNSPECIFIED.) CURVE() GEOMETRIC_REPRESENTATION_ITEM() 
RATIONAL_B_SPLINE_CURVE((1.,0.5,1.,0.5,1.,0.5,1.)) REPRESENTATION_ITEM(
  '') );
#459 = CARTESIAN_POINT('',(3.935389707036,7.076923076923));
#460 = CARTESIAN_POINT('',(16.192980037523,22.777288655149));
#461 = CARTESIAN_POINT('',(23.661100311726,4.311721250652));
#462 = CARTESIAN_POINT('',(31.129220585929,-14.15384615384));
#463 = CARTESIAN_POINT('',(11.403509981239,-11.38864432757));
#464 = CARTESIAN_POINT('',(-8.322200623452,-8.623442501303));
#465 = CARTESIAN_POINT('',(3.935389707036,7.076923076923));
#466 = ( GEOMETRIC_REPRESENTATION_CONTEXT(2) 
PARAMETRIC_REPRESENTATION_CONTEXT() REPRESENTATION_CONTEXT('2D SPACE',''
  ) );
#467 = PCURVE('',#468,#473);
#468 = TOROIDAL_SURFACE('',#469,11.5,1.5);
#469 = AXIS2_PLACEMENT_3D('',#470,#471,#472);
#470 = CARTESIAN_POINT('',(0.,0.,-5.5));
#471 = DIRECTION('',(0.,0.,-1.));
#472 = DIRECTION('',(-0.788226981997,-0.615384615385,-0.));
#473 = DEFINITIONAL_REPRESENTATION('',(#474),#478);
#474 = LINE('',#475,#476);
#475 = CARTESIAN_POINT('',(-0.,4.712388980385));
#476 = VECTOR('',#477,1.);
#477 = DIRECTION('',(-1.,0.));
#478 = ( GEOMETRIC_REPRESENTATION_CONTEXT(2) 
PARAMETRIC_REPRESENTATION_CONTEXT() REPRESENTATION_CONTEXT('2D SPACE',''
  ) );
#479 = FACE_BOUND('',#480,.F.);
#480 = EDGE_LOOP('',(#481));
#481 = ORIENTED_EDGE('',*,*,#482,.T.);
#482 = EDGE_CURVE('',#483,#483,#485,.T.);
#483 = VERTEX_POINT('',#484);
#484 = CARTESIAN_POINT('',(6.,-1.469576158977E-15,-4.));
#485 = SURFACE_CURVE('',#486,(#491,#502),.PCURVE_S1.);
#486 = CIRCLE('',#487,6.);
#487 = AXIS2_PLACEMENT_3D('',#488,#489,#490);
#488 = CARTESIAN_POINT('',(0.,0.,-4.));
#489 = DIRECTION('',(0.,0.,1.));
#490 = DIRECTION('',(1.,0.,-0.));
#491 = PCURVE('',#32,#492);
#492 = DEFINITIONAL_REPRESENTATION('',(#493),#501);
#493 = ( BOUNDED_CURVE() B_SPLINE_CURVE(2,(#494,#495,#496,#497,#498,#499
,#500),.UNSPECIFIED.,.T.,.F.) B_SPLINE_CURVE_WITH_KNOTS((1,2,2,2,2,1),(
    -2.094395102393,0.,2.094395102393,4.188790204786,6.28318530718,
8.377580409573),.UNSPECIFIED.) CURVE() GEOMETRIC_REPRESENTATION_ITEM() 
RATIONAL_B_SPLINE_CURVE((1.,0.5,1.,0.5,1.,0.5,1.)) REPRESENTATION_ITEM(
  '') );
#494 = CARTESIAN_POINT('',(19.,0.));
#495 = CARTESIAN_POINT('',(19.,-10.39230484541));
#496 = CARTESIAN_POINT('',(10.,-5.196152422707));
#497 = CARTESIAN_POINT('',(1.,-1.469576158977E-15));
#498 = CARTESIAN_POINT('',(10.,5.196152422707));
#499 = CARTESIAN_POINT('',(19.,10.392304845413));
#500 = CARTESIAN_POINT('',(19.,0.));
#501 = ( GEOMETRIC_REPRESENTATION_CONTEXT(2) 
PARAMETRIC_REPRESENTATION_CONTEXT() REPRESENTATION_CONTEXT('2D SPACE',''
  ) );
#502 = PCURVE('',#503,#508);
#503 = CYLINDRICAL_SURFACE('',#504,6.);
#504 = AXIS2_PLACEMENT_3D('',#505,#506,#507);
#505 = CARTESIAN_POINT('',(0.,0.,-19.));
#506 = DIRECTION('',(0.,0.,1.));
#507 = DIRECTION('',(1.,0.,-0.));
#508 = DEFINITIONAL_REPRESENTATION('',(#509),#513);
#509 = LINE('',#510,#511);
#510 = CARTESIAN_POINT('',(0.,15.));
#511 = VECTOR('',#512,1.);
#512 = DIRECTION('',(1.,0.));
#513 = ( GEOMETRIC_REPRESENTATION_CONTEXT(2) 
PARAMETRIC_REPRESENTATION_CONTEXT() REPRESENTATION_CONTEXT('2D SPACE',''
  ) );
#514 = ADVANCED_FACE('',(#515),#44,.T.);
#515 = FACE_BOUND('',#516,.F.);
#516 = EDGE_LOOP('',(#517,#597,#625,#645));
#517 = ORIENTED_EDGE('',*,*,#518,.T.);
#518 = EDGE_CURVE('',#22,#519,#521,.T.);
#519 = VERTEX_POINT('',#520);
#520 = CARTESIAN_POINT('',(-10.24695076596,-8.,-5.5));
#521 = SURFACE_CURVE('',#522,(#545,#571),.PCURVE_S1.);
#522 = B_SPLINE_CURVE_WITH_KNOTS('',6,(#523,#524,#525,#526,#527,#528,
    #529,#530,#531,#532,#533,#534,#535,#536,#537,#538,#539,#540,#541,
    #542,#543,#544),.UNSPECIFIED.,.F.,.F.,(7,5,5,5,7),(0.,0.271222020795
    ,0.5333622988,0.699982922219,1.),.UNSPECIFIED.);
#523 = CARTESIAN_POINT('',(-9.486832980505,-6.5,-4.));
#524 = CARTESIAN_POINT('',(-9.539396097918,-6.599731529571,
    -4.000000048012));
#525 = CARTESIAN_POINT('',(-9.591686838575,-6.699609226834,
    -4.007956945401));
#526 = CARTESIAN_POINT('',(-9.643393868411,-6.799029865229,
    -4.023915311305));
#527 = CARTESIAN_POINT('',(-9.694197887376,-6.897348160914,
    -4.047912937311));
#528 = CARTESIAN_POINT('',(-9.743768283839,-6.993871718458,
    -4.079955423574));
#529 = CARTESIAN_POINT('',(-9.838144321005,-7.178693215611,
    -4.158685639917));
#530 = CARTESIAN_POINT('',(-9.883050407525,-7.267151354214,
    -4.204844337514));
#531 = CARTESIAN_POINT('',(-9.926165160566,-7.352556644956,
    -4.258415965673));
#532 = CARTESIAN_POINT('',(-9.967146677387,-7.43415646454,-4.31928521428
    ));
#533 = CARTESIAN_POINT('',(-10.0056348345,-7.51114591407,-4.387223762034
    ));
#534 = CARTESIAN_POINT('',(-10.06390733936,-7.628171812768,
    -4.509269965682));
#535 = CARTESIAN_POINT('',(-10.0853960586,-7.671449647657,
    -4.559395188969));
#536 = CARTESIAN_POINT('',(-10.10563295516,-7.712313053384,
    -4.612113705034));
#537 = CARTESIAN_POINT('',(-10.12452166811,-7.750543381663,
    -4.667293228304));
#538 = CARTESIAN_POINT('',(-10.14196830053,-7.785926766902,
    -4.724767339884));
#539 = CARTESIAN_POINT('',(-10.18654449611,-7.876486740226,
    -4.891578636545));
#540 = CARTESIAN_POINT('',(-10.21025808346,-7.924859798706,
    -5.005652203321));
#541 = CARTESIAN_POINT('',(-10.22847839365,-7.96214267347,
    -5.125265303635));
#542 = CARTESIAN_POINT('',(-10.24079562699,-7.987385775205,
    -5.248819672749));
#543 = CARTESIAN_POINT('',(-10.24695076596,-8.,-5.374431111572));
#544 = CARTESIAN_POINT('',(-10.24695076596,-8.,-5.5));
#545 = PCURVE('',#44,#546);
#546 = DEFINITIONAL_REPRESENTATION('',(#547),#570);
#547 = B_SPLINE_CURVE_WITH_KNOTS('',6,(#548,#549,#550,#551,#552,#553,
    #554,#555,#556,#557,#558,#559,#560,#561,#562,#563,#564,#565,#566,
    #567,#568,#569),.UNSPECIFIED.,.F.,.F.,(7,5,5,5,7),(0.,0.271222020795
    ,0.5333622988,0.699982922219,1.),.UNSPECIFIED.);
#548 = CARTESIAN_POINT('',(0.,-0.760117785455));
#549 = CARTESIAN_POINT('',(-6.648759883583E-02,-0.707554668042));
#550 = CARTESIAN_POINT('',(-0.133073073909,-0.655263927385));
#551 = CARTESIAN_POINT('',(-0.199881961709,-0.603556897548));
#552 = CARTESIAN_POINT('',(-0.267023021013,-0.552752878583));
#553 = CARTESIAN_POINT('',(-0.33459613564,-0.503182482121));
#554 = CARTESIAN_POINT('',(-0.468523865364,-0.408806444955));
#555 = CARTESIAN_POINT('',(-0.534838913426,-0.363900358435));
#556 = CARTESIAN_POINT('',(-0.601729761791,-0.320785605394));
#557 = CARTESIAN_POINT('',(-0.669260895754,-0.279804088573));
#558 = CARTESIAN_POINT('',(-0.737475521577,-0.241315931456));
#559 = CARTESIAN_POINT('',(-0.850200036886,-0.183043426592));
#560 = CARTESIAN_POINT('',(-0.894288795986,-0.161554707356));
#561 = CARTESIAN_POINT('',(-0.938662457771,-0.141317810791));
#562 = CARTESIAN_POINT('',(-0.983318195835,-0.12242909784));
#563 = CARTESIAN_POINT('',(-1.028246485833,-0.104982465424));
#564 = CARTESIAN_POINT('',(-1.154785223796,-6.040626984841E-02));
#565 = CARTESIAN_POINT('',(-1.237006329795,-3.669268249466E-02));
#566 = CARTESIAN_POINT('',(-1.319916255626,-1.847237230191E-02));
#567 = CARTESIAN_POINT('',(-1.403343017949,-6.155138966787E-03));
#568 = CARTESIAN_POINT('',(-1.487083734509,-1.563194018672E-13));
#569 = CARTESIAN_POINT('',(-1.570796326795,-1.563194018672E-13));
#570 = ( GEOMETRIC_REPRESENTATION_CONTEXT(2) 
PARAMETRIC_REPRESENTATION_CONTEXT() REPRESENTATION_CONTEXT('2D SPACE',''
  ) );
#571 = PCURVE('',#468,#572);
#572 = DEFINITIONAL_REPRESENTATION('',(#573),#596);
#573 = B_SPLINE_CURVE_WITH_KNOTS('',6,(#574,#575,#576,#577,#578,#579,
    #580,#581,#582,#583,#584,#585,#586,#587,#588,#589,#590,#591,#592,
    #593,#594,#595),.UNSPECIFIED.,.F.,.F.,(7,5,5,5,7),(0.,0.271222020795
    ,0.5333622988,0.699982922219,1.),.UNSPECIFIED.);
#574 = CARTESIAN_POINT('',(6.217707071419E-02,4.712388980385));
#575 = CARTESIAN_POINT('',(5.76063660952E-02,4.778876579221));
#576 = CARTESIAN_POINT('',(5.310690674152E-02,4.845462054294));
#577 = CARTESIAN_POINT('',(4.870401654777E-02,4.912270942093));
#578 = CARTESIAN_POINT('',(4.442186622294E-02,4.979412001397));
#579 = CARTESIAN_POINT('',(4.028398257782E-02,5.046985116025));
#580 = CARTESIAN_POINT('',(3.247647417031E-02,5.180912845748));
#581 = CARTESIAN_POINT('',(2.879609430452E-02,5.247227893811));
#582 = CARTESIAN_POINT('',(2.529387112163E-02,5.314118742175));
#583 = CARTESIAN_POINT('',(2.199218954928E-02,5.381649876139));
#584 = CARTESIAN_POINT('',(1.891405999719E-02,5.449864501961));
#585 = CARTESIAN_POINT('',(1.428289731284E-02,5.56258901727));
#586 = CARTESIAN_POINT('',(1.258290284435E-02,5.606677776371));
#587 = CARTESIAN_POINT('',(1.098865073316E-02,5.651051438156));
#588 = CARTESIAN_POINT('',(9.50617883855E-03,5.69570717622));
#589 = CARTESIAN_POINT('',(8.141344225986E-03,5.740635466217));
#590 = CARTESIAN_POINT('',(4.663790624092E-03,5.867174204181));
#591 = CARTESIAN_POINT('',(2.825990781583E-03,5.94939531018));
#592 = CARTESIAN_POINT('',(1.420940100569E-03,6.032305236011));
#593 = CARTESIAN_POINT('',(4.734750454656E-04,6.115731998333));
#594 = CARTESIAN_POINT('',(-1.33226762955E-14,6.199472714894));
#595 = CARTESIAN_POINT('',(-1.33226762955E-14,6.28318530718));
#596 = ( GEOMETRIC_REPRESENTATION_CONTEXT(2) 
PARAMETRIC_REPRESENTATION_CONTEXT() REPRESENTATION_CONTEXT('2D SPACE',''
  ) );
#597 = ORIENTED_EDGE('',*,*,#598,.T.);
#598 = EDGE_CURVE('',#519,#599,#601,.T.);
#599 = VERTEX_POINT('',#600);
#600 = CARTESIAN_POINT('',(-11.,-8.,-5.5));
#601 = SURFACE_CURVE('',#602,(#606,#613),.PCURVE_S1.);
#602 = LINE('',#603,#604);
#603 = CARTESIAN_POINT('',(-10.24695076596,-8.,-5.5));
#604 = VECTOR('',#605,1.);
#605 = DIRECTION('',(-1.,-0.,-0.));
#606 = PCURVE('',#44,#607);
#607 = DEFINITIONAL_REPRESENTATION('',(#608),#612);
#608 = LINE('',#609,#610);
#609 = CARTESIAN_POINT('',(-1.570796326795,0.));
#610 = VECTOR('',#611,1.);
#611 = DIRECTION('',(-0.,1.));
#612 = ( GEOMETRIC_REPRESENTATION_CONTEXT(2) 
PARAMETRIC_REPRESENTATION_CONTEXT() REPRESENTATION_CONTEXT('2D SPACE',''
  ) );
#613 = PCURVE('',#614,#619);
#614 = PLANE('',#615);
#615 = AXIS2_PLACEMENT_3D('',#616,#617,#618);
#616 = CARTESIAN_POINT('',(4.921381664938,-8.,-18.69089839769));
#617 = DIRECTION('',(0.,-1.,0.));
#618 = DIRECTION('',(1.,0.,0.));
#619 = DEFINITIONAL_REPRESENTATION('',(#620),#624);
#620 = LINE('',#621,#622);
#621 = CARTESIAN_POINT('',(-15.16833243089,13.190898397691));
#622 = VECTOR('',#623,1.);
#623 = DIRECTION('',(-1.,-0.));
#624 = ( GEOMETRIC_REPRESENTATION_CONTEXT(2) 
PARAMETRIC_REPRESENTATION_CONTEXT() REPRESENTATION_CONTEXT('2D SPACE',''
  ) );
#625 = ORIENTED_EDGE('',*,*,#626,.F.);
#626 = EDGE_CURVE('',#24,#599,#627,.T.);
#627 = SURFACE_CURVE('',#628,(#633,#639),.PCURVE_S1.);
#628 = CIRCLE('',#629,1.5);
#629 = AXIS2_PLACEMENT_3D('',#630,#631,#632);
#630 = CARTESIAN_POINT('',(-11.,-6.5,-5.5));
#631 = DIRECTION('',(1.,0.,0.));
#632 = DIRECTION('',(-0.,0.,1.));
#633 = PCURVE('',#44,#634);
#634 = DEFINITIONAL_REPRESENTATION('',(#635),#638);
#635 = B_SPLINE_CURVE_WITH_KNOTS('',1,(#636,#637),.UNSPECIFIED.,.F.,.F.,
  (2,2),(0.,1.570796326795),.PIECEWISE_BEZIER_KNOTS.);
#636 = CARTESIAN_POINT('',(0.,0.75304923404));
#637 = CARTESIAN_POINT('',(-1.570796326795,0.75304923404));
#638 = ( GEOMETRIC_REPRESENTATION_CONTEXT(2) 
PARAMETRIC_REPRESENTATION_CONTEXT() REPRESENTATION_CONTEXT('2D SPACE',''
  ) );
#639 = PCURVE('',#73,#640);
#640 = DEFINITIONAL_REPRESENTATION('',(#641),#644);
#641 = B_SPLINE_CURVE_WITH_KNOTS('',1,(#642,#643),.UNSPECIFIED.,.F.,.F.,
  (2,2),(0.,1.570796326795),.PIECEWISE_BEZIER_KNOTS.);
#642 = CARTESIAN_POINT('',(0.,4.712388980385));
#643 = CARTESIAN_POINT('',(0.,6.28318530718));
#644 = ( GEOMETRIC_REPRESENTATION_CONTEXT(2) 
PARAMETRIC_REPRESENTATION_CONTEXT() REPRESENTATION_CONTEXT('2D SPACE',''
  ) );
#645 = ORIENTED_EDGE('',*,*,#21,.F.);
#646 = ADVANCED_FACE('',(#647),#468,.T.);
#647 = FACE_BOUND('',#648,.F.);
#648 = EDGE_LOOP('',(#649,#650,#651,#755));
#649 = ORIENTED_EDGE('',*,*,#518,.F.);
#650 = ORIENTED_EDGE('',*,*,#449,.T.);
#651 = ORIENTED_EDGE('',*,*,#652,.T.);
#652 = EDGE_CURVE('',#422,#653,#655,.T.);
#653 = VERTEX_POINT('',#654);
#654 = CARTESIAN_POINT('',(4.698463840214E-13,-13.,-5.5));
#655 = SURFACE_CURVE('',#656,(#687,#721),.PCURVE_S1.);
#656 = B_SPLINE_CURVE_WITH_KNOTS('',8,(#657,#658,#659,#660,#661,#662,
    #663,#664,#665,#666,#667,#668,#669,#670,#671,#672,#673,#674,#675,
    #676,#677,#678,#679,#680,#681,#682,#683,#684,#685,#686),
  .UNSPECIFIED.,.F.,.F.,(9,7,7,7,9),(0.,0.49677634309,0.67638755003,
    0.805829227863,1.),.UNSPECIFIED.);
#657 = CARTESIAN_POINT('',(-1.5,-11.40175425099,-4.));
#658 = CARTESIAN_POINT('',(-1.380746422766,-11.53772424339,
    -3.999999913205));
#659 = CARTESIAN_POINT('',(-1.260683570271,-11.67276386403,
    -4.010835848554));
#660 = CARTESIAN_POINT('',(-1.140143987485,-11.80653811188,
    -4.032762104456));
#661 = CARTESIAN_POINT('',(-1.019661647352,-11.93850834294,
    -4.066315459632));
#662 = CARTESIAN_POINT('',(-0.899990591034,-12.06793145833,
    -4.112169607675));
#663 = CARTESIAN_POINT('',(-0.782169556298,-12.19381539,-4.171183513749)
  );
#664 = CARTESIAN_POINT('',(-0.66750982541,-12.31494675862,
    -4.244275126217));
#665 = CARTESIAN_POINT('',(-0.518116692124,-12.47119430869,
    -4.364876863397));
#666 = CARTESIAN_POINT('',(-0.479117296257,-12.51182482806,
    -4.398905527166));
#667 = CARTESIAN_POINT('',(-0.440880106657,-12.55151127441,
    -4.434992673747));
#668 = CARTESIAN_POINT('',(-0.403514189561,-12.59015262541,
    -4.473190275827));
#669 = CARTESIAN_POINT('',(-0.367146140605,-12.62763136995,
    -4.513544613817));
#670 = CARTESIAN_POINT('',(-0.331919578152,-12.66381417621,
    -4.556093595932));
#671 = CARTESIAN_POINT('',(-0.29799463662,-12.69855255966,
    -4.600864078273));
#672 = CARTESIAN_POINT('',(-0.242163523596,-12.7555602968,-4.6817446873)
  );
#673 = CARTESIAN_POINT('',(-0.219549546187,-12.77859970165,
    -4.716777392782));
#674 = CARTESIAN_POINT('',(-0.197772002097,-12.8007401092,
    -4.752969931614));
#675 = CARTESIAN_POINT('',(-0.176904296782,-12.82191332919,
    -4.790317531023));
#676 = CARTESIAN_POINT('',(-0.157025170847,-12.84204614397,
    -4.82880630413));
#677 = CARTESIAN_POINT('',(-0.138217104242,-12.86106181499,
    -4.868411538872));
#678 = CARTESIAN_POINT('',(-0.12056472047,-12.87888158933,-4.90909598693
    ));
#679 = CARTESIAN_POINT('',(-7.953484957395E-02,-12.92024418667,
    -5.013379061503));
#680 = CARTESIAN_POINT('',(-5.769349571443E-02,-12.94220811065,
    -5.078300234922));
#681 = CARTESIAN_POINT('',(-3.894191696466E-02,-12.96102445735,
    -5.145350393471));
#682 = CARTESIAN_POINT('',(-2.357227627398E-02,-12.97642100935,
    -5.214243168829));
#683 = CARTESIAN_POINT('',(-1.18405948222E-02,-12.98815947568,
    -5.284621693666));
#684 = CARTESIAN_POINT('',(-3.945323096129E-03,-12.99605463514,
    -5.356055620299));
#685 = CARTESIAN_POINT('',(-8.881784197001E-16,-13.,-5.428040568151));
#686 = CARTESIAN_POINT('',(-8.881784197001E-16,-13.,-5.5));
#687 = PCURVE('',#468,#688);
#688 = DEFINITIONAL_REPRESENTATION('',(#689),#720);
#689 = B_SPLINE_CURVE_WITH_KNOTS('',8,(#690,#691,#692,#693,#694,#695,
    #696,#697,#698,#699,#700,#701,#702,#703,#704,#705,#706,#707,#708,
    #709,#710,#711,#712,#713,#714,#715,#716,#717,#718,#719),
  .UNSPECIFIED.,.F.,.F.,(9,7,7,7,9),(0.,0.49677634309,0.67638755003,
    0.805829227863,1.),.UNSPECIFIED.);
#690 = CARTESIAN_POINT('',(-0.777115007067,4.712388980385));
#691 = CARTESIAN_POINT('',(-0.788938484259,4.791891270979));
#692 = CARTESIAN_POINT('',(-0.800540939338,4.871933804814));
#693 = CARTESIAN_POINT('',(-0.811898228455,4.953057126974));
#694 = CARTESIAN_POINT('',(-0.822970398375,5.035724218275));
#695 = CARTESIAN_POINT('',(-0.83370307876,5.120361519735));
#696 = CARTESIAN_POINT('',(-0.844025586696,5.207456867021));
#697 = CARTESIAN_POINT('',(-0.853854058387,5.297542685787));
#698 = CARTESIAN_POINT('',(-0.866411917136,5.4255411012));
#699 = CARTESIAN_POINT('',(-0.869665307555,5.460021268934));
#700 = CARTESIAN_POINT('',(-0.872831593763,5.495027846386));
#701 = CARTESIAN_POINT('',(-0.875903698819,5.530593180865));
#702 = CARTESIAN_POINT('',(-0.878873352121,5.566746925544));
#703 = CARTESIAN_POINT('',(-0.881731152326,5.603516555559));
#704 = CARTESIAN_POINT('',(-0.884466630275,5.64092788411));
#705 = CARTESIAN_POINT('',(-0.888943284215,5.706447299716));
#706 = CARTESIAN_POINT('',(-0.890748569163,5.734232384069));
#707 = CARTESIAN_POINT('',(-0.89247981283,5.762368367118));
#708 = CARTESIAN_POINT('',(-0.894132186918,5.790859781308));
#709 = CARTESIAN_POINT('',(-0.895700497792,5.819707717511));
#710 = CARTESIAN_POINT('',(-0.897179295508,5.848909386519));
#711 = CARTESIAN_POINT('',(-0.898562982845,5.878457680528));
#712 = CARTESIAN_POINT('',(-0.901770418382,5.953167221636));
#713 = CARTESIAN_POINT('',(-0.903469400506,5.998773845821));
#714 = CARTESIAN_POINT('',(-0.904921798148,6.045084646799));
#715 = CARTESIAN_POINT('',(-0.906108218118,6.092007317485));
#716 = CARTESIAN_POINT('',(-0.907011698821,6.139431397617));
#717 = CARTESIAN_POINT('',(-0.907619010448,6.18722246902));
#718 = CARTESIAN_POINT('',(-0.907922503145,6.235212352613));
#719 = CARTESIAN_POINT('',(-0.907922503145,6.28318530718));
#720 = ( GEOMETRIC_REPRESENTATION_CONTEXT(2) 
PARAMETRIC_REPRESENTATION_CONTEXT() REPRESENTATION_CONTEXT('2D SPACE',''
  ) );
#721 = PCURVE('',#437,#722);
#722 = DEFINITIONAL_REPRESENTATION('',(#723),#754);
#723 = B_SPLINE_CURVE_WITH_KNOTS('',8,(#724,#725,#726,#727,#728,#729,
    #730,#731,#732,#733,#734,#735,#736,#737,#738,#739,#740,#741,#742,
    #743,#744,#745,#746,#747,#748,#749,#750,#751,#752,#753),
  .UNSPECIFIED.,.F.,.F.,(9,7,7,7,9),(0.,0.49677634309,0.67638755003,
    0.805829227863,1.),.UNSPECIFIED.);
#724 = CARTESIAN_POINT('',(-5.329070518201E-15,1.598245749009));
#725 = CARTESIAN_POINT('',(7.950229059389E-02,1.462275756605));
#726 = CARTESIAN_POINT('',(0.159544824429,1.327236135969));
#727 = CARTESIAN_POINT('',(0.24066814659,1.193461888116));
#728 = CARTESIAN_POINT('',(0.32333523789,1.061491657051));
#729 = CARTESIAN_POINT('',(0.407972539351,0.932068541663));
#730 = CARTESIAN_POINT('',(0.495067886636,0.806184609992));
#731 = CARTESIAN_POINT('',(0.585153705402,0.685053241373));
#732 = CARTESIAN_POINT('',(0.713152120816,0.528805691307));
#733 = CARTESIAN_POINT('',(0.74763228855,0.488175171938));
#734 = CARTESIAN_POINT('',(0.782638866001,0.448488725583));
#735 = CARTESIAN_POINT('',(0.81820420048,0.409847374588));
#736 = CARTESIAN_POINT('',(0.854357945159,0.37236863005));
#737 = CARTESIAN_POINT('',(0.891127575174,0.33618582379));
#738 = CARTESIAN_POINT('',(0.928538903726,0.301447440339));
#739 = CARTESIAN_POINT('',(0.994058319332,0.244439703192));
#740 = CARTESIAN_POINT('',(1.021843403684,0.22140029835));
#741 = CARTESIAN_POINT('',(1.049979386734,0.199259890794));
#742 = CARTESIAN_POINT('',(1.078470800923,0.178086670802));
#743 = CARTESIAN_POINT('',(1.107318737126,0.157953856029));
#744 = CARTESIAN_POINT('',(1.136520406134,0.13893818501));
#745 = CARTESIAN_POINT('',(1.166068700144,0.121118410664));
#746 = CARTESIAN_POINT('',(1.240778241251,7.975581332799E-02));
#747 = CARTESIAN_POINT('',(1.286384865436,5.77918893427E-02));
#748 = CARTESIAN_POINT('',(1.332695666414,3.897554264863E-02));
#749 = CARTESIAN_POINT('',(1.3796183371,2.357899064578E-02));
#750 = CARTESIAN_POINT('',(1.427042417233,1.184052431203E-02));
#751 = CARTESIAN_POINT('',(1.474833488635,3.94536485091E-03));
#752 = CARTESIAN_POINT('',(1.522823372229,-4.406244394127E-18));
#753 = CARTESIAN_POINT('',(1.570796326795,0.));
#754 = ( GEOMETRIC_REPRESENTATION_CONTEXT(2) 
PARAMETRIC_REPRESENTATION_CONTEXT() REPRESENTATION_CONTEXT('2D SPACE',''
  ) );
#755 = ORIENTED_EDGE('',*,*,#756,.F.);
#756 = EDGE_CURVE('',#519,#653,#757,.T.);
#757 = SURFACE_CURVE('',#758,(#763,#770),.PCURVE_S1.);
#758 = CIRCLE('',#759,13.);
#759 = AXIS2_PLACEMENT_3D('',#760,#761,#762);
#760 = CARTESIAN_POINT('',(0.,0.,-5.5));
#761 = DIRECTION('',(-0.,0.,1.));
#762 = DIRECTION('',(-0.788226981997,-0.615384615385,-0.));
#763 = PCURVE('',#468,#764);
#764 = DEFINITIONAL_REPRESENTATION('',(#765),#769);
#765 = LINE('',#766,#767);
#766 = CARTESIAN_POINT('',(-0.,6.28318530718));
#767 = VECTOR('',#768,1.);
#768 = DIRECTION('',(-1.,0.));
#769 = ( GEOMETRIC_REPRESENTATION_CONTEXT(2) 
PARAMETRIC_REPRESENTATION_CONTEXT() REPRESENTATION_CONTEXT('2D SPACE',''
  ) );
#770 = PCURVE('',#771,#776);
#771 = CYLINDRICAL_SURFACE('',#772,13.);
#772 = AXIS2_PLACEMENT_3D('',#773,#774,#775);
#773 = CARTESIAN_POINT('',(0.,0.,-24.62));
#774 = DIRECTION('',(-0.,-0.,-1.));
#775 = DIRECTION('',(1.,0.,0.));
#776 = DEFINITIONAL_REPRESENTATION('',(#777),#781);
#777 = LINE('',#778,#779);
#778 = CARTESIAN_POINT('',(-3.80446647724,-19.12));
#779 = VECTOR('',#780,1.);
#780 = DIRECTION('',(-1.,0.));
#781 = ( GEOMETRIC_REPRESENTATION_CONTEXT(2) 
PARAMETRIC_REPRESENTATION_CONTEXT() REPRESENTATION_CONTEXT('2D SPACE',''
  ) );
#782 = ADVANCED_FACE('',(#783),#73,.T.);
#783 = FACE_BOUND('',#784,.T.);
#784 = EDGE_LOOP('',(#785,#786,#787,#809));
#785 = ORIENTED_EDGE('',*,*,#626,.F.);
#786 = ORIENTED_EDGE('',*,*,#56,.T.);
#787 = ORIENTED_EDGE('',*,*,#788,.T.);
#788 = EDGE_CURVE('',#57,#789,#791,.T.);
#789 = VERTEX_POINT('',#790);
#790 = CARTESIAN_POINT('',(-13.,-6.,-5.5));
#791 = SURFACE_CURVE('',#792,(#797,#803),.PCURVE_S1.);
#792 = CIRCLE('',#793,1.5);
#793 = AXIS2_PLACEMENT_3D('',#794,#795,#796);
#794 = CARTESIAN_POINT('',(-11.5,-6.,-5.5));
#795 = DIRECTION('',(6.123233995737E-17,-1.,0.));
#796 = DIRECTION('',(-1.,-6.123233995737E-17,0.));
#797 = PCURVE('',#73,#798);
#798 = DEFINITIONAL_REPRESENTATION('',(#799),#802);
#799 = B_SPLINE_CURVE_WITH_KNOTS('',1,(#800,#801),.UNSPECIFIED.,.F.,.F.,
  (2,2),(4.712388980385,6.28318530718),.PIECEWISE_BEZIER_KNOTS.);
#800 = CARTESIAN_POINT('',(1.570796326795,4.712388980385));
#801 = CARTESIAN_POINT('',(1.570796326795,6.28318530718));
#802 = ( GEOMETRIC_REPRESENTATION_CONTEXT(2) 
PARAMETRIC_REPRESENTATION_CONTEXT() REPRESENTATION_CONTEXT('2D SPACE',''
  ) );
#803 = PCURVE('',#111,#804);
#804 = DEFINITIONAL_REPRESENTATION('',(#805),#808);
#805 = B_SPLINE_CURVE_WITH_KNOTS('',1,(#806,#807),.UNSPECIFIED.,.F.,.F.,
  (2,2),(4.712388980385,6.28318530718),.PIECEWISE_BEZIER_KNOTS.);
#806 = CARTESIAN_POINT('',(0.,0.));
#807 = CARTESIAN_POINT('',(-1.570796326795,0.));
#808 = ( GEOMETRIC_REPRESENTATION_CONTEXT(2) 
PARAMETRIC_REPRESENTATION_CONTEXT() REPRESENTATION_CONTEXT('2D SPACE',''
  ) );
#809 = ORIENTED_EDGE('',*,*,#810,.F.);
#810 = EDGE_CURVE('',#599,#789,#811,.T.);
#811 = SURFACE_CURVE('',#812,(#817,#824),.PCURVE_S1.);
#812 = CIRCLE('',#813,2.);
#813 = AXIS2_PLACEMENT_3D('',#814,#815,#816);
#814 = CARTESIAN_POINT('',(-11.,-6.,-5.5));
#815 = DIRECTION('',(0.,0.,-1.));
#816 = DIRECTION('',(0.,-1.,0.));
#817 = PCURVE('',#73,#818);
#818 = DEFINITIONAL_REPRESENTATION('',(#819),#823);
#819 = LINE('',#820,#821);
#820 = CARTESIAN_POINT('',(0.,6.28318530718));
#821 = VECTOR('',#822,1.);
#822 = DIRECTION('',(1.,0.));
#823 = ( GEOMETRIC_REPRESENTATION_CONTEXT(2) 
PARAMETRIC_REPRESENTATION_CONTEXT() REPRESENTATION_CONTEXT('2D SPACE',''
  ) );
#824 = PCURVE('',#825,#830);
#825 = CYLINDRICAL_SURFACE('',#826,2.);
#826 = AXIS2_PLACEMENT_3D('',#827,#828,#829);
#827 = CARTESIAN_POINT('',(-11.,-6.,-24.62));
#828 = DIRECTION('',(0.,0.,1.));
#829 = DIRECTION('',(-1.,-0.,0.));
#830 = DEFINITIONAL_REPRESENTATION('',(#831),#835);
#831 = LINE('',#832,#833);
#832 = CARTESIAN_POINT('',(1.570796326795,19.12));
#833 = VECTOR('',#834,1.);
#834 = DIRECTION('',(-1.,-0.));
#835 = ( GEOMETRIC_REPRESENTATION_CONTEXT(2) 
PARAMETRIC_REPRESENTATION_CONTEXT() REPRESENTATION_CONTEXT('2D SPACE',''
  ) );
#836 = ADVANCED_FACE('',(#837),#437,.T.);
#837 = FACE_BOUND('',#838,.T.);
#838 = EDGE_LOOP('',(#839,#840,#868,#900));
#839 = ORIENTED_EDGE('',*,*,#652,.T.);
#840 = ORIENTED_EDGE('',*,*,#841,.T.);
#841 = EDGE_CURVE('',#653,#842,#844,.T.);
#842 = VERTEX_POINT('',#843);
#843 = CARTESIAN_POINT('',(2.22044604925E-16,-8.,-5.5));
#844 = SURFACE_CURVE('',#845,(#849,#856),.PCURVE_S1.);
#845 = LINE('',#846,#847);
#846 = CARTESIAN_POINT('',(2.22044604925E-16,-13.,-5.5));
#847 = VECTOR('',#848,1.);
#848 = DIRECTION('',(0.,1.,0.));
#849 = PCURVE('',#437,#850);
#850 = DEFINITIONAL_REPRESENTATION('',(#851),#855);
#851 = LINE('',#852,#853);
#852 = CARTESIAN_POINT('',(1.570796326795,0.));
#853 = VECTOR('',#854,1.);
#854 = DIRECTION('',(0.,1.));
#855 = ( GEOMETRIC_REPRESENTATION_CONTEXT(2) 
PARAMETRIC_REPRESENTATION_CONTEXT() REPRESENTATION_CONTEXT('2D SPACE',''
  ) );
#856 = PCURVE('',#857,#862);
#857 = PLANE('',#858);
#858 = AXIS2_PLACEMENT_3D('',#859,#860,#861);
#859 = CARTESIAN_POINT('',(0.,-13.,-24.62));
#860 = DIRECTION('',(-1.,0.,0.));
#861 = DIRECTION('',(0.,1.,0.));
#862 = DEFINITIONAL_REPRESENTATION('',(#863),#867);
#863 = LINE('',#864,#865);
#864 = CARTESIAN_POINT('',(0.,-19.12));
#865 = VECTOR('',#866,1.);
#866 = DIRECTION('',(1.,0.));
#867 = ( GEOMETRIC_REPRESENTATION_CONTEXT(2) 
PARAMETRIC_REPRESENTATION_CONTEXT() REPRESENTATION_CONTEXT('2D SPACE',''
  ) );
#868 = ORIENTED_EDGE('',*,*,#869,.F.);
#869 = EDGE_CURVE('',#394,#842,#870,.T.);
#870 = SURFACE_CURVE('',#871,(#876,#888),.PCURVE_S1.);
#871 = ELLIPSE('',#872,2.12132034356,1.5);
#872 = AXIS2_PLACEMENT_3D('',#873,#874,#875);
#873 = CARTESIAN_POINT('',(-1.5,-6.5,-5.5));
#874 = DIRECTION('',(0.707106781187,0.707106781187,0.));
#875 = DIRECTION('',(-0.707106781187,0.707106781187,0.));
#876 = PCURVE('',#437,#877);
#877 = DEFINITIONAL_REPRESENTATION('',(#878),#887);
#878 = B_SPLINE_CURVE_WITH_KNOTS('',7,(#879,#880,#881,#882,#883,#884,
    #885,#886),.UNSPECIFIED.,.F.,.F.,(8,8),(1.570796326795,3.14159265359
    ),.PIECEWISE_BEZIER_KNOTS.);
#879 = CARTESIAN_POINT('',(0.,6.5));
#880 = CARTESIAN_POINT('',(0.224399475256,6.163400787115));
#881 = CARTESIAN_POINT('',(0.448798950513,5.826802941021));
#882 = CARTESIAN_POINT('',(0.673198425769,5.517879761339));
#883 = CARTESIAN_POINT('',(0.897597901026,5.264356243061));
#884 = CARTESIAN_POINT('',(1.121997376282,5.088123008915));
#885 = CARTESIAN_POINT('',(1.346396851538,5.));
#886 = CARTESIAN_POINT('',(1.570796326795,5.));
#887 = ( GEOMETRIC_REPRESENTATION_CONTEXT(2) 
PARAMETRIC_REPRESENTATION_CONTEXT() REPRESENTATION_CONTEXT('2D SPACE',''
  ) );
#888 = PCURVE('',#409,#889);
#889 = DEFINITIONAL_REPRESENTATION('',(#890),#899);
#890 = B_SPLINE_CURVE_WITH_KNOTS('',7,(#891,#892,#893,#894,#895,#896,
    #897,#898),.UNSPECIFIED.,.F.,.F.,(8,8),(1.570796326795,3.14159265359
    ),.PIECEWISE_BEZIER_KNOTS.);
#891 = CARTESIAN_POINT('',(0.,-1.5));
#892 = CARTESIAN_POINT('',(0.224399475256,-1.163400787115));
#893 = CARTESIAN_POINT('',(0.448798950513,-0.826802941022));
#894 = CARTESIAN_POINT('',(0.673198425769,-0.517879761339));
#895 = CARTESIAN_POINT('',(0.897597901026,-0.264356243063));
#896 = CARTESIAN_POINT('',(1.121997376282,-8.812300891488E-02));
#897 = CARTESIAN_POINT('',(1.346396851538,1.808230900596E-16));
#898 = CARTESIAN_POINT('',(1.570796326795,2.22044604925E-16));
#899 = ( GEOMETRIC_REPRESENTATION_CONTEXT(2) 
PARAMETRIC_REPRESENTATION_CONTEXT() REPRESENTATION_CONTEXT('2D SPACE',''
  ) );
#900 = ORIENTED_EDGE('',*,*,#421,.F.);
#901 = ADVANCED_FACE('',(#902),#111,.T.);
#902 = FACE_BOUND('',#903,.F.);
#903 = EDGE_LOOP('',(#904,#905,#933,#953));
#904 = ORIENTED_EDGE('',*,*,#788,.T.);
#905 = ORIENTED_EDGE('',*,*,#906,.T.);
#906 = EDGE_CURVE('',#789,#907,#909,.T.);
#907 = VERTEX_POINT('',#908);
#908 = CARTESIAN_POINT('',(-13.,6.,-5.5));
#909 = SURFACE_CURVE('',#910,(#914,#921),.PCURVE_S1.);
#910 = LINE('',#911,#912);
#911 = CARTESIAN_POINT('',(-13.,-6.,-5.5));
#912 = VECTOR('',#913,1.);
#913 = DIRECTION('',(0.,1.,0.));
#914 = PCURVE('',#111,#915);
#915 = DEFINITIONAL_REPRESENTATION('',(#916),#920);
#916 = LINE('',#917,#918);
#917 = CARTESIAN_POINT('',(-1.570796326795,0.));
#918 = VECTOR('',#919,1.);
#919 = DIRECTION('',(-0.,1.));
#920 = ( GEOMETRIC_REPRESENTATION_CONTEXT(2) 
PARAMETRIC_REPRESENTATION_CONTEXT() REPRESENTATION_CONTEXT('2D SPACE',''
  ) );
#921 = PCURVE('',#922,#927);
#922 = PLANE('',#923);
#923 = AXIS2_PLACEMENT_3D('',#924,#925,#926);
#924 = CARTESIAN_POINT('',(-13.,0.,-24.62));
#925 = DIRECTION('',(1.,0.,-0.));
#926 = DIRECTION('',(0.,0.,1.));
#927 = DEFINITIONAL_REPRESENTATION('',(#928),#932);
#928 = LINE('',#929,#930);
#929 = CARTESIAN_POINT('',(19.12,6.));
#930 = VECTOR('',#931,1.);
#931 = DIRECTION('',(0.,-1.));
#932 = ( GEOMETRIC_REPRESENTATION_CONTEXT(2) 
PARAMETRIC_REPRESENTATION_CONTEXT() REPRESENTATION_CONTEXT('2D SPACE',''
  ) );
#933 = ORIENTED_EDGE('',*,*,#934,.F.);
#934 = EDGE_CURVE('',#96,#907,#935,.T.);
#935 = SURFACE_CURVE('',#936,(#941,#947),.PCURVE_S1.);
#936 = CIRCLE('',#937,1.5);
#937 = AXIS2_PLACEMENT_3D('',#938,#939,#940);
#938 = CARTESIAN_POINT('',(-11.5,6.,-5.5));
#939 = DIRECTION('',(-0.,-1.,0.));
#940 = DIRECTION('',(0.,-0.,1.));
#941 = PCURVE('',#111,#942);
#942 = DEFINITIONAL_REPRESENTATION('',(#943),#946);
#943 = B_SPLINE_CURVE_WITH_KNOTS('',1,(#944,#945),.UNSPECIFIED.,.F.,.F.,
  (2,2),(0.,1.570796326795),.PIECEWISE_BEZIER_KNOTS.);
#944 = CARTESIAN_POINT('',(0.,12.));
#945 = CARTESIAN_POINT('',(-1.570796326795,12.));
#946 = ( GEOMETRIC_REPRESENTATION_CONTEXT(2) 
PARAMETRIC_REPRESENTATION_CONTEXT() REPRESENTATION_CONTEXT('2D SPACE',''
  ) );
#947 = PCURVE('',#140,#948);
#948 = DEFINITIONAL_REPRESENTATION('',(#949),#952);
#949 = B_SPLINE_CURVE_WITH_KNOTS('',1,(#950,#951),.UNSPECIFIED.,.F.,.F.,
  (2,2),(0.,1.570796326795),.PIECEWISE_BEZIER_KNOTS.);
#950 = CARTESIAN_POINT('',(0.,4.712388980385));
#951 = CARTESIAN_POINT('',(0.,6.28318530718));
#952 = ( GEOMETRIC_REPRESENTATION_CONTEXT(2) 
PARAMETRIC_REPRESENTATION_CONTEXT() REPRESENTATION_CONTEXT('2D SPACE',''
  ) );
#953 = ORIENTED_EDGE('',*,*,#95,.F.);
#954 = ADVANCED_FACE('',(#955),#409,.T.);
#955 = FACE_BOUND('',#956,.T.);
#956 = EDGE_LOOP('',(#957,#958,#986,#1006));
#957 = ORIENTED_EDGE('',*,*,#869,.T.);
#958 = ORIENTED_EDGE('',*,*,#959,.T.);
#959 = EDGE_CURVE('',#842,#960,#962,.T.);
#960 = VERTEX_POINT('',#961);
#961 = CARTESIAN_POINT('',(10.5,-8.,-5.5));
#962 = SURFACE_CURVE('',#963,(#967,#974),.PCURVE_S1.);
#963 = LINE('',#964,#965);
#964 = CARTESIAN_POINT('',(0.,-8.,-5.5));
#965 = VECTOR('',#966,1.);
#966 = DIRECTION('',(1.,0.,0.));
#967 = PCURVE('',#409,#968);
#968 = DEFINITIONAL_REPRESENTATION('',(#969),#973);
#969 = LINE('',#970,#971);
#970 = CARTESIAN_POINT('',(1.570796326795,0.));
#971 = VECTOR('',#972,1.);
#972 = DIRECTION('',(0.,1.));
#973 = ( GEOMETRIC_REPRESENTATION_CONTEXT(2) 
PARAMETRIC_REPRESENTATION_CONTEXT() REPRESENTATION_CONTEXT('2D SPACE',''
  ) );
#974 = PCURVE('',#975,#980);
#975 = PLANE('',#976);
#976 = AXIS2_PLACEMENT_3D('',#977,#978,#979);
#977 = CARTESIAN_POINT('',(4.921381664938,-8.,-18.69089839769));
#978 = DIRECTION('',(0.,-1.,0.));
#979 = DIRECTION('',(1.,0.,0.));
#980 = DEFINITIONAL_REPRESENTATION('',(#981),#985);
#981 = LINE('',#982,#983);
#982 = CARTESIAN_POINT('',(-4.921381664938,13.190898397691));
#983 = VECTOR('',#984,1.);
#984 = DIRECTION('',(1.,0.));
#985 = ( GEOMETRIC_REPRESENTATION_CONTEXT(2) 
PARAMETRIC_REPRESENTATION_CONTEXT() REPRESENTATION_CONTEXT('2D SPACE',''
  ) );
#986 = ORIENTED_EDGE('',*,*,#987,.F.);
#987 = EDGE_CURVE('',#351,#960,#988,.T.);
#988 = SURFACE_CURVE('',#989,(#994,#1000),.PCURVE_S1.);
#989 = CIRCLE('',#990,1.5);
#990 = AXIS2_PLACEMENT_3D('',#991,#992,#993);
#991 = CARTESIAN_POINT('',(10.5,-6.5,-5.5));
#992 = DIRECTION('',(1.,0.,0.));
#993 = DIRECTION('',(0.,-0.,1.));
#994 = PCURVE('',#409,#995);
#995 = DEFINITIONAL_REPRESENTATION('',(#996),#999);
#996 = B_SPLINE_CURVE_WITH_KNOTS('',1,(#997,#998),.UNSPECIFIED.,.F.,.F.,
  (2,2),(0.,1.570796326795),.PIECEWISE_BEZIER_KNOTS.);
#997 = CARTESIAN_POINT('',(0.,10.5));
#998 = CARTESIAN_POINT('',(1.570796326795,10.5));
#999 = ( GEOMETRIC_REPRESENTATION_CONTEXT(2) 
PARAMETRIC_REPRESENTATION_CONTEXT() REPRESENTATION_CONTEXT('2D SPACE',''
  ) );
#1000 = PCURVE('',#371,#1001);
#1001 = DEFINITIONAL_REPRESENTATION('',(#1002),#1005);
#1002 = B_SPLINE_CURVE_WITH_KNOTS('',1,(#1003,#1004),.UNSPECIFIED.,.F.,
  .F.,(2,2),(0.,1.570796326795),.PIECEWISE_BEZIER_KNOTS.);
#1003 = CARTESIAN_POINT('',(0.,4.712388980385));
#1004 = CARTESIAN_POINT('',(0.,6.28318530718));
#1005 = ( GEOMETRIC_REPRESENTATION_CONTEXT(2) 
PARAMETRIC_REPRESENTATION_CONTEXT() REPRESENTATION_CONTEXT('2D SPACE',''
  ) );
#1006 = ORIENTED_EDGE('',*,*,#393,.F.);
#1007 = ADVANCED_FACE('',(#1008),#140,.T.);
#1008 = FACE_BOUND('',#1009,.T.);
#1009 = EDGE_LOOP('',(#1010,#1011,#1012,#1034));
#1010 = ORIENTED_EDGE('',*,*,#934,.F.);
#1011 = ORIENTED_EDGE('',*,*,#123,.T.);
#1012 = ORIENTED_EDGE('',*,*,#1013,.T.);
#1013 = EDGE_CURVE('',#124,#1014,#1016,.T.);
#1014 = VERTEX_POINT('',#1015);
#1015 = CARTESIAN_POINT('',(-11.,8.,-5.5));
#1016 = SURFACE_CURVE('',#1017,(#1022,#1028),.PCURVE_S1.);
#1017 = CIRCLE('',#1018,1.5);
#1018 = AXIS2_PLACEMENT_3D('',#1019,#1020,#1021);
#1019 = CARTESIAN_POINT('',(-11.,6.5,-5.5));
#1020 = DIRECTION('',(-1.,-6.123233995737E-17,-0.));
#1021 = DIRECTION('',(-6.123233995737E-17,1.,0.));
#1022 = PCURVE('',#140,#1023);
#1023 = DEFINITIONAL_REPRESENTATION('',(#1024),#1027);
#1024 = B_SPLINE_CURVE_WITH_KNOTS('',1,(#1025,#1026),.UNSPECIFIED.,.F.,
  .F.,(2,2),(4.712388980385,6.28318530718),.PIECEWISE_BEZIER_KNOTS.);
#1025 = CARTESIAN_POINT('',(1.570796326795,4.712388980385));
#1026 = CARTESIAN_POINT('',(1.570796326795,6.28318530718));
#1027 = ( GEOMETRIC_REPRESENTATION_CONTEXT(2) 
PARAMETRIC_REPRESENTATION_CONTEXT() REPRESENTATION_CONTEXT('2D SPACE',''
  ) );
#1028 = PCURVE('',#178,#1029);
#1029 = DEFINITIONAL_REPRESENTATION('',(#1030),#1033);
#1030 = B_SPLINE_CURVE_WITH_KNOTS('',1,(#1031,#1032),.UNSPECIFIED.,.F.,
  .F.,(2,2),(4.712388980385,6.28318530718),.PIECEWISE_BEZIER_KNOTS.);
#1031 = CARTESIAN_POINT('',(0.,0.));
#1032 = CARTESIAN_POINT('',(-1.570796326795,0.));
#1033 = ( GEOMETRIC_REPRESENTATION_CONTEXT(2) 
PARAMETRIC_REPRESENTATION_CONTEXT() REPRESENTATION_CONTEXT('2D SPACE',''
  ) );
#1034 = ORIENTED_EDGE('',*,*,#1035,.F.);
#1035 = EDGE_CURVE('',#907,#1014,#1036,.T.);
#1036 = SURFACE_CURVE('',#1037,(#1042,#1049),.PCURVE_S1.);
#1037 = CIRCLE('',#1038,2.);
#1038 = AXIS2_PLACEMENT_3D('',#1039,#1040,#1041);
#1039 = CARTESIAN_POINT('',(-11.,6.,-5.5));
#1040 = DIRECTION('',(0.,0.,-1.));
#1041 = DIRECTION('',(-1.,0.,0.));
#1042 = PCURVE('',#140,#1043);
#1043 = DEFINITIONAL_REPRESENTATION('',(#1044),#1048);
#1044 = LINE('',#1045,#1046);
#1045 = CARTESIAN_POINT('',(0.,6.28318530718));
#1046 = VECTOR('',#1047,1.);
#1047 = DIRECTION('',(1.,0.));
#1048 = ( GEOMETRIC_REPRESENTATION_CONTEXT(2) 
PARAMETRIC_REPRESENTATION_CONTEXT() REPRESENTATION_CONTEXT('2D SPACE',''
  ) );
#1049 = PCURVE('',#1050,#1055);
#1050 = CYLINDRICAL_SURFACE('',#1051,2.);
#1051 = AXIS2_PLACEMENT_3D('',#1052,#1053,#1054);
#1052 = CARTESIAN_POINT('',(-11.,6.,-24.62));
#1053 = DIRECTION('',(0.,0.,1.));
#1054 = DIRECTION('',(-0.,1.,0.));
#1055 = DEFINITIONAL_REPRESENTATION('',(#1056),#1060);
#1056 = LINE('',#1057,#1058);
#1057 = CARTESIAN_POINT('',(1.570796326795,19.12));
#1058 = VECTOR('',#1059,1.);
#1059 = DIRECTION('',(-1.,-0.));
#1060 = ( GEOMETRIC_REPRESENTATION_CONTEXT(2) 
PARAMETRIC_REPRESENTATION_CONTEXT() REPRESENTATION_CONTEXT('2D SPACE',''
  ) );
#1061 = ADVANCED_FACE('',(#1062),#371,.T.);
#1062 = FACE_BOUND('',#1063,.F.);
#1063 = EDGE_LOOP('',(#1064,#1065,#1066,#1088));
#1064 = ORIENTED_EDGE('',*,*,#987,.F.);
#1065 = ORIENTED_EDGE('',*,*,#350,.T.);
#1066 = ORIENTED_EDGE('',*,*,#1067,.T.);
#1067 = EDGE_CURVE('',#323,#1068,#1070,.T.);
#1068 = VERTEX_POINT('',#1069);
#1069 = CARTESIAN_POINT('',(13.,-5.5,-5.5));
#1070 = SURFACE_CURVE('',#1071,(#1076,#1082),.PCURVE_S1.);
#1071 = CIRCLE('',#1072,1.5);
#1072 = AXIS2_PLACEMENT_3D('',#1073,#1074,#1075);
#1073 = CARTESIAN_POINT('',(11.5,-5.5,-5.5));
#1074 = DIRECTION('',(6.123233995737E-17,1.,0.));
#1075 = DIRECTION('',(1.,-6.123233995737E-17,0.));
#1076 = PCURVE('',#371,#1077);
#1077 = DEFINITIONAL_REPRESENTATION('',(#1078),#1081);
#1078 = B_SPLINE_CURVE_WITH_KNOTS('',1,(#1079,#1080),.UNSPECIFIED.,.F.,
  .F.,(2,2),(4.712388980385,6.28318530718),.PIECEWISE_BEZIER_KNOTS.);
#1079 = CARTESIAN_POINT('',(-1.570796326795,4.712388980385));
#1080 = CARTESIAN_POINT('',(-1.570796326795,6.28318530718));
#1081 = ( GEOMETRIC_REPRESENTATION_CONTEXT(2) 
PARAMETRIC_REPRESENTATION_CONTEXT() REPRESENTATION_CONTEXT('2D SPACE',''
  ) );
#1082 = PCURVE('',#338,#1083);
#1083 = DEFINITIONAL_REPRESENTATION('',(#1084),#1087);
#1084 = B_SPLINE_CURVE_WITH_KNOTS('',1,(#1085,#1086),.UNSPECIFIED.,.F.,
  .F.,(2,2),(4.712388980385,6.28318530718),.PIECEWISE_BEZIER_KNOTS.);
#1085 = CARTESIAN_POINT('',(0.,0.));
#1086 = CARTESIAN_POINT('',(1.570796326795,0.));
#1087 = ( GEOMETRIC_REPRESENTATION_CONTEXT(2) 
PARAMETRIC_REPRESENTATION_CONTEXT() REPRESENTATION_CONTEXT('2D SPACE',''
  ) );
#1088 = ORIENTED_EDGE('',*,*,#1089,.F.);
#1089 = EDGE_CURVE('',#960,#1068,#1090,.T.);
#1090 = SURFACE_CURVE('',#1091,(#1096,#1103),.PCURVE_S1.);
#1091 = CIRCLE('',#1092,2.5);
#1092 = AXIS2_PLACEMENT_3D('',#1093,#1094,#1095);
#1093 = CARTESIAN_POINT('',(10.5,-5.5,-5.5));
#1094 = DIRECTION('',(-0.,0.,1.));
#1095 = DIRECTION('',(0.,-1.,0.));
#1096 = PCURVE('',#371,#1097);
#1097 = DEFINITIONAL_REPRESENTATION('',(#1098),#1102);
#1098 = LINE('',#1099,#1100);
#1099 = CARTESIAN_POINT('',(-0.,6.28318530718));
#1100 = VECTOR('',#1101,1.);
#1101 = DIRECTION('',(-1.,0.));
#1102 = ( GEOMETRIC_REPRESENTATION_CONTEXT(2) 
PARAMETRIC_REPRESENTATION_CONTEXT() REPRESENTATION_CONTEXT('2D SPACE',''
  ) );
#1103 = PCURVE('',#1104,#1109);
#1104 = CYLINDRICAL_SURFACE('',#1105,2.5);
#1105 = AXIS2_PLACEMENT_3D('',#1106,#1107,#1108);
#1106 = CARTESIAN_POINT('',(10.5,-5.5,-10.82548586491));
#1107 = DIRECTION('',(0.,0.,1.));
#1108 = DIRECTION('',(0.,-1.,0.));
#1109 = DEFINITIONAL_REPRESENTATION('',(#1110),#1114);
#1110 = LINE('',#1111,#1112);
#1111 = CARTESIAN_POINT('',(0.,5.325485864912));
#1112 = VECTOR('',#1113,1.);
#1113 = DIRECTION('',(1.,0.));
#1114 = ( GEOMETRIC_REPRESENTATION_CONTEXT(2) 
PARAMETRIC_REPRESENTATION_CONTEXT() REPRESENTATION_CONTEXT('2D SPACE',''
  ) );
#1115 = ADVANCED_FACE('',(#1116),#178,.T.);
#1116 = FACE_BOUND('',#1117,.F.);
#1117 = EDGE_LOOP('',(#1118,#1119,#1147,#1240));
#1118 = ORIENTED_EDGE('',*,*,#1013,.T.);
#1119 = ORIENTED_EDGE('',*,*,#1120,.T.);
#1120 = EDGE_CURVE('',#1014,#1121,#1123,.T.);
#1121 = VERTEX_POINT('',#1122);
#1122 = CARTESIAN_POINT('',(-10.24695076596,8.,-5.5));
#1123 = SURFACE_CURVE('',#1124,(#1128,#1135),.PCURVE_S1.);
#1124 = LINE('',#1125,#1126);
#1125 = CARTESIAN_POINT('',(-11.,8.,-5.5));
#1126 = VECTOR('',#1127,1.);
#1127 = DIRECTION('',(1.,0.,0.));
#1128 = PCURVE('',#178,#1129);
#1129 = DEFINITIONAL_REPRESENTATION('',(#1130),#1134);
#1130 = LINE('',#1131,#1132);
#1131 = CARTESIAN_POINT('',(-1.570796326795,0.));
#1132 = VECTOR('',#1133,1.);
#1133 = DIRECTION('',(-0.,1.));
#1134 = ( GEOMETRIC_REPRESENTATION_CONTEXT(2) 
PARAMETRIC_REPRESENTATION_CONTEXT() REPRESENTATION_CONTEXT('2D SPACE',''
  ) );
#1135 = PCURVE('',#1136,#1141);
#1136 = PLANE('',#1137);
#1137 = AXIS2_PLACEMENT_3D('',#1138,#1139,#1140);
#1138 = CARTESIAN_POINT('',(4.921381664938,8.,-18.69089839769));
#1139 = DIRECTION('',(0.,-1.,0.));
#1140 = DIRECTION('',(1.,0.,0.));
#1141 = DEFINITIONAL_REPRESENTATION('',(#1142),#1146);
#1142 = LINE('',#1143,#1144);
#1143 = CARTESIAN_POINT('',(-15.92138166493,13.190898397691));
#1144 = VECTOR('',#1145,1.);
#1145 = DIRECTION('',(1.,0.));
#1146 = ( GEOMETRIC_REPRESENTATION_CONTEXT(2) 
PARAMETRIC_REPRESENTATION_CONTEXT() REPRESENTATION_CONTEXT('2D SPACE',''
  ) );
#1147 = ORIENTED_EDGE('',*,*,#1148,.F.);
#1148 = EDGE_CURVE('',#163,#1121,#1149,.T.);
#1149 = SURFACE_CURVE('',#1150,(#1178,#1209),.PCURVE_S1.);
#1150 = B_SPLINE_CURVE_WITH_KNOTS('',6,(#1151,#1152,#1153,#1154,#1155,
    #1156,#1157,#1158,#1159,#1160,#1161,#1162,#1163,#1164,#1165,#1166,
    #1167,#1168,#1169,#1170,#1171,#1172,#1173,#1174,#1175,#1176,#1177),
  .UNSPECIFIED.,.F.,.F.,(7,5,5,5,5,7),(0.,3.241345608179E-02,
    0.272263541603,0.533361580393,0.699982460319,1.),.UNSPECIFIED.);
#1151 = CARTESIAN_POINT('',(-9.486832943248,6.500000054377,-4.));
#1152 = CARTESIAN_POINT('',(-9.493114749705,6.511918739814,
    -4.000000000171));
#1153 = CARTESIAN_POINT('',(-9.49939262305,6.523839667924,
    -4.000113645445));
#1154 = CARTESIAN_POINT('',(-9.505666091161,6.535761727834,
    -4.000341013715));
#1155 = CARTESIAN_POINT('',(-9.511934646901,6.547683833189,
    -4.000682180235));
#1156 = CARTESIAN_POINT('',(-9.518197748126,6.559604922151,
    -4.001137217624));
#1157 = CARTESIAN_POINT('',(-9.570755300517,6.659721328767,
    -4.00591646825));
#1158 = CARTESIAN_POINT('',(-9.61672484235,6.7478027617,-4.016365448713)
  );
#1159 = CARTESIAN_POINT('',(-9.662147293321,6.835342857622,
    -4.03308133968));
#1160 = CARTESIAN_POINT('',(-9.706800071202,6.921887729033,
    -4.056085028531));
#1161 = CARTESIAN_POINT('',(-9.750452852036,7.006953192254,
    -4.085375611493));
#1162 = CARTESIAN_POINT('',(-9.839037008729,7.180451752117,
    -4.159604685106));
#1163 = CARTESIAN_POINT('',(-9.88373605712,7.268509583279,-4.20569724088
    ));
#1164 = CARTESIAN_POINT('',(-9.926653971232,7.353529949616,
    -4.259142503985));
#1165 = CARTESIAN_POINT('',(-9.967452767404,7.434768755321,
    -4.319825687765));
#1166 = CARTESIAN_POINT('',(-10.00577653888,7.511430492238,
    -4.387520548356));
#1167 = CARTESIAN_POINT('',(-10.06390733933,7.628171812711,
    -4.509269965617));
#1168 = CARTESIAN_POINT('',(-10.08539605857,7.671449647602,
    -4.559395188901));
#1169 = CARTESIAN_POINT('',(-10.10563295514,7.712313053332,
    -4.612113704964));
#1170 = CARTESIAN_POINT('',(-10.12452166809,7.750543381614,
    -4.667293228231));
#1171 = CARTESIAN_POINT('',(-10.14196830051,7.785926766857,
    -4.724767339809));
#1172 = CARTESIAN_POINT('',(-10.18654449609,7.876486740197,
    -4.891578636477));
#1173 = CARTESIAN_POINT('',(-10.21025808345,7.924859798689,
    -5.005652203264));
#1174 = CARTESIAN_POINT('',(-10.22847839365,7.962142673462,
    -5.125265303591));
#1175 = CARTESIAN_POINT('',(-10.24079562699,7.987385775202,
    -5.248819672719));
#1176 = CARTESIAN_POINT('',(-10.24695076596,8.,-5.374431111557));
#1177 = CARTESIAN_POINT('',(-10.24695076596,8.,-5.5));
#1178 = PCURVE('',#178,#1179);
#1179 = DEFINITIONAL_REPRESENTATION('',(#1180),#1208);
#1180 = B_SPLINE_CURVE_WITH_KNOTS('',6,(#1181,#1182,#1183,#1184,#1185,
    #1186,#1187,#1188,#1189,#1190,#1191,#1192,#1193,#1194,#1195,#1196,
    #1197,#1198,#1199,#1200,#1201,#1202,#1203,#1204,#1205,#1206,#1207),
  .UNSPECIFIED.,.F.,.F.,(7,5,5,5,5,7),(0.,3.241345608179E-02,
    0.272263541603,0.533361580393,0.699982460319,1.),.UNSPECIFIED.);
#1181 = CARTESIAN_POINT('',(-3.625109693909E-08,1.513167056752));
#1182 = CARTESIAN_POINT('',(-7.945826487504E-03,1.506885250295));
#1183 = CARTESIAN_POINT('',(-1.589311201622E-02,1.50060737695));
#1184 = CARTESIAN_POINT('',(-2.384205492184E-02,1.494333908839));
#1185 = CARTESIAN_POINT('',(-3.179283574512E-02,1.488065353099));
#1186 = CARTESIAN_POINT('',(-3.974565348299E-02,1.481802251874));
#1187 = CARTESIAN_POINT('',(-0.106565930213,1.429244699483));
#1188 = CARTESIAN_POINT('',(-0.165552340347,1.38327515765));
#1189 = CARTESIAN_POINT('',(-0.224744277127,1.337852706679));
#1190 = CARTESIAN_POINT('',(-0.284215838061,1.293199928798));
#1191 = CARTESIAN_POINT('',(-0.344035548131,1.249547147964));
#1192 = CARTESIAN_POINT('',(-0.469842641455,1.160962991271));
#1193 = CARTESIAN_POINT('',(-0.535903060722,1.11626394288));
#1194 = CARTESIAN_POINT('',(-0.602535477403,1.073346028768));
#1195 = CARTESIAN_POINT('',(-0.669803474107,1.032547232596));
#1196 = CARTESIAN_POINT('',(-0.737749639844,0.994223461114));
#1197 = CARTESIAN_POINT('',(-0.850200036828,0.936092660661));
#1198 = CARTESIAN_POINT('',(-0.894288795928,0.914603941423));
#1199 = CARTESIAN_POINT('',(-0.938662457713,0.894367044857));
#1200 = CARTESIAN_POINT('',(-0.983318195777,0.875478331905));
#1201 = CARTESIAN_POINT('',(-1.028246485775,0.858031699486));
#1202 = CARTESIAN_POINT('',(-1.154785223747,0.813455503903));
#1203 = CARTESIAN_POINT('',(-1.237006329756,0.789741916543));
#1204 = CARTESIAN_POINT('',(-1.319916255597,0.771521606347));
#1205 = CARTESIAN_POINT('',(-1.403343017929,0.759204373008));
#1206 = CARTESIAN_POINT('',(-1.487083734499,0.75304923404));
#1207 = CARTESIAN_POINT('',(-1.570796326795,0.75304923404));
#1208 = ( GEOMETRIC_REPRESENTATION_CONTEXT(2) 
PARAMETRIC_REPRESENTATION_CONTEXT() REPRESENTATION_CONTEXT('2D SPACE',''
  ) );
#1209 = PCURVE('',#211,#1210);
#1210 = DEFINITIONAL_REPRESENTATION('',(#1211),#1239);
#1211 = B_SPLINE_CURVE_WITH_KNOTS('',6,(#1212,#1213,#1214,#1215,#1216,
    #1217,#1218,#1219,#1220,#1221,#1222,#1223,#1224,#1225,#1226,#1227,
    #1228,#1229,#1230,#1231,#1232,#1233,#1234,#1235,#1236,#1237,#1238),
  .UNSPECIFIED.,.F.,.F.,(7,5,5,5,5,7),(0.,3.241345608179E-02,
    0.272263541603,0.533361580393,0.699982460319,1.),.UNSPECIFIED.);
#1212 = CARTESIAN_POINT('',(-0.970099568127,4.712388980385));
#1213 = CARTESIAN_POINT('',(-0.969553338743,4.720334829839));
#1214 = CARTESIAN_POINT('',(-0.969008113883,4.728282106535));
#1215 = CARTESIAN_POINT('',(-0.968463945464,4.736231028587));
#1216 = CARTESIAN_POINT('',(-0.96792088117,4.74418180464));
#1217 = CARTESIAN_POINT('',(-0.967378964444,4.752134633868));
#1218 = CARTESIAN_POINT('',(-0.962836991184,4.818954910598));
#1219 = CARTESIAN_POINT('',(-0.958900942729,4.877941320731));
#1220 = CARTESIAN_POINT('',(-0.955047224372,4.937133257512));
#1221 = CARTESIAN_POINT('',(-0.951292434929,4.996604818446));
#1222 = CARTESIAN_POINT('',(-0.947652866362,5.056424528516));
#1223 = CARTESIAN_POINT('',(-0.94032582017,5.18223162184));
#1224 = CARTESIAN_POINT('',(-0.936662904399,5.248292041107));
#1225 = CARTESIAN_POINT('',(-0.933176994181,5.314924457787));
#1226 = CARTESIAN_POINT('',(-0.929890213208,5.382192454492));
#1227 = CARTESIAN_POINT('',(-0.926825301295,5.450138620229));
#1228 = CARTESIAN_POINT('',(-0.92220540046,5.562589017213));
#1229 = CARTESIAN_POINT('',(-0.920505405991,5.606677776313));
#1230 = CARTESIAN_POINT('',(-0.91891115388,5.651051438098));
#1231 = CARTESIAN_POINT('',(-0.917428681985,5.695707176162));
#1232 = CARTESIAN_POINT('',(-0.916063847373,5.740635466159));
#1233 = CARTESIAN_POINT('',(-0.91258629377,5.867174204132));
#1234 = CARTESIAN_POINT('',(-0.910748493927,5.94939531014));
#1235 = CARTESIAN_POINT('',(-0.909343443246,6.032305235981));
#1236 = CARTESIAN_POINT('',(-0.90839597819,6.115731998314));
#1237 = CARTESIAN_POINT('',(-0.907922503145,6.199472714884));
#1238 = CARTESIAN_POINT('',(-0.907922503145,6.28318530718));
#1239 = ( GEOMETRIC_REPRESENTATION_CONTEXT(2) 
PARAMETRIC_REPRESENTATION_CONTEXT() REPRESENTATION_CONTEXT('2D SPACE',''
  ) );
#1240 = ORIENTED_EDGE('',*,*,#162,.F.);
#1241 = ADVANCED_FACE('',(#1242),#338,.T.);
#1242 = FACE_BOUND('',#1243,.T.);
#1243 = EDGE_LOOP('',(#1244,#1245,#1273,#1293));
#1244 = ORIENTED_EDGE('',*,*,#1067,.T.);
#1245 = ORIENTED_EDGE('',*,*,#1246,.T.);
#1246 = EDGE_CURVE('',#1068,#1247,#1249,.T.);
#1247 = VERTEX_POINT('',#1248);
#1248 = CARTESIAN_POINT('',(13.,5.5,-5.5));
#1249 = SURFACE_CURVE('',#1250,(#1254,#1261),.PCURVE_S1.);
#1250 = LINE('',#1251,#1252);
#1251 = CARTESIAN_POINT('',(13.,-5.5,-5.5));
#1252 = VECTOR('',#1253,1.);
#1253 = DIRECTION('',(0.,1.,0.));
#1254 = PCURVE('',#338,#1255);
#1255 = DEFINITIONAL_REPRESENTATION('',(#1256),#1260);
#1256 = LINE('',#1257,#1258);
#1257 = CARTESIAN_POINT('',(1.570796326795,0.));
#1258 = VECTOR('',#1259,1.);
#1259 = DIRECTION('',(0.,1.));
#1260 = ( GEOMETRIC_REPRESENTATION_CONTEXT(2) 
PARAMETRIC_REPRESENTATION_CONTEXT() REPRESENTATION_CONTEXT('2D SPACE',''
  ) );
#1261 = PCURVE('',#1262,#1267);
#1262 = PLANE('',#1263);
#1263 = AXIS2_PLACEMENT_3D('',#1264,#1265,#1266);
#1264 = CARTESIAN_POINT('',(13.,0.,-10.82548586491));
#1265 = DIRECTION('',(1.,0.,-0.));
#1266 = DIRECTION('',(0.,0.,1.));
#1267 = DEFINITIONAL_REPRESENTATION('',(#1268),#1272);
#1268 = LINE('',#1269,#1270);
#1269 = CARTESIAN_POINT('',(5.325485864912,5.5));
#1270 = VECTOR('',#1271,1.);
#1271 = DIRECTION('',(0.,-1.));
#1272 = ( GEOMETRIC_REPRESENTATION_CONTEXT(2) 
PARAMETRIC_REPRESENTATION_CONTEXT() REPRESENTATION_CONTEXT('2D SPACE',''
  ) );
#1273 = ORIENTED_EDGE('',*,*,#1274,.F.);
#1274 = EDGE_CURVE('',#280,#1247,#1275,.T.);
#1275 = SURFACE_CURVE('',#1276,(#1281,#1287),.PCURVE_S1.);
#1276 = CIRCLE('',#1277,1.5);
#1277 = AXIS2_PLACEMENT_3D('',#1278,#1279,#1280);
#1278 = CARTESIAN_POINT('',(11.5,5.5,-5.5));
#1279 = DIRECTION('',(0.,1.,0.));
#1280 = DIRECTION('',(0.,-0.,1.));
#1281 = PCURVE('',#338,#1282);
#1282 = DEFINITIONAL_REPRESENTATION('',(#1283),#1286);
#1283 = B_SPLINE_CURVE_WITH_KNOTS('',1,(#1284,#1285),.UNSPECIFIED.,.F.,
  .F.,(2,2),(0.,1.570796326795),.PIECEWISE_BEZIER_KNOTS.);
#1284 = CARTESIAN_POINT('',(0.,11.));
#1285 = CARTESIAN_POINT('',(1.570796326795,11.));
#1286 = ( GEOMETRIC_REPRESENTATION_CONTEXT(2) 
PARAMETRIC_REPRESENTATION_CONTEXT() REPRESENTATION_CONTEXT('2D SPACE',''
  ) );
#1287 = PCURVE('',#300,#1288);
#1288 = DEFINITIONAL_REPRESENTATION('',(#1289),#1292);
#1289 = B_SPLINE_CURVE_WITH_KNOTS('',1,(#1290,#1291),.UNSPECIFIED.,.F.,
  .F.,(2,2),(0.,1.570796326795),.PIECEWISE_BEZIER_KNOTS.);
#1290 = CARTESIAN_POINT('',(0.,4.712388980385));
#1291 = CARTESIAN_POINT('',(0.,6.28318530718));
#1292 = ( GEOMETRIC_REPRESENTATION_CONTEXT(2) 
PARAMETRIC_REPRESENTATION_CONTEXT() REPRESENTATION_CONTEXT('2D SPACE',''
  ) );
#1293 = ORIENTED_EDGE('',*,*,#322,.F.);
#1294 = ADVANCED_FACE('',(#1295),#211,.T.);
#1295 = FACE_BOUND('',#1296,.F.);
#1296 = EDGE_LOOP('',(#1297,#1298,#1327,#1429));
#1297 = ORIENTED_EDGE('',*,*,#1148,.T.);
#1298 = ORIENTED_EDGE('',*,*,#1299,.F.);
#1299 = EDGE_CURVE('',#1300,#1121,#1302,.T.);
#1300 = VERTEX_POINT('',#1301);
#1301 = CARTESIAN_POINT('',(4.828548577117E-13,13.,-5.5));
#1302 = SURFACE_CURVE('',#1303,(#1308,#1315),.PCURVE_S1.);
#1303 = CIRCLE('',#1304,13.);
#1304 = AXIS2_PLACEMENT_3D('',#1305,#1306,#1307);
#1305 = CARTESIAN_POINT('',(0.,0.,-5.5));
#1306 = DIRECTION('',(0.,-0.,1.));
#1307 = DIRECTION('',(3.714268136244E-14,1.,0.));
#1308 = PCURVE('',#211,#1309);
#1309 = DEFINITIONAL_REPRESENTATION('',(#1310),#1314);
#1310 = LINE('',#1311,#1312);
#1311 = CARTESIAN_POINT('',(-0.,6.28318530718));
#1312 = VECTOR('',#1313,1.);
#1313 = DIRECTION('',(-1.,0.));
#1314 = ( GEOMETRIC_REPRESENTATION_CONTEXT(2) 
PARAMETRIC_REPRESENTATION_CONTEXT() REPRESENTATION_CONTEXT('2D SPACE',''
  ) );
#1315 = PCURVE('',#1316,#1321);
#1316 = CYLINDRICAL_SURFACE('',#1317,13.);
#1317 = AXIS2_PLACEMENT_3D('',#1318,#1319,#1320);
#1318 = CARTESIAN_POINT('',(0.,0.,-24.62));
#1319 = DIRECTION('',(-0.,-0.,-1.));
#1320 = DIRECTION('',(1.,0.,0.));
#1321 = DEFINITIONAL_REPRESENTATION('',(#1322),#1326);
#1322 = LINE('',#1323,#1324);
#1323 = CARTESIAN_POINT('',(-1.570796326795,-19.12));
#1324 = VECTOR('',#1325,1.);
#1325 = DIRECTION('',(-1.,0.));
#1326 = ( GEOMETRIC_REPRESENTATION_CONTEXT(2) 
PARAMETRIC_REPRESENTATION_CONTEXT() REPRESENTATION_CONTEXT('2D SPACE',''
  ) );
#1327 = ORIENTED_EDGE('',*,*,#1328,.F.);
#1328 = EDGE_CURVE('',#191,#1300,#1329,.T.);
#1329 = SURFACE_CURVE('',#1330,(#1361,#1395),.PCURVE_S1.);
#1330 = B_SPLINE_CURVE_WITH_KNOTS('',8,(#1331,#1332,#1333,#1334,#1335,
    #1336,#1337,#1338,#1339,#1340,#1341,#1342,#1343,#1344,#1345,#1346,
    #1347,#1348,#1349,#1350,#1351,#1352,#1353,#1354,#1355,#1356,#1357,
    #1358,#1359,#1360),.UNSPECIFIED.,.F.,.F.,(9,7,7,7,9),(0.,
    0.496776343025,0.676387549989,0.805829227838,1.),.UNSPECIFIED.);
#1331 = CARTESIAN_POINT('',(-1.499999999284,11.401754251086,-4.));
#1332 = CARTESIAN_POINT('',(-1.380746424464,11.537724244142,
    -3.999999913223));
#1333 = CARTESIAN_POINT('',(-1.26068356612,11.672763863054,
    -4.010835848578));
#1334 = CARTESIAN_POINT('',(-1.140143992623,11.806538113559,
    -4.032762104505));
#1335 = CARTESIAN_POINT('',(-1.019661642875,11.938508341775,
    -4.066315459653));
#1336 = CARTESIAN_POINT('',(-0.899990593109,12.067931459069,
    -4.112169607731));
#1337 = CARTESIAN_POINT('',(-0.782169555748,12.193815389901,
    -4.171183513771));
#1338 = CARTESIAN_POINT('',(-0.667509825382,12.314946758656,
    -4.24427512624));
#1339 = CARTESIAN_POINT('',(-0.518116692124,12.471194308693,
    -4.364876863397));
#1340 = CARTESIAN_POINT('',(-0.479117296257,12.511824828062,
    -4.398905527166));
#1341 = CARTESIAN_POINT('',(-0.440880106657,12.551511274417,
    -4.434992673747));
#1342 = CARTESIAN_POINT('',(-0.403514189561,12.590152625412,
    -4.473190275827));
#1343 = CARTESIAN_POINT('',(-0.367146140605,12.62763136995,
    -4.513544613817));
#1344 = CARTESIAN_POINT('',(-0.331919578152,12.66381417621,
    -4.556093595932));
#1345 = CARTESIAN_POINT('',(-0.29799463662,12.698552559661,
    -4.600864078273));
#1346 = CARTESIAN_POINT('',(-0.242163523596,12.755560296808,
    -4.6817446873));
#1347 = CARTESIAN_POINT('',(-0.219549546187,12.77859970165,
    -4.716777392782));
#1348 = CARTESIAN_POINT('',(-0.197772002097,12.800740109206,
    -4.752969931614));
#1349 = CARTESIAN_POINT('',(-0.176904296782,12.821913329198,
    -4.790317531023));
#1350 = CARTESIAN_POINT('',(-0.157025170847,12.842046143971,
    -4.82880630413));
#1351 = CARTESIAN_POINT('',(-0.138217104242,12.86106181499,
    -4.868411538872));
#1352 = CARTESIAN_POINT('',(-0.12056472047,12.878881589336,
    -4.90909598693));
#1353 = CARTESIAN_POINT('',(-7.953484957395E-02,12.920244186672,
    -5.013379061503));
#1354 = CARTESIAN_POINT('',(-5.769349571444E-02,12.942208110657,
    -5.078300234922));
#1355 = CARTESIAN_POINT('',(-3.894191696466E-02,12.961024457351,
    -5.145350393471));
#1356 = CARTESIAN_POINT('',(-2.357227627396E-02,12.976421009354,
    -5.214243168829));
#1357 = CARTESIAN_POINT('',(-1.18405948222E-02,12.988159475688,
    -5.284621693666));
#1358 = CARTESIAN_POINT('',(-3.945323096146E-03,12.996054635149,
    -5.356055620299));
#1359 = CARTESIAN_POINT('',(1.110223024625E-15,13.,-5.428040568151));
#1360 = CARTESIAN_POINT('',(1.110223024625E-15,13.,-5.5));
#1361 = PCURVE('',#211,#1362);
#1362 = DEFINITIONAL_REPRESENTATION('',(#1363),#1394);
#1363 = B_SPLINE_CURVE_WITH_KNOTS('',8,(#1364,#1365,#1366,#1367,#1368,
    #1369,#1370,#1371,#1372,#1373,#1374,#1375,#1376,#1377,#1378,#1379,
    #1380,#1381,#1382,#1383,#1384,#1385,#1386,#1387,#1388,#1389,#1390,
    #1391,#1392,#1393),.UNSPECIFIED.,.F.,.F.,(9,7,7,7,9),(0.,
    0.496776343025,0.676387549989,0.805829227838,1.),.UNSPECIFIED.);
#1364 = CARTESIAN_POINT('',(-0.130807496015,4.712388980385));
#1365 = CARTESIAN_POINT('',(-0.118984019024,4.791891271622));
#1366 = CARTESIAN_POINT('',(-0.10738156346,4.87193380381));
#1367 = CARTESIAN_POINT('',(-9.602427511555E-02,4.953057128536));
#1368 = CARTESIAN_POINT('',(-8.495210439771E-02,5.035724217114));
#1369 = CARTESIAN_POINT('',(-7.421942455641E-02,5.120361520414));
#1370 = CARTESIAN_POINT('',(-6.389691640268E-02,5.207456866908));
#1371 = CARTESIAN_POINT('',(-5.406844475568E-02,5.297542685811));
#1372 = CARTESIAN_POINT('',(-4.151058600875E-02,5.4255411012));
#1373 = CARTESIAN_POINT('',(-3.825719558938E-02,5.460021268934));
#1374 = CARTESIAN_POINT('',(-3.509090938192E-02,5.495027846386));
#1375 = CARTESIAN_POINT('',(-3.201880432565E-02,5.530593180865));
#1376 = CARTESIAN_POINT('',(-2.904915102381E-02,5.566746925544));
#1377 = CARTESIAN_POINT('',(-2.619135081926E-02,5.603516555559));
#1378 = CARTESIAN_POINT('',(-2.345587287029E-02,5.64092788411));
#1379 = CARTESIAN_POINT('',(-1.897921892956E-02,5.706447299716));
#1380 = CARTESIAN_POINT('',(-1.717393398206E-02,5.734232384069));
#1381 = CARTESIAN_POINT('',(-1.544269031502E-02,5.762368367118));
#1382 = CARTESIAN_POINT('',(-1.379031622667E-02,5.790859781308));
#1383 = CARTESIAN_POINT('',(-1.222200535265E-02,5.819707717511));
#1384 = CARTESIAN_POINT('',(-1.074320763651E-02,5.848909386519));
#1385 = CARTESIAN_POINT('',(-9.359520300113E-03,5.878457680528));
#1386 = CARTESIAN_POINT('',(-6.152084763078E-03,5.953167221636));
#1387 = CARTESIAN_POINT('',(-4.453102638704E-03,5.998773845821));
#1388 = CARTESIAN_POINT('',(-3.000704996793E-03,6.045084646799));
#1389 = CARTESIAN_POINT('',(-1.814285026485E-03,6.092007317485));
#1390 = CARTESIAN_POINT('',(-9.108043239845E-04,6.139431397617));
#1391 = CARTESIAN_POINT('',(-3.03492697026E-04,6.18722246902));
#1392 = CARTESIAN_POINT('',(-3.641531520771E-14,6.235212352613));
#1393 = CARTESIAN_POINT('',(-3.641531520771E-14,6.28318530718));
#1394 = ( GEOMETRIC_REPRESENTATION_CONTEXT(2) 
PARAMETRIC_REPRESENTATION_CONTEXT() REPRESENTATION_CONTEXT('2D SPACE',''
  ) );
#1395 = PCURVE('',#239,#1396);
#1396 = DEFINITIONAL_REPRESENTATION('',(#1397),#1428);
#1397 = B_SPLINE_CURVE_WITH_KNOTS('',8,(#1398,#1399,#1400,#1401,#1402,
    #1403,#1404,#1405,#1406,#1407,#1408,#1409,#1410,#1411,#1412,#1413,
    #1414,#1415,#1416,#1417,#1418,#1419,#1420,#1421,#1422,#1423,#1424,
    #1425,#1426,#1427),.UNSPECIFIED.,.F.,.F.,(9,7,7,7,9),(0.,
    0.496776343025,0.676387549989,0.805829227838,1.),.UNSPECIFIED.);
#1398 = CARTESIAN_POINT('',(0.,3.401754251086));
#1399 = CARTESIAN_POINT('',(7.950229123688E-02,3.537724244142));
#1400 = CARTESIAN_POINT('',(0.159544823426,3.672763863054));
#1401 = CARTESIAN_POINT('',(0.240668148151,3.806538113559));
#1402 = CARTESIAN_POINT('',(0.32333523673,3.938508341775));
#1403 = CARTESIAN_POINT('',(0.407972540028,4.067931459069));
#1404 = CARTESIAN_POINT('',(0.495067886523,4.193815389901));
#1405 = CARTESIAN_POINT('',(0.585153705427,4.314946758656));
#1406 = CARTESIAN_POINT('',(0.713152120816,4.471194308693));
#1407 = CARTESIAN_POINT('',(0.747632288549,4.511824828062));
#1408 = CARTESIAN_POINT('',(0.782638866001,4.551511274417));
#1409 = CARTESIAN_POINT('',(0.81820420048,4.590152625412));
#1410 = CARTESIAN_POINT('',(0.854357945159,4.62763136995));
#1411 = CARTESIAN_POINT('',(0.891127575174,4.66381417621));
#1412 = CARTESIAN_POINT('',(0.928538903726,4.698552559661));
#1413 = CARTESIAN_POINT('',(0.994058319332,4.755560296808));
#1414 = CARTESIAN_POINT('',(1.021843403684,4.77859970165));
#1415 = CARTESIAN_POINT('',(1.049979386734,4.800740109206));
#1416 = CARTESIAN_POINT('',(1.078470800923,4.821913329198));
#1417 = CARTESIAN_POINT('',(1.107318737126,4.842046143971));
#1418 = CARTESIAN_POINT('',(1.136520406134,4.86106181499));
#1419 = CARTESIAN_POINT('',(1.166068700144,4.878881589336));
#1420 = CARTESIAN_POINT('',(1.240778241251,4.920244186672));
#1421 = CARTESIAN_POINT('',(1.286384865436,4.942208110657));
#1422 = CARTESIAN_POINT('',(1.332695666414,4.961024457351));
#1423 = CARTESIAN_POINT('',(1.3796183371,4.976421009354));
#1424 = CARTESIAN_POINT('',(1.427042417233,4.988159475688));
#1425 = CARTESIAN_POINT('',(1.474833488635,4.996054635149));
#1426 = CARTESIAN_POINT('',(1.522823372229,5.));
#1427 = CARTESIAN_POINT('',(1.570796326795,5.));
#1428 = ( GEOMETRIC_REPRESENTATION_CONTEXT(2) 
PARAMETRIC_REPRESENTATION_CONTEXT() REPRESENTATION_CONTEXT('2D SPACE',''
  ) );
#1429 = ORIENTED_EDGE('',*,*,#190,.T.);
#1430 = ADVANCED_FACE('',(#1431),#300,.T.);
#1431 = FACE_BOUND('',#1432,.F.);
#1432 = EDGE_LOOP('',(#1433,#1434,#1435,#1457));
#1433 = ORIENTED_EDGE('',*,*,#1274,.F.);
#1434 = ORIENTED_EDGE('',*,*,#279,.T.);
#1435 = ORIENTED_EDGE('',*,*,#1436,.T.);
#1436 = EDGE_CURVE('',#252,#1437,#1439,.T.);
#1437 = VERTEX_POINT('',#1438);
#1438 = CARTESIAN_POINT('',(10.5,8.,-5.5));
#1439 = SURFACE_CURVE('',#1440,(#1445,#1451),.PCURVE_S1.);
#1440 = CIRCLE('',#1441,1.5);
#1441 = AXIS2_PLACEMENT_3D('',#1442,#1443,#1444);
#1442 = CARTESIAN_POINT('',(10.5,6.5,-5.5));
#1443 = DIRECTION('',(-1.,6.123233995737E-17,0.));
#1444 = DIRECTION('',(6.123233995737E-17,1.,0.));
#1445 = PCURVE('',#300,#1446);
#1446 = DEFINITIONAL_REPRESENTATION('',(#1447),#1450);
#1447 = B_SPLINE_CURVE_WITH_KNOTS('',1,(#1448,#1449),.UNSPECIFIED.,.F.,
  .F.,(2,2),(4.712388980385,6.28318530718),.PIECEWISE_BEZIER_KNOTS.);
#1448 = CARTESIAN_POINT('',(-1.570796326795,4.712388980385));
#1449 = CARTESIAN_POINT('',(-1.570796326795,6.28318530718));
#1450 = ( GEOMETRIC_REPRESENTATION_CONTEXT(2) 
PARAMETRIC_REPRESENTATION_CONTEXT() REPRESENTATION_CONTEXT('2D SPACE',''
  ) );
#1451 = PCURVE('',#267,#1452);
#1452 = DEFINITIONAL_REPRESENTATION('',(#1453),#1456);
#1453 = B_SPLINE_CURVE_WITH_KNOTS('',1,(#1454,#1455),.UNSPECIFIED.,.F.,
  .F.,(2,2),(4.712388980385,6.28318530718),.PIECEWISE_BEZIER_KNOTS.);
#1454 = CARTESIAN_POINT('',(0.,0.));
#1455 = CARTESIAN_POINT('',(1.570796326795,0.));
#1456 = ( GEOMETRIC_REPRESENTATION_CONTEXT(2) 
PARAMETRIC_REPRESENTATION_CONTEXT() REPRESENTATION_CONTEXT('2D SPACE',''
  ) );
#1457 = ORIENTED_EDGE('',*,*,#1458,.F.);
#1458 = EDGE_CURVE('',#1247,#1437,#1459,.T.);
#1459 = SURFACE_CURVE('',#1460,(#1465,#1472),.PCURVE_S1.);
#1460 = CIRCLE('',#1461,2.5);
#1461 = AXIS2_PLACEMENT_3D('',#1462,#1463,#1464);
#1462 = CARTESIAN_POINT('',(10.5,5.5,-5.5));
#1463 = DIRECTION('',(0.,-0.,1.));
#1464 = DIRECTION('',(1.,0.,0.));
#1465 = PCURVE('',#300,#1466);
#1466 = DEFINITIONAL_REPRESENTATION('',(#1467),#1471);
#1467 = LINE('',#1468,#1469);
#1468 = CARTESIAN_POINT('',(-0.,6.28318530718));
#1469 = VECTOR('',#1470,1.);
#1470 = DIRECTION('',(-1.,0.));
#1471 = ( GEOMETRIC_REPRESENTATION_CONTEXT(2) 
PARAMETRIC_REPRESENTATION_CONTEXT() REPRESENTATION_CONTEXT('2D SPACE',''
  ) );
#1472 = PCURVE('',#1473,#1478);
#1473 = CYLINDRICAL_SURFACE('',#1474,2.5);
#1474 = AXIS2_PLACEMENT_3D('',#1475,#1476,#1477);
#1475 = CARTESIAN_POINT('',(10.5,5.5,-10.82548586491));
#1476 = DIRECTION('',(0.,0.,1.));
#1477 = DIRECTION('',(1.,0.,-0.));
#1478 = DEFINITIONAL_REPRESENTATION('',(#1479),#1483);
#1479 = LINE('',#1480,#1481);
#1480 = CARTESIAN_POINT('',(0.,5.325485864912));
#1481 = VECTOR('',#1482,1.);
#1482 = DIRECTION('',(1.,0.));
#1483 = ( GEOMETRIC_REPRESENTATION_CONTEXT(2) 
PARAMETRIC_REPRESENTATION_CONTEXT() REPRESENTATION_CONTEXT('2D SPACE',''
  ) );
#1484 = ADVANCED_FACE('',(#1485),#239,.T.);
#1485 = FACE_BOUND('',#1486,.T.);
#1486 = EDGE_LOOP('',(#1487,#1521,#1547,#1548));
#1487 = ORIENTED_EDGE('',*,*,#1488,.T.);
#1488 = EDGE_CURVE('',#224,#1489,#1491,.T.);
#1489 = VERTEX_POINT('',#1490);
#1490 = CARTESIAN_POINT('',(2.22044604925E-16,8.,-5.5));
#1491 = SURFACE_CURVE('',#1492,(#1497,#1509),.PCURVE_S1.);
#1492 = ELLIPSE('',#1493,2.12132034356,1.5);
#1493 = AXIS2_PLACEMENT_3D('',#1494,#1495,#1496);
#1494 = CARTESIAN_POINT('',(-1.5,6.5,-5.5));
#1495 = DIRECTION('',(-0.707106781187,0.707106781187,0.));
#1496 = DIRECTION('',(0.707106781187,0.707106781187,0.));
#1497 = PCURVE('',#239,#1498);
#1498 = DEFINITIONAL_REPRESENTATION('',(#1499),#1508);
#1499 = B_SPLINE_CURVE_WITH_KNOTS('',7,(#1500,#1501,#1502,#1503,#1504,
    #1505,#1506,#1507),.UNSPECIFIED.,.F.,.F.,(8,8),(4.712388980385,
    6.28318530718),.PIECEWISE_BEZIER_KNOTS.);
#1500 = CARTESIAN_POINT('',(0.,-1.5));
#1501 = CARTESIAN_POINT('',(0.224399475256,-1.163400787115));
#1502 = CARTESIAN_POINT('',(0.448798950513,-0.826802941021));
#1503 = CARTESIAN_POINT('',(0.673198425769,-0.51787976134));
#1504 = CARTESIAN_POINT('',(0.897597901026,-0.264356243062));
#1505 = CARTESIAN_POINT('',(1.121997376282,-8.812300891506E-02));
#1506 = CARTESIAN_POINT('',(1.346396851538,-8.244302973093E-17));
#1507 = CARTESIAN_POINT('',(1.570796326795,0.));
#1508 = ( GEOMETRIC_REPRESENTATION_CONTEXT(2) 
PARAMETRIC_REPRESENTATION_CONTEXT() REPRESENTATION_CONTEXT('2D SPACE',''
  ) );
#1509 = PCURVE('',#267,#1510);
#1510 = DEFINITIONAL_REPRESENTATION('',(#1511),#1520);
#1511 = B_SPLINE_CURVE_WITH_KNOTS('',7,(#1512,#1513,#1514,#1515,#1516,
    #1517,#1518,#1519),.UNSPECIFIED.,.F.,.F.,(8,8),(4.712388980385,
    6.28318530718),.PIECEWISE_BEZIER_KNOTS.);
#1512 = CARTESIAN_POINT('',(0.,12.));
#1513 = CARTESIAN_POINT('',(0.224399475256,11.663400787115));
#1514 = CARTESIAN_POINT('',(0.448798950513,11.326802941021));
#1515 = CARTESIAN_POINT('',(0.673198425769,11.01787976134));
#1516 = CARTESIAN_POINT('',(0.897597901026,10.764356243063));
#1517 = CARTESIAN_POINT('',(1.121997376282,10.588123008914));
#1518 = CARTESIAN_POINT('',(1.346396851538,10.5));
#1519 = CARTESIAN_POINT('',(1.570796326795,10.5));
#1520 = ( GEOMETRIC_REPRESENTATION_CONTEXT(2) 
PARAMETRIC_REPRESENTATION_CONTEXT() REPRESENTATION_CONTEXT('2D SPACE',''
  ) );
#1521 = ORIENTED_EDGE('',*,*,#1522,.T.);
#1522 = EDGE_CURVE('',#1489,#1300,#1523,.T.);
#1523 = SURFACE_CURVE('',#1524,(#1528,#1535),.PCURVE_S1.);
#1524 = LINE('',#1525,#1526);
#1525 = CARTESIAN_POINT('',(2.22044604925E-16,8.,-5.5));
#1526 = VECTOR('',#1527,1.);
#1527 = DIRECTION('',(0.,1.,0.));
#1528 = PCURVE('',#239,#1529);
#1529 = DEFINITIONAL_REPRESENTATION('',(#1530),#1534);
#1530 = LINE('',#1531,#1532);
#1531 = CARTESIAN_POINT('',(1.570796326795,0.));
#1532 = VECTOR('',#1533,1.);
#1533 = DIRECTION('',(0.,1.));
#1534 = ( GEOMETRIC_REPRESENTATION_CONTEXT(2) 
PARAMETRIC_REPRESENTATION_CONTEXT() REPRESENTATION_CONTEXT('2D SPACE',''
  ) );
#1535 = PCURVE('',#1536,#1541);
#1536 = PLANE('',#1537);
#1537 = AXIS2_PLACEMENT_3D('',#1538,#1539,#1540);
#1538 = CARTESIAN_POINT('',(0.,-13.,-24.62));
#1539 = DIRECTION('',(-1.,0.,0.));
#1540 = DIRECTION('',(0.,1.,0.));
#1541 = DEFINITIONAL_REPRESENTATION('',(#1542),#1546);
#1542 = LINE('',#1543,#1544);
#1543 = CARTESIAN_POINT('',(21.,-19.12));
#1544 = VECTOR('',#1545,1.);
#1545 = DIRECTION('',(1.,0.));
#1546 = ( GEOMETRIC_REPRESENTATION_CONTEXT(2) 
PARAMETRIC_REPRESENTATION_CONTEXT() REPRESENTATION_CONTEXT('2D SPACE',''
  ) );
#1547 = ORIENTED_EDGE('',*,*,#1328,.F.);
#1548 = ORIENTED_EDGE('',*,*,#223,.F.);
#1549 = ADVANCED_FACE('',(#1550),#267,.T.);
#1550 = FACE_BOUND('',#1551,.T.);
#1551 = EDGE_LOOP('',(#1552,#1553,#1579,#1580));
#1552 = ORIENTED_EDGE('',*,*,#1436,.T.);
#1553 = ORIENTED_EDGE('',*,*,#1554,.T.);
#1554 = EDGE_CURVE('',#1437,#1489,#1555,.T.);
#1555 = SURFACE_CURVE('',#1556,(#1560,#1567),.PCURVE_S1.);
#1556 = LINE('',#1557,#1558);
#1557 = CARTESIAN_POINT('',(10.5,8.,-5.5));
#1558 = VECTOR('',#1559,1.);
#1559 = DIRECTION('',(-1.,-0.,-0.));
#1560 = PCURVE('',#267,#1561);
#1561 = DEFINITIONAL_REPRESENTATION('',(#1562),#1566);
#1562 = LINE('',#1563,#1564);
#1563 = CARTESIAN_POINT('',(1.570796326795,0.));
#1564 = VECTOR('',#1565,1.);
#1565 = DIRECTION('',(0.,1.));
#1566 = ( GEOMETRIC_REPRESENTATION_CONTEXT(2) 
PARAMETRIC_REPRESENTATION_CONTEXT() REPRESENTATION_CONTEXT('2D SPACE',''
  ) );
#1567 = PCURVE('',#1568,#1573);
#1568 = PLANE('',#1569);
#1569 = AXIS2_PLACEMENT_3D('',#1570,#1571,#1572);
#1570 = CARTESIAN_POINT('',(4.921381664938,8.,-18.69089839769));
#1571 = DIRECTION('',(0.,-1.,0.));
#1572 = DIRECTION('',(1.,0.,0.));
#1573 = DEFINITIONAL_REPRESENTATION('',(#1574),#1578);
#1574 = LINE('',#1575,#1576);
#1575 = CARTESIAN_POINT('',(5.578618335062,13.190898397691));
#1576 = VECTOR('',#1577,1.);
#1577 = DIRECTION('',(-1.,-0.));
#1578 = ( GEOMETRIC_REPRESENTATION_CONTEXT(2) 
PARAMETRIC_REPRESENTATION_CONTEXT() REPRESENTATION_CONTEXT('2D SPACE',''
  ) );
#1579 = ORIENTED_EDGE('',*,*,#1488,.F.);
#1580 = ORIENTED_EDGE('',*,*,#251,.F.);
#1581 = ADVANCED_FACE('',(#1582),#503,.F.);
#1582 = FACE_BOUND('',#1583,.F.);
#1583 = EDGE_LOOP('',(#1584,#1585,#1608,#1635));
#1584 = ORIENTED_EDGE('',*,*,#482,.F.);
#1585 = ORIENTED_EDGE('',*,*,#1586,.F.);
#1586 = EDGE_CURVE('',#1587,#483,#1589,.T.);
#1587 = VERTEX_POINT('',#1588);
#1588 = CARTESIAN_POINT('',(6.,-1.469576158977E-15,-19.));
#1589 = SEAM_CURVE('',#1590,(#1594,#1601),.PCURVE_S1.);
#1590 = LINE('',#1591,#1592);
#1591 = CARTESIAN_POINT('',(6.,-1.469576158977E-15,-19.));
#1592 = VECTOR('',#1593,1.);
#1593 = DIRECTION('',(0.,0.,1.));
#1594 = PCURVE('',#503,#1595);
#1595 = DEFINITIONAL_REPRESENTATION('',(#1596),#1600);
#1596 = LINE('',#1597,#1598);
#1597 = CARTESIAN_POINT('',(6.28318530718,-0.));
#1598 = VECTOR('',#1599,1.);
#1599 = DIRECTION('',(0.,1.));
#1600 = ( GEOMETRIC_REPRESENTATION_CONTEXT(2) 
PARAMETRIC_REPRESENTATION_CONTEXT() REPRESENTATION_CONTEXT('2D SPACE',''
  ) );
#1601 = PCURVE('',#503,#1602);
#1602 = DEFINITIONAL_REPRESENTATION('',(#1603),#1607);
#1603 = LINE('',#1604,#1605);
#1604 = CARTESIAN_POINT('',(0.,-0.));
#1605 = VECTOR('',#1606,1.);
#1606 = DIRECTION('',(0.,1.));
#1607 = ( GEOMETRIC_REPRESENTATION_CONTEXT(2) 
PARAMETRIC_REPRESENTATION_CONTEXT() REPRESENTATION_CONTEXT('2D SPACE',''
  ) );
#1608 = ORIENTED_EDGE('',*,*,#1609,.T.);
#1609 = EDGE_CURVE('',#1587,#1587,#1610,.T.);
#1610 = SURFACE_CURVE('',#1611,(#1616,#1623),.PCURVE_S1.);
#1611 = CIRCLE('',#1612,6.);
#1612 = AXIS2_PLACEMENT_3D('',#1613,#1614,#1615);
#1613 = CARTESIAN_POINT('',(0.,0.,-19.));
#1614 = DIRECTION('',(0.,0.,1.));
#1615 = DIRECTION('',(1.,0.,-0.));
#1616 = PCURVE('',#503,#1617);
#1617 = DEFINITIONAL_REPRESENTATION('',(#1618),#1622);
#1618 = LINE('',#1619,#1620);
#1619 = CARTESIAN_POINT('',(0.,0.));
#1620 = VECTOR('',#1621,1.);
#1621 = DIRECTION('',(1.,0.));
#1622 = ( GEOMETRIC_REPRESENTATION_CONTEXT(2) 
PARAMETRIC_REPRESENTATION_CONTEXT() REPRESENTATION_CONTEXT('2D SPACE',''
  ) );
#1623 = PCURVE('',#1624,#1629);
#1624 = PLANE('',#1625);
#1625 = AXIS2_PLACEMENT_3D('',#1626,#1627,#1628);
#1626 = CARTESIAN_POINT('',(0.,0.,-19.));
#1627 = DIRECTION('',(0.,0.,1.));
#1628 = DIRECTION('',(1.,0.,-0.));
#1629 = DEFINITIONAL_REPRESENTATION('',(#1630),#1634);
#1630 = CIRCLE('',#1631,6.);
#1631 = AXIS2_PLACEMENT_2D('',#1632,#1633);
#1632 = CARTESIAN_POINT('',(0.,0.));
#1633 = DIRECTION('',(1.,0.));
#1634 = ( GEOMETRIC_REPRESENTATION_CONTEXT(2) 
PARAMETRIC_REPRESENTATION_CONTEXT() REPRESENTATION_CONTEXT('2D SPACE',''
  ) );
#1635 = ORIENTED_EDGE('',*,*,#1586,.T.);
#1636 = ADVANCED_FACE('',(#1637),#614,.T.);
#1637 = FACE_BOUND('',#1638,.T.);
#1638 = EDGE_LOOP('',(#1639,#1662,#1690,#1709));
#1639 = ORIENTED_EDGE('',*,*,#1640,.F.);
#1640 = EDGE_CURVE('',#1641,#599,#1643,.T.);
#1641 = VERTEX_POINT('',#1642);
#1642 = CARTESIAN_POINT('',(-11.,-8.,-24.62));
#1643 = SURFACE_CURVE('',#1644,(#1648,#1655),.PCURVE_S1.);
#1644 = LINE('',#1645,#1646);
#1645 = CARTESIAN_POINT('',(-11.,-8.,-24.62));
#1646 = VECTOR('',#1647,1.);
#1647 = DIRECTION('',(0.,0.,1.));
#1648 = PCURVE('',#614,#1649);
#1649 = DEFINITIONAL_REPRESENTATION('',(#1650),#1654);
#1650 = LINE('',#1651,#1652);
#1651 = CARTESIAN_POINT('',(-15.92138166493,-5.929101602309));
#1652 = VECTOR('',#1653,1.);
#1653 = DIRECTION('',(0.,1.));
#1654 = ( GEOMETRIC_REPRESENTATION_CONTEXT(2) 
PARAMETRIC_REPRESENTATION_CONTEXT() REPRESENTATION_CONTEXT('2D SPACE',''
  ) );
#1655 = PCURVE('',#825,#1656);
#1656 = DEFINITIONAL_REPRESENTATION('',(#1657),#1661);
#1657 = LINE('',#1658,#1659);
#1658 = CARTESIAN_POINT('',(1.570796326795,0.));
#1659 = VECTOR('',#1660,1.);
#1660 = DIRECTION('',(0.,1.));
#1661 = ( GEOMETRIC_REPRESENTATION_CONTEXT(2) 
PARAMETRIC_REPRESENTATION_CONTEXT() REPRESENTATION_CONTEXT('2D SPACE',''
  ) );
#1662 = ORIENTED_EDGE('',*,*,#1663,.T.);
#1663 = EDGE_CURVE('',#1641,#1664,#1666,.T.);
#1664 = VERTEX_POINT('',#1665);
#1665 = CARTESIAN_POINT('',(-10.24695076596,-8.,-24.62));
#1666 = SURFACE_CURVE('',#1667,(#1671,#1678),.PCURVE_S1.);
#1667 = LINE('',#1668,#1669);
#1668 = CARTESIAN_POINT('',(0.,-8.,-24.62));
#1669 = VECTOR('',#1670,1.);
#1670 = DIRECTION('',(1.,0.,0.));
#1671 = PCURVE('',#614,#1672);
#1672 = DEFINITIONAL_REPRESENTATION('',(#1673),#1677);
#1673 = LINE('',#1674,#1675);
#1674 = CARTESIAN_POINT('',(-4.921381664938,-5.929101602309));
#1675 = VECTOR('',#1676,1.);
#1676 = DIRECTION('',(1.,0.));
#1677 = ( GEOMETRIC_REPRESENTATION_CONTEXT(2) 
PARAMETRIC_REPRESENTATION_CONTEXT() REPRESENTATION_CONTEXT('2D SPACE',''
  ) );
#1678 = PCURVE('',#1679,#1684);
#1679 = PLANE('',#1680);
#1680 = AXIS2_PLACEMENT_3D('',#1681,#1682,#1683);
#1681 = CARTESIAN_POINT('',(-13.,0.,-24.62));
#1682 = DIRECTION('',(0.,0.,-1.));
#1683 = DIRECTION('',(1.,0.,0.));
#1684 = DEFINITIONAL_REPRESENTATION('',(#1685),#1689);
#1685 = LINE('',#1686,#1687);
#1686 = CARTESIAN_POINT('',(13.,8.));
#1687 = VECTOR('',#1688,1.);
#1688 = DIRECTION('',(1.,0.));
#1689 = ( GEOMETRIC_REPRESENTATION_CONTEXT(2) 
PARAMETRIC_REPRESENTATION_CONTEXT() REPRESENTATION_CONTEXT('2D SPACE',''
  ) );
#1690 = ORIENTED_EDGE('',*,*,#1691,.F.);
#1691 = EDGE_CURVE('',#519,#1664,#1692,.T.);
#1692 = SURFACE_CURVE('',#1693,(#1697,#1703),.PCURVE_S1.);
#1693 = LINE('',#1694,#1695);
#1694 = CARTESIAN_POINT('',(-10.24695076596,-8.,-24.62));
#1695 = VECTOR('',#1696,1.);
#1696 = DIRECTION('',(-0.,-0.,-1.));
#1697 = PCURVE('',#614,#1698);
#1698 = DEFINITIONAL_REPRESENTATION('',(#1699),#1702);
#1699 = B_SPLINE_CURVE_WITH_KNOTS('',1,(#1700,#1701),.UNSPECIFIED.,.F.,
  .F.,(2,2),(-20.6200024,2.399999999625E-06),.PIECEWISE_BEZIER_KNOTS.);
#1700 = CARTESIAN_POINT('',(-15.16833243089,14.690900797691));
#1701 = CARTESIAN_POINT('',(-15.16833243089,-5.929104002309));
#1702 = ( GEOMETRIC_REPRESENTATION_CONTEXT(2) 
PARAMETRIC_REPRESENTATION_CONTEXT() REPRESENTATION_CONTEXT('2D SPACE',''
  ) );
#1703 = PCURVE('',#771,#1704);
#1704 = DEFINITIONAL_REPRESENTATION('',(#1705),#1708);
#1705 = B_SPLINE_CURVE_WITH_KNOTS('',1,(#1706,#1707),.UNSPECIFIED.,.F.,
  .F.,(2,2),(-20.6200024,2.399999999625E-06),.PIECEWISE_BEZIER_KNOTS.);
#1706 = CARTESIAN_POINT('',(-3.80446647724,-20.6200024));
#1707 = CARTESIAN_POINT('',(-3.80446647724,2.399999999625E-06));
#1708 = ( GEOMETRIC_REPRESENTATION_CONTEXT(2) 
PARAMETRIC_REPRESENTATION_CONTEXT() REPRESENTATION_CONTEXT('2D SPACE',''
  ) );
#1709 = ORIENTED_EDGE('',*,*,#598,.T.);
#1710 = ADVANCED_FACE('',(#1711),#771,.T.);
#1711 = FACE_BOUND('',#1712,.F.);
#1712 = EDGE_LOOP('',(#1713,#1736,#1833,#1859,#1860));
#1713 = ORIENTED_EDGE('',*,*,#1714,.F.);
#1714 = EDGE_CURVE('',#1715,#653,#1717,.T.);
#1715 = VERTEX_POINT('',#1716);
#1716 = CARTESIAN_POINT('',(4.779782267829E-13,-13.,-7.375369825722));
#1717 = SURFACE_CURVE('',#1718,(#1722,#1729),.PCURVE_S1.);
#1718 = LINE('',#1719,#1720);
#1719 = CARTESIAN_POINT('',(4.779782267829E-13,-13.,-24.62));
#1720 = VECTOR('',#1721,1.);
#1721 = DIRECTION('',(0.,0.,1.));
#1722 = PCURVE('',#771,#1723);
#1723 = DEFINITIONAL_REPRESENTATION('',(#1724),#1728);
#1724 = LINE('',#1725,#1726);
#1725 = CARTESIAN_POINT('',(-4.712388980385,0.));
#1726 = VECTOR('',#1727,1.);
#1727 = DIRECTION('',(-0.,-1.));
#1728 = ( GEOMETRIC_REPRESENTATION_CONTEXT(2) 
PARAMETRIC_REPRESENTATION_CONTEXT() REPRESENTATION_CONTEXT('2D SPACE',''
  ) );
#1729 = PCURVE('',#857,#1730);
#1730 = DEFINITIONAL_REPRESENTATION('',(#1731),#1735);
#1731 = LINE('',#1732,#1733);
#1732 = CARTESIAN_POINT('',(0.,0.));
#1733 = VECTOR('',#1734,1.);
#1734 = DIRECTION('',(0.,-1.));
#1735 = ( GEOMETRIC_REPRESENTATION_CONTEXT(2) 
PARAMETRIC_REPRESENTATION_CONTEXT() REPRESENTATION_CONTEXT('2D SPACE',''
  ) );
#1736 = ORIENTED_EDGE('',*,*,#1737,.T.);
#1737 = EDGE_CURVE('',#1715,#1738,#1740,.T.);
#1738 = VERTEX_POINT('',#1739);
#1739 = CARTESIAN_POINT('',(-10.21441588134,-8.041499126591,-24.62));
#1740 = SURFACE_CURVE('',#1741,(#1768,#1798),.PCURVE_S1.);
#1741 = B_SPLINE_CURVE_WITH_KNOTS('',7,(#1742,#1743,#1744,#1745,#1746,
    #1747,#1748,#1749,#1750,#1751,#1752,#1753,#1754,#1755,#1756,#1757,
    #1758,#1759,#1760,#1761,#1762,#1763,#1764,#1765,#1766,#1767),
  .UNSPECIFIED.,.F.,.F.,(8,6,6,6,8),(0.,0.284897557961,0.54549398123,
    0.633730145122,1.),.UNSPECIFIED.);
#1742 = CARTESIAN_POINT('',(4.725109192805E-13,-13.,-7.375369825722));
#1743 = CARTESIAN_POINT('',(-0.774491693997,-13.,-7.961977354551));
#1744 = CARTESIAN_POINT('',(-1.510380255197,-12.94616852711,
    -8.571478650358));
#1745 = CARTESIAN_POINT('',(-2.206456590704,-12.84816416823,
    -9.199682874856));
#1746 = CARTESIAN_POINT('',(-2.862793020938,-12.71402695946,
    -9.842849673551));
#1747 = CARTESIAN_POINT('',(-3.4802202274,-12.55054473551,
    -10.49788899652));
#1748 = CARTESIAN_POINT('',(-4.060089178739,-12.36341458111,
    -11.16243813622));
#1749 = CARTESIAN_POINT('',(-5.101634897845,-11.96897686815,
    -12.45017030729));
#1750 = CARTESIAN_POINT('',(-5.569831672944,-11.76450336187,
    -13.07285966635));
#1751 = CARTESIAN_POINT('',(-6.009753636009,-11.54757505614,
    -13.70189637017));
#1752 = CARTESIAN_POINT('',(-6.422595532423,-11.32124449757,
    -14.33651864524));
#1753 = CARTESIAN_POINT('',(-6.809578473437,-11.08814805614,
    -14.97638660675));
#1754 = CARTESIAN_POINT('',(-7.171877709353,-10.85063721988,
    -15.62161382182));
#1755 = CARTESIAN_POINT('',(-7.625215585321,-10.52975898971,
    -16.49329548189));
#1756 = CARTESIAN_POINT('',(-7.737149471054,-10.44836070172,
    -16.71441617032));
#1757 = CARTESIAN_POINT('',(-7.846379188839,-10.36682307684,
    -16.93617066309));
#1758 = CARTESIAN_POINT('',(-7.952934770182,-10.28523969562,
    -17.15856317609));
#1759 = CARTESIAN_POINT('',(-8.05684394356,-10.20370447982,
    -17.38159991822));
#1760 = CARTESIAN_POINT('',(-8.158132211623,-10.12231221166,
    -17.60528926403));
#1761 = CARTESIAN_POINT('',(-8.666489814564,-9.704290876716,
    -18.76093373947));
#1762 = CARTESIAN_POINT('',(-9.031905193735,-9.371126055364,
    -19.70480653007));
#1763 = CARTESIAN_POINT('',(-9.35429407259,-9.048760952705,
    -20.66152736622));
#1764 = CARTESIAN_POINT('',(-9.633920054263,-8.745167638021,
    -21.63089179455));
#1765 = CARTESIAN_POINT('',(-9.870774897617,-8.469492928964,
    -22.61282021447));
#1766 = CARTESIAN_POINT('',(-10.06466094206,-8.231719785798,
    -23.60821162912));
#1767 = CARTESIAN_POINT('',(-10.21441597014,-8.041499013789,-24.6200006)
  );
#1768 = PCURVE('',#771,#1769);
#1769 = DEFINITIONAL_REPRESENTATION('',(#1770),#1797);
#1770 = B_SPLINE_CURVE_WITH_KNOTS('',7,(#1771,#1772,#1773,#1774,#1775,
    #1776,#1777,#1778,#1779,#1780,#1781,#1782,#1783,#1784,#1785,#1786,
    #1787,#1788,#1789,#1790,#1791,#1792,#1793,#1794,#1795,#1796),
  .UNSPECIFIED.,.F.,.F.,(8,6,6,6,8),(0.,0.284897557961,0.54549398123,
    0.633730145122,1.),.UNSPECIFIED.);
#1771 = CARTESIAN_POINT('',(-4.712388980385,-17.24463017427));
#1772 = CARTESIAN_POINT('',(-4.652812696231,-16.65802264544));
#1773 = CARTESIAN_POINT('',(-4.596205864633,-16.04852134964));
#1774 = CARTESIAN_POINT('',(-4.542316261062,-15.42031712514));
#1775 = CARTESIAN_POINT('',(-4.490947305896,-14.77715032644));
#1776 = CARTESIAN_POINT('',(-4.441931094771,-14.12211100348));
#1777 = CARTESIAN_POINT('',(-4.395118902556,-13.45756186377));
#1778 = CARTESIAN_POINT('',(-4.309447223144,-12.1698296927));
#1779 = CARTESIAN_POINT('',(-4.270195911649,-11.54714033364));
#1780 = CARTESIAN_POINT('',(-4.232527416412,-10.91810362982));
#1781 = CARTESIAN_POINT('',(-4.196367984492,-10.28348135475));
#1782 = CARTESIAN_POINT('',(-4.161658563944,-9.643613393245));
#1783 = CARTESIAN_POINT('',(-4.12835578994,-8.998386178175));
#1784 = CARTESIAN_POINT('',(-4.085632096114,-8.126704518107));
#1785 = CARTESIAN_POINT('',(-4.07498672599,-7.90558382968));
#1786 = CARTESIAN_POINT('',(-4.064502888531,-7.683829336906));
#1787 = CARTESIAN_POINT('',(-4.054181070929,-7.461436823909));
#1788 = CARTESIAN_POINT('',(-4.044022179996,-7.238400081779));
#1789 = CARTESIAN_POINT('',(-4.034027546299,-7.014710735968));
#1790 = CARTESIAN_POINT('',(-3.983400163518,-5.859066260523));
#1791 = CARTESIAN_POINT('',(-3.945411513508,-4.915193469926));
#1792 = CARTESIAN_POINT('',(-3.910396192,-3.958472633783));
#1793 = CARTESIAN_POINT('',(-3.878685116377,-2.989108205441));
#1794 = CARTESIAN_POINT('',(-3.850742275914,-2.007179785522));
#1795 = CARTESIAN_POINT('',(-3.827145575463,-1.011788370877));
#1796 = CARTESIAN_POINT('',(-3.808522800302,5.999999999062E-07));
#1797 = ( GEOMETRIC_REPRESENTATION_CONTEXT(2) 
PARAMETRIC_REPRESENTATION_CONTEXT() REPRESENTATION_CONTEXT('2D SPACE',''
  ) );
#1798 = PCURVE('',#1799,#1804);
#1799 = CYLINDRICAL_SURFACE('',#1800,26.5);
#1800 = AXIS2_PLACEMENT_3D('',#1801,#1802,#1803);
#1801 = CARTESIAN_POINT('',(16.,18.,-28.5));
#1802 = DIRECTION('',(0.,-1.,2.22044604925E-16));
#1803 = DIRECTION('',(1.,0.,0.));
#1804 = DEFINITIONAL_REPRESENTATION('',(#1805),#1832);
#1805 = B_SPLINE_CURVE_WITH_KNOTS('',7,(#1806,#1807,#1808,#1809,#1810,
    #1811,#1812,#1813,#1814,#1815,#1816,#1817,#1818,#1819,#1820,#1821,
    #1822,#1823,#1824,#1825,#1826,#1827,#1828,#1829,#1830,#1831),
  .UNSPECIFIED.,.F.,.F.,(8,6,6,6,8),(0.,0.284897557961,0.54549398123,
    0.633730145122,1.),.UNSPECIFIED.);
#1806 = CARTESIAN_POINT('',(2.219022807718,31.));
#1807 = CARTESIAN_POINT('',(2.25568577827,31.));
#1808 = CARTESIAN_POINT('',(2.291709120769,30.946168527116));
#1809 = CARTESIAN_POINT('',(2.327041496636,30.848164168235));
#1810 = CARTESIAN_POINT('',(2.361667627056,30.714026959466));
#1811 = CARTESIAN_POINT('',(2.395595404506,30.55054473551));
#1812 = CARTESIAN_POINT('',(2.428854125959,30.363414581119));
#1813 = CARTESIAN_POINT('',(2.491353072956,29.968976868154));
#1814 = CARTESIAN_POINT('',(2.520733544799,29.764503361879));
#1815 = CARTESIAN_POINT('',(2.549672728294,29.547575056141));
#1816 = CARTESIAN_POINT('',(2.57821386897,29.321244497577));
#1817 = CARTESIAN_POINT('',(2.606408570651,29.088148056145));
#1818 = CARTESIAN_POINT('',(2.634318214543,28.85063721988));
#1819 = CARTESIAN_POINT('',(2.671394413994,28.529758989716));
#1820 = CARTESIAN_POINT('',(2.680746219253,28.44836070172));
#1821 = CARTESIAN_POINT('',(2.690073507294,28.366823076843));
#1822 = CARTESIAN_POINT('',(2.699378255209,28.285239695624));
#1823 = CARTESIAN_POINT('',(2.708662439459,28.203704479823));
#1824 = CARTESIAN_POINT('',(2.717928049896,28.122312211665));
#1825 = CARTESIAN_POINT('',(2.76557008772,27.704290876716));
#1826 = CARTESIAN_POINT('',(2.803725253915,27.371126055364));
#1827 = CARTESIAN_POINT('',(2.841762899905,27.048760952705));
#1828 = CARTESIAN_POINT('',(2.879767170855,26.745167638021));
#1829 = CARTESIAN_POINT('',(2.917824295646,26.469492928964));
#1830 = CARTESIAN_POINT('',(2.956052681595,26.231719785798));
#1831 = CARTESIAN_POINT('',(2.994649344287,26.041499013789));
#1832 = ( GEOMETRIC_REPRESENTATION_CONTEXT(2) 
PARAMETRIC_REPRESENTATION_CONTEXT() REPRESENTATION_CONTEXT('2D SPACE',''
  ) );
#1833 = ORIENTED_EDGE('',*,*,#1834,.F.);
#1834 = EDGE_CURVE('',#1664,#1738,#1835,.T.);
#1835 = SURFACE_CURVE('',#1836,(#1841,#1848),.PCURVE_S1.);
#1836 = CIRCLE('',#1837,13.);
#1837 = AXIS2_PLACEMENT_3D('',#1838,#1839,#1840);
#1838 = CARTESIAN_POINT('',(0.,0.,-24.62));
#1839 = DIRECTION('',(0.,0.,1.));
#1840 = DIRECTION('',(1.,0.,0.));
#1841 = PCURVE('',#771,#1842);
#1842 = DEFINITIONAL_REPRESENTATION('',(#1843),#1847);
#1843 = LINE('',#1844,#1845);
#1844 = CARTESIAN_POINT('',(-0.,0.));
#1845 = VECTOR('',#1846,1.);
#1846 = DIRECTION('',(-1.,0.));
#1847 = ( GEOMETRIC_REPRESENTATION_CONTEXT(2) 
PARAMETRIC_REPRESENTATION_CONTEXT() REPRESENTATION_CONTEXT('2D SPACE',''
  ) );
#1848 = PCURVE('',#1679,#1849);
#1849 = DEFINITIONAL_REPRESENTATION('',(#1850),#1858);
#1850 = ( BOUNDED_CURVE() B_SPLINE_CURVE(2,(#1851,#1852,#1853,#1854,
#1855,#1856,#1857),.UNSPECIFIED.,.T.,.F.) B_SPLINE_CURVE_WITH_KNOTS((1,2
    ,2,2,2,1),(-2.094395102393,0.,2.094395102393,4.188790204786,
6.28318530718,8.377580409573),.UNSPECIFIED.) CURVE() 
GEOMETRIC_REPRESENTATION_ITEM() RATIONAL_B_SPLINE_CURVE((1.,0.5,1.,0.5,
1.,0.5,1.)) REPRESENTATION_ITEM('') );
#1851 = CARTESIAN_POINT('',(26.,0.));
#1852 = CARTESIAN_POINT('',(26.,-22.51666049839));
#1853 = CARTESIAN_POINT('',(6.5,-11.25833024919));
#1854 = CARTESIAN_POINT('',(-13.,-3.184081677783E-15));
#1855 = CARTESIAN_POINT('',(6.5,11.258330249198));
#1856 = CARTESIAN_POINT('',(26.,22.516660498395));
#1857 = CARTESIAN_POINT('',(26.,0.));
#1858 = ( GEOMETRIC_REPRESENTATION_CONTEXT(2) 
PARAMETRIC_REPRESENTATION_CONTEXT() REPRESENTATION_CONTEXT('2D SPACE',''
  ) );
#1859 = ORIENTED_EDGE('',*,*,#1691,.F.);
#1860 = ORIENTED_EDGE('',*,*,#756,.T.);
#1861 = ADVANCED_FACE('',(#1862),#825,.T.);
#1862 = FACE_BOUND('',#1863,.T.);
#1863 = EDGE_LOOP('',(#1864,#1887,#1913,#1914));
#1864 = ORIENTED_EDGE('',*,*,#1865,.F.);
#1865 = EDGE_CURVE('',#1866,#789,#1868,.T.);
#1866 = VERTEX_POINT('',#1867);
#1867 = CARTESIAN_POINT('',(-13.,-6.,-24.62));
#1868 = SURFACE_CURVE('',#1869,(#1873,#1880),.PCURVE_S1.);
#1869 = LINE('',#1870,#1871);
#1870 = CARTESIAN_POINT('',(-13.,-6.,-24.62));
#1871 = VECTOR('',#1872,1.);
#1872 = DIRECTION('',(0.,0.,1.));
#1873 = PCURVE('',#825,#1874);
#1874 = DEFINITIONAL_REPRESENTATION('',(#1875),#1879);
#1875 = LINE('',#1876,#1877);
#1876 = CARTESIAN_POINT('',(0.,0.));
#1877 = VECTOR('',#1878,1.);
#1878 = DIRECTION('',(0.,1.));
#1879 = ( GEOMETRIC_REPRESENTATION_CONTEXT(2) 
PARAMETRIC_REPRESENTATION_CONTEXT() REPRESENTATION_CONTEXT('2D SPACE',''
  ) );
#1880 = PCURVE('',#922,#1881);
#1881 = DEFINITIONAL_REPRESENTATION('',(#1882),#1886);
#1882 = LINE('',#1883,#1884);
#1883 = CARTESIAN_POINT('',(0.,6.));
#1884 = VECTOR('',#1885,1.);
#1885 = DIRECTION('',(1.,0.));
#1886 = ( GEOMETRIC_REPRESENTATION_CONTEXT(2) 
PARAMETRIC_REPRESENTATION_CONTEXT() REPRESENTATION_CONTEXT('2D SPACE',''
  ) );
#1887 = ORIENTED_EDGE('',*,*,#1888,.T.);
#1888 = EDGE_CURVE('',#1866,#1641,#1889,.T.);
#1889 = SURFACE_CURVE('',#1890,(#1895,#1902),.PCURVE_S1.);
#1890 = CIRCLE('',#1891,2.);
#1891 = AXIS2_PLACEMENT_3D('',#1892,#1893,#1894);
#1892 = CARTESIAN_POINT('',(-11.,-6.,-24.62));
#1893 = DIRECTION('',(0.,0.,1.));
#1894 = DIRECTION('',(0.,-1.,0.));
#1895 = PCURVE('',#825,#1896);
#1896 = DEFINITIONAL_REPRESENTATION('',(#1897),#1901);
#1897 = LINE('',#1898,#1899);
#1898 = CARTESIAN_POINT('',(-4.712388980385,0.));
#1899 = VECTOR('',#1900,1.);
#1900 = DIRECTION('',(1.,0.));
#1901 = ( GEOMETRIC_REPRESENTATION_CONTEXT(2) 
PARAMETRIC_REPRESENTATION_CONTEXT() REPRESENTATION_CONTEXT('2D SPACE',''
  ) );
#1902 = PCURVE('',#1679,#1903);
#1903 = DEFINITIONAL_REPRESENTATION('',(#1904),#1912);
#1904 = ( BOUNDED_CURVE() B_SPLINE_CURVE(2,(#1905,#1906,#1907,#1908,
#1909,#1910,#1911),.UNSPECIFIED.,.T.,.F.) B_SPLINE_CURVE_WITH_KNOTS((1,2
    ,2,2,2,1),(-2.094395102393,0.,2.094395102393,4.188790204786,
6.28318530718,8.377580409573),.UNSPECIFIED.) CURVE() 
GEOMETRIC_REPRESENTATION_ITEM() RATIONAL_B_SPLINE_CURVE((1.,0.5,1.,0.5,
1.,0.5,1.)) REPRESENTATION_ITEM('') );
#1905 = CARTESIAN_POINT('',(2.,8.));
#1906 = CARTESIAN_POINT('',(5.464101615138,8.));
#1907 = CARTESIAN_POINT('',(3.732050807569,5.));
#1908 = CARTESIAN_POINT('',(2.,2.));
#1909 = CARTESIAN_POINT('',(0.267949192431,5.));
#1910 = CARTESIAN_POINT('',(-1.464101615138,8.));
#1911 = CARTESIAN_POINT('',(2.,8.));
#1912 = ( GEOMETRIC_REPRESENTATION_CONTEXT(2) 
PARAMETRIC_REPRESENTATION_CONTEXT() REPRESENTATION_CONTEXT('2D SPACE',''
  ) );
#1913 = ORIENTED_EDGE('',*,*,#1640,.T.);
#1914 = ORIENTED_EDGE('',*,*,#810,.T.);
#1915 = ADVANCED_FACE('',(#1916),#857,.F.);
#1916 = FACE_BOUND('',#1917,.F.);
#1917 = EDGE_LOOP('',(#1918,#1939,#1958,#1959));
#1918 = ORIENTED_EDGE('',*,*,#1919,.T.);
#1919 = EDGE_CURVE('',#842,#1920,#1922,.T.);
#1920 = VERTEX_POINT('',#1921);
#1921 = CARTESIAN_POINT('',(0.,-8.,-7.375369825722));
#1922 = SURFACE_CURVE('',#1923,(#1927,#1933),.PCURVE_S1.);
#1923 = LINE('',#1924,#1925);
#1924 = CARTESIAN_POINT('',(0.,-8.,-21.65544919884));
#1925 = VECTOR('',#1926,1.);
#1926 = DIRECTION('',(-0.,-0.,-1.));
#1927 = PCURVE('',#857,#1928);
#1928 = DEFINITIONAL_REPRESENTATION('',(#1929),#1932);
#1929 = B_SPLINE_CURVE_WITH_KNOTS('',1,(#1930,#1931),.UNSPECIFIED.,.F.,
  .F.,(2,2),(-17.65544919884,-14.28007937312),.PIECEWISE_BEZIER_KNOTS.);
#1930 = CARTESIAN_POINT('',(5.,-20.62));
#1931 = CARTESIAN_POINT('',(5.,-17.24463017427));
#1932 = ( GEOMETRIC_REPRESENTATION_CONTEXT(2) 
PARAMETRIC_REPRESENTATION_CONTEXT() REPRESENTATION_CONTEXT('2D SPACE',''
  ) );
#1933 = PCURVE('',#975,#1934);
#1934 = DEFINITIONAL_REPRESENTATION('',(#1935),#1938);
#1935 = B_SPLINE_CURVE_WITH_KNOTS('',1,(#1936,#1937),.UNSPECIFIED.,.F.,
  .F.,(2,2),(-17.65544919884,-14.28007937312),.PIECEWISE_BEZIER_KNOTS.);
#1936 = CARTESIAN_POINT('',(-4.921381664938,14.690898397691));
#1937 = CARTESIAN_POINT('',(-4.921381664938,11.315528571969));
#1938 = ( GEOMETRIC_REPRESENTATION_CONTEXT(2) 
PARAMETRIC_REPRESENTATION_CONTEXT() REPRESENTATION_CONTEXT('2D SPACE',''
  ) );
#1939 = ORIENTED_EDGE('',*,*,#1940,.T.);
#1940 = EDGE_CURVE('',#1920,#1715,#1941,.T.);
#1941 = SURFACE_CURVE('',#1942,(#1946,#1952),.PCURVE_S1.);
#1942 = LINE('',#1943,#1944);
#1943 = CARTESIAN_POINT('',(0.,18.,-7.375369825722));
#1944 = VECTOR('',#1945,1.);
#1945 = DIRECTION('',(0.,-1.,2.22044604925E-16));
#1946 = PCURVE('',#857,#1947);
#1947 = DEFINITIONAL_REPRESENTATION('',(#1948),#1951);
#1948 = B_SPLINE_CURVE_WITH_KNOTS('',1,(#1949,#1950),.UNSPECIFIED.,.F.,
  .F.,(2,2),(2.4,33.6),.PIECEWISE_BEZIER_KNOTS.);
#1949 = CARTESIAN_POINT('',(28.6,-17.24463017427));
#1950 = CARTESIAN_POINT('',(-2.6,-17.24463017427));
#1951 = ( GEOMETRIC_REPRESENTATION_CONTEXT(2) 
PARAMETRIC_REPRESENTATION_CONTEXT() REPRESENTATION_CONTEXT('2D SPACE',''
  ) );
#1952 = PCURVE('',#1799,#1953);
#1953 = DEFINITIONAL_REPRESENTATION('',(#1954),#1957);
#1954 = B_SPLINE_CURVE_WITH_KNOTS('',1,(#1955,#1956),.UNSPECIFIED.,.F.,
  .F.,(2,2),(2.4,33.6),.PIECEWISE_BEZIER_KNOTS.);
#1955 = CARTESIAN_POINT('',(2.219022807718,2.4));
#1956 = CARTESIAN_POINT('',(2.219022807718,33.6));
#1957 = ( GEOMETRIC_REPRESENTATION_CONTEXT(2) 
PARAMETRIC_REPRESENTATION_CONTEXT() REPRESENTATION_CONTEXT('2D SPACE',''
  ) );
#1958 = ORIENTED_EDGE('',*,*,#1714,.T.);
#1959 = ORIENTED_EDGE('',*,*,#841,.T.);
#1960 = ADVANCED_FACE('',(#1961),#922,.F.);
#1961 = FACE_BOUND('',#1962,.F.);
#1962 = EDGE_LOOP('',(#1963,#1964,#1987,#2008));
#1963 = ORIENTED_EDGE('',*,*,#1865,.F.);
#1964 = ORIENTED_EDGE('',*,*,#1965,.F.);
#1965 = EDGE_CURVE('',#1966,#1866,#1968,.T.);
#1966 = VERTEX_POINT('',#1967);
#1967 = CARTESIAN_POINT('',(-13.,6.,-24.62));
#1968 = SURFACE_CURVE('',#1969,(#1973,#1980),.PCURVE_S1.);
#1969 = LINE('',#1970,#1971);
#1970 = CARTESIAN_POINT('',(-13.,8.,-24.62));
#1971 = VECTOR('',#1972,1.);
#1972 = DIRECTION('',(0.,-1.,0.));
#1973 = PCURVE('',#922,#1974);
#1974 = DEFINITIONAL_REPRESENTATION('',(#1975),#1979);
#1975 = LINE('',#1976,#1977);
#1976 = CARTESIAN_POINT('',(0.,-8.));
#1977 = VECTOR('',#1978,1.);
#1978 = DIRECTION('',(0.,1.));
#1979 = ( GEOMETRIC_REPRESENTATION_CONTEXT(2) 
PARAMETRIC_REPRESENTATION_CONTEXT() REPRESENTATION_CONTEXT('2D SPACE',''
  ) );
#1980 = PCURVE('',#1679,#1981);
#1981 = DEFINITIONAL_REPRESENTATION('',(#1982),#1986);
#1982 = LINE('',#1983,#1984);
#1983 = CARTESIAN_POINT('',(0.,-8.));
#1984 = VECTOR('',#1985,1.);
#1985 = DIRECTION('',(0.,1.));
#1986 = ( GEOMETRIC_REPRESENTATION_CONTEXT(2) 
PARAMETRIC_REPRESENTATION_CONTEXT() REPRESENTATION_CONTEXT('2D SPACE',''
  ) );
#1987 = ORIENTED_EDGE('',*,*,#1988,.T.);
#1988 = EDGE_CURVE('',#1966,#907,#1989,.T.);
#1989 = SURFACE_CURVE('',#1990,(#1994,#2001),.PCURVE_S1.);
#1990 = LINE('',#1991,#1992);
#1991 = CARTESIAN_POINT('',(-13.,6.,-24.62));
#1992 = VECTOR('',#1993,1.);
#1993 = DIRECTION('',(0.,0.,1.));
#1994 = PCURVE('',#922,#1995);
#1995 = DEFINITIONAL_REPRESENTATION('',(#1996),#2000);
#1996 = LINE('',#1997,#1998);
#1997 = CARTESIAN_POINT('',(0.,-6.));
#1998 = VECTOR('',#1999,1.);
#1999 = DIRECTION('',(1.,0.));
#2000 = ( GEOMETRIC_REPRESENTATION_CONTEXT(2) 
PARAMETRIC_REPRESENTATION_CONTEXT() REPRESENTATION_CONTEXT('2D SPACE',''
  ) );
#2001 = PCURVE('',#1050,#2002);
#2002 = DEFINITIONAL_REPRESENTATION('',(#2003),#2007);
#2003 = LINE('',#2004,#2005);
#2004 = CARTESIAN_POINT('',(1.570796326795,0.));
#2005 = VECTOR('',#2006,1.);
#2006 = DIRECTION('',(0.,1.));
#2007 = ( GEOMETRIC_REPRESENTATION_CONTEXT(2) 
PARAMETRIC_REPRESENTATION_CONTEXT() REPRESENTATION_CONTEXT('2D SPACE',''
  ) );
#2008 = ORIENTED_EDGE('',*,*,#906,.F.);
#2009 = ADVANCED_FACE('',(#2010,#2238),#975,.T.);
#2010 = FACE_BOUND('',#2011,.T.);
#2011 = EDGE_LOOP('',(#2012,#2013,#2037,#2065,#2098,#2126,#2155,#2183,
    #2216,#2237));
#2012 = ORIENTED_EDGE('',*,*,#1919,.T.);
#2013 = ORIENTED_EDGE('',*,*,#2014,.T.);
#2014 = EDGE_CURVE('',#1920,#2015,#2017,.T.);
#2015 = VERTEX_POINT('',#2016);
#2016 = CARTESIAN_POINT('',(-9.720528765949,-8.,-22.12));
#2017 = SURFACE_CURVE('',#2018,(#2023,#2030),.PCURVE_S1.);
#2018 = CIRCLE('',#2019,26.5);
#2019 = AXIS2_PLACEMENT_3D('',#2020,#2021,#2022);
#2020 = CARTESIAN_POINT('',(16.,-8.,-28.5));
#2021 = DIRECTION('',(0.,-1.,2.22044604925E-16));
#2022 = DIRECTION('',(1.,0.,0.));
#2023 = PCURVE('',#975,#2024);
#2024 = DEFINITIONAL_REPRESENTATION('',(#2025),#2029);
#2025 = CIRCLE('',#2026,26.5);
#2026 = AXIS2_PLACEMENT_2D('',#2027,#2028);
#2027 = CARTESIAN_POINT('',(11.078618335062,-9.809101602309));
#2028 = DIRECTION('',(1.,0.));
#2029 = ( GEOMETRIC_REPRESENTATION_CONTEXT(2) 
PARAMETRIC_REPRESENTATION_CONTEXT() REPRESENTATION_CONTEXT('2D SPACE',''
  ) );
#2030 = PCURVE('',#1799,#2031);
#2031 = DEFINITIONAL_REPRESENTATION('',(#2032),#2036);
#2032 = LINE('',#2033,#2034);
#2033 = CARTESIAN_POINT('',(0.,26.));
#2034 = VECTOR('',#2035,1.);
#2035 = DIRECTION('',(1.,0.));
#2036 = ( GEOMETRIC_REPRESENTATION_CONTEXT(2) 
PARAMETRIC_REPRESENTATION_CONTEXT() REPRESENTATION_CONTEXT('2D SPACE',''
  ) );
#2037 = ORIENTED_EDGE('',*,*,#2038,.T.);
#2038 = EDGE_CURVE('',#2015,#2039,#2041,.T.);
#2039 = VERTEX_POINT('',#2040);
#2040 = CARTESIAN_POINT('',(3.559930540679,-8.,-22.12));
#2041 = SURFACE_CURVE('',#2042,(#2046,#2053),.PCURVE_S1.);
#2042 = LINE('',#2043,#2044);
#2043 = CARTESIAN_POINT('',(-10.21441588134,-8.,-22.12));
#2044 = VECTOR('',#2045,1.);
#2045 = DIRECTION('',(1.,0.,0.));
#2046 = PCURVE('',#975,#2047);
#2047 = DEFINITIONAL_REPRESENTATION('',(#2048),#2052);
#2048 = LINE('',#2049,#2050);
#2049 = CARTESIAN_POINT('',(-15.13579754628,-3.429101602309));
#2050 = VECTOR('',#2051,1.);
#2051 = DIRECTION('',(1.,0.));
#2052 = ( GEOMETRIC_REPRESENTATION_CONTEXT(2) 
PARAMETRIC_REPRESENTATION_CONTEXT() REPRESENTATION_CONTEXT('2D SPACE',''
  ) );
#2053 = PCURVE('',#2054,#2059);
#2054 = CYLINDRICAL_SURFACE('',#2055,2.5);
#2055 = AXIS2_PLACEMENT_3D('',#2056,#2057,#2058);
#2056 = CARTESIAN_POINT('',(-10.21441588134,-5.5,-22.12));
#2057 = DIRECTION('',(1.,0.,0.));
#2058 = DIRECTION('',(0.,-1.,0.));
#2059 = DEFINITIONAL_REPRESENTATION('',(#2060),#2064);
#2060 = LINE('',#2061,#2062);
#2061 = CARTESIAN_POINT('',(0.,0.));
#2062 = VECTOR('',#2063,1.);
#2063 = DIRECTION('',(0.,1.));
#2064 = ( GEOMETRIC_REPRESENTATION_CONTEXT(2) 
PARAMETRIC_REPRESENTATION_CONTEXT() REPRESENTATION_CONTEXT('2D SPACE',''
  ) );
#2065 = ORIENTED_EDGE('',*,*,#2066,.T.);
#2066 = EDGE_CURVE('',#2039,#2067,#2069,.T.);
#2067 = VERTEX_POINT('',#2068);
#2068 = CARTESIAN_POINT('',(8.944618302818,-8.,-26.49967070903));
#2069 = SURFACE_CURVE('',#2070,(#2075,#2086),.PCURVE_S1.);
#2070 = CIRCLE('',#2071,5.5);
#2071 = AXIS2_PLACEMENT_3D('',#2072,#2073,#2074);
#2072 = CARTESIAN_POINT('',(3.559930540679,-8.,-27.61999999289));
#2073 = DIRECTION('',(-0.,1.,0.));
#2074 = DIRECTION('',(0.,0.,1.));
#2075 = PCURVE('',#975,#2076);
#2076 = DEFINITIONAL_REPRESENTATION('',(#2077),#2085);
#2077 = ( BOUNDED_CURVE() B_SPLINE_CURVE(2,(#2078,#2079,#2080,#2081,
#2082,#2083,#2084),.UNSPECIFIED.,.T.,.F.) B_SPLINE_CURVE_WITH_KNOTS((1,2
    ,2,2,2,1),(-2.094395102393,0.,2.094395102393,4.188790204786,
6.28318530718,8.377580409573),.UNSPECIFIED.) CURVE() 
GEOMETRIC_REPRESENTATION_ITEM() RATIONAL_B_SPLINE_CURVE((1.,0.5,1.,0.5,
1.,0.5,1.)) REPRESENTATION_ITEM('') );
#2078 = CARTESIAN_POINT('',(-1.361451124259,-3.429101595207));
#2079 = CARTESIAN_POINT('',(8.16482831737,-3.429101595207));
#2080 = CARTESIAN_POINT('',(3.401688596556,-11.6791015952));
#2081 = CARTESIAN_POINT('',(-1.361451124259,-19.9291015952));
#2082 = CARTESIAN_POINT('',(-6.124590845073,-11.6791015952));
#2083 = CARTESIAN_POINT('',(-10.88773056588,-3.429101595207));
#2084 = CARTESIAN_POINT('',(-1.361451124259,-3.429101595207));
#2085 = ( GEOMETRIC_REPRESENTATION_CONTEXT(2) 
PARAMETRIC_REPRESENTATION_CONTEXT() REPRESENTATION_CONTEXT('2D SPACE',''
  ) );
#2086 = PCURVE('',#2087,#2092);
#2087 = TOROIDAL_SURFACE('',#2088,5.5,2.5);
#2088 = AXIS2_PLACEMENT_3D('',#2089,#2090,#2091);
#2089 = CARTESIAN_POINT('',(3.559930540679,-5.5,-27.61999999289));
#2090 = DIRECTION('',(0.,-1.,0.));
#2091 = DIRECTION('',(0.,0.,1.));
#2092 = DEFINITIONAL_REPRESENTATION('',(#2093),#2097);
#2093 = LINE('',#2094,#2095);
#2094 = CARTESIAN_POINT('',(-0.,1.570796326795));
#2095 = VECTOR('',#2096,1.);
#2096 = DIRECTION('',(-1.,0.));
#2097 = ( GEOMETRIC_REPRESENTATION_CONTEXT(2) 
PARAMETRIC_REPRESENTATION_CONTEXT() REPRESENTATION_CONTEXT('2D SPACE',''
  ) );
#2098 = ORIENTED_EDGE('',*,*,#2099,.T.);
#2099 = EDGE_CURVE('',#2067,#2100,#2102,.T.);
#2100 = VERTEX_POINT('',#2101);
#2101 = CARTESIAN_POINT('',(9.636278099291,-8.,-29.82402551729));
#2102 = SURFACE_CURVE('',#2103,(#2107,#2114),.PCURVE_S1.);
#2103 = LINE('',#2104,#2105);
#2104 = CARTESIAN_POINT('',(8.944618302818,-8.,-26.49967070903));
#2105 = VECTOR('',#2106,1.);
#2106 = DIRECTION('',(0.203696233429,0.,-0.979034138571));
#2107 = PCURVE('',#975,#2108);
#2108 = DEFINITIONAL_REPRESENTATION('',(#2109),#2113);
#2109 = LINE('',#2110,#2111);
#2110 = CARTESIAN_POINT('',(4.02323663788,-7.808772311345));
#2111 = VECTOR('',#2112,1.);
#2112 = DIRECTION('',(0.203696233429,-0.979034138571));
#2113 = ( GEOMETRIC_REPRESENTATION_CONTEXT(2) 
PARAMETRIC_REPRESENTATION_CONTEXT() REPRESENTATION_CONTEXT('2D SPACE',''
  ) );
#2114 = PCURVE('',#2115,#2120);
#2115 = CYLINDRICAL_SURFACE('',#2116,2.5);
#2116 = AXIS2_PLACEMENT_3D('',#2117,#2118,#2119);
#2117 = CARTESIAN_POINT('',(8.944618302818,-5.5,-26.49967070903));
#2118 = DIRECTION('',(0.203696233429,0.,-0.979034138571));
#2119 = DIRECTION('',(0.,-1.,0.));
#2120 = DEFINITIONAL_REPRESENTATION('',(#2121),#2125);
#2121 = LINE('',#2122,#2123);
#2122 = CARTESIAN_POINT('',(0.,0.));
#2123 = VECTOR('',#2124,1.);
#2124 = DIRECTION('',(0.,1.));
#2125 = ( GEOMETRIC_REPRESENTATION_CONTEXT(2) 
PARAMETRIC_REPRESENTATION_CONTEXT() REPRESENTATION_CONTEXT('2D SPACE',''
  ) );
#2126 = ORIENTED_EDGE('',*,*,#2127,.T.);
#2127 = EDGE_CURVE('',#2100,#2128,#2130,.T.);
#2128 = VERTEX_POINT('',#2129);
#2129 = CARTESIAN_POINT('',(20.772237207536,-8.,-24.08686596226));
#2130 = SURFACE_CURVE('',#2131,(#2136,#2143),.PCURVE_S1.);
#2131 = CIRCLE('',#2132,6.5);
#2132 = AXIS2_PLACEMENT_3D('',#2133,#2134,#2135);
#2133 = CARTESIAN_POINT('',(16.,-8.,-28.5));
#2134 = DIRECTION('',(0.,-1.,0.));
#2135 = DIRECTION('',(-0.979034138571,-0.,-0.203696233429));
#2136 = PCURVE('',#975,#2137);
#2137 = DEFINITIONAL_REPRESENTATION('',(#2138),#2142);
#2138 = CIRCLE('',#2139,6.5);
#2139 = AXIS2_PLACEMENT_2D('',#2140,#2141);
#2140 = CARTESIAN_POINT('',(11.078618335062,-9.809101602309));
#2141 = DIRECTION('',(-0.979034138571,-0.203696233429));
#2142 = ( GEOMETRIC_REPRESENTATION_CONTEXT(2) 
PARAMETRIC_REPRESENTATION_CONTEXT() REPRESENTATION_CONTEXT('2D SPACE',''
  ) );
#2143 = PCURVE('',#2144,#2149);
#2144 = TOROIDAL_SURFACE('',#2145,6.5,2.5);
#2145 = AXIS2_PLACEMENT_3D('',#2146,#2147,#2148);
#2146 = CARTESIAN_POINT('',(16.,-5.5,-28.5));
#2147 = DIRECTION('',(-0.,1.,-0.));
#2148 = DIRECTION('',(-0.979034138571,-0.,-0.203696233429));
#2149 = DEFINITIONAL_REPRESENTATION('',(#2150),#2154);
#2150 = LINE('',#2151,#2152);
#2151 = CARTESIAN_POINT('',(-0.,4.712388980385));
#2152 = VECTOR('',#2153,1.);
#2153 = DIRECTION('',(-1.,0.));
#2154 = ( GEOMETRIC_REPRESENTATION_CONTEXT(2) 
PARAMETRIC_REPRESENTATION_CONTEXT() REPRESENTATION_CONTEXT('2D SPACE',''
  ) );
#2155 = ORIENTED_EDGE('',*,*,#2156,.T.);
#2156 = EDGE_CURVE('',#2128,#2157,#2159,.T.);
#2157 = VERTEX_POINT('',#2158);
#2158 = CARTESIAN_POINT('',(11.961953139995,-8.,-14.55967619721));
#2159 = SURFACE_CURVE('',#2160,(#2164,#2171),.PCURVE_S1.);
#2160 = LINE('',#2161,#2162);
#2161 = CARTESIAN_POINT('',(20.772237207536,-8.,-24.08686596226));
#2162 = VECTOR('',#2163,1.);
#2163 = DIRECTION('',(-0.678943698113,0.,0.734190339621));
#2164 = PCURVE('',#975,#2165);
#2165 = DEFINITIONAL_REPRESENTATION('',(#2166),#2170);
#2166 = LINE('',#2167,#2168);
#2167 = CARTESIAN_POINT('',(15.850855542599,-5.395967564575));
#2168 = VECTOR('',#2169,1.);
#2169 = DIRECTION('',(-0.678943698113,0.734190339621));
#2170 = ( GEOMETRIC_REPRESENTATION_CONTEXT(2) 
PARAMETRIC_REPRESENTATION_CONTEXT() REPRESENTATION_CONTEXT('2D SPACE',''
  ) );
#2171 = PCURVE('',#2172,#2177);
#2172 = CYLINDRICAL_SURFACE('',#2173,2.5);
#2173 = AXIS2_PLACEMENT_3D('',#2174,#2175,#2176);
#2174 = CARTESIAN_POINT('',(20.772237207536,-5.5,-24.08686596226));
#2175 = DIRECTION('',(-0.678943698113,0.,0.734190339621));
#2176 = DIRECTION('',(0.,-1.,0.));
#2177 = DEFINITIONAL_REPRESENTATION('',(#2178),#2182);
#2178 = LINE('',#2179,#2180);
#2179 = CARTESIAN_POINT('',(0.,0.));
#2180 = VECTOR('',#2181,1.);
#2181 = DIRECTION('',(0.,1.));
#2182 = ( GEOMETRIC_REPRESENTATION_CONTEXT(2) 
PARAMETRIC_REPRESENTATION_CONTEXT() REPRESENTATION_CONTEXT('2D SPACE',''
  ) );
#2183 = ORIENTED_EDGE('',*,*,#2184,.T.);
#2184 = EDGE_CURVE('',#2157,#2185,#2187,.T.);
#2185 = VERTEX_POINT('',#2186);
#2186 = CARTESIAN_POINT('',(10.5,-8.,-10.82548586491));
#2187 = SURFACE_CURVE('',#2188,(#2193,#2204),.PCURVE_S1.);
#2188 = CIRCLE('',#2189,5.5);
#2189 = AXIS2_PLACEMENT_3D('',#2190,#2191,#2192);
#2190 = CARTESIAN_POINT('',(16.,-8.,-10.82548586491));
#2191 = DIRECTION('',(0.,1.,-0.));
#2192 = DIRECTION('',(-0.734190339621,-0.,-0.678943698113));
#2193 = PCURVE('',#975,#2194);
#2194 = DEFINITIONAL_REPRESENTATION('',(#2195),#2203);
#2195 = ( BOUNDED_CURVE() B_SPLINE_CURVE(2,(#2196,#2197,#2198,#2199,
#2200,#2201,#2202),.UNSPECIFIED.,.T.,.F.) B_SPLINE_CURVE_WITH_KNOTS((1,2
    ,2,2,2,1),(-2.094395102393,0.,2.094395102393,4.188790204786,
6.28318530718,8.377580409573),.UNSPECIFIED.) CURVE() 
GEOMETRIC_REPRESENTATION_ITEM() RATIONAL_B_SPLINE_CURVE((1.,0.5,1.,0.5,
1.,0.5,1.)) REPRESENTATION_ITEM('') );
#2196 = CARTESIAN_POINT('',(7.040571467147,4.131222193158));
#2197 = CARTESIAN_POINT('',(0.57276407379,11.125324531732));
#2198 = CARTESIAN_POINT('',(9.863738072342,13.229558871877));
#2199 = CARTESIAN_POINT('',(19.154712070893,15.333793212021));
#2200 = CARTESIAN_POINT('',(16.331545465698,6.235456533303));
#2201 = CARTESIAN_POINT('',(13.508378860503,-2.862880145415));
#2202 = CARTESIAN_POINT('',(7.040571467147,4.131222193158));
#2203 = ( GEOMETRIC_REPRESENTATION_CONTEXT(2) 
PARAMETRIC_REPRESENTATION_CONTEXT() REPRESENTATION_CONTEXT('2D SPACE',''
  ) );
#2204 = PCURVE('',#2205,#2210);
#2205 = TOROIDAL_SURFACE('',#2206,5.5,2.5);
#2206 = AXIS2_PLACEMENT_3D('',#2207,#2208,#2209);
#2207 = CARTESIAN_POINT('',(16.,-5.5,-10.82548586491));
#2208 = DIRECTION('',(0.,-1.,0.));
#2209 = DIRECTION('',(-0.734190339621,-0.,-0.678943698113));
#2210 = DEFINITIONAL_REPRESENTATION('',(#2211),#2215);
#2211 = LINE('',#2212,#2213);
#2212 = CARTESIAN_POINT('',(-0.,1.570796326795));
#2213 = VECTOR('',#2214,1.);
#2214 = DIRECTION('',(-1.,0.));
#2215 = ( GEOMETRIC_REPRESENTATION_CONTEXT(2) 
PARAMETRIC_REPRESENTATION_CONTEXT() REPRESENTATION_CONTEXT('2D SPACE',''
  ) );
#2216 = ORIENTED_EDGE('',*,*,#2217,.T.);
#2217 = EDGE_CURVE('',#2185,#960,#2218,.T.);
#2218 = SURFACE_CURVE('',#2219,(#2223,#2230),.PCURVE_S1.);
#2219 = LINE('',#2220,#2221);
#2220 = CARTESIAN_POINT('',(10.5,-8.,-10.82548586491));
#2221 = VECTOR('',#2222,1.);
#2222 = DIRECTION('',(0.,0.,1.));
#2223 = PCURVE('',#975,#2224);
#2224 = DEFINITIONAL_REPRESENTATION('',(#2225),#2229);
#2225 = LINE('',#2226,#2227);
#2226 = CARTESIAN_POINT('',(5.578618335062,7.865412532779));
#2227 = VECTOR('',#2228,1.);
#2228 = DIRECTION('',(0.,1.));
#2229 = ( GEOMETRIC_REPRESENTATION_CONTEXT(2) 
PARAMETRIC_REPRESENTATION_CONTEXT() REPRESENTATION_CONTEXT('2D SPACE',''
  ) );
#2230 = PCURVE('',#1104,#2231);
#2231 = DEFINITIONAL_REPRESENTATION('',(#2232),#2236);
#2232 = LINE('',#2233,#2234);
#2233 = CARTESIAN_POINT('',(0.,0.));
#2234 = VECTOR('',#2235,1.);
#2235 = DIRECTION('',(0.,1.));
#2236 = ( GEOMETRIC_REPRESENTATION_CONTEXT(2) 
PARAMETRIC_REPRESENTATION_CONTEXT() REPRESENTATION_CONTEXT('2D SPACE',''
  ) );
#2237 = ORIENTED_EDGE('',*,*,#959,.F.);
#2238 = FACE_BOUND('',#2239,.T.);
#2239 = EDGE_LOOP('',(#2240));
#2240 = ORIENTED_EDGE('',*,*,#2241,.F.);
#2241 = EDGE_CURVE('',#2242,#2242,#2244,.T.);
#2242 = VERTEX_POINT('',#2243);
#2243 = CARTESIAN_POINT('',(19.,-8.,-28.5));
#2244 = SURFACE_CURVE('',#2245,(#2250,#2257),.PCURVE_S1.);
#2245 = CIRCLE('',#2246,3.);
#2246 = AXIS2_PLACEMENT_3D('',#2247,#2248,#2249);
#2247 = CARTESIAN_POINT('',(16.,-8.,-28.5));
#2248 = DIRECTION('',(0.,-1.,2.22044604925E-16));
#2249 = DIRECTION('',(1.,0.,0.));
#2250 = PCURVE('',#975,#2251);
#2251 = DEFINITIONAL_REPRESENTATION('',(#2252),#2256);
#2252 = CIRCLE('',#2253,3.);
#2253 = AXIS2_PLACEMENT_2D('',#2254,#2255);
#2254 = CARTESIAN_POINT('',(11.078618335062,-9.809101602309));
#2255 = DIRECTION('',(1.,0.));
#2256 = ( GEOMETRIC_REPRESENTATION_CONTEXT(2) 
PARAMETRIC_REPRESENTATION_CONTEXT() REPRESENTATION_CONTEXT('2D SPACE',''
  ) );
#2257 = PCURVE('',#2258,#2263);
#2258 = CYLINDRICAL_SURFACE('',#2259,3.);
#2259 = AXIS2_PLACEMENT_3D('',#2260,#2261,#2262);
#2260 = CARTESIAN_POINT('',(16.,9.,-28.5));
#2261 = DIRECTION('',(0.,-1.,2.22044604925E-16));
#2262 = DIRECTION('',(1.,0.,0.));
#2263 = DEFINITIONAL_REPRESENTATION('',(#2264),#2268);
#2264 = LINE('',#2265,#2266);
#2265 = CARTESIAN_POINT('',(0.,17.));
#2266 = VECTOR('',#2267,1.);
#2267 = DIRECTION('',(1.,0.));
#2268 = ( GEOMETRIC_REPRESENTATION_CONTEXT(2) 
PARAMETRIC_REPRESENTATION_CONTEXT() REPRESENTATION_CONTEXT('2D SPACE',''
  ) );
#2269 = ADVANCED_FACE('',(#2270),#1050,.T.);
#2270 = FACE_BOUND('',#2271,.T.);
#2271 = EDGE_LOOP('',(#2272,#2295,#2321,#2322));
#2272 = ORIENTED_EDGE('',*,*,#2273,.F.);
#2273 = EDGE_CURVE('',#2274,#1014,#2276,.T.);
#2274 = VERTEX_POINT('',#2275);
#2275 = CARTESIAN_POINT('',(-11.,8.,-24.62));
#2276 = SURFACE_CURVE('',#2277,(#2281,#2288),.PCURVE_S1.);
#2277 = LINE('',#2278,#2279);
#2278 = CARTESIAN_POINT('',(-11.,8.,-24.62));
#2279 = VECTOR('',#2280,1.);
#2280 = DIRECTION('',(0.,0.,1.));
#2281 = PCURVE('',#1050,#2282);
#2282 = DEFINITIONAL_REPRESENTATION('',(#2283),#2287);
#2283 = LINE('',#2284,#2285);
#2284 = CARTESIAN_POINT('',(0.,0.));
#2285 = VECTOR('',#2286,1.);
#2286 = DIRECTION('',(0.,1.));
#2287 = ( GEOMETRIC_REPRESENTATION_CONTEXT(2) 
PARAMETRIC_REPRESENTATION_CONTEXT() REPRESENTATION_CONTEXT('2D SPACE',''
  ) );
#2288 = PCURVE('',#1136,#2289);
#2289 = DEFINITIONAL_REPRESENTATION('',(#2290),#2294);
#2290 = LINE('',#2291,#2292);
#2291 = CARTESIAN_POINT('',(-15.92138166493,-5.929101602309));
#2292 = VECTOR('',#2293,1.);
#2293 = DIRECTION('',(0.,1.));
#2294 = ( GEOMETRIC_REPRESENTATION_CONTEXT(2) 
PARAMETRIC_REPRESENTATION_CONTEXT() REPRESENTATION_CONTEXT('2D SPACE',''
  ) );
#2295 = ORIENTED_EDGE('',*,*,#2296,.T.);
#2296 = EDGE_CURVE('',#2274,#1966,#2297,.T.);
#2297 = SURFACE_CURVE('',#2298,(#2303,#2310),.PCURVE_S1.);
#2298 = CIRCLE('',#2299,2.);
#2299 = AXIS2_PLACEMENT_3D('',#2300,#2301,#2302);
#2300 = CARTESIAN_POINT('',(-11.,6.,-24.62));
#2301 = DIRECTION('',(0.,0.,1.));
#2302 = DIRECTION('',(0.,-1.,0.));
#2303 = PCURVE('',#1050,#2304);
#2304 = DEFINITIONAL_REPRESENTATION('',(#2305),#2309);
#2305 = LINE('',#2306,#2307);
#2306 = CARTESIAN_POINT('',(-3.14159265359,0.));
#2307 = VECTOR('',#2308,1.);
#2308 = DIRECTION('',(1.,0.));
#2309 = ( GEOMETRIC_REPRESENTATION_CONTEXT(2) 
PARAMETRIC_REPRESENTATION_CONTEXT() REPRESENTATION_CONTEXT('2D SPACE',''
  ) );
#2310 = PCURVE('',#1679,#2311);
#2311 = DEFINITIONAL_REPRESENTATION('',(#2312),#2320);
#2312 = ( BOUNDED_CURVE() B_SPLINE_CURVE(2,(#2313,#2314,#2315,#2316,
#2317,#2318,#2319),.UNSPECIFIED.,.T.,.F.) B_SPLINE_CURVE_WITH_KNOTS((1,2
    ,2,2,2,1),(-2.094395102393,0.,2.094395102393,4.188790204786,
6.28318530718,8.377580409573),.UNSPECIFIED.) CURVE() 
GEOMETRIC_REPRESENTATION_ITEM() RATIONAL_B_SPLINE_CURVE((1.,0.5,1.,0.5,
1.,0.5,1.)) REPRESENTATION_ITEM('') );
#2313 = CARTESIAN_POINT('',(2.,-4.));
#2314 = CARTESIAN_POINT('',(5.464101615138,-4.));
#2315 = CARTESIAN_POINT('',(3.732050807569,-7.));
#2316 = CARTESIAN_POINT('',(2.,-10.));
#2317 = CARTESIAN_POINT('',(0.267949192431,-7.));
#2318 = CARTESIAN_POINT('',(-1.464101615138,-4.));
#2319 = CARTESIAN_POINT('',(2.,-4.));
#2320 = ( GEOMETRIC_REPRESENTATION_CONTEXT(2) 
PARAMETRIC_REPRESENTATION_CONTEXT() REPRESENTATION_CONTEXT('2D SPACE',''
  ) );
#2321 = ORIENTED_EDGE('',*,*,#1988,.T.);
#2322 = ORIENTED_EDGE('',*,*,#1035,.T.);
#2323 = ADVANCED_FACE('',(#2324),#1104,.T.);
#2324 = FACE_BOUND('',#2325,.T.);
#2325 = EDGE_LOOP('',(#2326,#2327,#2349,#2370));
#2326 = ORIENTED_EDGE('',*,*,#2217,.F.);
#2327 = ORIENTED_EDGE('',*,*,#2328,.T.);
#2328 = EDGE_CURVE('',#2185,#2329,#2331,.T.);
#2329 = VERTEX_POINT('',#2330);
#2330 = CARTESIAN_POINT('',(13.,-5.5,-10.82548586491));
#2331 = SURFACE_CURVE('',#2332,(#2337,#2343),.PCURVE_S1.);
#2332 = CIRCLE('',#2333,2.5);
#2333 = AXIS2_PLACEMENT_3D('',#2334,#2335,#2336);
#2334 = CARTESIAN_POINT('',(10.5,-5.5,-10.82548586491));
#2335 = DIRECTION('',(-7.771561172376E-16,0.,1.));
#2336 = DIRECTION('',(-1.,0.,-7.771561172376E-16));
#2337 = PCURVE('',#1104,#2338);
#2338 = DEFINITIONAL_REPRESENTATION('',(#2339),#2342);
#2339 = B_SPLINE_CURVE_WITH_KNOTS('',1,(#2340,#2341),.UNSPECIFIED.,.F.,
  .F.,(2,2),(1.570796326795,3.14159265359),.PIECEWISE_BEZIER_KNOTS.);
#2340 = CARTESIAN_POINT('',(0.,1.7763568394E-15));
#2341 = CARTESIAN_POINT('',(1.570796326795,1.7763568394E-15));
#2342 = ( GEOMETRIC_REPRESENTATION_CONTEXT(2) 
PARAMETRIC_REPRESENTATION_CONTEXT() REPRESENTATION_CONTEXT('2D SPACE',''
  ) );
#2343 = PCURVE('',#2205,#2344);
#2344 = DEFINITIONAL_REPRESENTATION('',(#2345),#2348);
#2345 = B_SPLINE_CURVE_WITH_KNOTS('',1,(#2346,#2347),.UNSPECIFIED.,.F.,
  .F.,(2,2),(1.570796326795,3.14159265359),.PIECEWISE_BEZIER_KNOTS.);
#2346 = CARTESIAN_POINT('',(-0.746322945495,1.570796326795));
#2347 = CARTESIAN_POINT('',(-0.746322945495,3.14159265359));
#2348 = ( GEOMETRIC_REPRESENTATION_CONTEXT(2) 
PARAMETRIC_REPRESENTATION_CONTEXT() REPRESENTATION_CONTEXT('2D SPACE',''
  ) );
#2349 = ORIENTED_EDGE('',*,*,#2350,.T.);
#2350 = EDGE_CURVE('',#2329,#1068,#2351,.T.);
#2351 = SURFACE_CURVE('',#2352,(#2356,#2363),.PCURVE_S1.);
#2352 = LINE('',#2353,#2354);
#2353 = CARTESIAN_POINT('',(13.,-5.5,-10.82548586491));
#2354 = VECTOR('',#2355,1.);
#2355 = DIRECTION('',(0.,0.,1.));
#2356 = PCURVE('',#1104,#2357);
#2357 = DEFINITIONAL_REPRESENTATION('',(#2358),#2362);
#2358 = LINE('',#2359,#2360);
#2359 = CARTESIAN_POINT('',(1.570796326795,0.));
#2360 = VECTOR('',#2361,1.);
#2361 = DIRECTION('',(0.,1.));
#2362 = ( GEOMETRIC_REPRESENTATION_CONTEXT(2) 
PARAMETRIC_REPRESENTATION_CONTEXT() REPRESENTATION_CONTEXT('2D SPACE',''
  ) );
#2363 = PCURVE('',#1262,#2364);
#2364 = DEFINITIONAL_REPRESENTATION('',(#2365),#2369);
#2365 = LINE('',#2366,#2367);
#2366 = CARTESIAN_POINT('',(0.,5.5));
#2367 = VECTOR('',#2368,1.);
#2368 = DIRECTION('',(1.,0.));
#2369 = ( GEOMETRIC_REPRESENTATION_CONTEXT(2) 
PARAMETRIC_REPRESENTATION_CONTEXT() REPRESENTATION_CONTEXT('2D SPACE',''
  ) );
#2370 = ORIENTED_EDGE('',*,*,#1089,.F.);
#2371 = ADVANCED_FACE('',(#2372),#1136,.F.);
#2372 = FACE_BOUND('',#2373,.F.);
#2373 = EDGE_LOOP('',(#2374,#2375,#2398,#2417));
#2374 = ORIENTED_EDGE('',*,*,#2273,.F.);
#2375 = ORIENTED_EDGE('',*,*,#2376,.T.);
#2376 = EDGE_CURVE('',#2274,#2377,#2379,.T.);
#2377 = VERTEX_POINT('',#2378);
#2378 = CARTESIAN_POINT('',(-10.24695076596,8.,-24.62));
#2379 = SURFACE_CURVE('',#2380,(#2384,#2391),.PCURVE_S1.);
#2380 = LINE('',#2381,#2382);
#2381 = CARTESIAN_POINT('',(0.,8.,-24.62));
#2382 = VECTOR('',#2383,1.);
#2383 = DIRECTION('',(1.,0.,0.));
#2384 = PCURVE('',#1136,#2385);
#2385 = DEFINITIONAL_REPRESENTATION('',(#2386),#2390);
#2386 = LINE('',#2387,#2388);
#2387 = CARTESIAN_POINT('',(-4.921381664938,-5.929101602309));
#2388 = VECTOR('',#2389,1.);
#2389 = DIRECTION('',(1.,0.));
#2390 = ( GEOMETRIC_REPRESENTATION_CONTEXT(2) 
PARAMETRIC_REPRESENTATION_CONTEXT() REPRESENTATION_CONTEXT('2D SPACE',''
  ) );
#2391 = PCURVE('',#1679,#2392);
#2392 = DEFINITIONAL_REPRESENTATION('',(#2393),#2397);
#2393 = LINE('',#2394,#2395);
#2394 = CARTESIAN_POINT('',(13.,-8.));
#2395 = VECTOR('',#2396,1.);
#2396 = DIRECTION('',(1.,0.));
#2397 = ( GEOMETRIC_REPRESENTATION_CONTEXT(2) 
PARAMETRIC_REPRESENTATION_CONTEXT() REPRESENTATION_CONTEXT('2D SPACE',''
  ) );
#2398 = ORIENTED_EDGE('',*,*,#2399,.F.);
#2399 = EDGE_CURVE('',#1121,#2377,#2400,.T.);
#2400 = SURFACE_CURVE('',#2401,(#2405,#2411),.PCURVE_S1.);
#2401 = LINE('',#2402,#2403);
#2402 = CARTESIAN_POINT('',(-10.24695076596,8.,-24.62));
#2403 = VECTOR('',#2404,1.);
#2404 = DIRECTION('',(-0.,-0.,-1.));
#2405 = PCURVE('',#1136,#2406);
#2406 = DEFINITIONAL_REPRESENTATION('',(#2407),#2410);
#2407 = B_SPLINE_CURVE_WITH_KNOTS('',1,(#2408,#2409),.UNSPECIFIED.,.F.,
  .F.,(2,2),(-20.6200024,2.399999999625E-06),.PIECEWISE_BEZIER_KNOTS.);
#2408 = CARTESIAN_POINT('',(-15.16833243089,14.690900797691));
#2409 = CARTESIAN_POINT('',(-15.16833243089,-5.929104002309));
#2410 = ( GEOMETRIC_REPRESENTATION_CONTEXT(2) 
PARAMETRIC_REPRESENTATION_CONTEXT() REPRESENTATION_CONTEXT('2D SPACE',''
  ) );
#2411 = PCURVE('',#1316,#2412);
#2412 = DEFINITIONAL_REPRESENTATION('',(#2413),#2416);
#2413 = B_SPLINE_CURVE_WITH_KNOTS('',1,(#2414,#2415),.UNSPECIFIED.,.F.,
  .F.,(2,2),(-20.6200024,2.399999999625E-06),.PIECEWISE_BEZIER_KNOTS.);
#2414 = CARTESIAN_POINT('',(-2.47871882994,-20.6200024));
#2415 = CARTESIAN_POINT('',(-2.47871882994,2.399999999625E-06));
#2416 = ( GEOMETRIC_REPRESENTATION_CONTEXT(2) 
PARAMETRIC_REPRESENTATION_CONTEXT() REPRESENTATION_CONTEXT('2D SPACE',''
  ) );
#2417 = ORIENTED_EDGE('',*,*,#1120,.F.);
#2418 = ADVANCED_FACE('',(#2419),#1262,.T.);
#2419 = FACE_BOUND('',#2420,.T.);
#2420 = EDGE_LOOP('',(#2421,#2422,#2450,#2471));
#2421 = ORIENTED_EDGE('',*,*,#2350,.F.);
#2422 = ORIENTED_EDGE('',*,*,#2423,.T.);
#2423 = EDGE_CURVE('',#2329,#2424,#2426,.T.);
#2424 = VERTEX_POINT('',#2425);
#2425 = CARTESIAN_POINT('',(13.,5.5,-10.82548586491));
#2426 = SURFACE_CURVE('',#2427,(#2431,#2438),.PCURVE_S1.);
#2427 = LINE('',#2428,#2429);
#2428 = CARTESIAN_POINT('',(13.,-8.,-10.82548586491));
#2429 = VECTOR('',#2430,1.);
#2430 = DIRECTION('',(0.,1.,0.));
#2431 = PCURVE('',#1262,#2432);
#2432 = DEFINITIONAL_REPRESENTATION('',(#2433),#2437);
#2433 = LINE('',#2434,#2435);
#2434 = CARTESIAN_POINT('',(1.7763568394E-15,8.));
#2435 = VECTOR('',#2436,1.);
#2436 = DIRECTION('',(0.,-1.));
#2437 = ( GEOMETRIC_REPRESENTATION_CONTEXT(2) 
PARAMETRIC_REPRESENTATION_CONTEXT() REPRESENTATION_CONTEXT('2D SPACE',''
  ) );
#2438 = PCURVE('',#2439,#2444);
#2439 = CYLINDRICAL_SURFACE('',#2440,3.);
#2440 = AXIS2_PLACEMENT_3D('',#2441,#2442,#2443);
#2441 = CARTESIAN_POINT('',(16.,0.,-10.82548586491));
#2442 = DIRECTION('',(-0.,-1.,0.));
#2443 = DIRECTION('',(-1.,0.,0.));
#2444 = DEFINITIONAL_REPRESENTATION('',(#2445),#2449);
#2445 = LINE('',#2446,#2447);
#2446 = CARTESIAN_POINT('',(-6.28318530718,8.));
#2447 = VECTOR('',#2448,1.);
#2448 = DIRECTION('',(-0.,-1.));
#2449 = ( GEOMETRIC_REPRESENTATION_CONTEXT(2) 
PARAMETRIC_REPRESENTATION_CONTEXT() REPRESENTATION_CONTEXT('2D SPACE',''
  ) );
#2450 = ORIENTED_EDGE('',*,*,#2451,.T.);
#2451 = EDGE_CURVE('',#2424,#1247,#2452,.T.);
#2452 = SURFACE_CURVE('',#2453,(#2457,#2464),.PCURVE_S1.);
#2453 = LINE('',#2454,#2455);
#2454 = CARTESIAN_POINT('',(13.,5.5,-10.82548586491));
#2455 = VECTOR('',#2456,1.);
#2456 = DIRECTION('',(0.,0.,1.));
#2457 = PCURVE('',#1262,#2458);
#2458 = DEFINITIONAL_REPRESENTATION('',(#2459),#2463);
#2459 = LINE('',#2460,#2461);
#2460 = CARTESIAN_POINT('',(0.,-5.5));
#2461 = VECTOR('',#2462,1.);
#2462 = DIRECTION('',(1.,0.));
#2463 = ( GEOMETRIC_REPRESENTATION_CONTEXT(2) 
PARAMETRIC_REPRESENTATION_CONTEXT() REPRESENTATION_CONTEXT('2D SPACE',''
  ) );
#2464 = PCURVE('',#1473,#2465);
#2465 = DEFINITIONAL_REPRESENTATION('',(#2466),#2470);
#2466 = LINE('',#2467,#2468);
#2467 = CARTESIAN_POINT('',(0.,0.));
#2468 = VECTOR('',#2469,1.);
#2469 = DIRECTION('',(0.,1.));
#2470 = ( GEOMETRIC_REPRESENTATION_CONTEXT(2) 
PARAMETRIC_REPRESENTATION_CONTEXT() REPRESENTATION_CONTEXT('2D SPACE',''
  ) );
#2471 = ORIENTED_EDGE('',*,*,#1246,.F.);
#2472 = ADVANCED_FACE('',(#2473),#1316,.T.);
#2473 = FACE_BOUND('',#2474,.F.);
#2474 = EDGE_LOOP('',(#2475,#2476,#2504,#2601,#2622));
#2475 = ORIENTED_EDGE('',*,*,#2399,.T.);
#2476 = ORIENTED_EDGE('',*,*,#2477,.F.);
#2477 = EDGE_CURVE('',#2478,#2377,#2480,.T.);
#2478 = VERTEX_POINT('',#2479);
#2479 = CARTESIAN_POINT('',(-10.21441588134,8.041499126591,-24.62));
#2480 = SURFACE_CURVE('',#2481,(#2486,#2493),.PCURVE_S1.);
#2481 = CIRCLE('',#2482,13.);
#2482 = AXIS2_PLACEMENT_3D('',#2483,#2484,#2485);
#2483 = CARTESIAN_POINT('',(0.,0.,-24.62));
#2484 = DIRECTION('',(0.,0.,1.));
#2485 = DIRECTION('',(1.,0.,0.));
#2486 = PCURVE('',#1316,#2487);
#2487 = DEFINITIONAL_REPRESENTATION('',(#2488),#2492);
#2488 = LINE('',#2489,#2490);
#2489 = CARTESIAN_POINT('',(-0.,0.));
#2490 = VECTOR('',#2491,1.);
#2491 = DIRECTION('',(-1.,0.));
#2492 = ( GEOMETRIC_REPRESENTATION_CONTEXT(2) 
PARAMETRIC_REPRESENTATION_CONTEXT() REPRESENTATION_CONTEXT('2D SPACE',''
  ) );
#2493 = PCURVE('',#1679,#2494);
#2494 = DEFINITIONAL_REPRESENTATION('',(#2495),#2503);
#2495 = ( BOUNDED_CURVE() B_SPLINE_CURVE(2,(#2496,#2497,#2498,#2499,
#2500,#2501,#2502),.UNSPECIFIED.,.T.,.F.) B_SPLINE_CURVE_WITH_KNOTS((1,2
    ,2,2,2,1),(-2.094395102393,0.,2.094395102393,4.188790204786,
6.28318530718,8.377580409573),.UNSPECIFIED.) CURVE() 
GEOMETRIC_REPRESENTATION_ITEM() RATIONAL_B_SPLINE_CURVE((1.,0.5,1.,0.5,
1.,0.5,1.)) REPRESENTATION_ITEM('') );
#2496 = CARTESIAN_POINT('',(26.,0.));
#2497 = CARTESIAN_POINT('',(26.,-22.51666049839));
#2498 = CARTESIAN_POINT('',(6.5,-11.25833024919));
#2499 = CARTESIAN_POINT('',(-13.,-3.184081677783E-15));
#2500 = CARTESIAN_POINT('',(6.5,11.258330249198));
#2501 = CARTESIAN_POINT('',(26.,22.516660498395));
#2502 = CARTESIAN_POINT('',(26.,0.));
#2503 = ( GEOMETRIC_REPRESENTATION_CONTEXT(2) 
PARAMETRIC_REPRESENTATION_CONTEXT() REPRESENTATION_CONTEXT('2D SPACE',''
  ) );
#2504 = ORIENTED_EDGE('',*,*,#2505,.F.);
#2505 = EDGE_CURVE('',#2506,#2478,#2508,.T.);
#2506 = VERTEX_POINT('',#2507);
#2507 = CARTESIAN_POINT('',(4.839001374195E-13,13.,-7.375369825722));
#2508 = SURFACE_CURVE('',#2509,(#2536,#2566),.PCURVE_S1.);
#2509 = B_SPLINE_CURVE_WITH_KNOTS('',7,(#2510,#2511,#2512,#2513,#2514,
    #2515,#2516,#2517,#2518,#2519,#2520,#2521,#2522,#2523,#2524,#2525,
    #2526,#2527,#2528,#2529,#2530,#2531,#2532,#2533,#2534,#2535),
  .UNSPECIFIED.,.F.,.F.,(8,6,6,6,8),(0.,0.284897557961,0.545493981229,
    0.633730145121,1.),.UNSPECIFIED.);
#2510 = CARTESIAN_POINT('',(4.778399897987E-13,13.,-7.375369825722));
#2511 = CARTESIAN_POINT('',(-0.774491694002,13.,-7.961977354555));
#2512 = CARTESIAN_POINT('',(-1.510380255185,12.946168527116,
    -8.571478650351));
#2513 = CARTESIAN_POINT('',(-2.206456590719,12.848164168235,
    -9.199682874864));
#2514 = CARTESIAN_POINT('',(-2.862793020925,12.714026959467,
    -9.842849673543));
#2515 = CARTESIAN_POINT('',(-3.480220227408,12.550544735508,
    -10.49788899652));
#2516 = CARTESIAN_POINT('',(-4.060089178736,12.36341458112,
    -11.16243813622));
#2517 = CARTESIAN_POINT('',(-5.101634897846,11.968976868154,
    -12.45017030729));
#2518 = CARTESIAN_POINT('',(-5.569831672943,11.764503361879,
    -13.07285966635));
#2519 = CARTESIAN_POINT('',(-6.009753636008,11.547575056141,
    -13.70189637017));
#2520 = CARTESIAN_POINT('',(-6.422595532423,11.321244497577,
    -14.33651864524));
#2521 = CARTESIAN_POINT('',(-6.809578473437,11.088148056145,
    -14.97638660675));
#2522 = CARTESIAN_POINT('',(-7.171877709354,10.85063721988,
    -15.62161382182));
#2523 = CARTESIAN_POINT('',(-7.625215585321,10.529758989716,
    -16.49329548189));
#2524 = CARTESIAN_POINT('',(-7.737149471054,10.44836070172,
    -16.71441617032));
#2525 = CARTESIAN_POINT('',(-7.846379188839,10.366823076843,
    -16.93617066309));
#2526 = CARTESIAN_POINT('',(-7.952934770182,10.285239695623,
    -17.15856317609));
#2527 = CARTESIAN_POINT('',(-8.05684394356,10.203704479823,
    -17.38159991822));
#2528 = CARTESIAN_POINT('',(-8.158132211623,10.122312211664,
    -17.60528926403));
#2529 = CARTESIAN_POINT('',(-8.666489814567,9.704290876714,
    -18.76093373948));
#2530 = CARTESIAN_POINT('',(-9.031905193731,9.371126055368,
    -19.70480653006));
#2531 = CARTESIAN_POINT('',(-9.354294072594,9.048760952702,
    -20.66152736623));
#2532 = CARTESIAN_POINT('',(-9.63392005426,8.745167638024,
    -21.63089179454));
#2533 = CARTESIAN_POINT('',(-9.87077489762,8.469492928962,
    -22.61282021449));
#2534 = CARTESIAN_POINT('',(-10.06466094206,8.231719785799,
    -23.60821162911));
#2535 = CARTESIAN_POINT('',(-10.21441597014,8.041499013789,-24.6200006)
  );
#2536 = PCURVE('',#1316,#2537);
#2537 = DEFINITIONAL_REPRESENTATION('',(#2538),#2565);
#2538 = B_SPLINE_CURVE_WITH_KNOTS('',7,(#2539,#2540,#2541,#2542,#2543,
    #2544,#2545,#2546,#2547,#2548,#2549,#2550,#2551,#2552,#2553,#2554,
    #2555,#2556,#2557,#2558,#2559,#2560,#2561,#2562,#2563,#2564),
  .UNSPECIFIED.,.F.,.F.,(8,6,6,6,8),(0.,0.284897557961,0.545493981229,
    0.633730145121,1.),.UNSPECIFIED.);
#2539 = CARTESIAN_POINT('',(-1.570796326795,-17.24463017427));
#2540 = CARTESIAN_POINT('',(-1.630372610949,-16.65802264544));
#2541 = CARTESIAN_POINT('',(-1.686979442545,-16.04852134964));
#2542 = CARTESIAN_POINT('',(-1.740869046118,-15.42031712513));
#2543 = CARTESIAN_POINT('',(-1.792238001282,-14.77715032645));
#2544 = CARTESIAN_POINT('',(-1.841254212409,-14.12211100347));
#2545 = CARTESIAN_POINT('',(-1.888066404624,-13.45756186377));
#2546 = CARTESIAN_POINT('',(-1.973738084036,-12.1698296927));
#2547 = CARTESIAN_POINT('',(-2.01298939553,-11.54714033364));
#2548 = CARTESIAN_POINT('',(-2.050657890767,-10.91810362982));
#2549 = CARTESIAN_POINT('',(-2.086817322688,-10.28348135475));
#2550 = CARTESIAN_POINT('',(-2.121526743236,-9.643613393246));
#2551 = CARTESIAN_POINT('',(-2.15482951724,-8.998386178174));
#2552 = CARTESIAN_POINT('',(-2.197553211065,-8.126704518108));
#2553 = CARTESIAN_POINT('',(-2.20819858119,-7.90558382968));
#2554 = CARTESIAN_POINT('',(-2.218682418648,-7.683829336906));
#2555 = CARTESIAN_POINT('',(-2.229004236251,-7.461436823909));
#2556 = CARTESIAN_POINT('',(-2.239163127183,-7.238400081779));
#2557 = CARTESIAN_POINT('',(-2.249157760881,-7.014710735967));
#2558 = CARTESIAN_POINT('',(-2.299785143662,-5.859066260518));
#2559 = CARTESIAN_POINT('',(-2.337773793672,-4.915193469938));
#2560 = CARTESIAN_POINT('',(-2.37278911518,-3.958472633768));
#2561 = CARTESIAN_POINT('',(-2.404500190802,-2.989108205457));
#2562 = CARTESIAN_POINT('',(-2.432443031266,-2.007179785509));
#2563 = CARTESIAN_POINT('',(-2.456039731717,-1.011788370882));
#2564 = CARTESIAN_POINT('',(-2.474662506877,5.999999999062E-07));
#2565 = ( GEOMETRIC_REPRESENTATION_CONTEXT(2) 
PARAMETRIC_REPRESENTATION_CONTEXT() REPRESENTATION_CONTEXT('2D SPACE',''
  ) );
#2566 = PCURVE('',#2567,#2572);
#2567 = CYLINDRICAL_SURFACE('',#2568,26.5);
#2568 = AXIS2_PLACEMENT_3D('',#2569,#2570,#2571);
#2569 = CARTESIAN_POINT('',(16.,18.,-28.5));
#2570 = DIRECTION('',(0.,-1.,2.22044604925E-16));
#2571 = DIRECTION('',(1.,0.,0.));
#2572 = DEFINITIONAL_REPRESENTATION('',(#2573),#2600);
#2573 = B_SPLINE_CURVE_WITH_KNOTS('',7,(#2574,#2575,#2576,#2577,#2578,
    #2579,#2580,#2581,#2582,#2583,#2584,#2585,#2586,#2587,#2588,#2589,
    #2590,#2591,#2592,#2593,#2594,#2595,#2596,#2597,#2598,#2599),
  .UNSPECIFIED.,.F.,.F.,(8,6,6,6,8),(0.,0.284897557961,0.545493981229,
    0.633730145121,1.),.UNSPECIFIED.);
#2574 = CARTESIAN_POINT('',(2.219022807718,5.));
#2575 = CARTESIAN_POINT('',(2.25568577827,5.));
#2576 = CARTESIAN_POINT('',(2.291709120769,5.053831472884));
#2577 = CARTESIAN_POINT('',(2.327041496636,5.151835831765));
#2578 = CARTESIAN_POINT('',(2.361667627056,5.285973040533));
#2579 = CARTESIAN_POINT('',(2.395595404506,5.449455264492));
#2580 = CARTESIAN_POINT('',(2.428854125959,5.63658541888));
#2581 = CARTESIAN_POINT('',(2.491353072957,6.031023131846));
#2582 = CARTESIAN_POINT('',(2.520733544799,6.235496638121));
#2583 = CARTESIAN_POINT('',(2.549672728294,6.452424943859));
#2584 = CARTESIAN_POINT('',(2.57821386897,6.678755502423));
#2585 = CARTESIAN_POINT('',(2.606408570651,6.911851943855));
#2586 = CARTESIAN_POINT('',(2.634318214543,7.14936278012));
#2587 = CARTESIAN_POINT('',(2.671394413994,7.470241010284));
#2588 = CARTESIAN_POINT('',(2.680746219253,7.55163929828));
#2589 = CARTESIAN_POINT('',(2.690073507294,7.633176923157));
#2590 = CARTESIAN_POINT('',(2.699378255209,7.714760304377));
#2591 = CARTESIAN_POINT('',(2.708662439459,7.796295520177));
#2592 = CARTESIAN_POINT('',(2.717928049896,7.877687788336));
#2593 = CARTESIAN_POINT('',(2.76557008772,8.295709123286));
#2594 = CARTESIAN_POINT('',(2.803725253914,8.628873944632));
#2595 = CARTESIAN_POINT('',(2.841762899906,8.951239047298));
#2596 = CARTESIAN_POINT('',(2.879767170854,9.254832361977));
#2597 = CARTESIAN_POINT('',(2.917824295646,9.530507071038));
#2598 = CARTESIAN_POINT('',(2.956052681594,9.768280214201));
#2599 = CARTESIAN_POINT('',(2.994649344287,9.958500986211));
#2600 = ( GEOMETRIC_REPRESENTATION_CONTEXT(2) 
PARAMETRIC_REPRESENTATION_CONTEXT() REPRESENTATION_CONTEXT('2D SPACE',''
  ) );
#2601 = ORIENTED_EDGE('',*,*,#2602,.T.);
#2602 = EDGE_CURVE('',#2506,#1300,#2603,.T.);
#2603 = SURFACE_CURVE('',#2604,(#2608,#2615),.PCURVE_S1.);
#2604 = LINE('',#2605,#2606);
#2605 = CARTESIAN_POINT('',(4.839001374195E-13,13.,-24.62));
#2606 = VECTOR('',#2607,1.);
#2607 = DIRECTION('',(0.,0.,1.));
#2608 = PCURVE('',#1316,#2609);
#2609 = DEFINITIONAL_REPRESENTATION('',(#2610),#2614);
#2610 = LINE('',#2611,#2612);
#2611 = CARTESIAN_POINT('',(-1.570796326795,0.));
#2612 = VECTOR('',#2613,1.);
#2613 = DIRECTION('',(-0.,-1.));
#2614 = ( GEOMETRIC_REPRESENTATION_CONTEXT(2) 
PARAMETRIC_REPRESENTATION_CONTEXT() REPRESENTATION_CONTEXT('2D SPACE',''
  ) );
#2615 = PCURVE('',#1536,#2616);
#2616 = DEFINITIONAL_REPRESENTATION('',(#2617),#2621);
#2617 = LINE('',#2618,#2619);
#2618 = CARTESIAN_POINT('',(26.,0.));
#2619 = VECTOR('',#2620,1.);
#2620 = DIRECTION('',(0.,-1.));
#2621 = ( GEOMETRIC_REPRESENTATION_CONTEXT(2) 
PARAMETRIC_REPRESENTATION_CONTEXT() REPRESENTATION_CONTEXT('2D SPACE',''
  ) );
#2622 = ORIENTED_EDGE('',*,*,#1299,.T.);
#2623 = ADVANCED_FACE('',(#2624),#1473,.T.);
#2624 = FACE_BOUND('',#2625,.T.);
#2625 = EDGE_LOOP('',(#2626,#2627,#2654,#2675));
#2626 = ORIENTED_EDGE('',*,*,#2451,.F.);
#2627 = ORIENTED_EDGE('',*,*,#2628,.T.);
#2628 = EDGE_CURVE('',#2424,#2629,#2631,.T.);
#2629 = VERTEX_POINT('',#2630);
#2630 = CARTESIAN_POINT('',(10.5,8.,-10.82548586491));
#2631 = SURFACE_CURVE('',#2632,(#2637,#2643),.PCURVE_S1.);
#2632 = CIRCLE('',#2633,2.5);
#2633 = AXIS2_PLACEMENT_3D('',#2634,#2635,#2636);
#2634 = CARTESIAN_POINT('',(10.5,5.5,-10.82548586491));
#2635 = DIRECTION('',(-7.771561172376E-16,0.,1.));
#2636 = DIRECTION('',(-1.,0.,-7.771561172376E-16));
#2637 = PCURVE('',#1473,#2638);
#2638 = DEFINITIONAL_REPRESENTATION('',(#2639),#2642);
#2639 = B_SPLINE_CURVE_WITH_KNOTS('',1,(#2640,#2641),.UNSPECIFIED.,.F.,
  .F.,(2,2),(3.14159265359,4.712388980385),.PIECEWISE_BEZIER_KNOTS.);
#2640 = CARTESIAN_POINT('',(0.,1.7763568394E-15));
#2641 = CARTESIAN_POINT('',(1.570796326795,1.7763568394E-15));
#2642 = ( GEOMETRIC_REPRESENTATION_CONTEXT(2) 
PARAMETRIC_REPRESENTATION_CONTEXT() REPRESENTATION_CONTEXT('2D SPACE',''
  ) );
#2643 = PCURVE('',#2644,#2649);
#2644 = TOROIDAL_SURFACE('',#2645,5.5,2.5);
#2645 = AXIS2_PLACEMENT_3D('',#2646,#2647,#2648);
#2646 = CARTESIAN_POINT('',(16.,5.5,-10.82548586491));
#2647 = DIRECTION('',(0.,-1.,0.));
#2648 = DIRECTION('',(-0.734190339621,-0.,-0.678943698113));
#2649 = DEFINITIONAL_REPRESENTATION('',(#2650),#2653);
#2650 = B_SPLINE_CURVE_WITH_KNOTS('',1,(#2651,#2652),.UNSPECIFIED.,.F.,
  .F.,(2,2),(3.14159265359,4.712388980385),.PIECEWISE_BEZIER_KNOTS.);
#2651 = CARTESIAN_POINT('',(-0.746322945495,3.14159265359));
#2652 = CARTESIAN_POINT('',(-0.746322945495,4.712388980385));
#2653 = ( GEOMETRIC_REPRESENTATION_CONTEXT(2) 
PARAMETRIC_REPRESENTATION_CONTEXT() REPRESENTATION_CONTEXT('2D SPACE',''
  ) );
#2654 = ORIENTED_EDGE('',*,*,#2655,.T.);
#2655 = EDGE_CURVE('',#2629,#1437,#2656,.T.);
#2656 = SURFACE_CURVE('',#2657,(#2661,#2668),.PCURVE_S1.);
#2657 = LINE('',#2658,#2659);
#2658 = CARTESIAN_POINT('',(10.5,8.,-10.82548586491));
#2659 = VECTOR('',#2660,1.);
#2660 = DIRECTION('',(0.,0.,1.));
#2661 = PCURVE('',#1473,#2662);
#2662 = DEFINITIONAL_REPRESENTATION('',(#2663),#2667);
#2663 = LINE('',#2664,#2665);
#2664 = CARTESIAN_POINT('',(1.570796326795,0.));
#2665 = VECTOR('',#2666,1.);
#2666 = DIRECTION('',(0.,1.));
#2667 = ( GEOMETRIC_REPRESENTATION_CONTEXT(2) 
PARAMETRIC_REPRESENTATION_CONTEXT() REPRESENTATION_CONTEXT('2D SPACE',''
  ) );
#2668 = PCURVE('',#1568,#2669);
#2669 = DEFINITIONAL_REPRESENTATION('',(#2670),#2674);
#2670 = LINE('',#2671,#2672);
#2671 = CARTESIAN_POINT('',(5.578618335062,7.865412532779));
#2672 = VECTOR('',#2673,1.);
#2673 = DIRECTION('',(0.,1.));
#2674 = ( GEOMETRIC_REPRESENTATION_CONTEXT(2) 
PARAMETRIC_REPRESENTATION_CONTEXT() REPRESENTATION_CONTEXT('2D SPACE',''
  ) );
#2675 = ORIENTED_EDGE('',*,*,#1458,.F.);
#2676 = ADVANCED_FACE('',(#2677),#1536,.F.);
#2677 = FACE_BOUND('',#2678,.F.);
#2678 = EDGE_LOOP('',(#2679,#2680,#2701,#2720));
#2679 = ORIENTED_EDGE('',*,*,#2602,.F.);
#2680 = ORIENTED_EDGE('',*,*,#2681,.T.);
#2681 = EDGE_CURVE('',#2506,#2682,#2684,.T.);
#2682 = VERTEX_POINT('',#2683);
#2683 = CARTESIAN_POINT('',(0.,8.,-7.375369825722));
#2684 = SURFACE_CURVE('',#2685,(#2689,#2695),.PCURVE_S1.);
#2685 = LINE('',#2686,#2687);
#2686 = CARTESIAN_POINT('',(0.,18.,-7.375369825722));
#2687 = VECTOR('',#2688,1.);
#2688 = DIRECTION('',(0.,-1.,2.22044604925E-16));
#2689 = PCURVE('',#1536,#2690);
#2690 = DEFINITIONAL_REPRESENTATION('',(#2691),#2694);
#2691 = B_SPLINE_CURVE_WITH_KNOTS('',1,(#2692,#2693),.UNSPECIFIED.,.F.,
  .F.,(2,2),(2.4,33.6),.PIECEWISE_BEZIER_KNOTS.);
#2692 = CARTESIAN_POINT('',(28.6,-17.24463017427));
#2693 = CARTESIAN_POINT('',(-2.6,-17.24463017427));
#2694 = ( GEOMETRIC_REPRESENTATION_CONTEXT(2) 
PARAMETRIC_REPRESENTATION_CONTEXT() REPRESENTATION_CONTEXT('2D SPACE',''
  ) );
#2695 = PCURVE('',#2567,#2696);
#2696 = DEFINITIONAL_REPRESENTATION('',(#2697),#2700);
#2697 = B_SPLINE_CURVE_WITH_KNOTS('',1,(#2698,#2699),.UNSPECIFIED.,.F.,
  .F.,(2,2),(2.4,33.6),.PIECEWISE_BEZIER_KNOTS.);
#2698 = CARTESIAN_POINT('',(2.219022807718,2.4));
#2699 = CARTESIAN_POINT('',(2.219022807718,33.6));
#2700 = ( GEOMETRIC_REPRESENTATION_CONTEXT(2) 
PARAMETRIC_REPRESENTATION_CONTEXT() REPRESENTATION_CONTEXT('2D SPACE',''
  ) );
#2701 = ORIENTED_EDGE('',*,*,#2702,.F.);
#2702 = EDGE_CURVE('',#1489,#2682,#2703,.T.);
#2703 = SURFACE_CURVE('',#2704,(#2708,#2714),.PCURVE_S1.);
#2704 = LINE('',#2705,#2706);
#2705 = CARTESIAN_POINT('',(0.,8.,-21.65544919884));
#2706 = VECTOR('',#2707,1.);
#2707 = DIRECTION('',(-0.,-0.,-1.));
#2708 = PCURVE('',#1536,#2709);
#2709 = DEFINITIONAL_REPRESENTATION('',(#2710),#2713);
#2710 = B_SPLINE_CURVE_WITH_KNOTS('',1,(#2711,#2712),.UNSPECIFIED.,.F.,
  .F.,(2,2),(-17.65544919884,-14.28007937312),.PIECEWISE_BEZIER_KNOTS.);
#2711 = CARTESIAN_POINT('',(21.,-20.62));
#2712 = CARTESIAN_POINT('',(21.,-17.24463017427));
#2713 = ( GEOMETRIC_REPRESENTATION_CONTEXT(2) 
PARAMETRIC_REPRESENTATION_CONTEXT() REPRESENTATION_CONTEXT('2D SPACE',''
  ) );
#2714 = PCURVE('',#1568,#2715);
#2715 = DEFINITIONAL_REPRESENTATION('',(#2716),#2719);
#2716 = B_SPLINE_CURVE_WITH_KNOTS('',1,(#2717,#2718),.UNSPECIFIED.,.F.,
  .F.,(2,2),(-17.65544919884,-14.28007937312),.PIECEWISE_BEZIER_KNOTS.);
#2717 = CARTESIAN_POINT('',(-4.921381664938,14.690898397691));
#2718 = CARTESIAN_POINT('',(-4.921381664938,11.315528571969));
#2719 = ( GEOMETRIC_REPRESENTATION_CONTEXT(2) 
PARAMETRIC_REPRESENTATION_CONTEXT() REPRESENTATION_CONTEXT('2D SPACE',''
  ) );
#2720 = ORIENTED_EDGE('',*,*,#1522,.T.);
#2721 = ADVANCED_FACE('',(#2722,#2923),#1568,.F.);
#2722 = FACE_BOUND('',#2723,.F.);
#2723 = EDGE_LOOP('',(#2724,#2725,#2749,#2777,#2810,#2838,#2867,#2895,
    #2921,#2922));
#2724 = ORIENTED_EDGE('',*,*,#2702,.T.);
#2725 = ORIENTED_EDGE('',*,*,#2726,.T.);
#2726 = EDGE_CURVE('',#2682,#2727,#2729,.T.);
#2727 = VERTEX_POINT('',#2728);
#2728 = CARTESIAN_POINT('',(-9.720528765949,8.,-22.12));
#2729 = SURFACE_CURVE('',#2730,(#2735,#2742),.PCURVE_S1.);
#2730 = CIRCLE('',#2731,26.5);
#2731 = AXIS2_PLACEMENT_3D('',#2732,#2733,#2734);
#2732 = CARTESIAN_POINT('',(16.,8.,-28.5));
#2733 = DIRECTION('',(0.,-1.,2.22044604925E-16));
#2734 = DIRECTION('',(1.,0.,0.));
#2735 = PCURVE('',#1568,#2736);
#2736 = DEFINITIONAL_REPRESENTATION('',(#2737),#2741);
#2737 = CIRCLE('',#2738,26.5);
#2738 = AXIS2_PLACEMENT_2D('',#2739,#2740);
#2739 = CARTESIAN_POINT('',(11.078618335062,-9.809101602309));
#2740 = DIRECTION('',(1.,0.));
#2741 = ( GEOMETRIC_REPRESENTATION_CONTEXT(2) 
PARAMETRIC_REPRESENTATION_CONTEXT() REPRESENTATION_CONTEXT('2D SPACE',''
  ) );
#2742 = PCURVE('',#2567,#2743);
#2743 = DEFINITIONAL_REPRESENTATION('',(#2744),#2748);
#2744 = LINE('',#2745,#2746);
#2745 = CARTESIAN_POINT('',(0.,10.));
#2746 = VECTOR('',#2747,1.);
#2747 = DIRECTION('',(1.,0.));
#2748 = ( GEOMETRIC_REPRESENTATION_CONTEXT(2) 
PARAMETRIC_REPRESENTATION_CONTEXT() REPRESENTATION_CONTEXT('2D SPACE',''
  ) );
#2749 = ORIENTED_EDGE('',*,*,#2750,.T.);
#2750 = EDGE_CURVE('',#2727,#2751,#2753,.T.);
#2751 = VERTEX_POINT('',#2752);
#2752 = CARTESIAN_POINT('',(3.559930540679,8.,-22.12));
#2753 = SURFACE_CURVE('',#2754,(#2758,#2765),.PCURVE_S1.);
#2754 = LINE('',#2755,#2756);
#2755 = CARTESIAN_POINT('',(-10.21441588134,8.,-22.12));
#2756 = VECTOR('',#2757,1.);
#2757 = DIRECTION('',(1.,0.,0.));
#2758 = PCURVE('',#1568,#2759);
#2759 = DEFINITIONAL_REPRESENTATION('',(#2760),#2764);
#2760 = LINE('',#2761,#2762);
#2761 = CARTESIAN_POINT('',(-15.13579754628,-3.429101602309));
#2762 = VECTOR('',#2763,1.);
#2763 = DIRECTION('',(1.,0.));
#2764 = ( GEOMETRIC_REPRESENTATION_CONTEXT(2) 
PARAMETRIC_REPRESENTATION_CONTEXT() REPRESENTATION_CONTEXT('2D SPACE',''
  ) );
#2765 = PCURVE('',#2766,#2771);
#2766 = CYLINDRICAL_SURFACE('',#2767,2.5);
#2767 = AXIS2_PLACEMENT_3D('',#2768,#2769,#2770);
#2768 = CARTESIAN_POINT('',(-10.21441588134,5.5,-22.12));
#2769 = DIRECTION('',(1.,0.,0.));
#2770 = DIRECTION('',(0.,0.,-1.));
#2771 = DEFINITIONAL_REPRESENTATION('',(#2772),#2776);
#2772 = LINE('',#2773,#2774);
#2773 = CARTESIAN_POINT('',(1.570796326795,0.));
#2774 = VECTOR('',#2775,1.);
#2775 = DIRECTION('',(0.,1.));
#2776 = ( GEOMETRIC_REPRESENTATION_CONTEXT(2) 
PARAMETRIC_REPRESENTATION_CONTEXT() REPRESENTATION_CONTEXT('2D SPACE',''
  ) );
#2777 = ORIENTED_EDGE('',*,*,#2778,.T.);
#2778 = EDGE_CURVE('',#2751,#2779,#2781,.T.);
#2779 = VERTEX_POINT('',#2780);
#2780 = CARTESIAN_POINT('',(8.944618302818,8.,-26.49967070903));
#2781 = SURFACE_CURVE('',#2782,(#2787,#2798),.PCURVE_S1.);
#2782 = CIRCLE('',#2783,5.5);
#2783 = AXIS2_PLACEMENT_3D('',#2784,#2785,#2786);
#2784 = CARTESIAN_POINT('',(3.559930540679,8.,-27.61999999289));
#2785 = DIRECTION('',(-0.,1.,0.));
#2786 = DIRECTION('',(0.,0.,1.));
#2787 = PCURVE('',#1568,#2788);
#2788 = DEFINITIONAL_REPRESENTATION('',(#2789),#2797);
#2789 = ( BOUNDED_CURVE() B_SPLINE_CURVE(2,(#2790,#2791,#2792,#2793,
#2794,#2795,#2796),.UNSPECIFIED.,.T.,.F.) B_SPLINE_CURVE_WITH_KNOTS((1,2
    ,2,2,2,1),(-2.094395102393,0.,2.094395102393,4.188790204786,
6.28318530718,8.377580409573),.UNSPECIFIED.) CURVE() 
GEOMETRIC_REPRESENTATION_ITEM() RATIONAL_B_SPLINE_CURVE((1.,0.5,1.,0.5,
1.,0.5,1.)) REPRESENTATION_ITEM('') );
#2790 = CARTESIAN_POINT('',(-1.361451124259,-3.429101595207));
#2791 = CARTESIAN_POINT('',(8.16482831737,-3.429101595207));
#2792 = CARTESIAN_POINT('',(3.401688596556,-11.6791015952));
#2793 = CARTESIAN_POINT('',(-1.361451124259,-19.9291015952));
#2794 = CARTESIAN_POINT('',(-6.124590845073,-11.6791015952));
#2795 = CARTESIAN_POINT('',(-10.88773056588,-3.429101595207));
#2796 = CARTESIAN_POINT('',(-1.361451124259,-3.429101595207));
#2797 = ( GEOMETRIC_REPRESENTATION_CONTEXT(2) 
PARAMETRIC_REPRESENTATION_CONTEXT() REPRESENTATION_CONTEXT('2D SPACE',''
  ) );
#2798 = PCURVE('',#2799,#2804);
#2799 = TOROIDAL_SURFACE('',#2800,5.5,2.5);
#2800 = AXIS2_PLACEMENT_3D('',#2801,#2802,#2803);
#2801 = CARTESIAN_POINT('',(3.559930540679,5.5,-27.61999999289));
#2802 = DIRECTION('',(0.,-1.,0.));
#2803 = DIRECTION('',(0.,0.,1.));
#2804 = DEFINITIONAL_REPRESENTATION('',(#2805),#2809);
#2805 = LINE('',#2806,#2807);
#2806 = CARTESIAN_POINT('',(-0.,4.712388980385));
#2807 = VECTOR('',#2808,1.);
#2808 = DIRECTION('',(-1.,0.));
#2809 = ( GEOMETRIC_REPRESENTATION_CONTEXT(2) 
PARAMETRIC_REPRESENTATION_CONTEXT() REPRESENTATION_CONTEXT('2D SPACE',''
  ) );
#2810 = ORIENTED_EDGE('',*,*,#2811,.T.);
#2811 = EDGE_CURVE('',#2779,#2812,#2814,.T.);
#2812 = VERTEX_POINT('',#2813);
#2813 = CARTESIAN_POINT('',(9.636278099291,8.,-29.82402551729));
#2814 = SURFACE_CURVE('',#2815,(#2819,#2826),.PCURVE_S1.);
#2815 = LINE('',#2816,#2817);
#2816 = CARTESIAN_POINT('',(8.944618302818,8.,-26.49967070903));
#2817 = VECTOR('',#2818,1.);
#2818 = DIRECTION('',(0.203696233429,0.,-0.979034138571));
#2819 = PCURVE('',#1568,#2820);
#2820 = DEFINITIONAL_REPRESENTATION('',(#2821),#2825);
#2821 = LINE('',#2822,#2823);
#2822 = CARTESIAN_POINT('',(4.02323663788,-7.808772311345));
#2823 = VECTOR('',#2824,1.);
#2824 = DIRECTION('',(0.203696233429,-0.979034138571));
#2825 = ( GEOMETRIC_REPRESENTATION_CONTEXT(2) 
PARAMETRIC_REPRESENTATION_CONTEXT() REPRESENTATION_CONTEXT('2D SPACE',''
  ) );
#2826 = PCURVE('',#2827,#2832);
#2827 = CYLINDRICAL_SURFACE('',#2828,2.5);
#2828 = AXIS2_PLACEMENT_3D('',#2829,#2830,#2831);
#2829 = CARTESIAN_POINT('',(8.944618302818,5.5,-26.49967070903));
#2830 = DIRECTION('',(0.203696233429,0.,-0.979034138571));
#2831 = DIRECTION('',(-0.979034138571,-0.,-0.203696233429));
#2832 = DEFINITIONAL_REPRESENTATION('',(#2833),#2837);
#2833 = LINE('',#2834,#2835);
#2834 = CARTESIAN_POINT('',(1.570796326795,0.));
#2835 = VECTOR('',#2836,1.);
#2836 = DIRECTION('',(0.,1.));
#2837 = ( GEOMETRIC_REPRESENTATION_CONTEXT(2) 
PARAMETRIC_REPRESENTATION_CONTEXT() REPRESENTATION_CONTEXT('2D SPACE',''
  ) );
#2838 = ORIENTED_EDGE('',*,*,#2839,.T.);
#2839 = EDGE_CURVE('',#2812,#2840,#2842,.T.);
#2840 = VERTEX_POINT('',#2841);
#2841 = CARTESIAN_POINT('',(20.772237207536,8.,-24.08686596226));
#2842 = SURFACE_CURVE('',#2843,(#2848,#2855),.PCURVE_S1.);
#2843 = CIRCLE('',#2844,6.5);
#2844 = AXIS2_PLACEMENT_3D('',#2845,#2846,#2847);
#2845 = CARTESIAN_POINT('',(16.,8.,-28.5));
#2846 = DIRECTION('',(0.,-1.,0.));
#2847 = DIRECTION('',(-0.979034138571,-0.,-0.203696233429));
#2848 = PCURVE('',#1568,#2849);
#2849 = DEFINITIONAL_REPRESENTATION('',(#2850),#2854);
#2850 = CIRCLE('',#2851,6.5);
#2851 = AXIS2_PLACEMENT_2D('',#2852,#2853);
#2852 = CARTESIAN_POINT('',(11.078618335062,-9.809101602309));
#2853 = DIRECTION('',(-0.979034138571,-0.203696233429));
#2854 = ( GEOMETRIC_REPRESENTATION_CONTEXT(2) 
PARAMETRIC_REPRESENTATION_CONTEXT() REPRESENTATION_CONTEXT('2D SPACE',''
  ) );
#2855 = PCURVE('',#2856,#2861);
#2856 = TOROIDAL_SURFACE('',#2857,6.5,2.5);
#2857 = AXIS2_PLACEMENT_3D('',#2858,#2859,#2860);
#2858 = CARTESIAN_POINT('',(16.,5.5,-28.5));
#2859 = DIRECTION('',(-0.,1.,-0.));
#2860 = DIRECTION('',(-0.979034138571,-0.,-0.203696233429));
#2861 = DEFINITIONAL_REPRESENTATION('',(#2862),#2866);
#2862 = LINE('',#2863,#2864);
#2863 = CARTESIAN_POINT('',(-0.,1.570796326795));
#2864 = VECTOR('',#2865,1.);
#2865 = DIRECTION('',(-1.,0.));
#2866 = ( GEOMETRIC_REPRESENTATION_CONTEXT(2) 
PARAMETRIC_REPRESENTATION_CONTEXT() REPRESENTATION_CONTEXT('2D SPACE',''
  ) );
#2867 = ORIENTED_EDGE('',*,*,#2868,.T.);
#2868 = EDGE_CURVE('',#2840,#2869,#2871,.T.);
#2869 = VERTEX_POINT('',#2870);
#2870 = CARTESIAN_POINT('',(11.961953139995,8.,-14.55967619721));
#2871 = SURFACE_CURVE('',#2872,(#2876,#2883),.PCURVE_S1.);
#2872 = LINE('',#2873,#2874);
#2873 = CARTESIAN_POINT('',(20.772237207536,8.,-24.08686596226));
#2874 = VECTOR('',#2875,1.);
#2875 = DIRECTION('',(-0.678943698113,0.,0.734190339621));
#2876 = PCURVE('',#1568,#2877);
#2877 = DEFINITIONAL_REPRESENTATION('',(#2878),#2882);
#2878 = LINE('',#2879,#2880);
#2879 = CARTESIAN_POINT('',(15.850855542599,-5.395967564575));
#2880 = VECTOR('',#2881,1.);
#2881 = DIRECTION('',(-0.678943698113,0.734190339621));
#2882 = ( GEOMETRIC_REPRESENTATION_CONTEXT(2) 
PARAMETRIC_REPRESENTATION_CONTEXT() REPRESENTATION_CONTEXT('2D SPACE',''
  ) );
#2883 = PCURVE('',#2884,#2889);
#2884 = CYLINDRICAL_SURFACE('',#2885,2.5);
#2885 = AXIS2_PLACEMENT_3D('',#2886,#2887,#2888);
#2886 = CARTESIAN_POINT('',(20.772237207536,5.5,-24.08686596226));
#2887 = DIRECTION('',(-0.678943698113,0.,0.734190339621));
#2888 = DIRECTION('',(0.734190339621,0.,0.678943698113));
#2889 = DEFINITIONAL_REPRESENTATION('',(#2890),#2894);
#2890 = LINE('',#2891,#2892);
#2891 = CARTESIAN_POINT('',(1.570796326795,0.));
#2892 = VECTOR('',#2893,1.);
#2893 = DIRECTION('',(0.,1.));
#2894 = ( GEOMETRIC_REPRESENTATION_CONTEXT(2) 
PARAMETRIC_REPRESENTATION_CONTEXT() REPRESENTATION_CONTEXT('2D SPACE',''
  ) );
#2895 = ORIENTED_EDGE('',*,*,#2896,.T.);
#2896 = EDGE_CURVE('',#2869,#2629,#2897,.T.);
#2897 = SURFACE_CURVE('',#2898,(#2903,#2914),.PCURVE_S1.);
#2898 = CIRCLE('',#2899,5.5);
#2899 = AXIS2_PLACEMENT_3D('',#2900,#2901,#2902);
#2900 = CARTESIAN_POINT('',(16.,8.,-10.82548586491));
#2901 = DIRECTION('',(0.,1.,-0.));
#2902 = DIRECTION('',(-0.734190339621,-0.,-0.678943698113));
#2903 = PCURVE('',#1568,#2904);
#2904 = DEFINITIONAL_REPRESENTATION('',(#2905),#2913);
#2905 = ( BOUNDED_CURVE() B_SPLINE_CURVE(2,(#2906,#2907,#2908,#2909,
#2910,#2911,#2912),.UNSPECIFIED.,.T.,.F.) B_SPLINE_CURVE_WITH_KNOTS((1,2
    ,2,2,2,1),(-2.094395102393,0.,2.094395102393,4.188790204786,
6.28318530718,8.377580409573),.UNSPECIFIED.) CURVE() 
GEOMETRIC_REPRESENTATION_ITEM() RATIONAL_B_SPLINE_CURVE((1.,0.5,1.,0.5,
1.,0.5,1.)) REPRESENTATION_ITEM('') );
#2906 = CARTESIAN_POINT('',(7.040571467147,4.131222193158));
#2907 = CARTESIAN_POINT('',(0.57276407379,11.125324531732));
#2908 = CARTESIAN_POINT('',(9.863738072342,13.229558871877));
#2909 = CARTESIAN_POINT('',(19.154712070893,15.333793212021));
#2910 = CARTESIAN_POINT('',(16.331545465698,6.235456533303));
#2911 = CARTESIAN_POINT('',(13.508378860503,-2.862880145415));
#2912 = CARTESIAN_POINT('',(7.040571467147,4.131222193158));
#2913 = ( GEOMETRIC_REPRESENTATION_CONTEXT(2) 
PARAMETRIC_REPRESENTATION_CONTEXT() REPRESENTATION_CONTEXT('2D SPACE',''
  ) );
#2914 = PCURVE('',#2644,#2915);
#2915 = DEFINITIONAL_REPRESENTATION('',(#2916),#2920);
#2916 = LINE('',#2917,#2918);
#2917 = CARTESIAN_POINT('',(-0.,4.712388980385));
#2918 = VECTOR('',#2919,1.);
#2919 = DIRECTION('',(-1.,0.));
#2920 = ( GEOMETRIC_REPRESENTATION_CONTEXT(2) 
PARAMETRIC_REPRESENTATION_CONTEXT() REPRESENTATION_CONTEXT('2D SPACE',''
  ) );
#2921 = ORIENTED_EDGE('',*,*,#2655,.T.);
#2922 = ORIENTED_EDGE('',*,*,#1554,.T.);
#2923 = FACE_BOUND('',#2924,.F.);
#2924 = EDGE_LOOP('',(#2925));
#2925 = ORIENTED_EDGE('',*,*,#2926,.F.);
#2926 = EDGE_CURVE('',#2927,#2927,#2929,.T.);
#2927 = VERTEX_POINT('',#2928);
#2928 = CARTESIAN_POINT('',(19.,8.,-28.5));
#2929 = SURFACE_CURVE('',#2930,(#2935,#2942),.PCURVE_S1.);
#2930 = CIRCLE('',#2931,3.);
#2931 = AXIS2_PLACEMENT_3D('',#2932,#2933,#2934);
#2932 = CARTESIAN_POINT('',(16.,8.,-28.5));
#2933 = DIRECTION('',(0.,-1.,2.22044604925E-16));
#2934 = DIRECTION('',(1.,0.,0.));
#2935 = PCURVE('',#1568,#2936);
#2936 = DEFINITIONAL_REPRESENTATION('',(#2937),#2941);
#2937 = CIRCLE('',#2938,3.);
#2938 = AXIS2_PLACEMENT_2D('',#2939,#2940);
#2939 = CARTESIAN_POINT('',(11.078618335062,-9.809101602309));
#2940 = DIRECTION('',(1.,0.));
#2941 = ( GEOMETRIC_REPRESENTATION_CONTEXT(2) 
PARAMETRIC_REPRESENTATION_CONTEXT() REPRESENTATION_CONTEXT('2D SPACE',''
  ) );
#2942 = PCURVE('',#2258,#2943);
#2943 = DEFINITIONAL_REPRESENTATION('',(#2944),#2948);
#2944 = LINE('',#2945,#2946);
#2945 = CARTESIAN_POINT('',(0.,1.));
#2946 = VECTOR('',#2947,1.);
#2947 = DIRECTION('',(1.,0.));
#2948 = ( GEOMETRIC_REPRESENTATION_CONTEXT(2) 
PARAMETRIC_REPRESENTATION_CONTEXT() REPRESENTATION_CONTEXT('2D SPACE',''
  ) );
#2949 = ADVANCED_FACE('',(#2950,#2953),#1624,.T.);
#2950 = FACE_BOUND('',#2951,.T.);
#2951 = EDGE_LOOP('',(#2952));
#2952 = ORIENTED_EDGE('',*,*,#1609,.T.);
#2953 = FACE_BOUND('',#2954,.T.);
#2954 = EDGE_LOOP('',(#2955));
#2955 = ORIENTED_EDGE('',*,*,#2956,.F.);
#2956 = EDGE_CURVE('',#2957,#2957,#2959,.T.);
#2957 = VERTEX_POINT('',#2958);
#2958 = CARTESIAN_POINT('',(5.2,-1.273632671113E-15,-19.));
#2959 = SURFACE_CURVE('',#2960,(#2965,#2972),.PCURVE_S1.);
#2960 = CIRCLE('',#2961,5.2);
#2961 = AXIS2_PLACEMENT_3D('',#2962,#2963,#2964);
#2962 = CARTESIAN_POINT('',(0.,0.,-19.));
#2963 = DIRECTION('',(0.,0.,1.));
#2964 = DIRECTION('',(1.,0.,-0.));
#2965 = PCURVE('',#1624,#2966);
#2966 = DEFINITIONAL_REPRESENTATION('',(#2967),#2971);
#2967 = CIRCLE('',#2968,5.2);
#2968 = AXIS2_PLACEMENT_2D('',#2969,#2970);
#2969 = CARTESIAN_POINT('',(0.,0.));
#2970 = DIRECTION('',(1.,0.));
#2971 = ( GEOMETRIC_REPRESENTATION_CONTEXT(2) 
PARAMETRIC_REPRESENTATION_CONTEXT() REPRESENTATION_CONTEXT('2D SPACE',''
  ) );
#2972 = PCURVE('',#2973,#2978);
#2973 = CYLINDRICAL_SURFACE('',#2974,5.2);
#2974 = AXIS2_PLACEMENT_3D('',#2975,#2976,#2977);
#2975 = CARTESIAN_POINT('',(0.,0.,-22.62));
#2976 = DIRECTION('',(0.,0.,1.));
#2977 = DIRECTION('',(1.,0.,-0.));
#2978 = DEFINITIONAL_REPRESENTATION('',(#2979),#2983);
#2979 = LINE('',#2980,#2981);
#2980 = CARTESIAN_POINT('',(0.,3.62));
#2981 = VECTOR('',#2982,1.);
#2982 = DIRECTION('',(1.,0.));
#2983 = ( GEOMETRIC_REPRESENTATION_CONTEXT(2) 
PARAMETRIC_REPRESENTATION_CONTEXT() REPRESENTATION_CONTEXT('2D SPACE',''
  ) );
#2984 = ADVANCED_FACE('',(#2985,#3112),#1679,.T.);
#2985 = FACE_BOUND('',#2986,.T.);
#2986 = EDGE_LOOP('',(#2987,#2988,#2989,#2990,#2991,#3014,#3037,#3065,
    #3088,#3109,#3110,#3111));
#2987 = ORIENTED_EDGE('',*,*,#1965,.F.);
#2988 = ORIENTED_EDGE('',*,*,#2296,.F.);
#2989 = ORIENTED_EDGE('',*,*,#2376,.T.);
#2990 = ORIENTED_EDGE('',*,*,#2477,.F.);
#2991 = ORIENTED_EDGE('',*,*,#2992,.T.);
#2992 = EDGE_CURVE('',#2478,#2993,#2995,.T.);
#2993 = VERTEX_POINT('',#2994);
#2994 = CARTESIAN_POINT('',(-10.21441588134,5.5,-24.62));
#2995 = SURFACE_CURVE('',#2996,(#3000,#3007),.PCURVE_S1.);
#2996 = LINE('',#2997,#2998);
#2997 = CARTESIAN_POINT('',(-10.21441588134,8.041499126591,-24.62));
#2998 = VECTOR('',#2999,1.);
#2999 = DIRECTION('',(6.989405665398E-16,-1.,-1.39788113308E-15));
#3000 = PCURVE('',#1679,#3001);
#3001 = DEFINITIONAL_REPRESENTATION('',(#3002),#3006);
#3002 = LINE('',#3003,#3004);
#3003 = CARTESIAN_POINT('',(2.785584118657,-8.041499126591));
#3004 = VECTOR('',#3005,1.);
#3005 = DIRECTION('',(6.989405665398E-16,1.));
#3006 = ( GEOMETRIC_REPRESENTATION_CONTEXT(2) 
PARAMETRIC_REPRESENTATION_CONTEXT() REPRESENTATION_CONTEXT('2D SPACE',''
  ) );
#3007 = PCURVE('',#2567,#3008);
#3008 = DEFINITIONAL_REPRESENTATION('',(#3009),#3013);
#3009 = LINE('',#3010,#3011);
#3010 = CARTESIAN_POINT('',(2.994649321399,9.958500873409));
#3011 = VECTOR('',#3012,1.);
#3012 = DIRECTION('',(0.,1.));
#3013 = ( GEOMETRIC_REPRESENTATION_CONTEXT(2) 
PARAMETRIC_REPRESENTATION_CONTEXT() REPRESENTATION_CONTEXT('2D SPACE',''
  ) );
#3014 = ORIENTED_EDGE('',*,*,#3015,.T.);
#3015 = EDGE_CURVE('',#2993,#3016,#3018,.T.);
#3016 = VERTEX_POINT('',#3017);
#3017 = CARTESIAN_POINT('',(3.559930540679,5.5,-24.62));
#3018 = SURFACE_CURVE('',#3019,(#3023,#3030),.PCURVE_S1.);
#3019 = LINE('',#3020,#3021);
#3020 = CARTESIAN_POINT('',(-10.21441588134,5.5,-24.62));
#3021 = VECTOR('',#3022,1.);
#3022 = DIRECTION('',(1.,0.,0.));
#3023 = PCURVE('',#1679,#3024);
#3024 = DEFINITIONAL_REPRESENTATION('',(#3025),#3029);
#3025 = LINE('',#3026,#3027);
#3026 = CARTESIAN_POINT('',(2.785584118657,-5.5));
#3027 = VECTOR('',#3028,1.);
#3028 = DIRECTION('',(1.,0.));
#3029 = ( GEOMETRIC_REPRESENTATION_CONTEXT(2) 
PARAMETRIC_REPRESENTATION_CONTEXT() REPRESENTATION_CONTEXT('2D SPACE',''
  ) );
#3030 = PCURVE('',#2766,#3031);
#3031 = DEFINITIONAL_REPRESENTATION('',(#3032),#3036);
#3032 = LINE('',#3033,#3034);
#3033 = CARTESIAN_POINT('',(0.,0.));
#3034 = VECTOR('',#3035,1.);
#3035 = DIRECTION('',(0.,1.));
#3036 = ( GEOMETRIC_REPRESENTATION_CONTEXT(2) 
PARAMETRIC_REPRESENTATION_CONTEXT() REPRESENTATION_CONTEXT('2D SPACE',''
  ) );
#3037 = ORIENTED_EDGE('',*,*,#3038,.T.);
#3038 = EDGE_CURVE('',#3016,#3039,#3041,.T.);
#3039 = VERTEX_POINT('',#3040);
#3040 = CARTESIAN_POINT('',(3.559930540679,-5.5,-24.62));
#3041 = SURFACE_CURVE('',#3042,(#3046,#3053),.PCURVE_S1.);
#3042 = LINE('',#3043,#3044);
#3043 = CARTESIAN_POINT('',(3.559930540679,8.,-24.61999999644));
#3044 = VECTOR('',#3045,1.);
#3045 = DIRECTION('',(0.,-1.,0.));
#3046 = PCURVE('',#1679,#3047);
#3047 = DEFINITIONAL_REPRESENTATION('',(#3048),#3052);
#3048 = LINE('',#3049,#3050);
#3049 = CARTESIAN_POINT('',(16.559930540679,-8.));
#3050 = VECTOR('',#3051,1.);
#3051 = DIRECTION('',(0.,1.));
#3052 = ( GEOMETRIC_REPRESENTATION_CONTEXT(2) 
PARAMETRIC_REPRESENTATION_CONTEXT() REPRESENTATION_CONTEXT('2D SPACE',''
  ) );
#3053 = PCURVE('',#3054,#3059);
#3054 = CYLINDRICAL_SURFACE('',#3055,3.);
#3055 = AXIS2_PLACEMENT_3D('',#3056,#3057,#3058);
#3056 = CARTESIAN_POINT('',(3.559930540679,0.,-27.61999999289));
#3057 = DIRECTION('',(-0.,-1.,0.));
#3058 = DIRECTION('',(-1.,0.,0.));
#3059 = DEFINITIONAL_REPRESENTATION('',(#3060),#3064);
#3060 = LINE('',#3061,#3062);
#3061 = CARTESIAN_POINT('',(-1.570796326795,-8.));
#3062 = VECTOR('',#3063,1.);
#3063 = DIRECTION('',(0.,1.));
#3064 = ( GEOMETRIC_REPRESENTATION_CONTEXT(2) 
PARAMETRIC_REPRESENTATION_CONTEXT() REPRESENTATION_CONTEXT('2D SPACE',''
  ) );
#3065 = ORIENTED_EDGE('',*,*,#3066,.F.);
#3066 = EDGE_CURVE('',#3067,#3039,#3069,.T.);
#3067 = VERTEX_POINT('',#3068);
#3068 = CARTESIAN_POINT('',(-10.21441588134,-5.5,-24.62));
#3069 = SURFACE_CURVE('',#3070,(#3074,#3081),.PCURVE_S1.);
#3070 = LINE('',#3071,#3072);
#3071 = CARTESIAN_POINT('',(-10.21441588134,-5.5,-24.62));
#3072 = VECTOR('',#3073,1.);
#3073 = DIRECTION('',(1.,0.,0.));
#3074 = PCURVE('',#1679,#3075);
#3075 = DEFINITIONAL_REPRESENTATION('',(#3076),#3080);
#3076 = LINE('',#3077,#3078);
#3077 = CARTESIAN_POINT('',(2.785584118657,5.5));
#3078 = VECTOR('',#3079,1.);
#3079 = DIRECTION('',(1.,0.));
#3080 = ( GEOMETRIC_REPRESENTATION_CONTEXT(2) 
PARAMETRIC_REPRESENTATION_CONTEXT() REPRESENTATION_CONTEXT('2D SPACE',''
  ) );
#3081 = PCURVE('',#2054,#3082);
#3082 = DEFINITIONAL_REPRESENTATION('',(#3083),#3087);
#3083 = LINE('',#3084,#3085);
#3084 = CARTESIAN_POINT('',(1.570796326795,0.));
#3085 = VECTOR('',#3086,1.);
#3086 = DIRECTION('',(0.,1.));
#3087 = ( GEOMETRIC_REPRESENTATION_CONTEXT(2) 
PARAMETRIC_REPRESENTATION_CONTEXT() REPRESENTATION_CONTEXT('2D SPACE',''
  ) );
#3088 = ORIENTED_EDGE('',*,*,#3089,.T.);
#3089 = EDGE_CURVE('',#3067,#1738,#3090,.T.);
#3090 = SURFACE_CURVE('',#3091,(#3095,#3102),.PCURVE_S1.);
#3091 = LINE('',#3092,#3093);
#3092 = CARTESIAN_POINT('',(-10.21441588134,-5.5,-24.62));
#3093 = VECTOR('',#3094,1.);
#3094 = DIRECTION('',(-2.096821699619E-15,-1.,1.39788113308E-15));
#3095 = PCURVE('',#1679,#3096);
#3096 = DEFINITIONAL_REPRESENTATION('',(#3097),#3101);
#3097 = LINE('',#3098,#3099);
#3098 = CARTESIAN_POINT('',(2.785584118657,5.5));
#3099 = VECTOR('',#3100,1.);
#3100 = DIRECTION('',(-2.096821699619E-15,1.));
#3101 = ( GEOMETRIC_REPRESENTATION_CONTEXT(2) 
PARAMETRIC_REPRESENTATION_CONTEXT() REPRESENTATION_CONTEXT('2D SPACE',''
  ) );
#3102 = PCURVE('',#1799,#3103);
#3103 = DEFINITIONAL_REPRESENTATION('',(#3104),#3108);
#3104 = LINE('',#3105,#3106);
#3105 = CARTESIAN_POINT('',(2.994649321399,23.5));
#3106 = VECTOR('',#3107,1.);
#3107 = DIRECTION('',(-0.,1.));
#3108 = ( GEOMETRIC_REPRESENTATION_CONTEXT(2) 
PARAMETRIC_REPRESENTATION_CONTEXT() REPRESENTATION_CONTEXT('2D SPACE',''
  ) );
#3109 = ORIENTED_EDGE('',*,*,#1834,.F.);
#3110 = ORIENTED_EDGE('',*,*,#1663,.F.);
#3111 = ORIENTED_EDGE('',*,*,#1888,.F.);
#3112 = FACE_BOUND('',#3113,.T.);
#3113 = EDGE_LOOP('',(#3114));
#3114 = ORIENTED_EDGE('',*,*,#3115,.T.);
#3115 = EDGE_CURVE('',#3116,#3116,#3118,.T.);
#3116 = VERTEX_POINT('',#3117);
#3117 = CARTESIAN_POINT('',(2.75,-6.73555739531E-16,-24.62));
#3118 = SURFACE_CURVE('',#3119,(#3124,#3135),.PCURVE_S1.);
#3119 = CIRCLE('',#3120,2.75);
#3120 = AXIS2_PLACEMENT_3D('',#3121,#3122,#3123);
#3121 = CARTESIAN_POINT('',(0.,0.,-24.62));
#3122 = DIRECTION('',(0.,0.,1.));
#3123 = DIRECTION('',(1.,0.,-0.));
#3124 = PCURVE('',#1679,#3125);
#3125 = DEFINITIONAL_REPRESENTATION('',(#3126),#3134);
#3126 = ( BOUNDED_CURVE() B_SPLINE_CURVE(2,(#3127,#3128,#3129,#3130,
#3131,#3132,#3133),.UNSPECIFIED.,.T.,.F.) B_SPLINE_CURVE_WITH_KNOTS((1,2
    ,2,2,2,1),(-2.094395102393,0.,2.094395102393,4.188790204786,
6.28318530718,8.377580409573),.UNSPECIFIED.) CURVE() 
GEOMETRIC_REPRESENTATION_ITEM() RATIONAL_B_SPLINE_CURVE((1.,0.5,1.,0.5,
1.,0.5,1.)) REPRESENTATION_ITEM('') );
#3127 = CARTESIAN_POINT('',(15.75,0.));
#3128 = CARTESIAN_POINT('',(15.75,-4.763139720814));
#3129 = CARTESIAN_POINT('',(11.625,-2.381569860407));
#3130 = CARTESIAN_POINT('',(7.5,-6.73555739531E-16));
#3131 = CARTESIAN_POINT('',(11.625,2.381569860407));
#3132 = CARTESIAN_POINT('',(15.75,4.763139720814));
#3133 = CARTESIAN_POINT('',(15.75,0.));
#3134 = ( GEOMETRIC_REPRESENTATION_CONTEXT(2) 
PARAMETRIC_REPRESENTATION_CONTEXT() REPRESENTATION_CONTEXT('2D SPACE',''
  ) );
#3135 = PCURVE('',#3136,#3141);
#3136 = CYLINDRICAL_SURFACE('',#3137,2.75);
#3137 = AXIS2_PLACEMENT_3D('',#3138,#3139,#3140);
#3138 = CARTESIAN_POINT('',(0.,0.,-25.62));
#3139 = DIRECTION('',(0.,0.,1.));
#3140 = DIRECTION('',(1.,0.,-0.));
#3141 = DEFINITIONAL_REPRESENTATION('',(#3142),#3146);
#3142 = LINE('',#3143,#3144);
#3143 = CARTESIAN_POINT('',(0.,1.));
#3144 = VECTOR('',#3145,1.);
#3145 = DIRECTION('',(1.,0.));
#3146 = ( GEOMETRIC_REPRESENTATION_CONTEXT(2) 
PARAMETRIC_REPRESENTATION_CONTEXT() REPRESENTATION_CONTEXT('2D SPACE',''
  ) );
#3147 = ADVANCED_FACE('',(#3148),#1799,.F.);
#3148 = FACE_BOUND('',#3149,.F.);
#3149 = EDGE_LOOP('',(#3150,#3151,#3211,#3212,#3213));
#3150 = ORIENTED_EDGE('',*,*,#2014,.T.);
#3151 = ORIENTED_EDGE('',*,*,#3152,.T.);
#3152 = EDGE_CURVE('',#2015,#3067,#3153,.T.);
#3153 = SURFACE_CURVE('',#3154,(#3171,#3191),.PCURVE_S1.);
#3154 = B_SPLINE_CURVE_WITH_KNOTS('',8,(#3155,#3156,#3157,#3158,#3159,
    #3160,#3161,#3162,#3163,#3164,#3165,#3166,#3167,#3168,#3169,#3170),
  .UNSPECIFIED.,.F.,.F.,(9,7,9),(0.,0.456583015578,1.),.UNSPECIFIED.);
#3155 = CARTESIAN_POINT('',(-9.720528765949,-8.,-22.12));
#3156 = CARTESIAN_POINT('',(-9.784533155138,-8.,-22.37802926853));
#3157 = CARTESIAN_POINT('',(-9.845728055263,-7.96956287623,
    -22.63739245854));
#3158 = CARTESIAN_POINT('',(-9.901911905869,-7.908145719808,
    -22.88931757417));
#3159 = CARTESIAN_POINT('',(-9.952190618135,-7.818882157354,
    -23.12789743804));
#3160 = CARTESIAN_POINT('',(-9.996379201228,-7.705721229112,
    -23.34895962021));
#3161 = CARTESIAN_POINT('',(-10.03470488597,-7.573247985183,
    -23.54994829541));
#3162 = CARTESIAN_POINT('',(-10.06759022513,-7.425914585037,
    -23.72961932089));
#3163 = CARTESIAN_POINT('',(-10.12880945545,-7.079542454067,
    -24.07599145186));
#3164 = CARTESIAN_POINT('',(-10.15523986263,-6.87514181554,
    -24.23458440272));
#3165 = CARTESIAN_POINT('',(-10.17596791484,-6.658894618085,
    -24.3649370107));
#3166 = CARTESIAN_POINT('',(-10.19174697531,-6.434221996242,
    -24.46779499928));
#3167 = CARTESIAN_POINT('',(-10.20318412501,-6.204021608157,
    -24.54411289791));
#3168 = CARTESIAN_POINT('',(-10.21066248236,-5.97055214028,
    -24.59464140872));
#3169 = CARTESIAN_POINT('',(-10.21441588134,-5.735523058279,-24.62));
#3170 = CARTESIAN_POINT('',(-10.21441588134,-5.5,-24.62));
#3171 = PCURVE('',#1799,#3172);
#3172 = DEFINITIONAL_REPRESENTATION('',(#3173),#3190);
#3173 = B_SPLINE_CURVE_WITH_KNOTS('',8,(#3174,#3175,#3176,#3177,#3178,
    #3179,#3180,#3181,#3182,#3183,#3184,#3185,#3186,#3187,#3188,#3189),
  .UNSPECIFIED.,.F.,.F.,(9,7,9),(0.,0.456583015578,1.),.UNSPECIFIED.);
#3174 = CARTESIAN_POINT('',(2.898449288459,26.));
#3175 = CARTESIAN_POINT('',(2.908481324382,26.));
#3176 = CARTESIAN_POINT('',(2.918536692407,25.96956287623));
#3177 = CARTESIAN_POINT('',(2.928275643533,25.908145719808));
#3178 = CARTESIAN_POINT('',(2.93747528444,25.818882157354));
#3179 = CARTESIAN_POINT('',(2.945981570836,25.705721229112));
#3180 = CARTESIAN_POINT('',(2.953702342498,25.573247985183));
#3181 = CARTESIAN_POINT('',(2.960594884908,25.425914585037));
#3182 = CARTESIAN_POINT('',(2.973868114968,25.079542454067));
#3183 = CARTESIAN_POINT('',(2.97993500324,24.87514181554));
#3184 = CARTESIAN_POINT('',(2.984915601915,24.658894618085));
#3185 = CARTESIAN_POINT('',(2.988842384578,24.434221996242));
#3186 = CARTESIAN_POINT('',(2.991754462217,24.204021608157));
#3187 = CARTESIAN_POINT('',(2.993681967978,23.97055214028));
#3188 = CARTESIAN_POINT('',(2.994649321399,23.735523058279));
#3189 = CARTESIAN_POINT('',(2.994649321399,23.5));
#3190 = ( GEOMETRIC_REPRESENTATION_CONTEXT(2) 
PARAMETRIC_REPRESENTATION_CONTEXT() REPRESENTATION_CONTEXT('2D SPACE',''
  ) );
#3191 = PCURVE('',#2054,#3192);
#3192 = DEFINITIONAL_REPRESENTATION('',(#3193),#3210);
#3193 = B_SPLINE_CURVE_WITH_KNOTS('',8,(#3194,#3195,#3196,#3197,#3198,
    #3199,#3200,#3201,#3202,#3203,#3204,#3205,#3206,#3207,#3208,#3209),
  .UNSPECIFIED.,.F.,.F.,(9,7,9),(0.,0.456583015578,1.),.UNSPECIFIED.);
#3194 = CARTESIAN_POINT('',(0.,0.493887115394));
#3195 = CARTESIAN_POINT('',(0.103211707416,0.429882726205));
#3196 = CARTESIAN_POINT('',(0.20695661589,0.36868782608));
#3197 = CARTESIAN_POINT('',(0.309404359971,0.312503975474));
#3198 = CARTESIAN_POINT('',(0.409927619358,0.262225263208));
#3199 = CARTESIAN_POINT('',(0.508034622439,0.218036680115));
#3200 = CARTESIAN_POINT('',(0.603446082493,0.179710995366));
#3201 = CARTESIAN_POINT('',(0.695936352945,0.146825656213));
#3202 = CARTESIAN_POINT('',(0.891874019043,8.560642589305E-02));
#3203 = CARTESIAN_POINT('',(0.994544456601,5.917601870416E-02));
#3204 = CARTESIAN_POINT('',(1.094414910467,3.844796650131E-02));
#3205 = CARTESIAN_POINT('',(1.192028272753,2.266890602905E-02));
#3206 = CARTESIAN_POINT('',(1.287915626312,1.123175632402E-02));
#3207 = CARTESIAN_POINT('',(1.382575035963,3.753398973479E-03));
#3208 = CARTESIAN_POINT('',(1.476587103483,-3.569081257744E-15));
#3209 = CARTESIAN_POINT('',(1.570796326795,-3.552713678801E-15));
#3210 = ( GEOMETRIC_REPRESENTATION_CONTEXT(2) 
PARAMETRIC_REPRESENTATION_CONTEXT() REPRESENTATION_CONTEXT('2D SPACE',''
  ) );
#3211 = ORIENTED_EDGE('',*,*,#3089,.T.);
#3212 = ORIENTED_EDGE('',*,*,#1737,.F.);
#3213 = ORIENTED_EDGE('',*,*,#1940,.F.);
#3214 = ADVANCED_FACE('',(#3215),#2054,.T.);
#3215 = FACE_BOUND('',#3216,.T.);
#3216 = EDGE_LOOP('',(#3217,#3218,#3219,#3239));
#3217 = ORIENTED_EDGE('',*,*,#3152,.T.);
#3218 = ORIENTED_EDGE('',*,*,#3066,.T.);
#3219 = ORIENTED_EDGE('',*,*,#3220,.F.);
#3220 = EDGE_CURVE('',#2039,#3039,#3221,.T.);
#3221 = SURFACE_CURVE('',#3222,(#3227,#3233),.PCURVE_S1.);
#3222 = CIRCLE('',#3223,2.5);
#3223 = AXIS2_PLACEMENT_3D('',#3224,#3225,#3226);
#3224 = CARTESIAN_POINT('',(3.559930540679,-5.5,-22.12));
#3225 = DIRECTION('',(1.,0.,0.));
#3226 = DIRECTION('',(0.,-1.,0.));
#3227 = PCURVE('',#2054,#3228);
#3228 = DEFINITIONAL_REPRESENTATION('',(#3229),#3232);
#3229 = B_SPLINE_CURVE_WITH_KNOTS('',1,(#3230,#3231),.UNSPECIFIED.,.F.,
  .F.,(2,2),(0.,1.570796326795),.PIECEWISE_BEZIER_KNOTS.);
#3230 = CARTESIAN_POINT('',(0.,13.774346422022));
#3231 = CARTESIAN_POINT('',(1.570796326795,13.774346422022));
#3232 = ( GEOMETRIC_REPRESENTATION_CONTEXT(2) 
PARAMETRIC_REPRESENTATION_CONTEXT() REPRESENTATION_CONTEXT('2D SPACE',''
  ) );
#3233 = PCURVE('',#2087,#3234);
#3234 = DEFINITIONAL_REPRESENTATION('',(#3235),#3238);
#3235 = B_SPLINE_CURVE_WITH_KNOTS('',1,(#3236,#3237),.UNSPECIFIED.,.F.,
  .F.,(2,2),(0.,1.570796326795),.PIECEWISE_BEZIER_KNOTS.);
#3236 = CARTESIAN_POINT('',(0.,1.570796326795));
#3237 = CARTESIAN_POINT('',(0.,3.14159265359));
#3238 = ( GEOMETRIC_REPRESENTATION_CONTEXT(2) 
PARAMETRIC_REPRESENTATION_CONTEXT() REPRESENTATION_CONTEXT('2D SPACE',''
  ) );
#3239 = ORIENTED_EDGE('',*,*,#2038,.F.);
#3240 = ADVANCED_FACE('',(#3241),#2205,.T.);
#3241 = FACE_BOUND('',#3242,.F.);
#3242 = EDGE_LOOP('',(#3243,#3265,#3266,#3267));
#3243 = ORIENTED_EDGE('',*,*,#3244,.F.);
#3244 = EDGE_CURVE('',#2157,#3245,#3247,.T.);
#3245 = VERTEX_POINT('',#3246);
#3246 = CARTESIAN_POINT('',(13.797428989047,-5.5,-12.86231695193));
#3247 = SURFACE_CURVE('',#3248,(#3253,#3259),.PCURVE_S1.);
#3248 = CIRCLE('',#3249,2.5);
#3249 = AXIS2_PLACEMENT_3D('',#3250,#3251,#3252);
#3250 = CARTESIAN_POINT('',(11.961953139995,-5.5,-14.55967619721));
#3251 = DIRECTION('',(-0.678943698113,0.,0.734190339621));
#3252 = DIRECTION('',(0.,-1.,0.));
#3253 = PCURVE('',#2205,#3254);
#3254 = DEFINITIONAL_REPRESENTATION('',(#3255),#3258);
#3255 = B_SPLINE_CURVE_WITH_KNOTS('',1,(#3256,#3257),.UNSPECIFIED.,.F.,
  .F.,(2,2),(0.,1.570796326795),.PIECEWISE_BEZIER_KNOTS.);
#3256 = CARTESIAN_POINT('',(0.,1.570796326795));
#3257 = CARTESIAN_POINT('',(0.,3.14159265359));
#3258 = ( GEOMETRIC_REPRESENTATION_CONTEXT(2) 
PARAMETRIC_REPRESENTATION_CONTEXT() REPRESENTATION_CONTEXT('2D SPACE',''
  ) );
#3259 = PCURVE('',#2172,#3260);
#3260 = DEFINITIONAL_REPRESENTATION('',(#3261),#3264);
#3261 = B_SPLINE_CURVE_WITH_KNOTS('',1,(#3262,#3263),.UNSPECIFIED.,.F.,
  .F.,(2,2),(0.,1.570796326795),.PIECEWISE_BEZIER_KNOTS.);
#3262 = CARTESIAN_POINT('',(0.,12.976457535476));
#3263 = CARTESIAN_POINT('',(1.570796326795,12.976457535476));
#3264 = ( GEOMETRIC_REPRESENTATION_CONTEXT(2) 
PARAMETRIC_REPRESENTATION_CONTEXT() REPRESENTATION_CONTEXT('2D SPACE',''
  ) );
#3265 = ORIENTED_EDGE('',*,*,#2184,.T.);
#3266 = ORIENTED_EDGE('',*,*,#2328,.T.);
#3267 = ORIENTED_EDGE('',*,*,#3268,.F.);
#3268 = EDGE_CURVE('',#3245,#2329,#3269,.T.);
#3269 = SURFACE_CURVE('',#3270,(#3275,#3282),.PCURVE_S1.);
#3270 = CIRCLE('',#3271,3.);
#3271 = AXIS2_PLACEMENT_3D('',#3272,#3273,#3274);
#3272 = CARTESIAN_POINT('',(16.,-5.5,-10.82548586491));
#3273 = DIRECTION('',(0.,1.,-0.));
#3274 = DIRECTION('',(-0.734190339621,-0.,-0.678943698113));
#3275 = PCURVE('',#2205,#3276);
#3276 = DEFINITIONAL_REPRESENTATION('',(#3277),#3281);
#3277 = LINE('',#3278,#3279);
#3278 = CARTESIAN_POINT('',(-0.,3.14159265359));
#3279 = VECTOR('',#3280,1.);
#3280 = DIRECTION('',(-1.,0.));
#3281 = ( GEOMETRIC_REPRESENTATION_CONTEXT(2) 
PARAMETRIC_REPRESENTATION_CONTEXT() REPRESENTATION_CONTEXT('2D SPACE',''
  ) );
#3282 = PCURVE('',#2439,#3283);
#3283 = DEFINITIONAL_REPRESENTATION('',(#3284),#3288);
#3284 = LINE('',#3285,#3286);
#3285 = CARTESIAN_POINT('',(-5.536862361685,5.5));
#3286 = VECTOR('',#3287,1.);
#3287 = DIRECTION('',(-1.,0.));
#3288 = ( GEOMETRIC_REPRESENTATION_CONTEXT(2) 
PARAMETRIC_REPRESENTATION_CONTEXT() REPRESENTATION_CONTEXT('2D SPACE',''
  ) );
#3289 = ADVANCED_FACE('',(#3290),#2087,.T.);
#3290 = FACE_BOUND('',#3291,.F.);
#3291 = EDGE_LOOP('',(#3292,#3293,#3294,#3316));
#3292 = ORIENTED_EDGE('',*,*,#3220,.F.);
#3293 = ORIENTED_EDGE('',*,*,#2066,.T.);
#3294 = ORIENTED_EDGE('',*,*,#3295,.T.);
#3295 = EDGE_CURVE('',#2067,#3296,#3298,.T.);
#3296 = VERTEX_POINT('',#3297);
#3297 = CARTESIAN_POINT('',(6.497032956391,-5.5,-27.00891129261));
#3298 = SURFACE_CURVE('',#3299,(#3304,#3310),.PCURVE_S1.);
#3299 = CIRCLE('',#3300,2.5);
#3300 = AXIS2_PLACEMENT_3D('',#3301,#3302,#3303);
#3301 = CARTESIAN_POINT('',(8.944618302818,-5.5,-26.49967070903));
#3302 = DIRECTION('',(0.203696233429,0.,-0.979034138571));
#3303 = DIRECTION('',(0.979034138571,0.,0.203696233429));
#3304 = PCURVE('',#2087,#3305);
#3305 = DEFINITIONAL_REPRESENTATION('',(#3306),#3309);
#3306 = B_SPLINE_CURVE_WITH_KNOTS('',1,(#3307,#3308),.UNSPECIFIED.,.F.,
  .F.,(2,2),(1.570796326795,3.14159265359),.PIECEWISE_BEZIER_KNOTS.);
#3307 = CARTESIAN_POINT('',(-1.365664490989,1.570796326795));
#3308 = CARTESIAN_POINT('',(-1.365664490989,3.14159265359));
#3309 = ( GEOMETRIC_REPRESENTATION_CONTEXT(2) 
PARAMETRIC_REPRESENTATION_CONTEXT() REPRESENTATION_CONTEXT('2D SPACE',''
  ) );
#3310 = PCURVE('',#2115,#3311);
#3311 = DEFINITIONAL_REPRESENTATION('',(#3312),#3315);
#3312 = B_SPLINE_CURVE_WITH_KNOTS('',1,(#3313,#3314),.UNSPECIFIED.,.F.,
  .F.,(2,2),(1.570796326795,3.14159265359),.PIECEWISE_BEZIER_KNOTS.);
#3313 = CARTESIAN_POINT('',(0.,0.));
#3314 = CARTESIAN_POINT('',(1.570796326795,0.));
#3315 = ( GEOMETRIC_REPRESENTATION_CONTEXT(2) 
PARAMETRIC_REPRESENTATION_CONTEXT() REPRESENTATION_CONTEXT('2D SPACE',''
  ) );
#3316 = ORIENTED_EDGE('',*,*,#3317,.F.);
#3317 = EDGE_CURVE('',#3039,#3296,#3318,.T.);
#3318 = SURFACE_CURVE('',#3319,(#3324,#3331),.PCURVE_S1.);
#3319 = CIRCLE('',#3320,3.);
#3320 = AXIS2_PLACEMENT_3D('',#3321,#3322,#3323);
#3321 = CARTESIAN_POINT('',(3.559930540679,-5.5,-27.61999999289));
#3322 = DIRECTION('',(-0.,1.,0.));
#3323 = DIRECTION('',(0.,0.,1.));
#3324 = PCURVE('',#2087,#3325);
#3325 = DEFINITIONAL_REPRESENTATION('',(#3326),#3330);
#3326 = LINE('',#3327,#3328);
#3327 = CARTESIAN_POINT('',(-0.,3.14159265359));
#3328 = VECTOR('',#3329,1.);
#3329 = DIRECTION('',(-1.,0.));
#3330 = ( GEOMETRIC_REPRESENTATION_CONTEXT(2) 
PARAMETRIC_REPRESENTATION_CONTEXT() REPRESENTATION_CONTEXT('2D SPACE',''
  ) );
#3331 = PCURVE('',#3054,#3332);
#3332 = DEFINITIONAL_REPRESENTATION('',(#3333),#3337);
#3333 = LINE('',#3334,#3335);
#3334 = CARTESIAN_POINT('',(-1.570796326795,5.5));
#3335 = VECTOR('',#3336,1.);
#3336 = DIRECTION('',(-1.,0.));
#3337 = ( GEOMETRIC_REPRESENTATION_CONTEXT(2) 
PARAMETRIC_REPRESENTATION_CONTEXT() REPRESENTATION_CONTEXT('2D SPACE',''
  ) );
#3338 = ADVANCED_FACE('',(#3339),#2172,.T.);
#3339 = FACE_BOUND('',#3340,.T.);
#3340 = EDGE_LOOP('',(#3341,#3363,#3389,#3390));
#3341 = ORIENTED_EDGE('',*,*,#3342,.T.);
#3342 = EDGE_CURVE('',#2128,#3343,#3345,.T.);
#3343 = VERTEX_POINT('',#3344);
#3344 = CARTESIAN_POINT('',(22.607713056589,-5.5,-22.38950671698));
#3345 = SURFACE_CURVE('',#3346,(#3351,#3357),.PCURVE_S1.);
#3346 = CIRCLE('',#3347,2.5);
#3347 = AXIS2_PLACEMENT_3D('',#3348,#3349,#3350);
#3348 = CARTESIAN_POINT('',(20.772237207536,-5.5,-24.08686596226));
#3349 = DIRECTION('',(-0.678943698113,0.,0.734190339621));
#3350 = DIRECTION('',(0.734190339621,0.,0.678943698113));
#3351 = PCURVE('',#2172,#3352);
#3352 = DEFINITIONAL_REPRESENTATION('',(#3353),#3356);
#3353 = B_SPLINE_CURVE_WITH_KNOTS('',1,(#3354,#3355),.UNSPECIFIED.,.F.,
  .F.,(2,2),(4.712388980385,6.28318530718),.PIECEWISE_BEZIER_KNOTS.);
#3354 = CARTESIAN_POINT('',(0.,-3.552713678801E-15));
#3355 = CARTESIAN_POINT('',(1.570796326795,-3.552713678801E-15));
#3356 = ( GEOMETRIC_REPRESENTATION_CONTEXT(2) 
PARAMETRIC_REPRESENTATION_CONTEXT() REPRESENTATION_CONTEXT('2D SPACE',''
  ) );
#3357 = PCURVE('',#2144,#3358);
#3358 = DEFINITIONAL_REPRESENTATION('',(#3359),#3362);
#3359 = B_SPLINE_CURVE_WITH_KNOTS('',1,(#3360,#3361),.UNSPECIFIED.,.F.,
  .F.,(2,2),(4.712388980385,6.28318530718),.PIECEWISE_BEZIER_KNOTS.);
#3360 = CARTESIAN_POINT('',(-3.682783763279,4.712388980385));
#3361 = CARTESIAN_POINT('',(-3.682783763279,6.28318530718));
#3362 = ( GEOMETRIC_REPRESENTATION_CONTEXT(2) 
PARAMETRIC_REPRESENTATION_CONTEXT() REPRESENTATION_CONTEXT('2D SPACE',''
  ) );
#3363 = ORIENTED_EDGE('',*,*,#3364,.T.);
#3364 = EDGE_CURVE('',#3343,#3245,#3365,.T.);
#3365 = SURFACE_CURVE('',#3366,(#3370,#3377),.PCURVE_S1.);
#3366 = LINE('',#3367,#3368);
#3367 = CARTESIAN_POINT('',(22.607713056589,-5.5,-22.38950671698));
#3368 = VECTOR('',#3369,1.);
#3369 = DIRECTION('',(-0.678943698113,0.,0.734190339621));
#3370 = PCURVE('',#2172,#3371);
#3371 = DEFINITIONAL_REPRESENTATION('',(#3372),#3376);
#3372 = LINE('',#3373,#3374);
#3373 = CARTESIAN_POINT('',(1.570796326795,0.));
#3374 = VECTOR('',#3375,1.);
#3375 = DIRECTION('',(0.,1.));
#3376 = ( GEOMETRIC_REPRESENTATION_CONTEXT(2) 
PARAMETRIC_REPRESENTATION_CONTEXT() REPRESENTATION_CONTEXT('2D SPACE',''
  ) );
#3377 = PCURVE('',#3378,#3383);
#3378 = PLANE('',#3379);
#3379 = AXIS2_PLACEMENT_3D('',#3380,#3381,#3382);
#3380 = CARTESIAN_POINT('',(22.607713056589,0.,-22.38950671698));
#3381 = DIRECTION('',(0.734190339621,0.,0.678943698113));
#3382 = DIRECTION('',(-0.678943698113,0.,0.734190339621));
#3383 = DEFINITIONAL_REPRESENTATION('',(#3384),#3388);
#3384 = LINE('',#3385,#3386);
#3385 = CARTESIAN_POINT('',(3.552713678801E-15,5.5));
#3386 = VECTOR('',#3387,1.);
#3387 = DIRECTION('',(1.,0.));
#3388 = ( GEOMETRIC_REPRESENTATION_CONTEXT(2) 
PARAMETRIC_REPRESENTATION_CONTEXT() REPRESENTATION_CONTEXT('2D SPACE',''
  ) );
#3389 = ORIENTED_EDGE('',*,*,#3244,.F.);
#3390 = ORIENTED_EDGE('',*,*,#2156,.F.);
#3391 = ADVANCED_FACE('',(#3392),#2115,.T.);
#3392 = FACE_BOUND('',#3393,.T.);
#3393 = EDGE_LOOP('',(#3394,#3395,#3423,#3443));
#3394 = ORIENTED_EDGE('',*,*,#3295,.T.);
#3395 = ORIENTED_EDGE('',*,*,#3396,.T.);
#3396 = EDGE_CURVE('',#3296,#3397,#3399,.T.);
#3397 = VERTEX_POINT('',#3398);
#3398 = CARTESIAN_POINT('',(7.188692752865,-5.5,-30.33326610086));
#3399 = SURFACE_CURVE('',#3400,(#3404,#3411),.PCURVE_S1.);
#3400 = LINE('',#3401,#3402);
#3401 = CARTESIAN_POINT('',(6.497032956391,-5.5,-27.00891129261));
#3402 = VECTOR('',#3403,1.);
#3403 = DIRECTION('',(0.203696233429,0.,-0.979034138571));
#3404 = PCURVE('',#2115,#3405);
#3405 = DEFINITIONAL_REPRESENTATION('',(#3406),#3410);
#3406 = LINE('',#3407,#3408);
#3407 = CARTESIAN_POINT('',(1.570796326795,0.));
#3408 = VECTOR('',#3409,1.);
#3409 = DIRECTION('',(0.,1.));
#3410 = ( GEOMETRIC_REPRESENTATION_CONTEXT(2) 
PARAMETRIC_REPRESENTATION_CONTEXT() REPRESENTATION_CONTEXT('2D SPACE',''
  ) );
#3411 = PCURVE('',#3412,#3417);
#3412 = PLANE('',#3413);
#3413 = AXIS2_PLACEMENT_3D('',#3414,#3415,#3416);
#3414 = CARTESIAN_POINT('',(6.497032956391,0.,-27.00891129261));
#3415 = DIRECTION('',(-0.979034138571,-0.,-0.203696233429));
#3416 = DIRECTION('',(0.203696233429,0.,-0.979034138571));
#3417 = DEFINITIONAL_REPRESENTATION('',(#3418),#3422);
#3418 = LINE('',#3419,#3420);
#3419 = CARTESIAN_POINT('',(0.,5.5));
#3420 = VECTOR('',#3421,1.);
#3421 = DIRECTION('',(1.,0.));
#3422 = ( GEOMETRIC_REPRESENTATION_CONTEXT(2) 
PARAMETRIC_REPRESENTATION_CONTEXT() REPRESENTATION_CONTEXT('2D SPACE',''
  ) );
#3423 = ORIENTED_EDGE('',*,*,#3424,.F.);
#3424 = EDGE_CURVE('',#2100,#3397,#3425,.T.);
#3425 = SURFACE_CURVE('',#3426,(#3431,#3437),.PCURVE_S1.);
#3426 = CIRCLE('',#3427,2.5);
#3427 = AXIS2_PLACEMENT_3D('',#3428,#3429,#3430);
#3428 = CARTESIAN_POINT('',(9.636278099291,-5.5,-29.82402551729));
#3429 = DIRECTION('',(0.203696233429,0.,-0.979034138571));
#3430 = DIRECTION('',(0.,-1.,0.));
#3431 = PCURVE('',#2115,#3432);
#3432 = DEFINITIONAL_REPRESENTATION('',(#3433),#3436);
#3433 = B_SPLINE_CURVE_WITH_KNOTS('',1,(#3434,#3435),.UNSPECIFIED.,.F.,
  .F.,(2,2),(0.,1.570796326795),.PIECEWISE_BEZIER_KNOTS.);
#3434 = CARTESIAN_POINT('',(0.,3.395545341359));
#3435 = CARTESIAN_POINT('',(1.570796326795,3.395545341359));
#3436 = ( GEOMETRIC_REPRESENTATION_CONTEXT(2) 
PARAMETRIC_REPRESENTATION_CONTEXT() REPRESENTATION_CONTEXT('2D SPACE',''
  ) );
#3437 = PCURVE('',#2144,#3438);
#3438 = DEFINITIONAL_REPRESENTATION('',(#3439),#3442);
#3439 = B_SPLINE_CURVE_WITH_KNOTS('',1,(#3440,#3441),.UNSPECIFIED.,.F.,
  .F.,(2,2),(0.,1.570796326795),.PIECEWISE_BEZIER_KNOTS.);
#3440 = CARTESIAN_POINT('',(0.,4.712388980385));
#3441 = CARTESIAN_POINT('',(0.,6.28318530718));
#3442 = ( GEOMETRIC_REPRESENTATION_CONTEXT(2) 
PARAMETRIC_REPRESENTATION_CONTEXT() REPRESENTATION_CONTEXT('2D SPACE',''
  ) );
#3443 = ORIENTED_EDGE('',*,*,#2099,.F.);
#3444 = ADVANCED_FACE('',(#3445),#2144,.T.);
#3445 = FACE_BOUND('',#3446,.F.);
#3446 = EDGE_LOOP('',(#3447,#3448,#3449,#3450));
#3447 = ORIENTED_EDGE('',*,*,#3424,.F.);
#3448 = ORIENTED_EDGE('',*,*,#2127,.T.);
#3449 = ORIENTED_EDGE('',*,*,#3342,.T.);
#3450 = ORIENTED_EDGE('',*,*,#3451,.F.);
#3451 = EDGE_CURVE('',#3397,#3343,#3452,.T.);
#3452 = SURFACE_CURVE('',#3453,(#3458,#3465),.PCURVE_S1.);
#3453 = CIRCLE('',#3454,9.);
#3454 = AXIS2_PLACEMENT_3D('',#3455,#3456,#3457);
#3455 = CARTESIAN_POINT('',(16.,-5.5,-28.5));
#3456 = DIRECTION('',(0.,-1.,0.));
#3457 = DIRECTION('',(-0.979034138571,-0.,-0.203696233429));
#3458 = PCURVE('',#2144,#3459);
#3459 = DEFINITIONAL_REPRESENTATION('',(#3460),#3464);
#3460 = LINE('',#3461,#3462);
#3461 = CARTESIAN_POINT('',(-0.,6.28318530718));
#3462 = VECTOR('',#3463,1.);
#3463 = DIRECTION('',(-1.,0.));
#3464 = ( GEOMETRIC_REPRESENTATION_CONTEXT(2) 
PARAMETRIC_REPRESENTATION_CONTEXT() REPRESENTATION_CONTEXT('2D SPACE',''
  ) );
#3465 = PCURVE('',#3466,#3471);
#3466 = CYLINDRICAL_SURFACE('',#3467,9.);
#3467 = AXIS2_PLACEMENT_3D('',#3468,#3469,#3470);
#3468 = CARTESIAN_POINT('',(16.,0.,-28.5));
#3469 = DIRECTION('',(0.,-1.,-0.));
#3470 = DIRECTION('',(-0.979034138571,0.,-0.203696233429));
#3471 = DEFINITIONAL_REPRESENTATION('',(#3472),#3476);
#3472 = LINE('',#3473,#3474);
#3473 = CARTESIAN_POINT('',(0.,5.5));
#3474 = VECTOR('',#3475,1.);
#3475 = DIRECTION('',(1.,0.));
#3476 = ( GEOMETRIC_REPRESENTATION_CONTEXT(2) 
PARAMETRIC_REPRESENTATION_CONTEXT() REPRESENTATION_CONTEXT('2D SPACE',''
  ) );
#3477 = ADVANCED_FACE('',(#3478),#2258,.F.);
#3478 = FACE_BOUND('',#3479,.F.);
#3479 = EDGE_LOOP('',(#3480,#3481,#3502,#3503));
#3480 = ORIENTED_EDGE('',*,*,#2241,.F.);
#3481 = ORIENTED_EDGE('',*,*,#3482,.F.);
#3482 = EDGE_CURVE('',#2927,#2242,#3483,.T.);
#3483 = SEAM_CURVE('',#3484,(#3488,#3495),.PCURVE_S1.);
#3484 = LINE('',#3485,#3486);
#3485 = CARTESIAN_POINT('',(19.,9.,-28.5));
#3486 = VECTOR('',#3487,1.);
#3487 = DIRECTION('',(0.,-1.,2.22044604925E-16));
#3488 = PCURVE('',#2258,#3489);
#3489 = DEFINITIONAL_REPRESENTATION('',(#3490),#3494);
#3490 = LINE('',#3491,#3492);
#3491 = CARTESIAN_POINT('',(6.28318530718,-0.));
#3492 = VECTOR('',#3493,1.);
#3493 = DIRECTION('',(0.,1.));
#3494 = ( GEOMETRIC_REPRESENTATION_CONTEXT(2) 
PARAMETRIC_REPRESENTATION_CONTEXT() REPRESENTATION_CONTEXT('2D SPACE',''
  ) );
#3495 = PCURVE('',#2258,#3496);
#3496 = DEFINITIONAL_REPRESENTATION('',(#3497),#3501);
#3497 = LINE('',#3498,#3499);
#3498 = CARTESIAN_POINT('',(0.,-0.));
#3499 = VECTOR('',#3500,1.);
#3500 = DIRECTION('',(0.,1.));
#3501 = ( GEOMETRIC_REPRESENTATION_CONTEXT(2) 
PARAMETRIC_REPRESENTATION_CONTEXT() REPRESENTATION_CONTEXT('2D SPACE',''
  ) );
#3502 = ORIENTED_EDGE('',*,*,#2926,.T.);
#3503 = ORIENTED_EDGE('',*,*,#3482,.T.);
#3504 = ADVANCED_FACE('',(#3505),#2439,.F.);
#3505 = FACE_BOUND('',#3506,.T.);
#3506 = EDGE_LOOP('',(#3507,#3530,#3552,#3553));
#3507 = ORIENTED_EDGE('',*,*,#3508,.F.);
#3508 = EDGE_CURVE('',#3509,#3245,#3511,.T.);
#3509 = VERTEX_POINT('',#3510);
#3510 = CARTESIAN_POINT('',(13.797428989047,5.5,-12.86231695193));
#3511 = SURFACE_CURVE('',#3512,(#3516,#3523),.PCURVE_S1.);
#3512 = LINE('',#3513,#3514);
#3513 = CARTESIAN_POINT('',(13.797428985092,8.,-12.86231695559));
#3514 = VECTOR('',#3515,1.);
#3515 = DIRECTION('',(0.,-1.,0.));
#3516 = PCURVE('',#2439,#3517);
#3517 = DEFINITIONAL_REPRESENTATION('',(#3518),#3522);
#3518 = LINE('',#3519,#3520);
#3519 = CARTESIAN_POINT('',(-5.536862361685,-8.));
#3520 = VECTOR('',#3521,1.);
#3521 = DIRECTION('',(0.,1.));
#3522 = ( GEOMETRIC_REPRESENTATION_CONTEXT(2) 
PARAMETRIC_REPRESENTATION_CONTEXT() REPRESENTATION_CONTEXT('2D SPACE',''
  ) );
#3523 = PCURVE('',#3378,#3524);
#3524 = DEFINITIONAL_REPRESENTATION('',(#3525),#3529);
#3525 = LINE('',#3526,#3527);
#3526 = CARTESIAN_POINT('',(12.976457535476,-8.));
#3527 = VECTOR('',#3528,1.);
#3528 = DIRECTION('',(0.,1.));
#3529 = ( GEOMETRIC_REPRESENTATION_CONTEXT(2) 
PARAMETRIC_REPRESENTATION_CONTEXT() REPRESENTATION_CONTEXT('2D SPACE',''
  ) );
#3530 = ORIENTED_EDGE('',*,*,#3531,.T.);
#3531 = EDGE_CURVE('',#3509,#2424,#3532,.T.);
#3532 = SURFACE_CURVE('',#3533,(#3538,#3545),.PCURVE_S1.);
#3533 = CIRCLE('',#3534,3.);
#3534 = AXIS2_PLACEMENT_3D('',#3535,#3536,#3537);
#3535 = CARTESIAN_POINT('',(16.,5.5,-10.82548586491));
#3536 = DIRECTION('',(0.,1.,-0.));
#3537 = DIRECTION('',(-0.734190339621,-0.,-0.678943698113));
#3538 = PCURVE('',#2439,#3539);
#3539 = DEFINITIONAL_REPRESENTATION('',(#3540),#3544);
#3540 = LINE('',#3541,#3542);
#3541 = CARTESIAN_POINT('',(-5.536862361685,-5.5));
#3542 = VECTOR('',#3543,1.);
#3543 = DIRECTION('',(-1.,0.));
#3544 = ( GEOMETRIC_REPRESENTATION_CONTEXT(2) 
PARAMETRIC_REPRESENTATION_CONTEXT() REPRESENTATION_CONTEXT('2D SPACE',''
  ) );
#3545 = PCURVE('',#2644,#3546);
#3546 = DEFINITIONAL_REPRESENTATION('',(#3547),#3551);
#3547 = LINE('',#3548,#3549);
#3548 = CARTESIAN_POINT('',(-0.,3.14159265359));
#3549 = VECTOR('',#3550,1.);
#3550 = DIRECTION('',(-1.,0.));
#3551 = ( GEOMETRIC_REPRESENTATION_CONTEXT(2) 
PARAMETRIC_REPRESENTATION_CONTEXT() REPRESENTATION_CONTEXT('2D SPACE',''
  ) );
#3552 = ORIENTED_EDGE('',*,*,#2423,.F.);
#3553 = ORIENTED_EDGE('',*,*,#3268,.F.);
#3554 = ADVANCED_FACE('',(#3555),#2567,.F.);
#3555 = FACE_BOUND('',#3556,.F.);
#3556 = EDGE_LOOP('',(#3557,#3558,#3559,#3560,#3561));
#3557 = ORIENTED_EDGE('',*,*,#2726,.F.);
#3558 = ORIENTED_EDGE('',*,*,#2681,.F.);
#3559 = ORIENTED_EDGE('',*,*,#2505,.T.);
#3560 = ORIENTED_EDGE('',*,*,#2992,.T.);
#3561 = ORIENTED_EDGE('',*,*,#3562,.T.);
#3562 = EDGE_CURVE('',#2993,#2727,#3563,.T.);
#3563 = SURFACE_CURVE('',#3564,(#3588,#3615),.PCURVE_S1.);
#3564 = B_SPLINE_CURVE_WITH_KNOTS('',8,(#3565,#3566,#3567,#3568,#3569,
    #3570,#3571,#3572,#3573,#3574,#3575,#3576,#3577,#3578,#3579,#3580,
    #3581,#3582,#3583,#3584,#3585,#3586,#3587),.UNSPECIFIED.,.F.,.F.,(9,
    7,7,9),(0.,0.460966700537,0.752661498881,1.),.UNSPECIFIED.);
#3565 = CARTESIAN_POINT('',(-10.21441588134,5.5,-24.62));
#3566 = CARTESIAN_POINT('',(-10.21441588134,5.700081560554,-24.62));
#3567 = CARTESIAN_POINT('',(-10.21170717325,5.89994731187,
    -24.60169927969));
#3568 = CARTESIAN_POINT('',(-10.20630018767,6.098809872194,
    -24.56516754364));
#3569 = CARTESIAN_POINT('',(-10.19808001563,6.295615555098,
    -24.51012502544));
#3570 = CARTESIAN_POINT('',(-10.18684382259,6.48906579793,
    -24.43617456639));
#3571 = CARTESIAN_POINT('',(-10.1722819843,6.677595978129,
    -24.34280455163));
#3572 = CARTESIAN_POINT('',(-10.15399016522,6.859389209526,
    -24.2294857828));
#3573 = CARTESIAN_POINT('',(-10.11708403542,7.141663252395,
    -24.01053159125));
#3574 = CARTESIAN_POINT('',(-10.10106814235,7.247385876514,
    -23.91743503412));
#3575 = CARTESIAN_POINT('',(-10.08320257064,7.348859220093,
    -23.81594319017));
#3576 = CARTESIAN_POINT('',(-10.06334209175,7.445333519278,
    -23.70596470287));
#3577 = CARTESIAN_POINT('',(-10.04134317246,7.535920228426,
    -23.5875254647));
#3578 = CARTESIAN_POINT('',(-10.01707473303,7.61961843778,
    -23.46081051113));
#3579 = CARTESIAN_POINT('',(-9.990439001567,7.69535590984,
    -23.32621785314));
#3580 = CARTESIAN_POINT('',(-9.936798831899,7.818634896859,
    -23.06423667025));
#3581 = CARTESIAN_POINT('',(-9.910452597541,7.868744790895,
    -22.93879781893));
#3582 = CARTESIAN_POINT('',(-9.882396520357,7.911639416144,
    -22.80874942131));
#3583 = CARTESIAN_POINT('',(-9.852691343485,7.946666424801,
    -22.67483654333));
#3584 = CARTESIAN_POINT('',(-9.821446016767,7.973291143802,
    -22.53793159929));
#3585 = CARTESIAN_POINT('',(-9.788829208623,7.991129250697,
    -22.39903797552));
#3586 = CARTESIAN_POINT('',(-9.755081572221,8.,-22.25929724885));
#3587 = CARTESIAN_POINT('',(-9.720528765949,8.,-22.12));
#3588 = PCURVE('',#2567,#3589);
#3589 = DEFINITIONAL_REPRESENTATION('',(#3590),#3614);
#3590 = B_SPLINE_CURVE_WITH_KNOTS('',8,(#3591,#3592,#3593,#3594,#3595,
    #3596,#3597,#3598,#3599,#3600,#3601,#3602,#3603,#3604,#3605,#3606,
    #3607,#3608,#3609,#3610,#3611,#3612,#3613),.UNSPECIFIED.,.F.,.F.,(9,
    7,7,9),(0.,0.460966700537,0.752661498881,1.),.UNSPECIFIED.);
#3591 = CARTESIAN_POINT('',(2.994649321399,12.5));
#3592 = CARTESIAN_POINT('',(2.994649321399,12.299918439446));
#3593 = CARTESIAN_POINT('',(2.993951204628,12.10005268813));
#3594 = CARTESIAN_POINT('',(2.992557630958,11.901190127806));
#3595 = CARTESIAN_POINT('',(2.990457521281,11.704384444901));
#3596 = CARTESIAN_POINT('',(2.987634930902,11.51093420207));
#3597 = CARTESIAN_POINT('',(2.984069004638,11.322404021871));
#3598 = CARTESIAN_POINT('',(2.97973757708,11.140610790474));
#3599 = CARTESIAN_POINT('',(2.971358603887,10.858336747605));
#3600 = CARTESIAN_POINT('',(2.967793938841,10.752614123486));
#3601 = CARTESIAN_POINT('',(2.963905224031,10.651140779907));
#3602 = CARTESIAN_POINT('',(2.959688052707,10.554666480722));
#3603 = CARTESIAN_POINT('',(2.955142331705,10.464079771574));
#3604 = CARTESIAN_POINT('',(2.95027387496,10.38038156222));
#3605 = CARTESIAN_POINT('',(2.945096517904,10.30464409016));
#3606 = CARTESIAN_POINT('',(2.935005341677,10.181365103141));
#3607 = CARTESIAN_POINT('',(2.930168582007,10.131255209105));
#3608 = CARTESIAN_POINT('',(2.925148318861,10.088360583856));
#3609 = CARTESIAN_POINT('',(2.919972348557,10.053333575199));
#3610 = CARTESIAN_POINT('',(2.914673487373,10.026708856198));
#3611 = CARTESIAN_POINT('',(2.909289816931,10.008870749303));
#3612 = CARTESIAN_POINT('',(2.903865088815,10.));
#3613 = CARTESIAN_POINT('',(2.898449288459,10.));
#3614 = ( GEOMETRIC_REPRESENTATION_CONTEXT(2) 
PARAMETRIC_REPRESENTATION_CONTEXT() REPRESENTATION_CONTEXT('2D SPACE',''
  ) );
#3615 = PCURVE('',#2766,#3616);
#3616 = DEFINITIONAL_REPRESENTATION('',(#3617),#3641);
#3617 = B_SPLINE_CURVE_WITH_KNOTS('',8,(#3618,#3619,#3620,#3621,#3622,
    #3623,#3624,#3625,#3626,#3627,#3628,#3629,#3630,#3631,#3632,#3633,
    #3634,#3635,#3636,#3637,#3638,#3639,#3640),.UNSPECIFIED.,.F.,.F.,(9,
    7,7,9),(0.,0.460966700537,0.752661498881,1.),.UNSPECIFIED.);
#3618 = CARTESIAN_POINT('',(0.,-3.552713678801E-15));
#3619 = CARTESIAN_POINT('',(8.003262422156E-02,-3.546138026636E-15));
#3620 = CARTESIAN_POINT('',(0.159979025543,2.708708085455E-03));
#3621 = CARTESIAN_POINT('',(0.240304620665,8.115693665847E-03));
#3622 = CARTESIAN_POINT('',(0.321364909921,1.633586570538E-02));
#3623 = CARTESIAN_POINT('',(0.403479665522,2.757205875097E-02));
#3624 = CARTESIAN_POINT('',(0.486978699202,4.213389704029E-02));
#3625 = CARTESIAN_POINT('',(0.572218249979,6.042571611411E-02));
#3626 = CARTESIAN_POINT('',(0.715113777286,9.733184591668E-02));
#3627 = CARTESIAN_POINT('',(0.771352545478,0.113347738985));
#3628 = CARTESIAN_POINT('',(0.828565048599,0.131213310697));
#3629 = CARTESIAN_POINT('',(0.88683002703,0.151073789593));
#3630 = CARTESIAN_POINT('',(0.946196475944,0.173072708883));
#3631 = CARTESIAN_POINT('',(1.006688599388,0.197341148307));
#3632 = CARTESIAN_POINT('',(1.068300771025,0.223976879776));
#3633 = CARTESIAN_POINT('',(1.184115691535,0.277617049444));
#3634 = CARTESIAN_POINT('',(1.238049946641,0.303963283802));
#3635 = CARTESIAN_POINT('',(1.29265319457,0.332019360986));
#3636 = CARTESIAN_POINT('',(1.347800356328,0.361724537858));
#3637 = CARTESIAN_POINT('',(1.403359758156,0.392969864576));
#3638 = CARTESIAN_POINT('',(1.45918132757,0.42558667272));
#3639 = CARTESIAN_POINT('',(1.515077427254,0.459334309122));
#3640 = CARTESIAN_POINT('',(1.570796326795,0.493887115394));
#3641 = ( GEOMETRIC_REPRESENTATION_CONTEXT(2) 
PARAMETRIC_REPRESENTATION_CONTEXT() REPRESENTATION_CONTEXT('2D SPACE',''
  ) );
#3642 = ADVANCED_FACE('',(#3643),#2644,.T.);
#3643 = FACE_BOUND('',#3644,.F.);
#3644 = EDGE_LOOP('',(#3645,#3665,#3666,#3667));
#3645 = ORIENTED_EDGE('',*,*,#3646,.F.);
#3646 = EDGE_CURVE('',#3509,#2869,#3647,.T.);
#3647 = SURFACE_CURVE('',#3648,(#3653,#3659),.PCURVE_S1.);
#3648 = CIRCLE('',#3649,2.5);
#3649 = AXIS2_PLACEMENT_3D('',#3650,#3651,#3652);
#3650 = CARTESIAN_POINT('',(11.961953139995,5.5,-14.55967619721));
#3651 = DIRECTION('',(-0.678943698113,0.,0.734190339621));
#3652 = DIRECTION('',(0.734190339621,0.,0.678943698113));
#3653 = PCURVE('',#2644,#3654);
#3654 = DEFINITIONAL_REPRESENTATION('',(#3655),#3658);
#3655 = B_SPLINE_CURVE_WITH_KNOTS('',1,(#3656,#3657),.UNSPECIFIED.,.F.,
  .F.,(2,2),(0.,1.570796326795),.PIECEWISE_BEZIER_KNOTS.);
#3656 = CARTESIAN_POINT('',(0.,3.14159265359));
#3657 = CARTESIAN_POINT('',(0.,4.712388980385));
#3658 = ( GEOMETRIC_REPRESENTATION_CONTEXT(2) 
PARAMETRIC_REPRESENTATION_CONTEXT() REPRESENTATION_CONTEXT('2D SPACE',''
  ) );
#3659 = PCURVE('',#2884,#3660);
#3660 = DEFINITIONAL_REPRESENTATION('',(#3661),#3664);
#3661 = B_SPLINE_CURVE_WITH_KNOTS('',1,(#3662,#3663),.UNSPECIFIED.,.F.,
  .F.,(2,2),(0.,1.570796326795),.PIECEWISE_BEZIER_KNOTS.);
#3662 = CARTESIAN_POINT('',(0.,12.976457535476));
#3663 = CARTESIAN_POINT('',(1.570796326795,12.976457535476));
#3664 = ( GEOMETRIC_REPRESENTATION_CONTEXT(2) 
PARAMETRIC_REPRESENTATION_CONTEXT() REPRESENTATION_CONTEXT('2D SPACE',''
  ) );
#3665 = ORIENTED_EDGE('',*,*,#3531,.T.);
#3666 = ORIENTED_EDGE('',*,*,#2628,.T.);
#3667 = ORIENTED_EDGE('',*,*,#2896,.F.);
#3668 = ADVANCED_FACE('',(#3669),#2766,.T.);
#3669 = FACE_BOUND('',#3670,.T.);
#3670 = EDGE_LOOP('',(#3671,#3672,#3673,#3693));
#3671 = ORIENTED_EDGE('',*,*,#3562,.T.);
#3672 = ORIENTED_EDGE('',*,*,#2750,.T.);
#3673 = ORIENTED_EDGE('',*,*,#3674,.F.);
#3674 = EDGE_CURVE('',#3016,#2751,#3675,.T.);
#3675 = SURFACE_CURVE('',#3676,(#3681,#3687),.PCURVE_S1.);
#3676 = CIRCLE('',#3677,2.5);
#3677 = AXIS2_PLACEMENT_3D('',#3678,#3679,#3680);
#3678 = CARTESIAN_POINT('',(3.559930540679,5.5,-22.12));
#3679 = DIRECTION('',(1.,0.,0.));
#3680 = DIRECTION('',(0.,0.,-1.));
#3681 = PCURVE('',#2766,#3682);
#3682 = DEFINITIONAL_REPRESENTATION('',(#3683),#3686);
#3683 = B_SPLINE_CURVE_WITH_KNOTS('',1,(#3684,#3685),.UNSPECIFIED.,.F.,
  .F.,(2,2),(0.,1.570796326795),.PIECEWISE_BEZIER_KNOTS.);
#3684 = CARTESIAN_POINT('',(0.,13.774346422022));
#3685 = CARTESIAN_POINT('',(1.570796326795,13.774346422022));
#3686 = ( GEOMETRIC_REPRESENTATION_CONTEXT(2) 
PARAMETRIC_REPRESENTATION_CONTEXT() REPRESENTATION_CONTEXT('2D SPACE',''
  ) );
#3687 = PCURVE('',#2799,#3688);
#3688 = DEFINITIONAL_REPRESENTATION('',(#3689),#3692);
#3689 = B_SPLINE_CURVE_WITH_KNOTS('',1,(#3690,#3691),.UNSPECIFIED.,.F.,
  .F.,(2,2),(0.,1.570796326795),.PIECEWISE_BEZIER_KNOTS.);
#3690 = CARTESIAN_POINT('',(0.,3.14159265359));
#3691 = CARTESIAN_POINT('',(0.,4.712388980385));
#3692 = ( GEOMETRIC_REPRESENTATION_CONTEXT(2) 
PARAMETRIC_REPRESENTATION_CONTEXT() REPRESENTATION_CONTEXT('2D SPACE',''
  ) );
#3693 = ORIENTED_EDGE('',*,*,#3015,.F.);
#3694 = ADVANCED_FACE('',(#3695),#2799,.T.);
#3695 = FACE_BOUND('',#3696,.F.);
#3696 = EDGE_LOOP('',(#3697,#3698,#3722,#3742));
#3697 = ORIENTED_EDGE('',*,*,#3674,.F.);
#3698 = ORIENTED_EDGE('',*,*,#3699,.T.);
#3699 = EDGE_CURVE('',#3016,#3700,#3702,.T.);
#3700 = VERTEX_POINT('',#3701);
#3701 = CARTESIAN_POINT('',(6.497032956391,5.5,-27.00891129261));
#3702 = SURFACE_CURVE('',#3703,(#3708,#3715),.PCURVE_S1.);
#3703 = CIRCLE('',#3704,3.);
#3704 = AXIS2_PLACEMENT_3D('',#3705,#3706,#3707);
#3705 = CARTESIAN_POINT('',(3.559930540679,5.5,-27.61999999289));
#3706 = DIRECTION('',(-0.,1.,0.));
#3707 = DIRECTION('',(0.,0.,1.));
#3708 = PCURVE('',#2799,#3709);
#3709 = DEFINITIONAL_REPRESENTATION('',(#3710),#3714);
#3710 = LINE('',#3711,#3712);
#3711 = CARTESIAN_POINT('',(-0.,3.14159265359));
#3712 = VECTOR('',#3713,1.);
#3713 = DIRECTION('',(-1.,0.));
#3714 = ( GEOMETRIC_REPRESENTATION_CONTEXT(2) 
PARAMETRIC_REPRESENTATION_CONTEXT() REPRESENTATION_CONTEXT('2D SPACE',''
  ) );
#3715 = PCURVE('',#3054,#3716);
#3716 = DEFINITIONAL_REPRESENTATION('',(#3717),#3721);
#3717 = LINE('',#3718,#3719);
#3718 = CARTESIAN_POINT('',(-1.570796326795,-5.5));
#3719 = VECTOR('',#3720,1.);
#3720 = DIRECTION('',(-1.,0.));
#3721 = ( GEOMETRIC_REPRESENTATION_CONTEXT(2) 
PARAMETRIC_REPRESENTATION_CONTEXT() REPRESENTATION_CONTEXT('2D SPACE',''
  ) );
#3722 = ORIENTED_EDGE('',*,*,#3723,.T.);
#3723 = EDGE_CURVE('',#3700,#2779,#3724,.T.);
#3724 = SURFACE_CURVE('',#3725,(#3730,#3736),.PCURVE_S1.);
#3725 = CIRCLE('',#3726,2.5);
#3726 = AXIS2_PLACEMENT_3D('',#3727,#3728,#3729);
#3727 = CARTESIAN_POINT('',(8.944618302818,5.5,-26.49967070903));
#3728 = DIRECTION('',(0.203696233429,0.,-0.979034138571));
#3729 = DIRECTION('',(0.979034138571,0.,0.203696233429));
#3730 = PCURVE('',#2799,#3731);
#3731 = DEFINITIONAL_REPRESENTATION('',(#3732),#3735);
#3732 = B_SPLINE_CURVE_WITH_KNOTS('',1,(#3733,#3734),.UNSPECIFIED.,.F.,
  .F.,(2,2),(3.14159265359,4.712388980385),.PIECEWISE_BEZIER_KNOTS.);
#3733 = CARTESIAN_POINT('',(-1.365664490989,3.14159265359));
#3734 = CARTESIAN_POINT('',(-1.365664490989,4.712388980385));
#3735 = ( GEOMETRIC_REPRESENTATION_CONTEXT(2) 
PARAMETRIC_REPRESENTATION_CONTEXT() REPRESENTATION_CONTEXT('2D SPACE',''
  ) );
#3736 = PCURVE('',#2827,#3737);
#3737 = DEFINITIONAL_REPRESENTATION('',(#3738),#3741);
#3738 = B_SPLINE_CURVE_WITH_KNOTS('',1,(#3739,#3740),.UNSPECIFIED.,.F.,
  .F.,(2,2),(3.14159265359,4.712388980385),.PIECEWISE_BEZIER_KNOTS.);
#3739 = CARTESIAN_POINT('',(0.,0.));
#3740 = CARTESIAN_POINT('',(1.570796326795,0.));
#3741 = ( GEOMETRIC_REPRESENTATION_CONTEXT(2) 
PARAMETRIC_REPRESENTATION_CONTEXT() REPRESENTATION_CONTEXT('2D SPACE',''
  ) );
#3742 = ORIENTED_EDGE('',*,*,#2778,.F.);
#3743 = ADVANCED_FACE('',(#3744),#2884,.T.);
#3744 = FACE_BOUND('',#3745,.T.);
#3745 = EDGE_LOOP('',(#3746,#3768,#3769,#3770));
#3746 = ORIENTED_EDGE('',*,*,#3747,.T.);
#3747 = EDGE_CURVE('',#3748,#2840,#3750,.T.);
#3748 = VERTEX_POINT('',#3749);
#3749 = CARTESIAN_POINT('',(22.607713056589,5.5,-22.38950671698));
#3750 = SURFACE_CURVE('',#3751,(#3756,#3762),.PCURVE_S1.);
#3751 = CIRCLE('',#3752,2.5);
#3752 = AXIS2_PLACEMENT_3D('',#3753,#3754,#3755);
#3753 = CARTESIAN_POINT('',(20.772237207536,5.5,-24.08686596226));
#3754 = DIRECTION('',(-0.678943698113,0.,0.734190339621));
#3755 = DIRECTION('',(0.734190339621,0.,0.678943698113));
#3756 = PCURVE('',#2884,#3757);
#3757 = DEFINITIONAL_REPRESENTATION('',(#3758),#3761);
#3758 = B_SPLINE_CURVE_WITH_KNOTS('',1,(#3759,#3760),.UNSPECIFIED.,.F.,
  .F.,(2,2),(0.,1.570796326795),.PIECEWISE_BEZIER_KNOTS.);
#3759 = CARTESIAN_POINT('',(0.,-3.552713678801E-15));
#3760 = CARTESIAN_POINT('',(1.570796326795,-3.552713678801E-15));
#3761 = ( GEOMETRIC_REPRESENTATION_CONTEXT(2) 
PARAMETRIC_REPRESENTATION_CONTEXT() REPRESENTATION_CONTEXT('2D SPACE',''
  ) );
#3762 = PCURVE('',#2856,#3763);
#3763 = DEFINITIONAL_REPRESENTATION('',(#3764),#3767);
#3764 = B_SPLINE_CURVE_WITH_KNOTS('',1,(#3765,#3766),.UNSPECIFIED.,.F.,
  .F.,(2,2),(0.,1.570796326795),.PIECEWISE_BEZIER_KNOTS.);
#3765 = CARTESIAN_POINT('',(-3.682783763279,0.));
#3766 = CARTESIAN_POINT('',(-3.682783763279,1.570796326795));
#3767 = ( GEOMETRIC_REPRESENTATION_CONTEXT(2) 
PARAMETRIC_REPRESENTATION_CONTEXT() REPRESENTATION_CONTEXT('2D SPACE',''
  ) );
#3768 = ORIENTED_EDGE('',*,*,#2868,.T.);
#3769 = ORIENTED_EDGE('',*,*,#3646,.F.);
#3770 = ORIENTED_EDGE('',*,*,#3771,.F.);
#3771 = EDGE_CURVE('',#3748,#3509,#3772,.T.);
#3772 = SURFACE_CURVE('',#3773,(#3777,#3784),.PCURVE_S1.);
#3773 = LINE('',#3774,#3775);
#3774 = CARTESIAN_POINT('',(22.607713056589,5.5,-22.38950671698));
#3775 = VECTOR('',#3776,1.);
#3776 = DIRECTION('',(-0.678943698113,0.,0.734190339621));
#3777 = PCURVE('',#2884,#3778);
#3778 = DEFINITIONAL_REPRESENTATION('',(#3779),#3783);
#3779 = LINE('',#3780,#3781);
#3780 = CARTESIAN_POINT('',(0.,0.));
#3781 = VECTOR('',#3782,1.);
#3782 = DIRECTION('',(0.,1.));
#3783 = ( GEOMETRIC_REPRESENTATION_CONTEXT(2) 
PARAMETRIC_REPRESENTATION_CONTEXT() REPRESENTATION_CONTEXT('2D SPACE',''
  ) );
#3784 = PCURVE('',#3378,#3785);
#3785 = DEFINITIONAL_REPRESENTATION('',(#3786),#3790);
#3786 = LINE('',#3787,#3788);
#3787 = CARTESIAN_POINT('',(3.552713678801E-15,-5.5));
#3788 = VECTOR('',#3789,1.);
#3789 = DIRECTION('',(1.,0.));
#3790 = ( GEOMETRIC_REPRESENTATION_CONTEXT(2) 
PARAMETRIC_REPRESENTATION_CONTEXT() REPRESENTATION_CONTEXT('2D SPACE',''
  ) );
#3791 = ADVANCED_FACE('',(#3792),#2827,.T.);
#3792 = FACE_BOUND('',#3793,.T.);
#3793 = EDGE_LOOP('',(#3794,#3795,#3796,#3818));
#3794 = ORIENTED_EDGE('',*,*,#3723,.T.);
#3795 = ORIENTED_EDGE('',*,*,#2811,.T.);
#3796 = ORIENTED_EDGE('',*,*,#3797,.F.);
#3797 = EDGE_CURVE('',#3798,#2812,#3800,.T.);
#3798 = VERTEX_POINT('',#3799);
#3799 = CARTESIAN_POINT('',(7.188692752865,5.5,-30.33326610086));
#3800 = SURFACE_CURVE('',#3801,(#3806,#3812),.PCURVE_S1.);
#3801 = CIRCLE('',#3802,2.5);
#3802 = AXIS2_PLACEMENT_3D('',#3803,#3804,#3805);
#3803 = CARTESIAN_POINT('',(9.636278099291,5.5,-29.82402551729));
#3804 = DIRECTION('',(0.203696233429,0.,-0.979034138571));
#3805 = DIRECTION('',(-0.979034138571,-0.,-0.203696233429));
#3806 = PCURVE('',#2827,#3807);
#3807 = DEFINITIONAL_REPRESENTATION('',(#3808),#3811);
#3808 = B_SPLINE_CURVE_WITH_KNOTS('',1,(#3809,#3810),.UNSPECIFIED.,.F.,
  .F.,(2,2),(0.,1.570796326795),.PIECEWISE_BEZIER_KNOTS.);
#3809 = CARTESIAN_POINT('',(0.,3.395545341359));
#3810 = CARTESIAN_POINT('',(1.570796326795,3.395545341359));
#3811 = ( GEOMETRIC_REPRESENTATION_CONTEXT(2) 
PARAMETRIC_REPRESENTATION_CONTEXT() REPRESENTATION_CONTEXT('2D SPACE',''
  ) );
#3812 = PCURVE('',#2856,#3813);
#3813 = DEFINITIONAL_REPRESENTATION('',(#3814),#3817);
#3814 = B_SPLINE_CURVE_WITH_KNOTS('',1,(#3815,#3816),.UNSPECIFIED.,.F.,
  .F.,(2,2),(0.,1.570796326795),.PIECEWISE_BEZIER_KNOTS.);
#3815 = CARTESIAN_POINT('',(0.,0.));
#3816 = CARTESIAN_POINT('',(0.,1.570796326795));
#3817 = ( GEOMETRIC_REPRESENTATION_CONTEXT(2) 
PARAMETRIC_REPRESENTATION_CONTEXT() REPRESENTATION_CONTEXT('2D SPACE',''
  ) );
#3818 = ORIENTED_EDGE('',*,*,#3819,.F.);
#3819 = EDGE_CURVE('',#3700,#3798,#3820,.T.);
#3820 = SURFACE_CURVE('',#3821,(#3825,#3832),.PCURVE_S1.);
#3821 = LINE('',#3822,#3823);
#3822 = CARTESIAN_POINT('',(6.497032956391,5.5,-27.00891129261));
#3823 = VECTOR('',#3824,1.);
#3824 = DIRECTION('',(0.203696233429,0.,-0.979034138571));
#3825 = PCURVE('',#2827,#3826);
#3826 = DEFINITIONAL_REPRESENTATION('',(#3827),#3831);
#3827 = LINE('',#3828,#3829);
#3828 = CARTESIAN_POINT('',(0.,0.));
#3829 = VECTOR('',#3830,1.);
#3830 = DIRECTION('',(0.,1.));
#3831 = ( GEOMETRIC_REPRESENTATION_CONTEXT(2) 
PARAMETRIC_REPRESENTATION_CONTEXT() REPRESENTATION_CONTEXT('2D SPACE',''
  ) );
#3832 = PCURVE('',#3412,#3833);
#3833 = DEFINITIONAL_REPRESENTATION('',(#3834),#3838);
#3834 = LINE('',#3835,#3836);
#3835 = CARTESIAN_POINT('',(0.,-5.5));
#3836 = VECTOR('',#3837,1.);
#3837 = DIRECTION('',(1.,0.));
#3838 = ( GEOMETRIC_REPRESENTATION_CONTEXT(2) 
PARAMETRIC_REPRESENTATION_CONTEXT() REPRESENTATION_CONTEXT('2D SPACE',''
  ) );
#3839 = ADVANCED_FACE('',(#3840),#2856,.T.);
#3840 = FACE_BOUND('',#3841,.F.);
#3841 = EDGE_LOOP('',(#3842,#3843,#3865,#3866));
#3842 = ORIENTED_EDGE('',*,*,#3797,.F.);
#3843 = ORIENTED_EDGE('',*,*,#3844,.T.);
#3844 = EDGE_CURVE('',#3798,#3748,#3845,.T.);
#3845 = SURFACE_CURVE('',#3846,(#3851,#3858),.PCURVE_S1.);
#3846 = CIRCLE('',#3847,9.);
#3847 = AXIS2_PLACEMENT_3D('',#3848,#3849,#3850);
#3848 = CARTESIAN_POINT('',(16.,5.5,-28.5));
#3849 = DIRECTION('',(0.,-1.,0.));
#3850 = DIRECTION('',(-0.979034138571,-0.,-0.203696233429));
#3851 = PCURVE('',#2856,#3852);
#3852 = DEFINITIONAL_REPRESENTATION('',(#3853),#3857);
#3853 = LINE('',#3854,#3855);
#3854 = CARTESIAN_POINT('',(-0.,0.));
#3855 = VECTOR('',#3856,1.);
#3856 = DIRECTION('',(-1.,0.));
#3857 = ( GEOMETRIC_REPRESENTATION_CONTEXT(2) 
PARAMETRIC_REPRESENTATION_CONTEXT() REPRESENTATION_CONTEXT('2D SPACE',''
  ) );
#3858 = PCURVE('',#3466,#3859);
#3859 = DEFINITIONAL_REPRESENTATION('',(#3860),#3864);
#3860 = LINE('',#3861,#3862);
#3861 = CARTESIAN_POINT('',(0.,-5.5));
#3862 = VECTOR('',#3863,1.);
#3863 = DIRECTION('',(1.,0.));
#3864 = ( GEOMETRIC_REPRESENTATION_CONTEXT(2) 
PARAMETRIC_REPRESENTATION_CONTEXT() REPRESENTATION_CONTEXT('2D SPACE',''
  ) );
#3865 = ORIENTED_EDGE('',*,*,#3747,.T.);
#3866 = ORIENTED_EDGE('',*,*,#2839,.F.);
#3867 = ADVANCED_FACE('',(#3868),#2973,.F.);
#3868 = FACE_BOUND('',#3869,.F.);
#3869 = EDGE_LOOP('',(#3870,#3871,#3894,#3921));
#3870 = ORIENTED_EDGE('',*,*,#2956,.F.);
#3871 = ORIENTED_EDGE('',*,*,#3872,.F.);
#3872 = EDGE_CURVE('',#3873,#2957,#3875,.T.);
#3873 = VERTEX_POINT('',#3874);
#3874 = CARTESIAN_POINT('',(5.2,-1.273632671113E-15,-22.62));
#3875 = SEAM_CURVE('',#3876,(#3880,#3887),.PCURVE_S1.);
#3876 = LINE('',#3877,#3878);
#3877 = CARTESIAN_POINT('',(5.2,-1.273632671113E-15,-22.62));
#3878 = VECTOR('',#3879,1.);
#3879 = DIRECTION('',(0.,0.,1.));
#3880 = PCURVE('',#2973,#3881);
#3881 = DEFINITIONAL_REPRESENTATION('',(#3882),#3886);
#3882 = LINE('',#3883,#3884);
#3883 = CARTESIAN_POINT('',(6.28318530718,-0.));
#3884 = VECTOR('',#3885,1.);
#3885 = DIRECTION('',(0.,1.));
#3886 = ( GEOMETRIC_REPRESENTATION_CONTEXT(2) 
PARAMETRIC_REPRESENTATION_CONTEXT() REPRESENTATION_CONTEXT('2D SPACE',''
  ) );
#3887 = PCURVE('',#2973,#3888);
#3888 = DEFINITIONAL_REPRESENTATION('',(#3889),#3893);
#3889 = LINE('',#3890,#3891);
#3890 = CARTESIAN_POINT('',(0.,-0.));
#3891 = VECTOR('',#3892,1.);
#3892 = DIRECTION('',(0.,1.));
#3893 = ( GEOMETRIC_REPRESENTATION_CONTEXT(2) 
PARAMETRIC_REPRESENTATION_CONTEXT() REPRESENTATION_CONTEXT('2D SPACE',''
  ) );
#3894 = ORIENTED_EDGE('',*,*,#3895,.T.);
#3895 = EDGE_CURVE('',#3873,#3873,#3896,.T.);
#3896 = SURFACE_CURVE('',#3897,(#3902,#3909),.PCURVE_S1.);
#3897 = CIRCLE('',#3898,5.2);
#3898 = AXIS2_PLACEMENT_3D('',#3899,#3900,#3901);
#3899 = CARTESIAN_POINT('',(0.,0.,-22.62));
#3900 = DIRECTION('',(0.,0.,1.));
#3901 = DIRECTION('',(1.,0.,-0.));
#3902 = PCURVE('',#2973,#3903);
#3903 = DEFINITIONAL_REPRESENTATION('',(#3904),#3908);
#3904 = LINE('',#3905,#3906);
#3905 = CARTESIAN_POINT('',(0.,0.));
#3906 = VECTOR('',#3907,1.);
#3907 = DIRECTION('',(1.,0.));
#3908 = ( GEOMETRIC_REPRESENTATION_CONTEXT(2) 
PARAMETRIC_REPRESENTATION_CONTEXT() REPRESENTATION_CONTEXT('2D SPACE',''
  ) );
#3909 = PCURVE('',#3910,#3915);
#3910 = PLANE('',#3911);
#3911 = AXIS2_PLACEMENT_3D('',#3912,#3913,#3914);
#3912 = CARTESIAN_POINT('',(0.,0.,-22.62));
#3913 = DIRECTION('',(0.,0.,1.));
#3914 = DIRECTION('',(1.,0.,-0.));
#3915 = DEFINITIONAL_REPRESENTATION('',(#3916),#3920);
#3916 = CIRCLE('',#3917,5.2);
#3917 = AXIS2_PLACEMENT_2D('',#3918,#3919);
#3918 = CARTESIAN_POINT('',(0.,0.));
#3919 = DIRECTION('',(1.,0.));
#3920 = ( GEOMETRIC_REPRESENTATION_CONTEXT(2) 
PARAMETRIC_REPRESENTATION_CONTEXT() REPRESENTATION_CONTEXT('2D SPACE',''
  ) );
#3921 = ORIENTED_EDGE('',*,*,#3872,.T.);
#3922 = ADVANCED_FACE('',(#3923),#3054,.F.);
#3923 = FACE_BOUND('',#3924,.T.);
#3924 = EDGE_LOOP('',(#3925,#3926,#3927,#3948));
#3925 = ORIENTED_EDGE('',*,*,#3038,.F.);
#3926 = ORIENTED_EDGE('',*,*,#3699,.T.);
#3927 = ORIENTED_EDGE('',*,*,#3928,.T.);
#3928 = EDGE_CURVE('',#3700,#3296,#3929,.T.);
#3929 = SURFACE_CURVE('',#3930,(#3934,#3941),.PCURVE_S1.);
#3930 = LINE('',#3931,#3932);
#3931 = CARTESIAN_POINT('',(6.497032956391,8.,-27.00891129261));
#3932 = VECTOR('',#3933,1.);
#3933 = DIRECTION('',(0.,-1.,0.));
#3934 = PCURVE('',#3054,#3935);
#3935 = DEFINITIONAL_REPRESENTATION('',(#3936),#3940);
#3936 = LINE('',#3937,#3938);
#3937 = CARTESIAN_POINT('',(-2.936460817784,-8.));
#3938 = VECTOR('',#3939,1.);
#3939 = DIRECTION('',(0.,1.));
#3940 = ( GEOMETRIC_REPRESENTATION_CONTEXT(2) 
PARAMETRIC_REPRESENTATION_CONTEXT() REPRESENTATION_CONTEXT('2D SPACE',''
  ) );
#3941 = PCURVE('',#3412,#3942);
#3942 = DEFINITIONAL_REPRESENTATION('',(#3943),#3947);
#3943 = LINE('',#3944,#3945);
#3944 = CARTESIAN_POINT('',(0.,-8.));
#3945 = VECTOR('',#3946,1.);
#3946 = DIRECTION('',(0.,1.));
#3947 = ( GEOMETRIC_REPRESENTATION_CONTEXT(2) 
PARAMETRIC_REPRESENTATION_CONTEXT() REPRESENTATION_CONTEXT('2D SPACE',''
  ) );
#3948 = ORIENTED_EDGE('',*,*,#3317,.F.);
#3949 = ADVANCED_FACE('',(#3950),#3136,.F.);
#3950 = FACE_BOUND('',#3951,.F.);
#3951 = EDGE_LOOP('',(#3952,#3976,#3997,#3998));
#3952 = ORIENTED_EDGE('',*,*,#3953,.F.);
#3953 = EDGE_CURVE('',#3954,#3954,#3956,.T.);
#3954 = VERTEX_POINT('',#3955);
#3955 = CARTESIAN_POINT('',(2.75,-6.73555739531E-16,-22.62));
#3956 = SURFACE_CURVE('',#3957,(#3962,#3969),.PCURVE_S1.);
#3957 = CIRCLE('',#3958,2.75);
#3958 = AXIS2_PLACEMENT_3D('',#3959,#3960,#3961);
#3959 = CARTESIAN_POINT('',(0.,0.,-22.62));
#3960 = DIRECTION('',(0.,0.,1.));
#3961 = DIRECTION('',(1.,0.,-0.));
#3962 = PCURVE('',#3136,#3963);
#3963 = DEFINITIONAL_REPRESENTATION('',(#3964),#3968);
#3964 = LINE('',#3965,#3966);
#3965 = CARTESIAN_POINT('',(0.,3.));
#3966 = VECTOR('',#3967,1.);
#3967 = DIRECTION('',(1.,0.));
#3968 = ( GEOMETRIC_REPRESENTATION_CONTEXT(2) 
PARAMETRIC_REPRESENTATION_CONTEXT() REPRESENTATION_CONTEXT('2D SPACE',''
  ) );
#3969 = PCURVE('',#3910,#3970);
#3970 = DEFINITIONAL_REPRESENTATION('',(#3971),#3975);
#3971 = CIRCLE('',#3972,2.75);
#3972 = AXIS2_PLACEMENT_2D('',#3973,#3974);
#3973 = CARTESIAN_POINT('',(0.,0.));
#3974 = DIRECTION('',(1.,0.));
#3975 = ( GEOMETRIC_REPRESENTATION_CONTEXT(2) 
PARAMETRIC_REPRESENTATION_CONTEXT() REPRESENTATION_CONTEXT('2D SPACE',''
  ) );
#3976 = ORIENTED_EDGE('',*,*,#3977,.F.);
#3977 = EDGE_CURVE('',#3116,#3954,#3978,.T.);
#3978 = SEAM_CURVE('',#3979,(#3983,#3990),.PCURVE_S1.);
#3979 = LINE('',#3980,#3981);
#3980 = CARTESIAN_POINT('',(2.75,-6.73555739531E-16,-25.62));
#3981 = VECTOR('',#3982,1.);
#3982 = DIRECTION('',(0.,0.,1.));
#3983 = PCURVE('',#3136,#3984);
#3984 = DEFINITIONAL_REPRESENTATION('',(#3985),#3989);
#3985 = LINE('',#3986,#3987);
#3986 = CARTESIAN_POINT('',(6.28318530718,-0.));
#3987 = VECTOR('',#3988,1.);
#3988 = DIRECTION('',(0.,1.));
#3989 = ( GEOMETRIC_REPRESENTATION_CONTEXT(2) 
PARAMETRIC_REPRESENTATION_CONTEXT() REPRESENTATION_CONTEXT('2D SPACE',''
  ) );
#3990 = PCURVE('',#3136,#3991);
#3991 = DEFINITIONAL_REPRESENTATION('',(#3992),#3996);
#3992 = LINE('',#3993,#3994);
#3993 = CARTESIAN_POINT('',(0.,-0.));
#3994 = VECTOR('',#3995,1.);
#3995 = DIRECTION('',(0.,1.));
#3996 = ( GEOMETRIC_REPRESENTATION_CONTEXT(2) 
PARAMETRIC_REPRESENTATION_CONTEXT() REPRESENTATION_CONTEXT('2D SPACE',''
  ) );
#3997 = ORIENTED_EDGE('',*,*,#3115,.T.);
#3998 = ORIENTED_EDGE('',*,*,#3977,.T.);
#3999 = ADVANCED_FACE('',(#4000),#3378,.T.);
#4000 = FACE_BOUND('',#4001,.T.);
#4001 = EDGE_LOOP('',(#4002,#4023,#4024,#4025));
#4002 = ORIENTED_EDGE('',*,*,#4003,.F.);
#4003 = EDGE_CURVE('',#3748,#3343,#4004,.T.);
#4004 = SURFACE_CURVE('',#4005,(#4009,#4016),.PCURVE_S1.);
#4005 = LINE('',#4006,#4007);
#4006 = CARTESIAN_POINT('',(22.607713056589,8.,-22.38950671698));
#4007 = VECTOR('',#4008,1.);
#4008 = DIRECTION('',(0.,-1.,0.));
#4009 = PCURVE('',#3378,#4010);
#4010 = DEFINITIONAL_REPRESENTATION('',(#4011),#4015);
#4011 = LINE('',#4012,#4013);
#4012 = CARTESIAN_POINT('',(0.,-8.));
#4013 = VECTOR('',#4014,1.);
#4014 = DIRECTION('',(0.,1.));
#4015 = ( GEOMETRIC_REPRESENTATION_CONTEXT(2) 
PARAMETRIC_REPRESENTATION_CONTEXT() REPRESENTATION_CONTEXT('2D SPACE',''
  ) );
#4016 = PCURVE('',#3466,#4017);
#4017 = DEFINITIONAL_REPRESENTATION('',(#4018),#4022);
#4018 = LINE('',#4019,#4020);
#4019 = CARTESIAN_POINT('',(3.682783763279,-8.));
#4020 = VECTOR('',#4021,1.);
#4021 = DIRECTION('',(-0.,1.));
#4022 = ( GEOMETRIC_REPRESENTATION_CONTEXT(2) 
PARAMETRIC_REPRESENTATION_CONTEXT() REPRESENTATION_CONTEXT('2D SPACE',''
  ) );
#4023 = ORIENTED_EDGE('',*,*,#3771,.T.);
#4024 = ORIENTED_EDGE('',*,*,#3508,.T.);
#4025 = ORIENTED_EDGE('',*,*,#3364,.F.);
#4026 = ADVANCED_FACE('',(#4027),#3412,.T.);
#4027 = FACE_BOUND('',#4028,.T.);
#4028 = EDGE_LOOP('',(#4029,#4030,#4031,#4052));
#4029 = ORIENTED_EDGE('',*,*,#3928,.F.);
#4030 = ORIENTED_EDGE('',*,*,#3819,.T.);
#4031 = ORIENTED_EDGE('',*,*,#4032,.T.);
#4032 = EDGE_CURVE('',#3798,#3397,#4033,.T.);
#4033 = SURFACE_CURVE('',#4034,(#4038,#4045),.PCURVE_S1.);
#4034 = LINE('',#4035,#4036);
#4035 = CARTESIAN_POINT('',(7.188692752865,8.,-30.33326610086));
#4036 = VECTOR('',#4037,1.);
#4037 = DIRECTION('',(0.,-1.,0.));
#4038 = PCURVE('',#3412,#4039);
#4039 = DEFINITIONAL_REPRESENTATION('',(#4040),#4044);
#4040 = LINE('',#4041,#4042);
#4041 = CARTESIAN_POINT('',(3.395545341359,-8.));
#4042 = VECTOR('',#4043,1.);
#4043 = DIRECTION('',(0.,1.));
#4044 = ( GEOMETRIC_REPRESENTATION_CONTEXT(2) 
PARAMETRIC_REPRESENTATION_CONTEXT() REPRESENTATION_CONTEXT('2D SPACE',''
  ) );
#4045 = PCURVE('',#3466,#4046);
#4046 = DEFINITIONAL_REPRESENTATION('',(#4047),#4051);
#4047 = LINE('',#4048,#4049);
#4048 = CARTESIAN_POINT('',(0.,-8.));
#4049 = VECTOR('',#4050,1.);
#4050 = DIRECTION('',(-0.,1.));
#4051 = ( GEOMETRIC_REPRESENTATION_CONTEXT(2) 
PARAMETRIC_REPRESENTATION_CONTEXT() REPRESENTATION_CONTEXT('2D SPACE',''
  ) );
#4052 = ORIENTED_EDGE('',*,*,#3396,.F.);
#4053 = ADVANCED_FACE('',(#4054),#3466,.T.);
#4054 = FACE_BOUND('',#4055,.T.);
#4055 = EDGE_LOOP('',(#4056,#4057,#4058,#4059));
#4056 = ORIENTED_EDGE('',*,*,#4032,.F.);
#4057 = ORIENTED_EDGE('',*,*,#3844,.T.);
#4058 = ORIENTED_EDGE('',*,*,#4003,.T.);
#4059 = ORIENTED_EDGE('',*,*,#3451,.F.);
#4060 = ADVANCED_FACE('',(#4061,#4064),#3910,.T.);
#4061 = FACE_BOUND('',#4062,.T.);
#4062 = EDGE_LOOP('',(#4063));
#4063 = ORIENTED_EDGE('',*,*,#3895,.T.);
#4064 = FACE_BOUND('',#4065,.T.);
#4065 = EDGE_LOOP('',(#4066));
#4066 = ORIENTED_EDGE('',*,*,#3953,.F.);
#4067 = ( GEOMETRIC_REPRESENTATION_CONTEXT(3) 
GLOBAL_UNCERTAINTY_ASSIGNED_CONTEXT((#4071)) 
GLOBAL_UNIT_ASSIGNED_CONTEXT((#4068,#4069,#4070)) REPRESENTATION_CONTEXT
('Context #1','3D Context with UNIT and UNCERTAINTY') );
#4068 = ( LENGTH_UNIT() NAMED_UNIT(*) SI_UNIT(.MILLI.,.METRE.) );
#4069 = ( NAMED_UNIT(*) PLANE_ANGLE_UNIT() SI_UNIT($,.RADIAN.) );
#4070 = ( NAMED_UNIT(*) SI_UNIT($,.STERADIAN.) SOLID_ANGLE_UNIT() );
#4071 = UNCERTAINTY_MEASURE_WITH_UNIT(LENGTH_MEASURE(1.E-07),#4068,
  'distance_accuracy_value','confusion accuracy');
#4072 = PRODUCT_RELATED_PRODUCT_CATEGORY('part',$,(#7));
ENDSEC;
END-ISO-10303-21;
