ISO-10303-21;
HEADER;
FILE_DESCRIPTION(('Open CASCADE Model'),'2;1');
FILE_NAME('carriage','2026-09-17T10:57:11',('Author'),('Open CASCADE'),
  'Open CASCADE STEP processor 7.9','build123d','Unknown');
FILE_SCHEMA(('AUTOMOTIVE_DESIGN { 1 0 10303 214 1 1 1 1 }'));
ENDSEC;
DATA;
#1 = APPLICATION_PROTOCOL_DEFINITION('international standard',
  'automotive_design',2000,#2);
#2 = APPLICATION_CONTEXT(
  'core data for automotive mechanical design processes');
#3 = SHAPE_DEFINITION_REPRESENTATION(#4,#10);
#4 = PRODUCT_DEFINITION_SHAPE('','',#5);
#5 = PRODUCT_DEFINITION('design','',#6,#9);
#6 = PRODUCT_DEFINITION_FORMATION('','',#7);
#7 = PRODUCT('carriage','carriage','',(#8));
#8 = PRODUCT_CONTEXT('',#2,'mechanical');
#9 = PRODUCT_DEFINITION_CONTEXT('part definition',#2,'design');
#10 = SHAPE_REPRESENTATION('',(#11,#15,#19,#23,#27,#31,#35,#39,#43,#47),
  #51);
#11 = AXIS2_PLACEMENT_3D('',#12,#13,#14);
#12 = CARTESIAN_POINT('',(0.,0.,0.));
#13 = DIRECTION('',(0.,0.,1.));
#14 = DIRECTION('',(1.,0.,-0.));
#15 = AXIS2_PLACEMENT_3D('',#16,#17,#18);
#16 = CARTESIAN_POINT('',(0.,0.,0.));
#17 = DIRECTION('',(0.,0.,1.));
#18 = DIRECTION('',(1.,0.,-0.));
#19 = AXIS2_PLACEMENT_3D('',#20,#21,#22);
#20 = CARTESIAN_POINT('',(16.,0.,-28.5));
#21 = DIRECTION('',(0.,0.,1.));
#22 = DIRECTION('',(1.,0.,-0.));
#23 = AXIS2_PLACEMENT_3D('',#24,#25,#26);
#24 = CARTESIAN_POINT('',(0.,0.,-19.));
#25 = DIRECTION('',(0.,0.,1.));
#26 = DIRECTION('',(1.,0.,-0.));
#27 = AXIS2_PLACEMENT_3D('',#28,#29,#30);
#28 = CARTESIAN_POINT('',(0.,0.,-4.));
#29 = DIRECTION('',(0.,0.,1.));
#30 = DIRECTION('',(1.,0.,-0.));
#31 = AXIS2_PLACEMENT_3D('',#32,#33,#34);
#32 = CARTESIAN_POINT('',(0.,0.,-8.96));
#33 = DIRECTION('',(0.,0.,1.));
#34 = DIRECTION('',(1.,0.,-0.));
#35 = AXIS2_PLACEMENT_3D('',#36,#37,#38);
#36 = CARTESIAN_POINT('',(16.,15.85,-28.5));
#37 = DIRECTION('',(0.,-1.,2.22044604925E-16));
#38 = DIRECTION('',(1.,0.,0.));
#39 = AXIS2_PLACEMENT_3D('',#40,#41,#42);
#40 = CARTESIAN_POINT('',(16.,23.2,-28.5));
#41 = DIRECTION('',(0.,-1.,2.22044604925E-16));
#42 = DIRECTION('',(1.,0.,0.));
#43 = AXIS2_PLACEMENT_3D('',#44,#45,#46);
#44 = CARTESIAN_POINT('',(16.,-15.85,-28.5));
#45 = DIRECTION('',(0.,-1.,2.22044604925E-16));
#46 = DIRECTION('',(1.,0.,0.));
#47 = AXIS2_PLACEMENT_3D('',#48,#49,#50);
#48 = CARTESIAN_POINT('',(16.,-23.2,-28.5));
#49 = DIRECTION('',(0.,-1.,2.22044604925E-16));
#50 = DIRECTION('',(1.,0.,0.));
#51 = ( GEOMETRIC_REPRESENTATION_CONTEXT(3) 
GLOBAL_UNCERTAINTY_ASSIGNED_CONTEXT((#55)) GLOBAL_UNIT_ASSIGNED_CONTEXT(
(#52,#53,#54)) REPRESENTATION_CONTEXT('Context #1',
  '3D Context with UNIT and UNCERTAINTY') );
#52 = ( LENGTH_UNIT() NAMED_UNIT(*) SI_UNIT(.MILLI.,.METRE.) );
#53 = ( NAMED_UNIT(*) PLANE_ANGLE_UNIT() SI_UNIT($,.RADIAN.) );
#54 = ( NAMED_UNIT(*) SI_UNIT($,.STERADIAN.) SOLID_ANGLE_UNIT() );
#55 = UNCERTAINTY_MEASURE_WITH_UNIT(LENGTH_MEASURE(1.E-07),#52,
  'distance_accuracy_value','confusion accuracy');
#56 = PRODUCT_RELATED_PRODUCT_CATEGORY('part',$,(#7));
#57 = SHAPE_DEFINITION_REPRESENTATION(#58,#64);
#58 = PRODUCT_DEFINITION_SHAPE('','',#59);
#59 = PRODUCT_DEFINITION('design','',#60,#63);
#60 = PRODUCT_DEFINITION_FORMATION('','',#61);
#61 = PRODUCT('body','body','',(#62));
#62 = PRODUCT_CONTEXT('',#2,'mechanical');
#63 = PRODUCT_DEFINITION_CONTEXT('part definition',#2,'design');
#64 = ADVANCED_BREP_SHAPE_REPRESENTATION('',(#11,#65),#4117);
#65 = MANIFOLD_SOLID_BREP('',#66);
#66 = CLOSED_SHELL('',(#67,#564,#696,#832,#886,#951,#1004,#1057,#1111,
    #1165,#1291,#1344,#1480,#1534,#1599,#1631,#1686,#1760,#1911,#1965,
    #2010,#2059,#2319,#2373,#2421,#2468,#2522,#2673,#2726,#2771,#2999,
    #3034,#3197,#3264,#3290,#3339,#3388,#3441,#3494,#3527,#3554,#3604,
    #3692,#3718,#3744,#3793,#3841,#3889,#3917,#3972,#3999,#4049,#4076,
    #4103,#4110));
#67 = ADVANCED_FACE('',(#68,#529),#82,.F.);
#68 = FACE_BOUND('',#69,.F.);
#69 = EDGE_LOOP('',(#70,#105,#144,#172,#211,#239,#272,#300,#328,#371,
    #399,#442,#470,#498));
#70 = ORIENTED_EDGE('',*,*,#71,.T.);
#71 = EDGE_CURVE('',#72,#74,#76,.T.);
#72 = VERTEX_POINT('',#73);
#73 = CARTESIAN_POINT('',(-9.486832980505,-6.5,-4.));
#74 = VERTEX_POINT('',#75);
#75 = CARTESIAN_POINT('',(-11.,-6.5,-4.));
#76 = SURFACE_CURVE('',#77,(#81,#93),.PCURVE_S1.);
#77 = LINE('',#78,#79);
#78 = CARTESIAN_POINT('',(-10.24695076596,-6.5,-4.));
#79 = VECTOR('',#80,1.);
#80 = DIRECTION('',(-1.,-0.,-0.));
#81 = PCURVE('',#82,#87);
#82 = PLANE('',#83);
#83 = AXIS2_PLACEMENT_3D('',#84,#85,#86);
#84 = CARTESIAN_POINT('',(-13.,0.,-4.));
#85 = DIRECTION('',(0.,0.,-1.));
#86 = DIRECTION('',(1.,0.,0.));
#87 = DEFINITIONAL_REPRESENTATION('',(#88),#92);
#88 = LINE('',#89,#90);
#89 = CARTESIAN_POINT('',(2.75304923404,6.5));
#90 = VECTOR('',#91,1.);
#91 = DIRECTION('',(-1.,0.));
#92 = ( GEOMETRIC_REPRESENTATION_CONTEXT(2) 
PARAMETRIC_REPRESENTATION_CONTEXT() REPRESENTATION_CONTEXT('2D SPACE',''
  ) );
#93 = PCURVE('',#94,#99);
#94 = CYLINDRICAL_SURFACE('',#95,1.5);
#95 = AXIS2_PLACEMENT_3D('',#96,#97,#98);
#96 = CARTESIAN_POINT('',(-10.24695076596,-6.5,-5.5));
#97 = DIRECTION('',(-1.,-0.,-0.));
#98 = DIRECTION('',(-0.,0.,1.));
#99 = DEFINITIONAL_REPRESENTATION('',(#100),#104);
#100 = LINE('',#101,#102);
#101 = CARTESIAN_POINT('',(-0.,0.));
#102 = VECTOR('',#103,1.);
#103 = DIRECTION('',(-0.,1.));
#104 = ( GEOMETRIC_REPRESENTATION_CONTEXT(2) 
PARAMETRIC_REPRESENTATION_CONTEXT() REPRESENTATION_CONTEXT('2D SPACE',''
  ) );
#105 = ORIENTED_EDGE('',*,*,#106,.T.);
#106 = EDGE_CURVE('',#74,#107,#109,.T.);
#107 = VERTEX_POINT('',#108);
#108 = CARTESIAN_POINT('',(-11.5,-6.,-4.));
#109 = SURFACE_CURVE('',#110,(#115,#122),.PCURVE_S1.);
#110 = CIRCLE('',#111,0.5);
#111 = AXIS2_PLACEMENT_3D('',#112,#113,#114);
#112 = CARTESIAN_POINT('',(-11.,-6.,-4.));
#113 = DIRECTION('',(0.,0.,-1.));
#114 = DIRECTION('',(0.,-1.,0.));
#115 = PCURVE('',#82,#116);
#116 = DEFINITIONAL_REPRESENTATION('',(#117),#121);
#117 = CIRCLE('',#118,0.5);
#118 = AXIS2_PLACEMENT_2D('',#119,#120);
#119 = CARTESIAN_POINT('',(2.,6.));
#120 = DIRECTION('',(0.,1.));
#121 = ( GEOMETRIC_REPRESENTATION_CONTEXT(2) 
PARAMETRIC_REPRESENTATION_CONTEXT() REPRESENTATION_CONTEXT('2D SPACE',''
  ) );
#122 = PCURVE('',#123,#138);
#123 = SURFACE_OF_REVOLUTION('',#124,#135);
#124 = B_SPLINE_CURVE_WITH_KNOTS('',5,(#125,#126,#127,#128,#129,#130,
    #131,#132,#133,#134),.UNSPECIFIED.,.F.,.F.,(6,4,6),(4.712388980385,
    5.497787143782,6.28318530718),.UNSPECIFIED.);
#125 = CARTESIAN_POINT('',(-11.,-6.5,-4.));
#126 = CARTESIAN_POINT('',(-11.,-6.735619449019,-4.));
#127 = CARTESIAN_POINT('',(-11.,-6.971242630973,-4.046253389419));
#128 = CARTESIAN_POINT('',(-11.,-7.194735226524,-4.138827053586));
#129 = CARTESIAN_POINT('',(-11.,-7.394052061599,-4.272731718039));
#130 = CARTESIAN_POINT('',(-11.,-7.727268281961,-4.605947938401));
#131 = CARTESIAN_POINT('',(-11.,-7.861172946414,-4.805264773476));
#132 = CARTESIAN_POINT('',(-11.,-7.953746610581,-5.028757369027));
#133 = CARTESIAN_POINT('',(-11.,-8.,-5.264380550981));
#134 = CARTESIAN_POINT('',(-11.,-8.,-5.5));
#135 = AXIS1_PLACEMENT('',#136,#137);
#136 = CARTESIAN_POINT('',(-11.,-6.,-5.5));
#137 = DIRECTION('',(0.,0.,-1.));
#138 = DEFINITIONAL_REPRESENTATION('',(#139),#143);
#139 = LINE('',#140,#141);
#140 = CARTESIAN_POINT('',(0.,4.712388980385));
#141 = VECTOR('',#142,1.);
#142 = DIRECTION('',(1.,0.));
#143 = ( GEOMETRIC_REPRESENTATION_CONTEXT(2) 
PARAMETRIC_REPRESENTATION_CONTEXT() REPRESENTATION_CONTEXT('2D SPACE',''
  ) );
#144 = ORIENTED_EDGE('',*,*,#145,.T.);
#145 = EDGE_CURVE('',#107,#146,#148,.T.);
#146 = VERTEX_POINT('',#147);
#147 = CARTESIAN_POINT('',(-11.5,6.,-4.));
#148 = SURFACE_CURVE('',#149,(#153,#160),.PCURVE_S1.);
#149 = LINE('',#150,#151);
#150 = CARTESIAN_POINT('',(-11.5,-6.,-4.));
#151 = VECTOR('',#152,1.);
#152 = DIRECTION('',(0.,1.,0.));
#153 = PCURVE('',#82,#154);
#154 = DEFINITIONAL_REPRESENTATION('',(#155),#159);
#155 = LINE('',#156,#157);
#156 = CARTESIAN_POINT('',(1.5,6.));
#157 = VECTOR('',#158,1.);
#158 = DIRECTION('',(0.,-1.));
#159 = ( GEOMETRIC_REPRESENTATION_CONTEXT(2) 
PARAMETRIC_REPRESENTATION_CONTEXT() REPRESENTATION_CONTEXT('2D SPACE',''
  ) );
#160 = PCURVE('',#161,#166);
#161 = CYLINDRICAL_SURFACE('',#162,1.5);
#162 = AXIS2_PLACEMENT_3D('',#163,#164,#165);
#163 = CARTESIAN_POINT('',(-11.5,-6.,-5.5));
#164 = DIRECTION('',(0.,1.,0.));
#165 = DIRECTION('',(0.,-0.,1.));
#166 = DEFINITIONAL_REPRESENTATION('',(#167),#171);
#167 = LINE('',#168,#169);
#168 = CARTESIAN_POINT('',(-0.,0.));
#169 = VECTOR('',#170,1.);
#170 = DIRECTION('',(-0.,1.));
#171 = ( GEOMETRIC_REPRESENTATION_CONTEXT(2) 
PARAMETRIC_REPRESENTATION_CONTEXT() REPRESENTATION_CONTEXT('2D SPACE',''
  ) );
#172 = ORIENTED_EDGE('',*,*,#173,.T.);
#173 = EDGE_CURVE('',#146,#174,#176,.T.);
#174 = VERTEX_POINT('',#175);
#175 = CARTESIAN_POINT('',(-11.,6.5,-4.));
#176 = SURFACE_CURVE('',#177,(#182,#189),.PCURVE_S1.);
#177 = CIRCLE('',#178,0.5);
#178 = AXIS2_PLACEMENT_3D('',#179,#180,#181);
#179 = CARTESIAN_POINT('',(-11.,6.,-4.));
#180 = DIRECTION('',(0.,0.,-1.));
#181 = DIRECTION('',(-1.,0.,0.));
#182 = PCURVE('',#82,#183);
#183 = DEFINITIONAL_REPRESENTATION('',(#184),#188);
#184 = CIRCLE('',#185,0.5);
#185 = AXIS2_PLACEMENT_2D('',#186,#187);
#186 = CARTESIAN_POINT('',(2.,-6.));
#187 = DIRECTION('',(-1.,0.));
#188 = ( GEOMETRIC_REPRESENTATION_CONTEXT(2) 
PARAMETRIC_REPRESENTATION_CONTEXT() REPRESENTATION_CONTEXT('2D SPACE',''
  ) );
#189 = PCURVE('',#190,#205);
#190 = SURFACE_OF_REVOLUTION('',#191,#202);
#191 = B_SPLINE_CURVE_WITH_KNOTS('',5,(#192,#193,#194,#195,#196,#197,
    #198,#199,#200,#201),.UNSPECIFIED.,.F.,.F.,(6,4,6),(4.712388980385,
    5.497787143782,6.28318530718),.UNSPECIFIED.);
#192 = CARTESIAN_POINT('',(-11.5,6.,-4.));
#193 = CARTESIAN_POINT('',(-11.73561944901,6.,-4.));
#194 = CARTESIAN_POINT('',(-11.97124263097,6.,-4.046253389419));
#195 = CARTESIAN_POINT('',(-12.19473522652,6.,-4.138827053586));
#196 = CARTESIAN_POINT('',(-12.39405206159,6.,-4.272731718039));
#197 = CARTESIAN_POINT('',(-12.72726828196,6.,-4.605947938401));
#198 = CARTESIAN_POINT('',(-12.86117294641,6.,-4.805264773476));
#199 = CARTESIAN_POINT('',(-12.95374661058,6.,-5.028757369027));
#200 = CARTESIAN_POINT('',(-13.,6.,-5.264380550981));
#201 = CARTESIAN_POINT('',(-13.,6.,-5.5));
#202 = AXIS1_PLACEMENT('',#203,#204);
#203 = CARTESIAN_POINT('',(-11.,6.,-5.5));
#204 = DIRECTION('',(0.,0.,-1.));
#205 = DEFINITIONAL_REPRESENTATION('',(#206),#210);
#206 = LINE('',#207,#208);
#207 = CARTESIAN_POINT('',(0.,4.712388980385));
#208 = VECTOR('',#209,1.);
#209 = DIRECTION('',(1.,0.));
#210 = ( GEOMETRIC_REPRESENTATION_CONTEXT(2) 
PARAMETRIC_REPRESENTATION_CONTEXT() REPRESENTATION_CONTEXT('2D SPACE',''
  ) );
#211 = ORIENTED_EDGE('',*,*,#212,.T.);
#212 = EDGE_CURVE('',#174,#213,#215,.T.);
#213 = VERTEX_POINT('',#214);
#214 = CARTESIAN_POINT('',(-9.486832980505,6.5,-4.));
#215 = SURFACE_CURVE('',#216,(#220,#227),.PCURVE_S1.);
#216 = LINE('',#217,#218);
#217 = CARTESIAN_POINT('',(-11.,6.5,-4.));
#218 = VECTOR('',#219,1.);
#219 = DIRECTION('',(1.,0.,0.));
#220 = PCURVE('',#82,#221);
#221 = DEFINITIONAL_REPRESENTATION('',(#222),#226);
#222 = LINE('',#223,#224);
#223 = CARTESIAN_POINT('',(2.,-6.5));
#224 = VECTOR('',#225,1.);
#225 = DIRECTION('',(1.,0.));
#226 = ( GEOMETRIC_REPRESENTATION_CONTEXT(2) 
PARAMETRIC_REPRESENTATION_CONTEXT() REPRESENTATION_CONTEXT('2D SPACE',''
  ) );
#227 = PCURVE('',#228,#233);
#228 = CYLINDRICAL_SURFACE('',#229,1.5);
#229 = AXIS2_PLACEMENT_3D('',#230,#231,#232);
#230 = CARTESIAN_POINT('',(-11.,6.5,-5.5));
#231 = DIRECTION('',(1.,0.,0.));
#232 = DIRECTION('',(0.,-0.,1.));
#233 = DEFINITIONAL_REPRESENTATION('',(#234),#238);
#234 = LINE('',#235,#236);
#235 = CARTESIAN_POINT('',(-0.,0.));
#236 = VECTOR('',#237,1.);
#237 = DIRECTION('',(-0.,1.));
#238 = ( GEOMETRIC_REPRESENTATION_CONTEXT(2) 
PARAMETRIC_REPRESENTATION_CONTEXT() REPRESENTATION_CONTEXT('2D SPACE',''
  ) );
#239 = ORIENTED_EDGE('',*,*,#240,.F.);
#240 = EDGE_CURVE('',#241,#213,#243,.T.);
#241 = VERTEX_POINT('',#242);
#242 = CARTESIAN_POINT('',(-1.5,11.401754250991,-4.));
#243 = SURFACE_CURVE('',#244,(#249,#260),.PCURVE_S1.);
#244 = CIRCLE('',#245,11.5);
#245 = AXIS2_PLACEMENT_3D('',#246,#247,#248);
#246 = CARTESIAN_POINT('',(0.,0.,-4.));
#247 = DIRECTION('',(0.,-0.,1.));
#248 = DIRECTION('',(3.714268136244E-14,1.,0.));
#249 = PCURVE('',#82,#250);
#250 = DEFINITIONAL_REPRESENTATION('',(#251),#259);
#251 = ( BOUNDED_CURVE() B_SPLINE_CURVE(2,(#252,#253,#254,#255,#256,#257
,#258),.UNSPECIFIED.,.T.,.F.) B_SPLINE_CURVE_WITH_KNOTS((1,2,2,2,2,1),(
    -2.094395102393,0.,2.094395102393,4.188790204786,6.28318530718,
8.377580409573),.UNSPECIFIED.) CURVE() GEOMETRIC_REPRESENTATION_ITEM() 
RATIONAL_B_SPLINE_CURVE((1.,0.5,1.,0.5,1.,0.5,1.)) REPRESENTATION_ITEM(
  '') );
#252 = CARTESIAN_POINT('',(13.,-11.5));
#253 = CARTESIAN_POINT('',(-6.918584287042,-11.5));
#254 = CARTESIAN_POINT('',(3.040707856479,5.75));
#255 = CARTESIAN_POINT('',(12.999999999999,23.));
#256 = CARTESIAN_POINT('',(22.959292143521,5.75));
#257 = CARTESIAN_POINT('',(32.918584287043,-11.49999999999));
#258 = CARTESIAN_POINT('',(13.,-11.5));
#259 = ( GEOMETRIC_REPRESENTATION_CONTEXT(2) 
PARAMETRIC_REPRESENTATION_CONTEXT() REPRESENTATION_CONTEXT('2D SPACE',''
  ) );
#260 = PCURVE('',#261,#266);
#261 = TOROIDAL_SURFACE('',#262,11.5,1.5);
#262 = AXIS2_PLACEMENT_3D('',#263,#264,#265);
#263 = CARTESIAN_POINT('',(0.,0.,-5.5));
#264 = DIRECTION('',(0.,0.,-1.));
#265 = DIRECTION('',(3.714268136244E-14,1.,0.));
#266 = DEFINITIONAL_REPRESENTATION('',(#267),#271);
#267 = LINE('',#268,#269);
#268 = CARTESIAN_POINT('',(-0.,4.712388980385));
#269 = VECTOR('',#270,1.);
#270 = DIRECTION('',(-1.,0.));
#271 = ( GEOMETRIC_REPRESENTATION_CONTEXT(2) 
PARAMETRIC_REPRESENTATION_CONTEXT() REPRESENTATION_CONTEXT('2D SPACE',''
  ) );
#272 = ORIENTED_EDGE('',*,*,#273,.F.);
#273 = EDGE_CURVE('',#274,#241,#276,.T.);
#274 = VERTEX_POINT('',#275);
#275 = CARTESIAN_POINT('',(-1.5,6.5,-4.));
#276 = SURFACE_CURVE('',#277,(#281,#288),.PCURVE_S1.);
#277 = LINE('',#278,#279);
#278 = CARTESIAN_POINT('',(-1.5,8.,-4.));
#279 = VECTOR('',#280,1.);
#280 = DIRECTION('',(0.,1.,0.));
#281 = PCURVE('',#82,#282);
#282 = DEFINITIONAL_REPRESENTATION('',(#283),#287);
#283 = LINE('',#284,#285);
#284 = CARTESIAN_POINT('',(11.5,-8.));
#285 = VECTOR('',#286,1.);
#286 = DIRECTION('',(0.,-1.));
#287 = ( GEOMETRIC_REPRESENTATION_CONTEXT(2) 
PARAMETRIC_REPRESENTATION_CONTEXT() REPRESENTATION_CONTEXT('2D SPACE',''
  ) );
#288 = PCURVE('',#289,#294);
#289 = CYLINDRICAL_SURFACE('',#290,1.5);
#290 = AXIS2_PLACEMENT_3D('',#291,#292,#293);
#291 = CARTESIAN_POINT('',(-1.5,8.,-5.5));
#292 = DIRECTION('',(0.,1.,0.));
#293 = DIRECTION('',(0.,-0.,1.));
#294 = DEFINITIONAL_REPRESENTATION('',(#295),#299);
#295 = LINE('',#296,#297);
#296 = CARTESIAN_POINT('',(0.,0.));
#297 = VECTOR('',#298,1.);
#298 = DIRECTION('',(0.,1.));
#299 = ( GEOMETRIC_REPRESENTATION_CONTEXT(2) 
PARAMETRIC_REPRESENTATION_CONTEXT() REPRESENTATION_CONTEXT('2D SPACE',''
  ) );
#300 = ORIENTED_EDGE('',*,*,#301,.F.);
#301 = EDGE_CURVE('',#302,#274,#304,.T.);
#302 = VERTEX_POINT('',#303);
#303 = CARTESIAN_POINT('',(10.5,6.5,-4.));
#304 = SURFACE_CURVE('',#305,(#309,#316),.PCURVE_S1.);
#305 = LINE('',#306,#307);
#306 = CARTESIAN_POINT('',(10.5,6.5,-4.));
#307 = VECTOR('',#308,1.);
#308 = DIRECTION('',(-1.,-0.,-0.));
#309 = PCURVE('',#82,#310);
#310 = DEFINITIONAL_REPRESENTATION('',(#311),#315);
#311 = LINE('',#312,#313);
#312 = CARTESIAN_POINT('',(23.5,-6.5));
#313 = VECTOR('',#314,1.);
#314 = DIRECTION('',(-1.,0.));
#315 = ( GEOMETRIC_REPRESENTATION_CONTEXT(2) 
PARAMETRIC_REPRESENTATION_CONTEXT() REPRESENTATION_CONTEXT('2D SPACE',''
  ) );
#316 = PCURVE('',#317,#322);
#317 = CYLINDRICAL_SURFACE('',#318,1.5);
#318 = AXIS2_PLACEMENT_3D('',#319,#320,#321);
#319 = CARTESIAN_POINT('',(10.5,6.5,-5.5));
#320 = DIRECTION('',(-1.,-0.,-0.));
#321 = DIRECTION('',(-0.,0.,1.));
#322 = DEFINITIONAL_REPRESENTATION('',(#323),#327);
#323 = LINE('',#324,#325);
#324 = CARTESIAN_POINT('',(0.,0.));
#325 = VECTOR('',#326,1.);
#326 = DIRECTION('',(0.,1.));
#327 = ( GEOMETRIC_REPRESENTATION_CONTEXT(2) 
PARAMETRIC_REPRESENTATION_CONTEXT() REPRESENTATION_CONTEXT('2D SPACE',''
  ) );
#328 = ORIENTED_EDGE('',*,*,#329,.F.);
#329 = EDGE_CURVE('',#330,#302,#332,.T.);
#330 = VERTEX_POINT('',#331);
#331 = CARTESIAN_POINT('',(11.5,5.5,-4.));
#332 = SURFACE_CURVE('',#333,(#338,#349),.PCURVE_S1.);
#333 = CIRCLE('',#334,1.);
#334 = AXIS2_PLACEMENT_3D('',#335,#336,#337);
#335 = CARTESIAN_POINT('',(10.5,5.5,-4.));
#336 = DIRECTION('',(0.,-0.,1.));
#337 = DIRECTION('',(1.,0.,0.));
#338 = PCURVE('',#82,#339);
#339 = DEFINITIONAL_REPRESENTATION('',(#340),#348);
#340 = ( BOUNDED_CURVE() B_SPLINE_CURVE(2,(#341,#342,#343,#344,#345,#346
,#347),.UNSPECIFIED.,.T.,.F.) B_SPLINE_CURVE_WITH_KNOTS((1,2,2,2,2,1),(
    -2.094395102393,0.,2.094395102393,4.188790204786,6.28318530718,
8.377580409573),.UNSPECIFIED.) CURVE() GEOMETRIC_REPRESENTATION_ITEM() 
RATIONAL_B_SPLINE_CURVE((1.,0.5,1.,0.5,1.,0.5,1.)) REPRESENTATION_ITEM(
  '') );
#341 = CARTESIAN_POINT('',(24.5,-5.5));
#342 = CARTESIAN_POINT('',(24.5,-7.232050807569));
#343 = CARTESIAN_POINT('',(23.,-6.366025403784));
#344 = CARTESIAN_POINT('',(21.5,-5.5));
#345 = CARTESIAN_POINT('',(23.,-4.633974596216));
#346 = CARTESIAN_POINT('',(24.5,-3.767949192431));
#347 = CARTESIAN_POINT('',(24.5,-5.5));
#348 = ( GEOMETRIC_REPRESENTATION_CONTEXT(2) 
PARAMETRIC_REPRESENTATION_CONTEXT() REPRESENTATION_CONTEXT('2D SPACE',''
  ) );
#349 = PCURVE('',#350,#365);
#350 = SURFACE_OF_REVOLUTION('',#351,#362);
#351 = B_SPLINE_CURVE_WITH_KNOTS('',5,(#352,#353,#354,#355,#356,#357,
    #358,#359,#360,#361),.UNSPECIFIED.,.F.,.F.,(6,4,6),(4.712388980385,
    5.497787143782,6.28318530718),.UNSPECIFIED.);
#352 = CARTESIAN_POINT('',(11.5,5.5,-4.));
#353 = CARTESIAN_POINT('',(11.735619449019,5.5,-4.));
#354 = CARTESIAN_POINT('',(11.971242630973,5.5,-4.046253389419));
#355 = CARTESIAN_POINT('',(12.194735226524,5.5,-4.138827053586));
#356 = CARTESIAN_POINT('',(12.394052061599,5.5,-4.272731718039));
#357 = CARTESIAN_POINT('',(12.727268281961,5.5,-4.605947938401));
#358 = CARTESIAN_POINT('',(12.861172946414,5.5,-4.805264773476));
#359 = CARTESIAN_POINT('',(12.953746610581,5.5,-5.028757369027));
#360 = CARTESIAN_POINT('',(13.,5.5,-5.264380550981));
#361 = CARTESIAN_POINT('',(13.,5.5,-5.5));
#362 = AXIS1_PLACEMENT('',#363,#364);
#363 = CARTESIAN_POINT('',(10.5,5.5,-5.5));
#364 = DIRECTION('',(0.,0.,-1.));
#365 = DEFINITIONAL_REPRESENTATION('',(#366),#370);
#366 = LINE('',#367,#368);
#367 = CARTESIAN_POINT('',(-0.,4.712388980385));
#368 = VECTOR('',#369,1.);
#369 = DIRECTION('',(-1.,0.));
#370 = ( GEOMETRIC_REPRESENTATION_CONTEXT(2) 
PARAMETRIC_REPRESENTATION_CONTEXT() REPRESENTATION_CONTEXT('2D SPACE',''
  ) );
#371 = ORIENTED_EDGE('',*,*,#372,.F.);
#372 = EDGE_CURVE('',#373,#330,#375,.T.);
#373 = VERTEX_POINT('',#374);
#374 = CARTESIAN_POINT('',(11.5,-5.5,-4.));
#375 = SURFACE_CURVE('',#376,(#380,#387),.PCURVE_S1.);
#376 = LINE('',#377,#378);
#377 = CARTESIAN_POINT('',(11.5,-5.5,-4.));
#378 = VECTOR('',#379,1.);
#379 = DIRECTION('',(0.,1.,0.));
#380 = PCURVE('',#82,#381);
#381 = DEFINITIONAL_REPRESENTATION('',(#382),#386);
#382 = LINE('',#383,#384);
#383 = CARTESIAN_POINT('',(24.5,5.5));
#384 = VECTOR('',#385,1.);
#385 = DIRECTION('',(0.,-1.));
#386 = ( GEOMETRIC_REPRESENTATION_CONTEXT(2) 
PARAMETRIC_REPRESENTATION_CONTEXT() REPRESENTATION_CONTEXT('2D SPACE',''
  ) );
#387 = PCURVE('',#388,#393);
#388 = CYLINDRICAL_SURFACE('',#389,1.5);
#389 = AXIS2_PLACEMENT_3D('',#390,#391,#392);
#390 = CARTESIAN_POINT('',(11.5,-5.5,-5.5));
#391 = DIRECTION('',(0.,1.,0.));
#392 = DIRECTION('',(0.,-0.,1.));
#393 = DEFINITIONAL_REPRESENTATION('',(#394),#398);
#394 = LINE('',#395,#396);
#395 = CARTESIAN_POINT('',(0.,0.));
#396 = VECTOR('',#397,1.);
#397 = DIRECTION('',(0.,1.));
#398 = ( GEOMETRIC_REPRESENTATION_CONTEXT(2) 
PARAMETRIC_REPRESENTATION_CONTEXT() REPRESENTATION_CONTEXT('2D SPACE',''
  ) );
#399 = ORIENTED_EDGE('',*,*,#400,.F.);
#400 = EDGE_CURVE('',#401,#373,#403,.T.);
#401 = VERTEX_POINT('',#402);
#402 = CARTESIAN_POINT('',(10.5,-6.5,-4.));
#403 = SURFACE_CURVE('',#404,(#409,#420),.PCURVE_S1.);
#404 = CIRCLE('',#405,1.);
#405 = AXIS2_PLACEMENT_3D('',#406,#407,#408);
#406 = CARTESIAN_POINT('',(10.5,-5.5,-4.));
#407 = DIRECTION('',(-0.,0.,1.));
#408 = DIRECTION('',(0.,-1.,0.));
#409 = PCURVE('',#82,#410);
#410 = DEFINITIONAL_REPRESENTATION('',(#411),#419);
#411 = ( BOUNDED_CURVE() B_SPLINE_CURVE(2,(#412,#413,#414,#415,#416,#417
,#418),.UNSPECIFIED.,.T.,.F.) B_SPLINE_CURVE_WITH_KNOTS((1,2,2,2,2,1),(
    -2.094395102393,0.,2.094395102393,4.188790204786,6.28318530718,
8.377580409573),.UNSPECIFIED.) CURVE() GEOMETRIC_REPRESENTATION_ITEM() 
RATIONAL_B_SPLINE_CURVE((1.,0.5,1.,0.5,1.,0.5,1.)) REPRESENTATION_ITEM(
  '') );
#412 = CARTESIAN_POINT('',(23.5,6.5));
#413 = CARTESIAN_POINT('',(25.232050807569,6.5));
#414 = CARTESIAN_POINT('',(24.366025403784,5.));
#415 = CARTESIAN_POINT('',(23.5,3.5));
#416 = CARTESIAN_POINT('',(22.633974596216,5.));
#417 = CARTESIAN_POINT('',(21.767949192431,6.5));
#418 = CARTESIAN_POINT('',(23.5,6.5));
#419 = ( GEOMETRIC_REPRESENTATION_CONTEXT(2) 
PARAMETRIC_REPRESENTATION_CONTEXT() REPRESENTATION_CONTEXT('2D SPACE',''
  ) );
#420 = PCURVE('',#421,#436);
#421 = SURFACE_OF_REVOLUTION('',#422,#433);
#422 = B_SPLINE_CURVE_WITH_KNOTS('',5,(#423,#424,#425,#426,#427,#428,
    #429,#430,#431,#432),.UNSPECIFIED.,.F.,.F.,(6,4,6),(4.712388980385,
    5.497787143782,6.28318530718),.UNSPECIFIED.);
#423 = CARTESIAN_POINT('',(10.5,-6.5,-4.));
#424 = CARTESIAN_POINT('',(10.5,-6.735619449019,-4.));
#425 = CARTESIAN_POINT('',(10.5,-6.971242630973,-4.046253389419));
#426 = CARTESIAN_POINT('',(10.5,-7.194735226524,-4.138827053586));
#427 = CARTESIAN_POINT('',(10.5,-7.394052061599,-4.272731718039));
#428 = CARTESIAN_POINT('',(10.5,-7.727268281961,-4.605947938401));
#429 = CARTESIAN_POINT('',(10.5,-7.861172946414,-4.805264773476));
#430 = CARTESIAN_POINT('',(10.5,-7.953746610581,-5.028757369027));
#431 = CARTESIAN_POINT('',(10.5,-8.,-5.264380550981));
#432 = CARTESIAN_POINT('',(10.5,-8.,-5.5));
#433 = AXIS1_PLACEMENT('',#434,#435);
#434 = CARTESIAN_POINT('',(10.5,-5.5,-5.5));
#435 = DIRECTION('',(0.,0.,-1.));
#436 = DEFINITIONAL_REPRESENTATION('',(#437),#441);
#437 = LINE('',#438,#439);
#438 = CARTESIAN_POINT('',(-0.,4.712388980385));
#439 = VECTOR('',#440,1.);
#440 = DIRECTION('',(-1.,0.));
#441 = ( GEOMETRIC_REPRESENTATION_CONTEXT(2) 
PARAMETRIC_REPRESENTATION_CONTEXT() REPRESENTATION_CONTEXT('2D SPACE',''
  ) );
#442 = ORIENTED_EDGE('',*,*,#443,.F.);
#443 = EDGE_CURVE('',#444,#401,#446,.T.);
#444 = VERTEX_POINT('',#445);
#445 = CARTESIAN_POINT('',(-1.5,-6.5,-4.));
#446 = SURFACE_CURVE('',#447,(#451,#458),.PCURVE_S1.);
#447 = LINE('',#448,#449);
#448 = CARTESIAN_POINT('',(0.,-6.5,-4.));
#449 = VECTOR('',#450,1.);
#450 = DIRECTION('',(1.,0.,0.));
#451 = PCURVE('',#82,#452);
#452 = DEFINITIONAL_REPRESENTATION('',(#453),#457);
#453 = LINE('',#454,#455);
#454 = CARTESIAN_POINT('',(13.,6.5));
#455 = VECTOR('',#456,1.);
#456 = DIRECTION('',(1.,0.));
#457 = ( GEOMETRIC_REPRESENTATION_CONTEXT(2) 
PARAMETRIC_REPRESENTATION_CONTEXT() REPRESENTATION_CONTEXT('2D SPACE',''
  ) );
#458 = PCURVE('',#459,#464);
#459 = CYLINDRICAL_SURFACE('',#460,1.5);
#460 = AXIS2_PLACEMENT_3D('',#461,#462,#463);
#461 = CARTESIAN_POINT('',(0.,-6.5,-5.5));
#462 = DIRECTION('',(1.,0.,0.));
#463 = DIRECTION('',(0.,-0.,1.));
#464 = DEFINITIONAL_REPRESENTATION('',(#465),#469);
#465 = LINE('',#466,#467);
#466 = CARTESIAN_POINT('',(0.,0.));
#467 = VECTOR('',#468,1.);
#468 = DIRECTION('',(0.,1.));
#469 = ( GEOMETRIC_REPRESENTATION_CONTEXT(2) 
PARAMETRIC_REPRESENTATION_CONTEXT() REPRESENTATION_CONTEXT('2D SPACE',''
  ) );
#470 = ORIENTED_EDGE('',*,*,#471,.F.);
#471 = EDGE_CURVE('',#472,#444,#474,.T.);
#472 = VERTEX_POINT('',#473);
#473 = CARTESIAN_POINT('',(-1.5,-11.40175425099,-4.));
#474 = SURFACE_CURVE('',#475,(#479,#486),.PCURVE_S1.);
#475 = LINE('',#476,#477);
#476 = CARTESIAN_POINT('',(-1.5,-13.,-4.));
#477 = VECTOR('',#478,1.);
#478 = DIRECTION('',(0.,1.,0.));
#479 = PCURVE('',#82,#480);
#480 = DEFINITIONAL_REPRESENTATION('',(#481),#485);
#481 = LINE('',#482,#483);
#482 = CARTESIAN_POINT('',(11.5,13.));
#483 = VECTOR('',#484,1.);
#484 = DIRECTION('',(0.,-1.));
#485 = ( GEOMETRIC_REPRESENTATION_CONTEXT(2) 
PARAMETRIC_REPRESENTATION_CONTEXT() REPRESENTATION_CONTEXT('2D SPACE',''
  ) );
#486 = PCURVE('',#487,#492);
#487 = CYLINDRICAL_SURFACE('',#488,1.5);
#488 = AXIS2_PLACEMENT_3D('',#489,#490,#491);
#489 = CARTESIAN_POINT('',(-1.5,-13.,-5.5));
#490 = DIRECTION('',(0.,1.,0.));
#491 = DIRECTION('',(0.,-0.,1.));
#492 = DEFINITIONAL_REPRESENTATION('',(#493),#497);
#493 = LINE('',#494,#495);
#494 = CARTESIAN_POINT('',(0.,0.));
#495 = VECTOR('',#496,1.);
#496 = DIRECTION('',(0.,1.));
#497 = ( GEOMETRIC_REPRESENTATION_CONTEXT(2) 
PARAMETRIC_REPRESENTATION_CONTEXT() REPRESENTATION_CONTEXT('2D SPACE',''
  ) );
#498 = ORIENTED_EDGE('',*,*,#499,.F.);
#499 = EDGE_CURVE('',#72,#472,#500,.T.);
#500 = SURFACE_CURVE('',#501,(#506,#517),.PCURVE_S1.);
#501 = CIRCLE('',#502,11.5);
#502 = AXIS2_PLACEMENT_3D('',#503,#504,#505);
#503 = CARTESIAN_POINT('',(0.,0.,-4.));
#504 = DIRECTION('',(-0.,0.,1.));
#505 = DIRECTION('',(-0.788226981997,-0.615384615385,-0.));
#506 = PCURVE('',#82,#507);
#507 = DEFINITIONAL_REPRESENTATION('',(#508),#516);
#508 = ( BOUNDED_CURVE() B_SPLINE_CURVE(2,(#509,#510,#511,#512,#513,#514
,#515),.UNSPECIFIED.,.T.,.F.) B_SPLINE_CURVE_WITH_KNOTS((1,2,2,2,2,1),(
    -2.094395102393,0.,2.094395102393,4.188790204786,6.28318530718,
8.377580409573),.UNSPECIFIED.) CURVE() GEOMETRIC_REPRESENTATION_ITEM() 
RATIONAL_B_SPLINE_CURVE((1.,0.5,1.,0.5,1.,0.5,1.)) REPRESENTATION_ITEM(
  '') );
#509 = CARTESIAN_POINT('',(3.935389707036,7.076923076923));
#510 = CARTESIAN_POINT('',(16.192980037523,22.777288655149));
#511 = CARTESIAN_POINT('',(23.661100311726,4.311721250652));
#512 = CARTESIAN_POINT('',(31.129220585929,-14.15384615384));
#513 = CARTESIAN_POINT('',(11.403509981239,-11.38864432757));
#514 = CARTESIAN_POINT('',(-8.322200623452,-8.623442501303));
#515 = CARTESIAN_POINT('',(3.935389707036,7.076923076923));
#516 = ( GEOMETRIC_REPRESENTATION_CONTEXT(2) 
PARAMETRIC_REPRESENTATION_CONTEXT() REPRESENTATION_CONTEXT('2D SPACE',''
  ) );
#517 = PCURVE('',#518,#523);
#518 = TOROIDAL_SURFACE('',#519,11.5,1.5);
#519 = AXIS2_PLACEMENT_3D('',#520,#521,#522);
#520 = CARTESIAN_POINT('',(0.,0.,-5.5));
#521 = DIRECTION('',(0.,0.,-1.));
#522 = DIRECTION('',(-0.788226981997,-0.615384615385,-0.));
#523 = DEFINITIONAL_REPRESENTATION('',(#524),#528);
#524 = LINE('',#525,#526);
#525 = CARTESIAN_POINT('',(-0.,4.712388980385));
#526 = VECTOR('',#527,1.);
#527 = DIRECTION('',(-1.,0.));
#528 = ( GEOMETRIC_REPRESENTATION_CONTEXT(2) 
PARAMETRIC_REPRESENTATION_CONTEXT() REPRESENTATION_CONTEXT('2D SPACE',''
  ) );
#529 = FACE_BOUND('',#530,.F.);
#530 = EDGE_LOOP('',(#531));
#531 = ORIENTED_EDGE('',*,*,#532,.T.);
#532 = EDGE_CURVE('',#533,#533,#535,.T.);
#533 = VERTEX_POINT('',#534);
#534 = CARTESIAN_POINT('',(6.,-1.469576158977E-15,-4.));
#535 = SURFACE_CURVE('',#536,(#541,#552),.PCURVE_S1.);
#536 = CIRCLE('',#537,6.);
#537 = AXIS2_PLACEMENT_3D('',#538,#539,#540);
#538 = CARTESIAN_POINT('',(0.,0.,-4.));
#539 = DIRECTION('',(0.,0.,1.));
#540 = DIRECTION('',(1.,0.,-0.));
#541 = PCURVE('',#82,#542);
#542 = DEFINITIONAL_REPRESENTATION('',(#543),#551);
#543 = ( BOUNDED_CURVE() B_SPLINE_CURVE(2,(#544,#545,#546,#547,#548,#549
,#550),.UNSPECIFIED.,.T.,.F.) B_SPLINE_CURVE_WITH_KNOTS((1,2,2,2,2,1),(
    -2.094395102393,0.,2.094395102393,4.188790204786,6.28318530718,
8.377580409573),.UNSPECIFIED.) CURVE() GEOMETRIC_REPRESENTATION_ITEM() 
RATIONAL_B_SPLINE_CURVE((1.,0.5,1.,0.5,1.,0.5,1.)) REPRESENTATION_ITEM(
  '') );
#544 = CARTESIAN_POINT('',(19.,0.));
#545 = CARTESIAN_POINT('',(19.,-10.39230484541));
#546 = CARTESIAN_POINT('',(10.,-5.196152422707));
#547 = CARTESIAN_POINT('',(1.,-1.469576158977E-15));
#548 = CARTESIAN_POINT('',(10.,5.196152422707));
#549 = CARTESIAN_POINT('',(19.,10.392304845413));
#550 = CARTESIAN_POINT('',(19.,0.));
#551 = ( GEOMETRIC_REPRESENTATION_CONTEXT(2) 
PARAMETRIC_REPRESENTATION_CONTEXT() REPRESENTATION_CONTEXT('2D SPACE',''
  ) );
#552 = PCURVE('',#553,#558);
#553 = CYLINDRICAL_SURFACE('',#554,6.);
#554 = AXIS2_PLACEMENT_3D('',#555,#556,#557);
#555 = CARTESIAN_POINT('',(0.,0.,-19.));
#556 = DIRECTION('',(0.,0.,1.));
#557 = DIRECTION('',(1.,0.,-0.));
#558 = DEFINITIONAL_REPRESENTATION('',(#559),#563);
#559 = LINE('',#560,#561);
#560 = CARTESIAN_POINT('',(0.,15.));
#561 = VECTOR('',#562,1.);
#562 = DIRECTION('',(1.,0.));
#563 = ( GEOMETRIC_REPRESENTATION_CONTEXT(2) 
PARAMETRIC_REPRESENTATION_CONTEXT() REPRESENTATION_CONTEXT('2D SPACE',''
  ) );
#564 = ADVANCED_FACE('',(#565),#94,.T.);
#565 = FACE_BOUND('',#566,.F.);
#566 = EDGE_LOOP('',(#567,#647,#675,#695));
#567 = ORIENTED_EDGE('',*,*,#568,.T.);
#568 = EDGE_CURVE('',#72,#569,#571,.T.);
#569 = VERTEX_POINT('',#570);
#570 = CARTESIAN_POINT('',(-10.24695076596,-8.,-5.5));
#571 = SURFACE_CURVE('',#572,(#595,#621),.PCURVE_S1.);
#572 = B_SPLINE_CURVE_WITH_KNOTS('',6,(#573,#574,#575,#576,#577,#578,
    #579,#580,#581,#582,#583,#584,#585,#586,#587,#588,#589,#590,#591,
    #592,#593,#594),.UNSPECIFIED.,.F.,.F.,(7,5,5,5,7),(0.,0.271222020795
    ,0.5333622988,0.699982922219,1.),.UNSPECIFIED.);
#573 = CARTESIAN_POINT('',(-9.486832980505,-6.5,-4.));
#574 = CARTESIAN_POINT('',(-9.539396097918,-6.599731529571,
    -4.000000048012));
#575 = CARTESIAN_POINT('',(-9.591686838575,-6.699609226834,
    -4.007956945401));
#576 = CARTESIAN_POINT('',(-9.643393868411,-6.799029865229,
    -4.023915311305));
#577 = CARTESIAN_POINT('',(-9.694197887376,-6.897348160914,
    -4.047912937311));
#578 = CARTESIAN_POINT('',(-9.743768283839,-6.993871718458,
    -4.079955423574));
#579 = CARTESIAN_POINT('',(-9.838144321005,-7.178693215611,
    -4.158685639917));
#580 = CARTESIAN_POINT('',(-9.883050407525,-7.267151354214,
    -4.204844337514));
#581 = CARTESIAN_POINT('',(-9.926165160566,-7.352556644956,
    -4.258415965673));
#582 = CARTESIAN_POINT('',(-9.967146677387,-7.43415646454,-4.31928521428
    ));
#583 = CARTESIAN_POINT('',(-10.0056348345,-7.51114591407,-4.387223762034
    ));
#584 = CARTESIAN_POINT('',(-10.06390733936,-7.628171812768,
    -4.509269965682));
#585 = CARTESIAN_POINT('',(-10.0853960586,-7.671449647657,
    -4.559395188969));
#586 = CARTESIAN_POINT('',(-10.10563295516,-7.712313053384,
    -4.612113705034));
#587 = CARTESIAN_POINT('',(-10.12452166811,-7.750543381663,
    -4.667293228304));
#588 = CARTESIAN_POINT('',(-10.14196830053,-7.785926766902,
    -4.724767339884));
#589 = CARTESIAN_POINT('',(-10.18654449611,-7.876486740226,
    -4.891578636545));
#590 = CARTESIAN_POINT('',(-10.21025808346,-7.924859798706,
    -5.005652203321));
#591 = CARTESIAN_POINT('',(-10.22847839365,-7.96214267347,
    -5.125265303635));
#592 = CARTESIAN_POINT('',(-10.24079562699,-7.987385775205,
    -5.248819672749));
#593 = CARTESIAN_POINT('',(-10.24695076596,-8.,-5.374431111572));
#594 = CARTESIAN_POINT('',(-10.24695076596,-8.,-5.5));
#595 = PCURVE('',#94,#596);
#596 = DEFINITIONAL_REPRESENTATION('',(#597),#620);
#597 = B_SPLINE_CURVE_WITH_KNOTS('',6,(#598,#599,#600,#601,#602,#603,
    #604,#605,#606,#607,#608,#609,#610,#611,#612,#613,#614,#615,#616,
    #617,#618,#619),.UNSPECIFIED.,.F.,.F.,(7,5,5,5,7),(0.,0.271222020795
    ,0.5333622988,0.699982922219,1.),.UNSPECIFIED.);
#598 = CARTESIAN_POINT('',(0.,-0.760117785455));
#599 = CARTESIAN_POINT('',(-6.648759883583E-02,-0.707554668042));
#600 = CARTESIAN_POINT('',(-0.133073073909,-0.655263927385));
#601 = CARTESIAN_POINT('',(-0.199881961709,-0.603556897548));
#602 = CARTESIAN_POINT('',(-0.267023021013,-0.552752878583));
#603 = CARTESIAN_POINT('',(-0.33459613564,-0.503182482121));
#604 = CARTESIAN_POINT('',(-0.468523865364,-0.408806444955));
#605 = CARTESIAN_POINT('',(-0.534838913426,-0.363900358435));
#606 = CARTESIAN_POINT('',(-0.601729761791,-0.320785605394));
#607 = CARTESIAN_POINT('',(-0.669260895754,-0.279804088573));
#608 = CARTESIAN_POINT('',(-0.737475521577,-0.241315931456));
#609 = CARTESIAN_POINT('',(-0.850200036886,-0.183043426592));
#610 = CARTESIAN_POINT('',(-0.894288795986,-0.161554707356));
#611 = CARTESIAN_POINT('',(-0.938662457771,-0.141317810791));
#612 = CARTESIAN_POINT('',(-0.983318195835,-0.12242909784));
#613 = CARTESIAN_POINT('',(-1.028246485833,-0.104982465424));
#614 = CARTESIAN_POINT('',(-1.154785223796,-6.040626984841E-02));
#615 = CARTESIAN_POINT('',(-1.237006329795,-3.669268249466E-02));
#616 = CARTESIAN_POINT('',(-1.319916255626,-1.847237230191E-02));
#617 = CARTESIAN_POINT('',(-1.403343017949,-6.155138966787E-03));
#618 = CARTESIAN_POINT('',(-1.487083734509,-1.563194018672E-13));
#619 = CARTESIAN_POINT('',(-1.570796326795,-1.563194018672E-13));
#620 = ( GEOMETRIC_REPRESENTATION_CONTEXT(2) 
PARAMETRIC_REPRESENTATION_CONTEXT() REPRESENTATION_CONTEXT('2D SPACE',''
  ) );
#621 = PCURVE('',#518,#622);
#622 = DEFINITIONAL_REPRESENTATION('',(#623),#646);
#623 = B_SPLINE_CURVE_WITH_KNOTS('',6,(#624,#625,#626,#627,#628,#629,
    #630,#631,#632,#633,#634,#635,#636,#637,#638,#639,#640,#641,#642,
    #643,#644,#645),.UNSPECIFIED.,.F.,.F.,(7,5,5,5,7),(0.,0.271222020795
    ,0.5333622988,0.699982922219,1.),.UNSPECIFIED.);
#624 = CARTESIAN_POINT('',(6.217707071419E-02,4.712388980385));
#625 = CARTESIAN_POINT('',(5.76063660952E-02,4.778876579221));
#626 = CARTESIAN_POINT('',(5.310690674152E-02,4.845462054294));
#627 = CARTESIAN_POINT('',(4.870401654777E-02,4.912270942093));
#628 = CARTESIAN_POINT('',(4.442186622294E-02,4.979412001397));
#629 = CARTESIAN_POINT('',(4.028398257782E-02,5.046985116025));
#630 = CARTESIAN_POINT('',(3.247647417031E-02,5.180912845748));
#631 = CARTESIAN_POINT('',(2.879609430452E-02,5.247227893811));
#632 = CARTESIAN_POINT('',(2.529387112163E-02,5.314118742175));
#633 = CARTESIAN_POINT('',(2.199218954928E-02,5.381649876139));
#634 = CARTESIAN_POINT('',(1.891405999719E-02,5.449864501961));
#635 = CARTESIAN_POINT('',(1.428289731284E-02,5.56258901727));
#636 = CARTESIAN_POINT('',(1.258290284435E-02,5.606677776371));
#637 = CARTESIAN_POINT('',(1.098865073316E-02,5.651051438156));
#638 = CARTESIAN_POINT('',(9.50617883855E-03,5.69570717622));
#639 = CARTESIAN_POINT('',(8.141344225986E-03,5.740635466217));
#640 = CARTESIAN_POINT('',(4.663790624092E-03,5.867174204181));
#641 = CARTESIAN_POINT('',(2.825990781583E-03,5.94939531018));
#642 = CARTESIAN_POINT('',(1.420940100569E-03,6.032305236011));
#643 = CARTESIAN_POINT('',(4.734750454656E-04,6.115731998333));
#644 = CARTESIAN_POINT('',(-1.33226762955E-14,6.199472714894));
#645 = CARTESIAN_POINT('',(-1.33226762955E-14,6.28318530718));
#646 = ( GEOMETRIC_REPRESENTATION_CONTEXT(2) 
PARAMETRIC_REPRESENTATION_CONTEXT() REPRESENTATION_CONTEXT('2D SPACE',''
  ) );
#647 = ORIENTED_EDGE('',*,*,#648,.T.);
#648 = EDGE_CURVE('',#569,#649,#651,.T.);
#649 = VERTEX_POINT('',#650);
#650 = CARTESIAN_POINT('',(-11.,-8.,-5.5));
#651 = SURFACE_CURVE('',#652,(#656,#663),.PCURVE_S1.);
#652 = LINE('',#653,#654);
#653 = CARTESIAN_POINT('',(-10.24695076596,-8.,-5.5));
#654 = VECTOR('',#655,1.);
#655 = DIRECTION('',(-1.,-0.,-0.));
#656 = PCURVE('',#94,#657);
#657 = DEFINITIONAL_REPRESENTATION('',(#658),#662);
#658 = LINE('',#659,#660);
#659 = CARTESIAN_POINT('',(-1.570796326795,0.));
#660 = VECTOR('',#661,1.);
#661 = DIRECTION('',(-0.,1.));
#662 = ( GEOMETRIC_REPRESENTATION_CONTEXT(2) 
PARAMETRIC_REPRESENTATION_CONTEXT() REPRESENTATION_CONTEXT('2D SPACE',''
  ) );
#663 = PCURVE('',#664,#669);
#664 = PLANE('',#665);
#665 = AXIS2_PLACEMENT_3D('',#666,#667,#668);
#666 = CARTESIAN_POINT('',(4.921381664938,-8.,-18.69089839769));
#667 = DIRECTION('',(0.,-1.,0.));
#668 = DIRECTION('',(1.,0.,0.));
#669 = DEFINITIONAL_REPRESENTATION('',(#670),#674);
#670 = LINE('',#671,#672);
#671 = CARTESIAN_POINT('',(-15.16833243089,13.190898397691));
#672 = VECTOR('',#673,1.);
#673 = DIRECTION('',(-1.,-0.));
#674 = ( GEOMETRIC_REPRESENTATION_CONTEXT(2) 
PARAMETRIC_REPRESENTATION_CONTEXT() REPRESENTATION_CONTEXT('2D SPACE',''
  ) );
#675 = ORIENTED_EDGE('',*,*,#676,.F.);
#676 = EDGE_CURVE('',#74,#649,#677,.T.);
#677 = SURFACE_CURVE('',#678,(#683,#689),.PCURVE_S1.);
#678 = CIRCLE('',#679,1.5);
#679 = AXIS2_PLACEMENT_3D('',#680,#681,#682);
#680 = CARTESIAN_POINT('',(-11.,-6.5,-5.5));
#681 = DIRECTION('',(1.,0.,0.));
#682 = DIRECTION('',(-0.,0.,1.));
#683 = PCURVE('',#94,#684);
#684 = DEFINITIONAL_REPRESENTATION('',(#685),#688);
#685 = B_SPLINE_CURVE_WITH_KNOTS('',1,(#686,#687),.UNSPECIFIED.,.F.,.F.,
  (2,2),(0.,1.570796326795),.PIECEWISE_BEZIER_KNOTS.);
#686 = CARTESIAN_POINT('',(0.,0.75304923404));
#687 = CARTESIAN_POINT('',(-1.570796326795,0.75304923404));
#688 = ( GEOMETRIC_REPRESENTATION_CONTEXT(2) 
PARAMETRIC_REPRESENTATION_CONTEXT() REPRESENTATION_CONTEXT('2D SPACE',''
  ) );
#689 = PCURVE('',#123,#690);
#690 = DEFINITIONAL_REPRESENTATION('',(#691),#694);
#691 = B_SPLINE_CURVE_WITH_KNOTS('',1,(#692,#693),.UNSPECIFIED.,.F.,.F.,
  (2,2),(0.,1.570796326795),.PIECEWISE_BEZIER_KNOTS.);
#692 = CARTESIAN_POINT('',(0.,4.712388980385));
#693 = CARTESIAN_POINT('',(0.,6.28318530718));
#694 = ( GEOMETRIC_REPRESENTATION_CONTEXT(2) 
PARAMETRIC_REPRESENTATION_CONTEXT() REPRESENTATION_CONTEXT('2D SPACE',''
  ) );
#695 = ORIENTED_EDGE('',*,*,#71,.F.);
#696 = ADVANCED_FACE('',(#697),#518,.T.);
#697 = FACE_BOUND('',#698,.F.);
#698 = EDGE_LOOP('',(#699,#700,#701,#805));
#699 = ORIENTED_EDGE('',*,*,#568,.F.);
#700 = ORIENTED_EDGE('',*,*,#499,.T.);
#701 = ORIENTED_EDGE('',*,*,#702,.T.);
#702 = EDGE_CURVE('',#472,#703,#705,.T.);
#703 = VERTEX_POINT('',#704);
#704 = CARTESIAN_POINT('',(4.698463840214E-13,-13.,-5.5));
#705 = SURFACE_CURVE('',#706,(#737,#771),.PCURVE_S1.);
#706 = B_SPLINE_CURVE_WITH_KNOTS('',8,(#707,#708,#709,#710,#711,#712,
    #713,#714,#715,#716,#717,#718,#719,#720,#721,#722,#723,#724,#725,
    #726,#727,#728,#729,#730,#731,#732,#733,#734,#735,#736),
  .UNSPECIFIED.,.F.,.F.,(9,7,7,7,9),(0.,0.49677634309,0.67638755003,
    0.805829227863,1.),.UNSPECIFIED.);
#707 = CARTESIAN_POINT('',(-1.5,-11.40175425099,-4.));
#708 = CARTESIAN_POINT('',(-1.380746422766,-11.53772424339,
    -3.999999913205));
#709 = CARTESIAN_POINT('',(-1.260683570271,-11.67276386403,
    -4.010835848554));
#710 = CARTESIAN_POINT('',(-1.140143987485,-11.80653811188,
    -4.032762104456));
#711 = CARTESIAN_POINT('',(-1.019661647352,-11.93850834294,
    -4.066315459632));
#712 = CARTESIAN_POINT('',(-0.899990591034,-12.06793145833,
    -4.112169607675));
#713 = CARTESIAN_POINT('',(-0.782169556298,-12.19381539,-4.171183513749)
  );
#714 = CARTESIAN_POINT('',(-0.66750982541,-12.31494675862,
    -4.244275126217));
#715 = CARTESIAN_POINT('',(-0.518116692124,-12.47119430869,
    -4.364876863397));
#716 = CARTESIAN_POINT('',(-0.479117296257,-12.51182482806,
    -4.398905527166));
#717 = CARTESIAN_POINT('',(-0.440880106657,-12.55151127441,
    -4.434992673747));
#718 = CARTESIAN_POINT('',(-0.403514189561,-12.59015262541,
    -4.473190275827));
#719 = CARTESIAN_POINT('',(-0.367146140605,-12.62763136995,
    -4.513544613817));
#720 = CARTESIAN_POINT('',(-0.331919578152,-12.66381417621,
    -4.556093595932));
#721 = CARTESIAN_POINT('',(-0.29799463662,-12.69855255966,
    -4.600864078273));
#722 = CARTESIAN_POINT('',(-0.242163523596,-12.7555602968,-4.6817446873)
  );
#723 = CARTESIAN_POINT('',(-0.219549546187,-12.77859970165,
    -4.716777392782));
#724 = CARTESIAN_POINT('',(-0.197772002097,-12.8007401092,
    -4.752969931614));
#725 = CARTESIAN_POINT('',(-0.176904296782,-12.82191332919,
    -4.790317531023));
#726 = CARTESIAN_POINT('',(-0.157025170847,-12.84204614397,
    -4.82880630413));
#727 = CARTESIAN_POINT('',(-0.138217104242,-12.86106181499,
    -4.868411538872));
#728 = CARTESIAN_POINT('',(-0.12056472047,-12.87888158933,-4.90909598693
    ));
#729 = CARTESIAN_POINT('',(-7.953484957395E-02,-12.92024418667,
    -5.013379061503));
#730 = CARTESIAN_POINT('',(-5.769349571443E-02,-12.94220811065,
    -5.078300234922));
#731 = CARTESIAN_POINT('',(-3.894191696466E-02,-12.96102445735,
    -5.145350393471));
#732 = CARTESIAN_POINT('',(-2.357227627398E-02,-12.97642100935,
    -5.214243168829));
#733 = CARTESIAN_POINT('',(-1.18405948222E-02,-12.98815947568,
    -5.284621693666));
#734 = CARTESIAN_POINT('',(-3.945323096129E-03,-12.99605463514,
    -5.356055620299));
#735 = CARTESIAN_POINT('',(-8.881784197001E-16,-13.,-5.428040568151));
#736 = CARTESIAN_POINT('',(-8.881784197001E-16,-13.,-5.5));
#737 = PCURVE('',#518,#738);
#738 = DEFINITIONAL_REPRESENTATION('',(#739),#770);
#739 = B_SPLINE_CURVE_WITH_KNOTS('',8,(#740,#741,#742,#743,#744,#745,
    #746,#747,#748,#749,#750,#751,#752,#753,#754,#755,#756,#757,#758,
    #759,#760,#761,#762,#763,#764,#765,#766,#767,#768,#769),
  .UNSPECIFIED.,.F.,.F.,(9,7,7,7,9),(0.,0.49677634309,0.67638755003,
    0.805829227863,1.),.UNSPECIFIED.);
#740 = CARTESIAN_POINT('',(-0.777115007067,4.712388980385));
#741 = CARTESIAN_POINT('',(-0.788938484259,4.791891270979));
#742 = CARTESIAN_POINT('',(-0.800540939338,4.871933804814));
#743 = CARTESIAN_POINT('',(-0.811898228455,4.953057126974));
#744 = CARTESIAN_POINT('',(-0.822970398375,5.035724218275));
#745 = CARTESIAN_POINT('',(-0.83370307876,5.120361519735));
#746 = CARTESIAN_POINT('',(-0.844025586696,5.207456867021));
#747 = CARTESIAN_POINT('',(-0.853854058387,5.297542685787));
#748 = CARTESIAN_POINT('',(-0.866411917136,5.4255411012));
#749 = CARTESIAN_POINT('',(-0.869665307555,5.460021268934));
#750 = CARTESIAN_POINT('',(-0.872831593763,5.495027846386));
#751 = CARTESIAN_POINT('',(-0.875903698819,5.530593180865));
#752 = CARTESIAN_POINT('',(-0.878873352121,5.566746925544));
#753 = CARTESIAN_POINT('',(-0.881731152326,5.603516555559));
#754 = CARTESIAN_POINT('',(-0.884466630275,5.64092788411));
#755 = CARTESIAN_POINT('',(-0.888943284215,5.706447299716));
#756 = CARTESIAN_POINT('',(-0.890748569163,5.734232384069));
#757 = CARTESIAN_POINT('',(-0.89247981283,5.762368367118));
#758 = CARTESIAN_POINT('',(-0.894132186918,5.790859781308));
#759 = CARTESIAN_POINT('',(-0.895700497792,5.819707717511));
#760 = CARTESIAN_POINT('',(-0.897179295508,5.848909386519));
#761 = CARTESIAN_POINT('',(-0.898562982845,5.878457680528));
#762 = CARTESIAN_POINT('',(-0.901770418382,5.953167221636));
#763 = CARTESIAN_POINT('',(-0.903469400506,5.998773845821));
#764 = CARTESIAN_POINT('',(-0.904921798148,6.045084646799));
#765 = CARTESIAN_POINT('',(-0.906108218118,6.092007317485));
#766 = CARTESIAN_POINT('',(-0.907011698821,6.139431397617));
#767 = CARTESIAN_POINT('',(-0.907619010448,6.18722246902));
#768 = CARTESIAN_POINT('',(-0.907922503145,6.235212352613));
#769 = CARTESIAN_POINT('',(-0.907922503145,6.28318530718));
#770 = ( GEOMETRIC_REPRESENTATION_CONTEXT(2) 
PARAMETRIC_REPRESENTATION_CONTEXT() REPRESENTATION_CONTEXT('2D SPACE',''
  ) );
#771 = PCURVE('',#487,#772);
#772 = DEFINITIONAL_REPRESENTATION('',(#773),#804);
#773 = B_SPLINE_CURVE_WITH_KNOTS('',8,(#774,#775,#776,#777,#778,#779,
    #780,#781,#782,#783,#784,#785,#786,#787,#788,#789,#790,#791,#792,
    #793,#794,#795,#796,#797,#798,#799,#800,#801,#802,#803),
  .UNSPECIFIED.,.F.,.F.,(9,7,7,7,9),(0.,0.49677634309,0.67638755003,
    0.805829227863,1.),.UNSPECIFIED.);
#774 = CARTESIAN_POINT('',(-5.329070518201E-15,1.598245749009));
#775 = CARTESIAN_POINT('',(7.950229059389E-02,1.462275756605));
#776 = CARTESIAN_POINT('',(0.159544824429,1.327236135969));
#777 = CARTESIAN_POINT('',(0.24066814659,1.193461888116));
#778 = CARTESIAN_POINT('',(0.32333523789,1.061491657051));
#779 = CARTESIAN_POINT('',(0.407972539351,0.932068541663));
#780 = CARTESIAN_POINT('',(0.495067886636,0.806184609992));
#781 = CARTESIAN_POINT('',(0.585153705402,0.685053241373));
#782 = CARTESIAN_POINT('',(0.713152120816,0.528805691307));
#783 = CARTESIAN_POINT('',(0.74763228855,0.488175171938));
#784 = CARTESIAN_POINT('',(0.782638866001,0.448488725583));
#785 = CARTESIAN_POINT('',(0.81820420048,0.409847374588));
#786 = CARTESIAN_POINT('',(0.854357945159,0.37236863005));
#787 = CARTESIAN_POINT('',(0.891127575174,0.33618582379));
#788 = CARTESIAN_POINT('',(0.928538903726,0.301447440339));
#789 = CARTESIAN_POINT('',(0.994058319332,0.244439703192));
#790 = CARTESIAN_POINT('',(1.021843403684,0.22140029835));
#791 = CARTESIAN_POINT('',(1.049979386734,0.199259890794));
#792 = CARTESIAN_POINT('',(1.078470800923,0.178086670802));
#793 = CARTESIAN_POINT('',(1.107318737126,0.157953856029));
#794 = CARTESIAN_POINT('',(1.136520406134,0.13893818501));
#795 = CARTESIAN_POINT('',(1.166068700144,0.121118410664));
#796 = CARTESIAN_POINT('',(1.240778241251,7.975581332799E-02));
#797 = CARTESIAN_POINT('',(1.286384865436,5.77918893427E-02));
#798 = CARTESIAN_POINT('',(1.332695666414,3.897554264863E-02));
#799 = CARTESIAN_POINT('',(1.3796183371,2.357899064578E-02));
#800 = CARTESIAN_POINT('',(1.427042417233,1.184052431203E-02));
#801 = CARTESIAN_POINT('',(1.474833488635,3.94536485091E-03));
#802 = CARTESIAN_POINT('',(1.522823372229,-4.406244394127E-18));
#803 = CARTESIAN_POINT('',(1.570796326795,0.));
#804 = ( GEOMETRIC_REPRESENTATION_CONTEXT(2) 
PARAMETRIC_REPRESENTATION_CONTEXT() REPRESENTATION_CONTEXT('2D SPACE',''
  ) );
#805 = ORIENTED_EDGE('',*,*,#806,.F.);
#806 = EDGE_CURVE('',#569,#703,#807,.T.);
#807 = SURFACE_CURVE('',#808,(#813,#820),.PCURVE_S1.);
#808 = CIRCLE('',#809,13.);
#809 = AXIS2_PLACEMENT_3D('',#810,#811,#812);
#810 = CARTESIAN_POINT('',(0.,0.,-5.5));
#811 = DIRECTION('',(-0.,0.,1.));
#812 = DIRECTION('',(-0.788226981997,-0.615384615385,-0.));
#813 = PCURVE('',#518,#814);
#814 = DEFINITIONAL_REPRESENTATION('',(#815),#819);
#815 = LINE('',#816,#817);
#816 = CARTESIAN_POINT('',(-0.,6.28318530718));
#817 = VECTOR('',#818,1.);
#818 = DIRECTION('',(-1.,0.));
#819 = ( GEOMETRIC_REPRESENTATION_CONTEXT(2) 
PARAMETRIC_REPRESENTATION_CONTEXT() REPRESENTATION_CONTEXT('2D SPACE',''
  ) );
#820 = PCURVE('',#821,#826);
#821 = CYLINDRICAL_SURFACE('',#822,13.);
#822 = AXIS2_PLACEMENT_3D('',#823,#824,#825);
#823 = CARTESIAN_POINT('',(0.,0.,-24.62));
#824 = DIRECTION('',(-0.,-0.,-1.));
#825 = DIRECTION('',(1.,0.,0.));
#826 = DEFINITIONAL_REPRESENTATION('',(#827),#831);
#827 = LINE('',#828,#829);
#828 = CARTESIAN_POINT('',(-3.80446647724,-19.12));
#829 = VECTOR('',#830,1.);
#830 = DIRECTION('',(-1.,0.));
#831 = ( GEOMETRIC_REPRESENTATION_CONTEXT(2) 
PARAMETRIC_REPRESENTATION_CONTEXT() REPRESENTATION_CONTEXT('2D SPACE',''
  ) );
#832 = ADVANCED_FACE('',(#833),#123,.T.);
#833 = FACE_BOUND('',#834,.T.);
#834 = EDGE_LOOP('',(#835,#836,#837,#859));
#835 = ORIENTED_EDGE('',*,*,#676,.F.);
#836 = ORIENTED_EDGE('',*,*,#106,.T.);
#837 = ORIENTED_EDGE('',*,*,#838,.T.);
#838 = EDGE_CURVE('',#107,#839,#841,.T.);
#839 = VERTEX_POINT('',#840);
#840 = CARTESIAN_POINT('',(-13.,-6.,-5.5));
#841 = SURFACE_CURVE('',#842,(#847,#853),.PCURVE_S1.);
#842 = CIRCLE('',#843,1.5);
#843 = AXIS2_PLACEMENT_3D('',#844,#845,#846);
#844 = CARTESIAN_POINT('',(-11.5,-6.,-5.5));
#845 = DIRECTION('',(6.123233995737E-17,-1.,0.));
#846 = DIRECTION('',(-1.,-6.123233995737E-17,0.));
#847 = PCURVE('',#123,#848);
#848 = DEFINITIONAL_REPRESENTATION('',(#849),#852);
#849 = B_SPLINE_CURVE_WITH_KNOTS('',1,(#850,#851),.UNSPECIFIED.,.F.,.F.,
  (2,2),(4.712388980385,6.28318530718),.PIECEWISE_BEZIER_KNOTS.);
#850 = CARTESIAN_POINT('',(1.570796326795,4.712388980385));
#851 = CARTESIAN_POINT('',(1.570796326795,6.28318530718));
#852 = ( GEOMETRIC_REPRESENTATION_CONTEXT(2) 
PARAMETRIC_REPRESENTATION_CONTEXT() REPRESENTATION_CONTEXT('2D SPACE',''
  ) );
#853 = PCURVE('',#161,#854);
#854 = DEFINITIONAL_REPRESENTATION('',(#855),#858);
#855 = B_SPLINE_CURVE_WITH_KNOTS('',1,(#856,#857),.UNSPECIFIED.,.F.,.F.,
  (2,2),(4.712388980385,6.28318530718),.PIECEWISE_BEZIER_KNOTS.);
#856 = CARTESIAN_POINT('',(0.,0.));
#857 = CARTESIAN_POINT('',(-1.570796326795,0.));
#858 = ( GEOMETRIC_REPRESENTATION_CONTEXT(2) 
PARAMETRIC_REPRESENTATION_CONTEXT() REPRESENTATION_CONTEXT('2D SPACE',''
  ) );
#859 = ORIENTED_EDGE('',*,*,#860,.F.);
#860 = EDGE_CURVE('',#649,#839,#861,.T.);
#861 = SURFACE_CURVE('',#862,(#867,#874),.PCURVE_S1.);
#862 = CIRCLE('',#863,2.);
#863 = AXIS2_PLACEMENT_3D('',#864,#865,#866);
#864 = CARTESIAN_POINT('',(-11.,-6.,-5.5));
#865 = DIRECTION('',(0.,0.,-1.));
#866 = DIRECTION('',(0.,-1.,0.));
#867 = PCURVE('',#123,#868);
#868 = DEFINITIONAL_REPRESENTATION('',(#869),#873);
#869 = LINE('',#870,#871);
#870 = CARTESIAN_POINT('',(0.,6.28318530718));
#871 = VECTOR('',#872,1.);
#872 = DIRECTION('',(1.,0.));
#873 = ( GEOMETRIC_REPRESENTATION_CONTEXT(2) 
PARAMETRIC_REPRESENTATION_CONTEXT() REPRESENTATION_CONTEXT('2D SPACE',''
  ) );
#874 = PCURVE('',#875,#880);
#875 = CYLINDRICAL_SURFACE('',#876,2.);
#876 = AXIS2_PLACEMENT_3D('',#877,#878,#879);
#877 = CARTESIAN_POINT('',(-11.,-6.,-24.62));
#878 = DIRECTION('',(0.,0.,1.));
#879 = DIRECTION('',(-1.,-0.,0.));
#880 = DEFINITIONAL_REPRESENTATION('',(#881),#885);
#881 = LINE('',#882,#883);
#882 = CARTESIAN_POINT('',(1.570796326795,19.12));
#883 = VECTOR('',#884,1.);
#884 = DIRECTION('',(-1.,-0.));
#885 = ( GEOMETRIC_REPRESENTATION_CONTEXT(2) 
PARAMETRIC_REPRESENTATION_CONTEXT() REPRESENTATION_CONTEXT('2D SPACE',''
  ) );
#886 = ADVANCED_FACE('',(#887),#487,.T.);
#887 = FACE_BOUND('',#888,.T.);
#888 = EDGE_LOOP('',(#889,#890,#918,#950));
#889 = ORIENTED_EDGE('',*,*,#702,.T.);
#890 = ORIENTED_EDGE('',*,*,#891,.T.);
#891 = EDGE_CURVE('',#703,#892,#894,.T.);
#892 = VERTEX_POINT('',#893);
#893 = CARTESIAN_POINT('',(2.22044604925E-16,-8.,-5.5));
#894 = SURFACE_CURVE('',#895,(#899,#906),.PCURVE_S1.);
#895 = LINE('',#896,#897);
#896 = CARTESIAN_POINT('',(2.22044604925E-16,-13.,-5.5));
#897 = VECTOR('',#898,1.);
#898 = DIRECTION('',(0.,1.,0.));
#899 = PCURVE('',#487,#900);
#900 = DEFINITIONAL_REPRESENTATION('',(#901),#905);
#901 = LINE('',#902,#903);
#902 = CARTESIAN_POINT('',(1.570796326795,0.));
#903 = VECTOR('',#904,1.);
#904 = DIRECTION('',(0.,1.));
#905 = ( GEOMETRIC_REPRESENTATION_CONTEXT(2) 
PARAMETRIC_REPRESENTATION_CONTEXT() REPRESENTATION_CONTEXT('2D SPACE',''
  ) );
#906 = PCURVE('',#907,#912);
#907 = PLANE('',#908);
#908 = AXIS2_PLACEMENT_3D('',#909,#910,#911);
#909 = CARTESIAN_POINT('',(0.,-13.,-24.62));
#910 = DIRECTION('',(-1.,0.,0.));
#911 = DIRECTION('',(0.,1.,0.));
#912 = DEFINITIONAL_REPRESENTATION('',(#913),#917);
#913 = LINE('',#914,#915);
#914 = CARTESIAN_POINT('',(0.,-19.12));
#915 = VECTOR('',#916,1.);
#916 = DIRECTION('',(1.,0.));
#917 = ( GEOMETRIC_REPRESENTATION_CONTEXT(2) 
PARAMETRIC_REPRESENTATION_CONTEXT() REPRESENTATION_CONTEXT('2D SPACE',''
  ) );
#918 = ORIENTED_EDGE('',*,*,#919,.F.);
#919 = EDGE_CURVE('',#444,#892,#920,.T.);
#920 = SURFACE_CURVE('',#921,(#926,#938),.PCURVE_S1.);
#921 = ELLIPSE('',#922,2.12132034356,1.5);
#922 = AXIS2_PLACEMENT_3D('',#923,#924,#925);
#923 = CARTESIAN_POINT('',(-1.5,-6.5,-5.5));
#924 = DIRECTION('',(0.707106781187,0.707106781187,0.));
#925 = DIRECTION('',(-0.707106781187,0.707106781187,0.));
#926 = PCURVE('',#487,#927);
#927 = DEFINITIONAL_REPRESENTATION('',(#928),#937);
#928 = B_SPLINE_CURVE_WITH_KNOTS('',7,(#929,#930,#931,#932,#933,#934,
    #935,#936),.UNSPECIFIED.,.F.,.F.,(8,8),(1.570796326795,3.14159265359
    ),.PIECEWISE_BEZIER_KNOTS.);
#929 = CARTESIAN_POINT('',(0.,6.5));
#930 = CARTESIAN_POINT('',(0.224399475256,6.163400787115));
#931 = CARTESIAN_POINT('',(0.448798950513,5.826802941021));
#932 = CARTESIAN_POINT('',(0.673198425769,5.517879761339));
#933 = CARTESIAN_POINT('',(0.897597901026,5.264356243061));
#934 = CARTESIAN_POINT('',(1.121997376282,5.088123008915));
#935 = CARTESIAN_POINT('',(1.346396851538,5.));
#936 = CARTESIAN_POINT('',(1.570796326795,5.));
#937 = ( GEOMETRIC_REPRESENTATION_CONTEXT(2) 
PARAMETRIC_REPRESENTATION_CONTEXT() REPRESENTATION_CONTEXT('2D SPACE',''
  ) );
#938 = PCURVE('',#459,#939);
#939 = DEFINITIONAL_REPRESENTATION('',(#940),#949);
#940 = B_SPLINE_CURVE_WITH_KNOTS('',7,(#941,#942,#943,#944,#945,#946,
    #947,#948),.UNSPECIFIED.,.F.,.F.,(8,8),(1.570796326795,3.14159265359
    ),.PIECEWISE_BEZIER_KNOTS.);
#941 = CARTESIAN_POINT('',(0.,-1.5));
#942 = CARTESIAN_POINT('',(0.224399475256,-1.163400787115));
#943 = CARTESIAN_POINT('',(0.448798950513,-0.826802941022));
#944 = CARTESIAN_POINT('',(0.673198425769,-0.517879761339));
#945 = CARTESIAN_POINT('',(0.897597901026,-0.264356243063));
#946 = CARTESIAN_POINT('',(1.121997376282,-8.812300891488E-02));
#947 = CARTESIAN_POINT('',(1.346396851538,1.808230900596E-16));
#948 = CARTESIAN_POINT('',(1.570796326795,2.22044604925E-16));
#949 = ( GEOMETRIC_REPRESENTATION_CONTEXT(2) 
PARAMETRIC_REPRESENTATION_CONTEXT() REPRESENTATION_CONTEXT('2D SPACE',''
  ) );
#950 = ORIENTED_EDGE('',*,*,#471,.F.);
#951 = ADVANCED_FACE('',(#952),#161,.T.);
#952 = FACE_BOUND('',#953,.F.);
#953 = EDGE_LOOP('',(#954,#955,#983,#1003));
#954 = ORIENTED_EDGE('',*,*,#838,.T.);
#955 = ORIENTED_EDGE('',*,*,#956,.T.);
#956 = EDGE_CURVE('',#839,#957,#959,.T.);
#957 = VERTEX_POINT('',#958);
#958 = CARTESIAN_POINT('',(-13.,6.,-5.5));
#959 = SURFACE_CURVE('',#960,(#964,#971),.PCURVE_S1.);
#960 = LINE('',#961,#962);
#961 = CARTESIAN_POINT('',(-13.,-6.,-5.5));
#962 = VECTOR('',#963,1.);
#963 = DIRECTION('',(0.,1.,0.));
#964 = PCURVE('',#161,#965);
#965 = DEFINITIONAL_REPRESENTATION('',(#966),#970);
#966 = LINE('',#967,#968);
#967 = CARTESIAN_POINT('',(-1.570796326795,0.));
#968 = VECTOR('',#969,1.);
#969 = DIRECTION('',(-0.,1.));
#970 = ( GEOMETRIC_REPRESENTATION_CONTEXT(2) 
PARAMETRIC_REPRESENTATION_CONTEXT() REPRESENTATION_CONTEXT('2D SPACE',''
  ) );
#971 = PCURVE('',#972,#977);
#972 = PLANE('',#973);
#973 = AXIS2_PLACEMENT_3D('',#974,#975,#976);
#974 = CARTESIAN_POINT('',(-13.,0.,-24.62));
#975 = DIRECTION('',(1.,0.,-0.));
#976 = DIRECTION('',(0.,0.,1.));
#977 = DEFINITIONAL_REPRESENTATION('',(#978),#982);
#978 = LINE('',#979,#980);
#979 = CARTESIAN_POINT('',(19.12,6.));
#980 = VECTOR('',#981,1.);
#981 = DIRECTION('',(0.,-1.));
#982 = ( GEOMETRIC_REPRESENTATION_CONTEXT(2) 
PARAMETRIC_REPRESENTATION_CONTEXT() REPRESENTATION_CONTEXT('2D SPACE',''
  ) );
#983 = ORIENTED_EDGE('',*,*,#984,.F.);
#984 = EDGE_CURVE('',#146,#957,#985,.T.);
#985 = SURFACE_CURVE('',#986,(#991,#997),.PCURVE_S1.);
#986 = CIRCLE('',#987,1.5);
#987 = AXIS2_PLACEMENT_3D('',#988,#989,#990);
#988 = CARTESIAN_POINT('',(-11.5,6.,-5.5));
#989 = DIRECTION('',(-0.,-1.,0.));
#990 = DIRECTION('',(0.,-0.,1.));
#991 = PCURVE('',#161,#992);
#992 = DEFINITIONAL_REPRESENTATION('',(#993),#996);
#993 = B_SPLINE_CURVE_WITH_KNOTS('',1,(#994,#995),.UNSPECIFIED.,.F.,.F.,
  (2,2),(0.,1.570796326795),.PIECEWISE_BEZIER_KNOTS.);
#994 = CARTESIAN_POINT('',(0.,12.));
#995 = CARTESIAN_POINT('',(-1.570796326795,12.));
#996 = ( GEOMETRIC_REPRESENTATION_CONTEXT(2) 
PARAMETRIC_REPRESENTATION_CONTEXT() REPRESENTATION_CONTEXT('2D SPACE',''
  ) );
#997 = PCURVE('',#190,#998);
#998 = DEFINITIONAL_REPRESENTATION('',(#999),#1002);
#999 = B_SPLINE_CURVE_WITH_KNOTS('',1,(#1000,#1001),.UNSPECIFIED.,.F.,
  .F.,(2,2),(0.,1.570796326795),.PIECEWISE_BEZIER_KNOTS.);
#1000 = CARTESIAN_POINT('',(0.,4.712388980385));
#1001 = CARTESIAN_POINT('',(0.,6.28318530718));
#1002 = ( GEOMETRIC_REPRESENTATION_CONTEXT(2) 
PARAMETRIC_REPRESENTATION_CONTEXT() REPRESENTATION_CONTEXT('2D SPACE',''
  ) );
#1003 = ORIENTED_EDGE('',*,*,#145,.F.);
#1004 = ADVANCED_FACE('',(#1005),#459,.T.);
#1005 = FACE_BOUND('',#1006,.T.);
#1006 = EDGE_LOOP('',(#1007,#1008,#1036,#1056));
#1007 = ORIENTED_EDGE('',*,*,#919,.T.);
#1008 = ORIENTED_EDGE('',*,*,#1009,.T.);
#1009 = EDGE_CURVE('',#892,#1010,#1012,.T.);
#1010 = VERTEX_POINT('',#1011);
#1011 = CARTESIAN_POINT('',(10.5,-8.,-5.5));
#1012 = SURFACE_CURVE('',#1013,(#1017,#1024),.PCURVE_S1.);
#1013 = LINE('',#1014,#1015);
#1014 = CARTESIAN_POINT('',(0.,-8.,-5.5));
#1015 = VECTOR('',#1016,1.);
#1016 = DIRECTION('',(1.,0.,0.));
#1017 = PCURVE('',#459,#1018);
#1018 = DEFINITIONAL_REPRESENTATION('',(#1019),#1023);
#1019 = LINE('',#1020,#1021);
#1020 = CARTESIAN_POINT('',(1.570796326795,0.));
#1021 = VECTOR('',#1022,1.);
#1022 = DIRECTION('',(0.,1.));
#1023 = ( GEOMETRIC_REPRESENTATION_CONTEXT(2) 
PARAMETRIC_REPRESENTATION_CONTEXT() REPRESENTATION_CONTEXT('2D SPACE',''
  ) );
#1024 = PCURVE('',#1025,#1030);
#1025 = PLANE('',#1026);
#1026 = AXIS2_PLACEMENT_3D('',#1027,#1028,#1029);
#1027 = CARTESIAN_POINT('',(4.921381664938,-8.,-18.69089839769));
#1028 = DIRECTION('',(0.,-1.,0.));
#1029 = DIRECTION('',(1.,0.,0.));
#1030 = DEFINITIONAL_REPRESENTATION('',(#1031),#1035);
#1031 = LINE('',#1032,#1033);
#1032 = CARTESIAN_POINT('',(-4.921381664938,13.190898397691));
#1033 = VECTOR('',#1034,1.);
#1034 = DIRECTION('',(1.,0.));
#1035 = ( GEOMETRIC_REPRESENTATION_CONTEXT(2) 
PARAMETRIC_REPRESENTATION_CONTEXT() REPRESENTATION_CONTEXT('2D SPACE',''
  ) );
#1036 = ORIENTED_EDGE('',*,*,#1037,.F.);
#1037 = EDGE_CURVE('',#401,#1010,#1038,.T.);
#1038 = SURFACE_CURVE('',#1039,(#1044,#1050),.PCURVE_S1.);
#1039 = CIRCLE('',#1040,1.5);
#1040 = AXIS2_PLACEMENT_3D('',#1041,#1042,#1043);
#1041 = CARTESIAN_POINT('',(10.5,-6.5,-5.5));
#1042 = DIRECTION('',(1.,0.,0.));
#1043 = DIRECTION('',(0.,-0.,1.));
#1044 = PCURVE('',#459,#1045);
#1045 = DEFINITIONAL_REPRESENTATION('',(#1046),#1049);
#1046 = B_SPLINE_CURVE_WITH_KNOTS('',1,(#1047,#1048),.UNSPECIFIED.,.F.,
  .F.,(2,2),(0.,1.570796326795),.PIECEWISE_BEZIER_KNOTS.);
#1047 = CARTESIAN_POINT('',(0.,10.5));
#1048 = CARTESIAN_POINT('',(1.570796326795,10.5));
#1049 = ( GEOMETRIC_REPRESENTATION_CONTEXT(2) 
PARAMETRIC_REPRESENTATION_CONTEXT() REPRESENTATION_CONTEXT('2D SPACE',''
  ) );
#1050 = PCURVE('',#421,#1051);
#1051 = DEFINITIONAL_REPRESENTATION('',(#1052),#1055);
#1052 = B_SPLINE_CURVE_WITH_KNOTS('',1,(#1053,#1054),.UNSPECIFIED.,.F.,
  .F.,(2,2),(0.,1.570796326795),.PIECEWISE_BEZIER_KNOTS.);
#1053 = CARTESIAN_POINT('',(0.,4.712388980385));
#1054 = CARTESIAN_POINT('',(0.,6.28318530718));
#1055 = ( GEOMETRIC_REPRESENTATION_CONTEXT(2) 
PARAMETRIC_REPRESENTATION_CONTEXT() REPRESENTATION_CONTEXT('2D SPACE',''
  ) );
#1056 = ORIENTED_EDGE('',*,*,#443,.F.);
#1057 = ADVANCED_FACE('',(#1058),#190,.T.);
#1058 = FACE_BOUND('',#1059,.T.);
#1059 = EDGE_LOOP('',(#1060,#1061,#1062,#1084));
#1060 = ORIENTED_EDGE('',*,*,#984,.F.);
#1061 = ORIENTED_EDGE('',*,*,#173,.T.);
#1062 = ORIENTED_EDGE('',*,*,#1063,.T.);
#1063 = EDGE_CURVE('',#174,#1064,#1066,.T.);
#1064 = VERTEX_POINT('',#1065);
#1065 = CARTESIAN_POINT('',(-11.,8.,-5.5));
#1066 = SURFACE_CURVE('',#1067,(#1072,#1078),.PCURVE_S1.);
#1067 = CIRCLE('',#1068,1.5);
#1068 = AXIS2_PLACEMENT_3D('',#1069,#1070,#1071);
#1069 = CARTESIAN_POINT('',(-11.,6.5,-5.5));
#1070 = DIRECTION('',(-1.,-6.123233995737E-17,-0.));
#1071 = DIRECTION('',(-6.123233995737E-17,1.,0.));
#1072 = PCURVE('',#190,#1073);
#1073 = DEFINITIONAL_REPRESENTATION('',(#1074),#1077);
#1074 = B_SPLINE_CURVE_WITH_KNOTS('',1,(#1075,#1076),.UNSPECIFIED.,.F.,
  .F.,(2,2),(4.712388980385,6.28318530718),.PIECEWISE_BEZIER_KNOTS.);
#1075 = CARTESIAN_POINT('',(1.570796326795,4.712388980385));
#1076 = CARTESIAN_POINT('',(1.570796326795,6.28318530718));
#1077 = ( GEOMETRIC_REPRESENTATION_CONTEXT(2) 
PARAMETRIC_REPRESENTATION_CONTEXT() REPRESENTATION_CONTEXT('2D SPACE',''
  ) );
#1078 = PCURVE('',#228,#1079);
#1079 = DEFINITIONAL_REPRESENTATION('',(#1080),#1083);
#1080 = B_SPLINE_CURVE_WITH_KNOTS('',1,(#1081,#1082),.UNSPECIFIED.,.F.,
  .F.,(2,2),(4.712388980385,6.28318530718),.PIECEWISE_BEZIER_KNOTS.);
#1081 = CARTESIAN_POINT('',(0.,0.));
#1082 = CARTESIAN_POINT('',(-1.570796326795,0.));
#1083 = ( GEOMETRIC_REPRESENTATION_CONTEXT(2) 
PARAMETRIC_REPRESENTATION_CONTEXT() REPRESENTATION_CONTEXT('2D SPACE',''
  ) );
#1084 = ORIENTED_EDGE('',*,*,#1085,.F.);
#1085 = EDGE_CURVE('',#957,#1064,#1086,.T.);
#1086 = SURFACE_CURVE('',#1087,(#1092,#1099),.PCURVE_S1.);
#1087 = CIRCLE('',#1088,2.);
#1088 = AXIS2_PLACEMENT_3D('',#1089,#1090,#1091);
#1089 = CARTESIAN_POINT('',(-11.,6.,-5.5));
#1090 = DIRECTION('',(0.,0.,-1.));
#1091 = DIRECTION('',(-1.,0.,0.));
#1092 = PCURVE('',#190,#1093);
#1093 = DEFINITIONAL_REPRESENTATION('',(#1094),#1098);
#1094 = LINE('',#1095,#1096);
#1095 = CARTESIAN_POINT('',(0.,6.28318530718));
#1096 = VECTOR('',#1097,1.);
#1097 = DIRECTION('',(1.,0.));
#1098 = ( GEOMETRIC_REPRESENTATION_CONTEXT(2) 
PARAMETRIC_REPRESENTATION_CONTEXT() REPRESENTATION_CONTEXT('2D SPACE',''
  ) );
#1099 = PCURVE('',#1100,#1105);
#1100 = CYLINDRICAL_SURFACE('',#1101,2.);
#1101 = AXIS2_PLACEMENT_3D('',#1102,#1103,#1104);
#1102 = CARTESIAN_POINT('',(-11.,6.,-24.62));
#1103 = DIRECTION('',(0.,0.,1.));
#1104 = DIRECTION('',(-0.,1.,0.));
#1105 = DEFINITIONAL_REPRESENTATION('',(#1106),#1110);
#1106 = LINE('',#1107,#1108);
#1107 = CARTESIAN_POINT('',(1.570796326795,19.12));
#1108 = VECTOR('',#1109,1.);
#1109 = DIRECTION('',(-1.,-0.));
#1110 = ( GEOMETRIC_REPRESENTATION_CONTEXT(2) 
PARAMETRIC_REPRESENTATION_CONTEXT() REPRESENTATION_CONTEXT('2D SPACE',''
  ) );
#1111 = ADVANCED_FACE('',(#1112),#421,.T.);
#1112 = FACE_BOUND('',#1113,.F.);
#1113 = EDGE_LOOP('',(#1114,#1115,#1116,#1138));
#1114 = ORIENTED_EDGE('',*,*,#1037,.F.);
#1115 = ORIENTED_EDGE('',*,*,#400,.T.);
#1116 = ORIENTED_EDGE('',*,*,#1117,.T.);
#1117 = EDGE_CURVE('',#373,#1118,#1120,.T.);
#1118 = VERTEX_POINT('',#1119);
#1119 = CARTESIAN_POINT('',(13.,-5.5,-5.5));
#1120 = SURFACE_CURVE('',#1121,(#1126,#1132),.PCURVE_S1.);
#1121 = CIRCLE('',#1122,1.5);
#1122 = AXIS2_PLACEMENT_3D('',#1123,#1124,#1125);
#1123 = CARTESIAN_POINT('',(11.5,-5.5,-5.5));
#1124 = DIRECTION('',(6.123233995737E-17,1.,0.));
#1125 = DIRECTION('',(1.,-6.123233995737E-17,0.));
#1126 = PCURVE('',#421,#1127);
#1127 = DEFINITIONAL_REPRESENTATION('',(#1128),#1131);
#1128 = B_SPLINE_CURVE_WITH_KNOTS('',1,(#1129,#1130),.UNSPECIFIED.,.F.,
  .F.,(2,2),(4.712388980385,6.28318530718),.PIECEWISE_BEZIER_KNOTS.);
#1129 = CARTESIAN_POINT('',(-1.570796326795,4.712388980385));
#1130 = CARTESIAN_POINT('',(-1.570796326795,6.28318530718));
#1131 = ( GEOMETRIC_REPRESENTATION_CONTEXT(2) 
PARAMETRIC_REPRESENTATION_CONTEXT() REPRESENTATION_CONTEXT('2D SPACE',''
  ) );
#1132 = PCURVE('',#388,#1133);
#1133 = DEFINITIONAL_REPRESENTATION('',(#1134),#1137);
#1134 = B_SPLINE_CURVE_WITH_KNOTS('',1,(#1135,#1136),.UNSPECIFIED.,.F.,
  .F.,(2,2),(4.712388980385,6.28318530718),.PIECEWISE_BEZIER_KNOTS.);
#1135 = CARTESIAN_POINT('',(0.,0.));
#1136 = CARTESIAN_POINT('',(1.570796326795,0.));
#1137 = ( GEOMETRIC_REPRESENTATION_CONTEXT(2) 
PARAMETRIC_REPRESENTATION_CONTEXT() REPRESENTATION_CONTEXT('2D SPACE',''
  ) );
#1138 = ORIENTED_EDGE('',*,*,#1139,.F.);
#1139 = EDGE_CURVE('',#1010,#1118,#1140,.T.);
#1140 = SURFACE_CURVE('',#1141,(#1146,#1153),.PCURVE_S1.);
#1141 = CIRCLE('',#1142,2.5);
#1142 = AXIS2_PLACEMENT_3D('',#1143,#1144,#1145);
#1143 = CARTESIAN_POINT('',(10.5,-5.5,-5.5));
#1144 = DIRECTION('',(-0.,0.,1.));
#1145 = DIRECTION('',(0.,-1.,0.));
#1146 = PCURVE('',#421,#1147);
#1147 = DEFINITIONAL_REPRESENTATION('',(#1148),#1152);
#1148 = LINE('',#1149,#1150);
#1149 = CARTESIAN_POINT('',(-0.,6.28318530718));
#1150 = VECTOR('',#1151,1.);
#1151 = DIRECTION('',(-1.,0.));
#1152 = ( GEOMETRIC_REPRESENTATION_CONTEXT(2) 
PARAMETRIC_REPRESENTATION_CONTEXT() REPRESENTATION_CONTEXT('2D SPACE',''
  ) );
#1153 = PCURVE('',#1154,#1159);
#1154 = CYLINDRICAL_SURFACE('',#1155,2.5);
#1155 = AXIS2_PLACEMENT_3D('',#1156,#1157,#1158);
#1156 = CARTESIAN_POINT('',(10.5,-5.5,-10.82548586491));
#1157 = DIRECTION('',(0.,0.,1.));
#1158 = DIRECTION('',(0.,-1.,0.));
#1159 = DEFINITIONAL_REPRESENTATION('',(#1160),#1164);
#1160 = LINE('',#1161,#1162);
#1161 = CARTESIAN_POINT('',(0.,5.325485864912));
#1162 = VECTOR('',#1163,1.);
#1163 = DIRECTION('',(1.,0.));
#1164 = ( GEOMETRIC_REPRESENTATION_CONTEXT(2) 
PARAMETRIC_REPRESENTATION_CONTEXT() REPRESENTATION_CONTEXT('2D SPACE',''
  ) );
#1165 = ADVANCED_FACE('',(#1166),#228,.T.);
#1166 = FACE_BOUND('',#1167,.F.);
#1167 = EDGE_LOOP('',(#1168,#1169,#1197,#1290));
#1168 = ORIENTED_EDGE('',*,*,#1063,.T.);
#1169 = ORIENTED_EDGE('',*,*,#1170,.T.);
#1170 = EDGE_CURVE('',#1064,#1171,#1173,.T.);
#1171 = VERTEX_POINT('',#1172);
#1172 = CARTESIAN_POINT('',(-10.24695076596,8.,-5.5));
#1173 = SURFACE_CURVE('',#1174,(#1178,#1185),.PCURVE_S1.);
#1174 = LINE('',#1175,#1176);
#1175 = CARTESIAN_POINT('',(-11.,8.,-5.5));
#1176 = VECTOR('',#1177,1.);
#1177 = DIRECTION('',(1.,0.,0.));
#1178 = PCURVE('',#228,#1179);
#1179 = DEFINITIONAL_REPRESENTATION('',(#1180),#1184);
#1180 = LINE('',#1181,#1182);
#1181 = CARTESIAN_POINT('',(-1.570796326795,0.));
#1182 = VECTOR('',#1183,1.);
#1183 = DIRECTION('',(-0.,1.));
#1184 = ( GEOMETRIC_REPRESENTATION_CONTEXT(2) 
PARAMETRIC_REPRESENTATION_CONTEXT() REPRESENTATION_CONTEXT('2D SPACE',''
  ) );
#1185 = PCURVE('',#1186,#1191);
#1186 = PLANE('',#1187);
#1187 = AXIS2_PLACEMENT_3D('',#1188,#1189,#1190);
#1188 = CARTESIAN_POINT('',(4.921381664938,8.,-18.69089839769));
#1189 = DIRECTION('',(0.,-1.,0.));
#1190 = DIRECTION('',(1.,0.,0.));
#1191 = DEFINITIONAL_REPRESENTATION('',(#1192),#1196);
#1192 = LINE('',#1193,#1194);
#1193 = CARTESIAN_POINT('',(-15.92138166493,13.190898397691));
#1194 = VECTOR('',#1195,1.);
#1195 = DIRECTION('',(1.,0.));
#1196 = ( GEOMETRIC_REPRESENTATION_CONTEXT(2) 
PARAMETRIC_REPRESENTATION_CONTEXT() REPRESENTATION_CONTEXT('2D SPACE',''
  ) );
#1197 = ORIENTED_EDGE('',*,*,#1198,.F.);
#1198 = EDGE_CURVE('',#213,#1171,#1199,.T.);
#1199 = SURFACE_CURVE('',#1200,(#1228,#1259),.PCURVE_S1.);
#1200 = B_SPLINE_CURVE_WITH_KNOTS('',6,(#1201,#1202,#1203,#1204,#1205,
    #1206,#1207,#1208,#1209,#1210,#1211,#1212,#1213,#1214,#1215,#1216,
    #1217,#1218,#1219,#1220,#1221,#1222,#1223,#1224,#1225,#1226,#1227),
  .UNSPECIFIED.,.F.,.F.,(7,5,5,5,5,7),(0.,3.241345608179E-02,
    0.272263541603,0.533361580393,0.699982460319,1.),.UNSPECIFIED.);
#1201 = CARTESIAN_POINT('',(-9.486832943248,6.500000054377,-4.));
#1202 = CARTESIAN_POINT('',(-9.493114749705,6.511918739814,
    -4.000000000171));
#1203 = CARTESIAN_POINT('',(-9.49939262305,6.523839667924,
    -4.000113645445));
#1204 = CARTESIAN_POINT('',(-9.505666091161,6.535761727834,
    -4.000341013715));
#1205 = CARTESIAN_POINT('',(-9.511934646901,6.547683833189,
    -4.000682180235));
#1206 = CARTESIAN_POINT('',(-9.518197748126,6.559604922151,
    -4.001137217624));
#1207 = CARTESIAN_POINT('',(-9.570755300517,6.659721328767,
    -4.00591646825));
#1208 = CARTESIAN_POINT('',(-9.61672484235,6.7478027617,-4.016365448713)
  );
#1209 = CARTESIAN_POINT('',(-9.662147293321,6.835342857622,
    -4.03308133968));
#1210 = CARTESIAN_POINT('',(-9.706800071202,6.921887729033,
    -4.056085028531));
#1211 = CARTESIAN_POINT('',(-9.750452852036,7.006953192254,
    -4.085375611493));
#1212 = CARTESIAN_POINT('',(-9.839037008729,7.180451752117,
    -4.159604685106));
#1213 = CARTESIAN_POINT('',(-9.88373605712,7.268509583279,-4.20569724088
    ));
#1214 = CARTESIAN_POINT('',(-9.926653971232,7.353529949616,
    -4.259142503985));
#1215 = CARTESIAN_POINT('',(-9.967452767404,7.434768755321,
    -4.319825687765));
#1216 = CARTESIAN_POINT('',(-10.00577653888,7.511430492238,
    -4.387520548356));
#1217 = CARTESIAN_POINT('',(-10.06390733933,7.628171812711,
    -4.509269965617));
#1218 = CARTESIAN_POINT('',(-10.08539605857,7.671449647602,
    -4.559395188901));
#1219 = CARTESIAN_POINT('',(-10.10563295514,7.712313053332,
    -4.612113704964));
#1220 = CARTESIAN_POINT('',(-10.12452166809,7.750543381614,
    -4.667293228231));
#1221 = CARTESIAN_POINT('',(-10.14196830051,7.785926766857,
    -4.724767339809));
#1222 = CARTESIAN_POINT('',(-10.18654449609,7.876486740197,
    -4.891578636477));
#1223 = CARTESIAN_POINT('',(-10.21025808345,7.924859798689,
    -5.005652203264));
#1224 = CARTESIAN_POINT('',(-10.22847839365,7.962142673462,
    -5.125265303591));
#1225 = CARTESIAN_POINT('',(-10.24079562699,7.987385775202,
    -5.248819672719));
#1226 = CARTESIAN_POINT('',(-10.24695076596,8.,-5.374431111557));
#1227 = CARTESIAN_POINT('',(-10.24695076596,8.,-5.5));
#1228 = PCURVE('',#228,#1229);
#1229 = DEFINITIONAL_REPRESENTATION('',(#1230),#1258);
#1230 = B_SPLINE_CURVE_WITH_KNOTS('',6,(#1231,#1232,#1233,#1234,#1235,
    #1236,#1237,#1238,#1239,#1240,#1241,#1242,#1243,#1244,#1245,#1246,
    #1247,#1248,#1249,#1250,#1251,#1252,#1253,#1254,#1255,#1256,#1257),
  .UNSPECIFIED.,.F.,.F.,(7,5,5,5,5,7),(0.,3.241345608179E-02,
    0.272263541603,0.533361580393,0.699982460319,1.),.UNSPECIFIED.);
#1231 = CARTESIAN_POINT('',(-3.625109693909E-08,1.513167056752));
#1232 = CARTESIAN_POINT('',(-7.945826487504E-03,1.506885250295));
#1233 = CARTESIAN_POINT('',(-1.589311201622E-02,1.50060737695));
#1234 = CARTESIAN_POINT('',(-2.384205492184E-02,1.494333908839));
#1235 = CARTESIAN_POINT('',(-3.179283574512E-02,1.488065353099));
#1236 = CARTESIAN_POINT('',(-3.974565348299E-02,1.481802251874));
#1237 = CARTESIAN_POINT('',(-0.106565930213,1.429244699483));
#1238 = CARTESIAN_POINT('',(-0.165552340347,1.38327515765));
#1239 = CARTESIAN_POINT('',(-0.224744277127,1.337852706679));
#1240 = CARTESIAN_POINT('',(-0.284215838061,1.293199928798));
#1241 = CARTESIAN_POINT('',(-0.344035548131,1.249547147964));
#1242 = CARTESIAN_POINT('',(-0.469842641455,1.160962991271));
#1243 = CARTESIAN_POINT('',(-0.535903060722,1.11626394288));
#1244 = CARTESIAN_POINT('',(-0.602535477403,1.073346028768));
#1245 = CARTESIAN_POINT('',(-0.669803474107,1.032547232596));
#1246 = CARTESIAN_POINT('',(-0.737749639844,0.994223461114));
#1247 = CARTESIAN_POINT('',(-0.850200036828,0.936092660661));
#1248 = CARTESIAN_POINT('',(-0.894288795928,0.914603941423));
#1249 = CARTESIAN_POINT('',(-0.938662457713,0.894367044857));
#1250 = CARTESIAN_POINT('',(-0.983318195777,0.875478331905));
#1251 = CARTESIAN_POINT('',(-1.028246485775,0.858031699486));
#1252 = CARTESIAN_POINT('',(-1.154785223747,0.813455503903));
#1253 = CARTESIAN_POINT('',(-1.237006329756,0.789741916543));
#1254 = CARTESIAN_POINT('',(-1.319916255597,0.771521606347));
#1255 = CARTESIAN_POINT('',(-1.403343017929,0.759204373008));
#1256 = CARTESIAN_POINT('',(-1.487083734499,0.75304923404));
#1257 = CARTESIAN_POINT('',(-1.570796326795,0.75304923404));
#1258 = ( GEOMETRIC_REPRESENTATION_CONTEXT(2) 
PARAMETRIC_REPRESENTATION_CONTEXT() REPRESENTATION_CONTEXT('2D SPACE',''
  ) );
#1259 = PCURVE('',#261,#1260);
#1260 = DEFINITIONAL_REPRESENTATION('',(#1261),#1289);
#1261 = B_SPLINE_CURVE_WITH_KNOTS('',6,(#1262,#1263,#1264,#1265,#1266,
    #1267,#1268,#1269,#1270,#1271,#1272,#1273,#1274,#1275,#1276,#1277,
    #1278,#1279,#1280,#1281,#1282,#1283,#1284,#1285,#1286,#1287,#1288),
  .UNSPECIFIED.,.F.,.F.,(7,5,5,5,5,7),(0.,3.241345608179E-02,
    0.272263541603,0.533361580393,0.699982460319,1.),.UNSPECIFIED.);
#1262 = CARTESIAN_POINT('',(-0.970099568127,4.712388980385));
#1263 = CARTESIAN_POINT('',(-0.969553338743,4.720334829839));
#1264 = CARTESIAN_POINT('',(-0.969008113883,4.728282106535));
#1265 = CARTESIAN_POINT('',(-0.968463945464,4.736231028587));
#1266 = CARTESIAN_POINT('',(-0.96792088117,4.74418180464));
#1267 = CARTESIAN_POINT('',(-0.967378964444,4.752134633868));
#1268 = CARTESIAN_POINT('',(-0.962836991184,4.818954910598));
#1269 = CARTESIAN_POINT('',(-0.958900942729,4.877941320731));
#1270 = CARTESIAN_POINT('',(-0.955047224372,4.937133257512));
#1271 = CARTESIAN_POINT('',(-0.951292434929,4.996604818446));
#1272 = CARTESIAN_POINT('',(-0.947652866362,5.056424528516));
#1273 = CARTESIAN_POINT('',(-0.94032582017,5.18223162184));
#1274 = CARTESIAN_POINT('',(-0.936662904399,5.248292041107));
#1275 = CARTESIAN_POINT('',(-0.933176994181,5.314924457787));
#1276 = CARTESIAN_POINT('',(-0.929890213208,5.382192454492));
#1277 = CARTESIAN_POINT('',(-0.926825301295,5.450138620229));
#1278 = CARTESIAN_POINT('',(-0.92220540046,5.562589017213));
#1279 = CARTESIAN_POINT('',(-0.920505405991,5.606677776313));
#1280 = CARTESIAN_POINT('',(-0.91891115388,5.651051438098));
#1281 = CARTESIAN_POINT('',(-0.917428681985,5.695707176162));
#1282 = CARTESIAN_POINT('',(-0.916063847373,5.740635466159));
#1283 = CARTESIAN_POINT('',(-0.91258629377,5.867174204132));
#1284 = CARTESIAN_POINT('',(-0.910748493927,5.94939531014));
#1285 = CARTESIAN_POINT('',(-0.909343443246,6.032305235981));
#1286 = CARTESIAN_POINT('',(-0.90839597819,6.115731998314));
#1287 = CARTESIAN_POINT('',(-0.907922503145,6.199472714884));
#1288 = CARTESIAN_POINT('',(-0.907922503145,6.28318530718));
#1289 = ( GEOMETRIC_REPRESENTATION_CONTEXT(2) 
PARAMETRIC_REPRESENTATION_CONTEXT() REPRESENTATION_CONTEXT('2D SPACE',''
  ) );
#1290 = ORIENTED_EDGE('',*,*,#212,.F.);
#1291 = ADVANCED_FACE('',(#1292),#388,.T.);
#1292 = FACE_BOUND('',#1293,.T.);
#1293 = EDGE_LOOP('',(#1294,#1295,#1323,#1343));
#1294 = ORIENTED_EDGE('',*,*,#1117,.T.);
#1295 = ORIENTED_EDGE('',*,*,#1296,.T.);
#1296 = EDGE_CURVE('',#1118,#1297,#1299,.T.);
#1297 = VERTEX_POINT('',#1298);
#1298 = CARTESIAN_POINT('',(13.,5.5,-5.5));
#1299 = SURFACE_CURVE('',#1300,(#1304,#1311),.PCURVE_S1.);
#1300 = LINE('',#1301,#1302);
#1301 = CARTESIAN_POINT('',(13.,-5.5,-5.5));
#1302 = VECTOR('',#1303,1.);
#1303 = DIRECTION('',(0.,1.,0.));
#1304 = PCURVE('',#388,#1305);
#1305 = DEFINITIONAL_REPRESENTATION('',(#1306),#1310);
#1306 = LINE('',#1307,#1308);
#1307 = CARTESIAN_POINT('',(1.570796326795,0.));
#1308 = VECTOR('',#1309,1.);
#1309 = DIRECTION('',(0.,1.));
#1310 = ( GEOMETRIC_REPRESENTATION_CONTEXT(2) 
PARAMETRIC_REPRESENTATION_CONTEXT() REPRESENTATION_CONTEXT('2D SPACE',''
  ) );
#1311 = PCURVE('',#1312,#1317);
#1312 = PLANE('',#1313);
#1313 = AXIS2_PLACEMENT_3D('',#1314,#1315,#1316);
#1314 = CARTESIAN_POINT('',(13.,0.,-10.82548586491));
#1315 = DIRECTION('',(1.,0.,-0.));
#1316 = DIRECTION('',(0.,0.,1.));
#1317 = DEFINITIONAL_REPRESENTATION('',(#1318),#1322);
#1318 = LINE('',#1319,#1320);
#1319 = CARTESIAN_POINT('',(5.325485864912,5.5));
#1320 = VECTOR('',#1321,1.);
#1321 = DIRECTION('',(0.,-1.));
#1322 = ( GEOMETRIC_REPRESENTATION_CONTEXT(2) 
PARAMETRIC_REPRESENTATION_CONTEXT() REPRESENTATION_CONTEXT('2D SPACE',''
  ) );
#1323 = ORIENTED_EDGE('',*,*,#1324,.F.);
#1324 = EDGE_CURVE('',#330,#1297,#1325,.T.);
#1325 = SURFACE_CURVE('',#1326,(#1331,#1337),.PCURVE_S1.);
#1326 = CIRCLE('',#1327,1.5);
#1327 = AXIS2_PLACEMENT_3D('',#1328,#1329,#1330);
#1328 = CARTESIAN_POINT('',(11.5,5.5,-5.5));
#1329 = DIRECTION('',(0.,1.,0.));
#1330 = DIRECTION('',(0.,-0.,1.));
#1331 = PCURVE('',#388,#1332);
#1332 = DEFINITIONAL_REPRESENTATION('',(#1333),#1336);
#1333 = B_SPLINE_CURVE_WITH_KNOTS('',1,(#1334,#1335),.UNSPECIFIED.,.F.,
  .F.,(2,2),(0.,1.570796326795),.PIECEWISE_BEZIER_KNOTS.);
#1334 = CARTESIAN_POINT('',(0.,11.));
#1335 = CARTESIAN_POINT('',(1.570796326795,11.));
#1336 = ( GEOMETRIC_REPRESENTATION_CONTEXT(2) 
PARAMETRIC_REPRESENTATION_CONTEXT() REPRESENTATION_CONTEXT('2D SPACE',''
  ) );
#1337 = PCURVE('',#350,#1338);
#1338 = DEFINITIONAL_REPRESENTATION('',(#1339),#1342);
#1339 = B_SPLINE_CURVE_WITH_KNOTS('',1,(#1340,#1341),.UNSPECIFIED.,.F.,
  .F.,(2,2),(0.,1.570796326795),.PIECEWISE_BEZIER_KNOTS.);
#1340 = CARTESIAN_POINT('',(0.,4.712388980385));
#1341 = CARTESIAN_POINT('',(0.,6.28318530718));
#1342 = ( GEOMETRIC_REPRESENTATION_CONTEXT(2) 
PARAMETRIC_REPRESENTATION_CONTEXT() REPRESENTATION_CONTEXT('2D SPACE',''
  ) );
#1343 = ORIENTED_EDGE('',*,*,#372,.F.);
#1344 = ADVANCED_FACE('',(#1345),#261,.T.);
#1345 = FACE_BOUND('',#1346,.F.);
#1346 = EDGE_LOOP('',(#1347,#1348,#1377,#1479));
#1347 = ORIENTED_EDGE('',*,*,#1198,.T.);
#1348 = ORIENTED_EDGE('',*,*,#1349,.F.);
#1349 = EDGE_CURVE('',#1350,#1171,#1352,.T.);
#1350 = VERTEX_POINT('',#1351);
#1351 = CARTESIAN_POINT('',(4.828548577117E-13,13.,-5.5));
#1352 = SURFACE_CURVE('',#1353,(#1358,#1365),.PCURVE_S1.);
#1353 = CIRCLE('',#1354,13.);
#1354 = AXIS2_PLACEMENT_3D('',#1355,#1356,#1357);
#1355 = CARTESIAN_POINT('',(0.,0.,-5.5));
#1356 = DIRECTION('',(0.,-0.,1.));
#1357 = DIRECTION('',(3.714268136244E-14,1.,0.));
#1358 = PCURVE('',#261,#1359);
#1359 = DEFINITIONAL_REPRESENTATION('',(#1360),#1364);
#1360 = LINE('',#1361,#1362);
#1361 = CARTESIAN_POINT('',(-0.,6.28318530718));
#1362 = VECTOR('',#1363,1.);
#1363 = DIRECTION('',(-1.,0.));
#1364 = ( GEOMETRIC_REPRESENTATION_CONTEXT(2) 
PARAMETRIC_REPRESENTATION_CONTEXT() REPRESENTATION_CONTEXT('2D SPACE',''
  ) );
#1365 = PCURVE('',#1366,#1371);
#1366 = CYLINDRICAL_SURFACE('',#1367,13.);
#1367 = AXIS2_PLACEMENT_3D('',#1368,#1369,#1370);
#1368 = CARTESIAN_POINT('',(0.,0.,-24.62));
#1369 = DIRECTION('',(-0.,-0.,-1.));
#1370 = DIRECTION('',(1.,0.,0.));
#1371 = DEFINITIONAL_REPRESENTATION('',(#1372),#1376);
#1372 = LINE('',#1373,#1374);
#1373 = CARTESIAN_POINT('',(-1.570796326795,-19.12));
#1374 = VECTOR('',#1375,1.);
#1375 = DIRECTION('',(-1.,0.));
#1376 = ( GEOMETRIC_REPRESENTATION_CONTEXT(2) 
PARAMETRIC_REPRESENTATION_CONTEXT() REPRESENTATION_CONTEXT('2D SPACE',''
  ) );
#1377 = ORIENTED_EDGE('',*,*,#1378,.F.);
#1378 = EDGE_CURVE('',#241,#1350,#1379,.T.);
#1379 = SURFACE_CURVE('',#1380,(#1411,#1445),.PCURVE_S1.);
#1380 = B_SPLINE_CURVE_WITH_KNOTS('',8,(#1381,#1382,#1383,#1384,#1385,
    #1386,#1387,#1388,#1389,#1390,#1391,#1392,#1393,#1394,#1395,#1396,
    #1397,#1398,#1399,#1400,#1401,#1402,#1403,#1404,#1405,#1406,#1407,
    #1408,#1409,#1410),.UNSPECIFIED.,.F.,.F.,(9,7,7,7,9),(0.,
    0.496776343025,0.676387549989,0.805829227838,1.),.UNSPECIFIED.);
#1381 = CARTESIAN_POINT('',(-1.499999999284,11.401754251086,-4.));
#1382 = CARTESIAN_POINT('',(-1.380746424464,11.537724244142,
    -3.999999913223));
#1383 = CARTESIAN_POINT('',(-1.26068356612,11.672763863054,
    -4.010835848578));
#1384 = CARTESIAN_POINT('',(-1.140143992623,11.806538113559,
    -4.032762104505));
#1385 = CARTESIAN_POINT('',(-1.019661642875,11.938508341775,
    -4.066315459653));
#1386 = CARTESIAN_POINT('',(-0.899990593109,12.067931459069,
    -4.112169607731));
#1387 = CARTESIAN_POINT('',(-0.782169555748,12.193815389901,
    -4.171183513771));
#1388 = CARTESIAN_POINT('',(-0.667509825382,12.314946758656,
    -4.24427512624));
#1389 = CARTESIAN_POINT('',(-0.518116692124,12.471194308693,
    -4.364876863397));
#1390 = CARTESIAN_POINT('',(-0.479117296257,12.511824828062,
    -4.398905527166));
#1391 = CARTESIAN_POINT('',(-0.440880106657,12.551511274417,
    -4.434992673747));
#1392 = CARTESIAN_POINT('',(-0.403514189561,12.590152625412,
    -4.473190275827));
#1393 = CARTESIAN_POINT('',(-0.367146140605,12.62763136995,
    -4.513544613817));
#1394 = CARTESIAN_POINT('',(-0.331919578152,12.66381417621,
    -4.556093595932));
#1395 = CARTESIAN_POINT('',(-0.29799463662,12.698552559661,
    -4.600864078273));
#1396 = CARTESIAN_POINT('',(-0.242163523596,12.755560296808,
    -4.6817446873));
#1397 = CARTESIAN_POINT('',(-0.219549546187,12.77859970165,
    -4.716777392782));
#1398 = CARTESIAN_POINT('',(-0.197772002097,12.800740109206,
    -4.752969931614));
#1399 = CARTESIAN_POINT('',(-0.176904296782,12.821913329198,
    -4.790317531023));
#1400 = CARTESIAN_POINT('',(-0.157025170847,12.842046143971,
    -4.82880630413));
#1401 = CARTESIAN_POINT('',(-0.138217104242,12.86106181499,
    -4.868411538872));
#1402 = CARTESIAN_POINT('',(-0.12056472047,12.878881589336,
    -4.90909598693));
#1403 = CARTESIAN_POINT('',(-7.953484957395E-02,12.920244186672,
    -5.013379061503));
#1404 = CARTESIAN_POINT('',(-5.769349571444E-02,12.942208110657,
    -5.078300234922));
#1405 = CARTESIAN_POINT('',(-3.894191696466E-02,12.961024457351,
    -5.145350393471));
#1406 = CARTESIAN_POINT('',(-2.357227627396E-02,12.976421009354,
    -5.214243168829));
#1407 = CARTESIAN_POINT('',(-1.18405948222E-02,12.988159475688,
    -5.284621693666));
#1408 = CARTESIAN_POINT('',(-3.945323096146E-03,12.996054635149,
    -5.356055620299));
#1409 = CARTESIAN_POINT('',(1.110223024625E-15,13.,-5.428040568151));
#1410 = CARTESIAN_POINT('',(1.110223024625E-15,13.,-5.5));
#1411 = PCURVE('',#261,#1412);
#1412 = DEFINITIONAL_REPRESENTATION('',(#1413),#1444);
#1413 = B_SPLINE_CURVE_WITH_KNOTS('',8,(#1414,#1415,#1416,#1417,#1418,
    #1419,#1420,#1421,#1422,#1423,#1424,#1425,#1426,#1427,#1428,#1429,
    #1430,#1431,#1432,#1433,#1434,#1435,#1436,#1437,#1438,#1439,#1440,
    #1441,#1442,#1443),.UNSPECIFIED.,.F.,.F.,(9,7,7,7,9),(0.,
    0.496776343025,0.676387549989,0.805829227838,1.),.UNSPECIFIED.);
#1414 = CARTESIAN_POINT('',(-0.130807496015,4.712388980385));
#1415 = CARTESIAN_POINT('',(-0.118984019024,4.791891271622));
#1416 = CARTESIAN_POINT('',(-0.10738156346,4.87193380381));
#1417 = CARTESIAN_POINT('',(-9.602427511555E-02,4.953057128536));
#1418 = CARTESIAN_POINT('',(-8.495210439771E-02,5.035724217114));
#1419 = CARTESIAN_POINT('',(-7.421942455641E-02,5.120361520414));
#1420 = CARTESIAN_POINT('',(-6.389691640268E-02,5.207456866908));
#1421 = CARTESIAN_POINT('',(-5.406844475568E-02,5.297542685811));
#1422 = CARTESIAN_POINT('',(-4.151058600875E-02,5.4255411012));
#1423 = CARTESIAN_POINT('',(-3.825719558938E-02,5.460021268934));
#1424 = CARTESIAN_POINT('',(-3.509090938192E-02,5.495027846386));
#1425 = CARTESIAN_POINT('',(-3.201880432565E-02,5.530593180865));
#1426 = CARTESIAN_POINT('',(-2.904915102381E-02,5.566746925544));
#1427 = CARTESIAN_POINT('',(-2.619135081926E-02,5.603516555559));
#1428 = CARTESIAN_POINT('',(-2.345587287029E-02,5.64092788411));
#1429 = CARTESIAN_POINT('',(-1.897921892956E-02,5.706447299716));
#1430 = CARTESIAN_POINT('',(-1.717393398206E-02,5.734232384069));
#1431 = CARTESIAN_POINT('',(-1.544269031502E-02,5.762368367118));
#1432 = CARTESIAN_POINT('',(-1.379031622667E-02,5.790859781308));
#1433 = CARTESIAN_POINT('',(-1.222200535265E-02,5.819707717511));
#1434 = CARTESIAN_POINT('',(-1.074320763651E-02,5.848909386519));
#1435 = CARTESIAN_POINT('',(-9.359520300113E-03,5.878457680528));
#1436 = CARTESIAN_POINT('',(-6.152084763078E-03,5.953167221636));
#1437 = CARTESIAN_POINT('',(-4.453102638704E-03,5.998773845821));
#1438 = CARTESIAN_POINT('',(-3.000704996793E-03,6.045084646799));
#1439 = CARTESIAN_POINT('',(-1.814285026485E-03,6.092007317485));
#1440 = CARTESIAN_POINT('',(-9.108043239845E-04,6.139431397617));
#1441 = CARTESIAN_POINT('',(-3.03492697026E-04,6.18722246902));
#1442 = CARTESIAN_POINT('',(-3.641531520771E-14,6.235212352613));
#1443 = CARTESIAN_POINT('',(-3.641531520771E-14,6.28318530718));
#1444 = ( GEOMETRIC_REPRESENTATION_CONTEXT(2) 
PARAMETRIC_REPRESENTATION_CONTEXT() REPRESENTATION_CONTEXT('2D SPACE',''
  ) );
#1445 = PCURVE('',#289,#1446);
#1446 = DEFINITIONAL_REPRESENTATION('',(#1447),#1478);
#1447 = B_SPLINE_CURVE_WITH_KNOTS('',8,(#1448,#1449,#1450,#1451,#1452,
    #1453,#1454,#1455,#1456,#1457,#1458,#1459,#1460,#1461,#1462,#1463,
    #1464,#1465,#1466,#1467,#1468,#1469,#1470,#1471,#1472,#1473,#1474,
    #1475,#1476,#1477),.UNSPECIFIED.,.F.,.F.,(9,7,7,7,9),(0.,
    0.496776343025,0.676387549989,0.805829227838,1.),.UNSPECIFIED.);
#1448 = CARTESIAN_POINT('',(0.,3.401754251086));
#1449 = CARTESIAN_POINT('',(7.950229123688E-02,3.537724244142));
#1450 = CARTESIAN_POINT('',(0.159544823426,3.672763863054));
#1451 = CARTESIAN_POINT('',(0.240668148151,3.806538113559));
#1452 = CARTESIAN_POINT('',(0.32333523673,3.938508341775));
#1453 = CARTESIAN_POINT('',(0.407972540028,4.067931459069));
#1454 = CARTESIAN_POINT('',(0.495067886523,4.193815389901));
#1455 = CARTESIAN_POINT('',(0.585153705427,4.314946758656));
#1456 = CARTESIAN_POINT('',(0.713152120816,4.471194308693));
#1457 = CARTESIAN_POINT('',(0.747632288549,4.511824828062));
#1458 = CARTESIAN_POINT('',(0.782638866001,4.551511274417));
#1459 = CARTESIAN_POINT('',(0.81820420048,4.590152625412));
#1460 = CARTESIAN_POINT('',(0.854357945159,4.62763136995));
#1461 = CARTESIAN_POINT('',(0.891127575174,4.66381417621));
#1462 = CARTESIAN_POINT('',(0.928538903726,4.698552559661));
#1463 = CARTESIAN_POINT('',(0.994058319332,4.755560296808));
#1464 = CARTESIAN_POINT('',(1.021843403684,4.77859970165));
#1465 = CARTESIAN_POINT('',(1.049979386734,4.800740109206));
#1466 = CARTESIAN_POINT('',(1.078470800923,4.821913329198));
#1467 = CARTESIAN_POINT('',(1.107318737126,4.842046143971));
#1468 = CARTESIAN_POINT('',(1.136520406134,4.86106181499));
#1469 = CARTESIAN_POINT('',(1.166068700144,4.878881589336));
#1470 = CARTESIAN_POINT('',(1.240778241251,4.920244186672));
#1471 = CARTESIAN_POINT('',(1.286384865436,4.942208110657));
#1472 = CARTESIAN_POINT('',(1.332695666414,4.961024457351));
#1473 = CARTESIAN_POINT('',(1.3796183371,4.976421009354));
#1474 = CARTESIAN_POINT('',(1.427042417233,4.988159475688));
#1475 = CARTESIAN_POINT('',(1.474833488635,4.996054635149));
#1476 = CARTESIAN_POINT('',(1.522823372229,5.));
#1477 = CARTESIAN_POINT('',(1.570796326795,5.));
#1478 = ( GEOMETRIC_REPRESENTATION_CONTEXT(2) 
PARAMETRIC_REPRESENTATION_CONTEXT() REPRESENTATION_CONTEXT('2D SPACE',''
  ) );
#1479 = ORIENTED_EDGE('',*,*,#240,.T.);
#1480 = ADVANCED_FACE('',(#1481),#350,.T.);
#1481 = FACE_BOUND('',#1482,.F.);
#1482 = EDGE_LOOP('',(#1483,#1484,#1485,#1507));
#1483 = ORIENTED_EDGE('',*,*,#1324,.F.);
#1484 = ORIENTED_EDGE('',*,*,#329,.T.);
#1485 = ORIENTED_EDGE('',*,*,#1486,.T.);
#1486 = EDGE_CURVE('',#302,#1487,#1489,.T.);
#1487 = VERTEX_POINT('',#1488);
#1488 = CARTESIAN_POINT('',(10.5,8.,-5.5));
#1489 = SURFACE_CURVE('',#1490,(#1495,#1501),.PCURVE_S1.);
#1490 = CIRCLE('',#1491,1.5);
#1491 = AXIS2_PLACEMENT_3D('',#1492,#1493,#1494);
#1492 = CARTESIAN_POINT('',(10.5,6.5,-5.5));
#1493 = DIRECTION('',(-1.,6.123233995737E-17,0.));
#1494 = DIRECTION('',(6.123233995737E-17,1.,0.));
#1495 = PCURVE('',#350,#1496);
#1496 = DEFINITIONAL_REPRESENTATION('',(#1497),#1500);
#1497 = B_SPLINE_CURVE_WITH_KNOTS('',1,(#1498,#1499),.UNSPECIFIED.,.F.,
  .F.,(2,2),(4.712388980385,6.28318530718),.PIECEWISE_BEZIER_KNOTS.);
#1498 = CARTESIAN_POINT('',(-1.570796326795,4.712388980385));
#1499 = CARTESIAN_POINT('',(-1.570796326795,6.28318530718));
#1500 = ( GEOMETRIC_REPRESENTATION_CONTEXT(2) 
PARAMETRIC_REPRESENTATION_CONTEXT() REPRESENTATION_CONTEXT('2D SPACE',''
  ) );
#1501 = PCURVE('',#317,#1502);
#1502 = DEFINITIONAL_REPRESENTATION('',(#1503),#1506);
#1503 = B_SPLINE_CURVE_WITH_KNOTS('',1,(#1504,#1505),.UNSPECIFIED.,.F.,
  .F.,(2,2),(4.712388980385,6.28318530718),.PIECEWISE_BEZIER_KNOTS.);
#1504 = CARTESIAN_POINT('',(0.,0.));
#1505 = CARTESIAN_POINT('',(1.570796326795,0.));
#1506 = ( GEOMETRIC_REPRESENTATION_CONTEXT(2) 
PARAMETRIC_REPRESENTATION_CONTEXT() REPRESENTATION_CONTEXT('2D SPACE',''
  ) );
#1507 = ORIENTED_EDGE('',*,*,#1508,.F.);
#1508 = EDGE_CURVE('',#1297,#1487,#1509,.T.);
#1509 = SURFACE_CURVE('',#1510,(#1515,#1522),.PCURVE_S1.);
#1510 = CIRCLE('',#1511,2.5);
#1511 = AXIS2_PLACEMENT_3D('',#1512,#1513,#1514);
#1512 = CARTESIAN_POINT('',(10.5,5.5,-5.5));
#1513 = DIRECTION('',(0.,-0.,1.));
#1514 = DIRECTION('',(1.,0.,0.));
#1515 = PCURVE('',#350,#1516);
#1516 = DEFINITIONAL_REPRESENTATION('',(#1517),#1521);
#1517 = LINE('',#1518,#1519);
#1518 = CARTESIAN_POINT('',(-0.,6.28318530718));
#1519 = VECTOR('',#1520,1.);
#1520 = DIRECTION('',(-1.,0.));
#1521 = ( GEOMETRIC_REPRESENTATION_CONTEXT(2) 
PARAMETRIC_REPRESENTATION_CONTEXT() REPRESENTATION_CONTEXT('2D SPACE',''
  ) );
#1522 = PCURVE('',#1523,#1528);
#1523 = CYLINDRICAL_SURFACE('',#1524,2.5);
#1524 = AXIS2_PLACEMENT_3D('',#1525,#1526,#1527);
#1525 = CARTESIAN_POINT('',(10.5,5.5,-10.82548586491));
#1526 = DIRECTION('',(0.,0.,1.));
#1527 = DIRECTION('',(1.,0.,-0.));
#1528 = DEFINITIONAL_REPRESENTATION('',(#1529),#1533);
#1529 = LINE('',#1530,#1531);
#1530 = CARTESIAN_POINT('',(0.,5.325485864912));
#1531 = VECTOR('',#1532,1.);
#1532 = DIRECTION('',(1.,0.));
#1533 = ( GEOMETRIC_REPRESENTATION_CONTEXT(2) 
PARAMETRIC_REPRESENTATION_CONTEXT() REPRESENTATION_CONTEXT('2D SPACE',''
  ) );
#1534 = ADVANCED_FACE('',(#1535),#289,.T.);
#1535 = FACE_BOUND('',#1536,.T.);
#1536 = EDGE_LOOP('',(#1537,#1571,#1597,#1598));
#1537 = ORIENTED_EDGE('',*,*,#1538,.T.);
#1538 = EDGE_CURVE('',#274,#1539,#1541,.T.);
#1539 = VERTEX_POINT('',#1540);
#1540 = CARTESIAN_POINT('',(2.22044604925E-16,8.,-5.5));
#1541 = SURFACE_CURVE('',#1542,(#1547,#1559),.PCURVE_S1.);
#1542 = ELLIPSE('',#1543,2.12132034356,1.5);
#1543 = AXIS2_PLACEMENT_3D('',#1544,#1545,#1546);
#1544 = CARTESIAN_POINT('',(-1.5,6.5,-5.5));
#1545 = DIRECTION('',(-0.707106781187,0.707106781187,0.));
#1546 = DIRECTION('',(0.707106781187,0.707106781187,0.));
#1547 = PCURVE('',#289,#1548);
#1548 = DEFINITIONAL_REPRESENTATION('',(#1549),#1558);
#1549 = B_SPLINE_CURVE_WITH_KNOTS('',7,(#1550,#1551,#1552,#1553,#1554,
    #1555,#1556,#1557),.UNSPECIFIED.,.F.,.F.,(8,8),(4.712388980385,
    6.28318530718),.PIECEWISE_BEZIER_KNOTS.);
#1550 = CARTESIAN_POINT('',(0.,-1.5));
#1551 = CARTESIAN_POINT('',(0.224399475256,-1.163400787115));
#1552 = CARTESIAN_POINT('',(0.448798950513,-0.826802941021));
#1553 = CARTESIAN_POINT('',(0.673198425769,-0.51787976134));
#1554 = CARTESIAN_POINT('',(0.897597901026,-0.264356243062));
#1555 = CARTESIAN_POINT('',(1.121997376282,-8.812300891506E-02));
#1556 = CARTESIAN_POINT('',(1.346396851538,-8.244302973093E-17));
#1557 = CARTESIAN_POINT('',(1.570796326795,0.));
#1558 = ( GEOMETRIC_REPRESENTATION_CONTEXT(2) 
PARAMETRIC_REPRESENTATION_CONTEXT() REPRESENTATION_CONTEXT('2D SPACE',''
  ) );
#1559 = PCURVE('',#317,#1560);
#1560 = DEFINITIONAL_REPRESENTATION('',(#1561),#1570);
#1561 = B_SPLINE_CURVE_WITH_KNOTS('',7,(#1562,#1563,#1564,#1565,#1566,
    #1567,#1568,#1569),.UNSPECIFIED.,.F.,.F.,(8,8),(4.712388980385,
    6.28318530718),.PIECEWISE_BEZIER_KNOTS.);
#1562 = CARTESIAN_POINT('',(0.,12.));
#1563 = CARTESIAN_POINT('',(0.224399475256,11.663400787115));
#1564 = CARTESIAN_POINT('',(0.448798950513,11.326802941021));
#1565 = CARTESIAN_POINT('',(0.673198425769,11.01787976134));
#1566 = CARTESIAN_POINT('',(0.897597901026,10.764356243063));
#1567 = CARTESIAN_POINT('',(1.121997376282,10.588123008914));
#1568 = CARTESIAN_POINT('',(1.346396851538,10.5));
#1569 = CARTESIAN_POINT('',(1.570796326795,10.5));
#1570 = ( GEOMETRIC_REPRESENTATION_CONTEXT(2) 
PARAMETRIC_REPRESENTATION_CONTEXT() REPRESENTATION_CONTEXT('2D SPACE',''
  ) );
#1571 = ORIENTED_EDGE('',*,*,#1572,.T.);
#1572 = EDGE_CURVE('',#1539,#1350,#1573,.T.);
#1573 = SURFACE_CURVE('',#1574,(#1578,#1585),.PCURVE_S1.);
#1574 = LINE('',#1575,#1576);
#1575 = CARTESIAN_POINT('',(2.22044604925E-16,8.,-5.5));
#1576 = VECTOR('',#1577,1.);
#1577 = DIRECTION('',(0.,1.,0.));
#1578 = PCURVE('',#289,#1579);
#1579 = DEFINITIONAL_REPRESENTATION('',(#1580),#1584);
#1580 = LINE('',#1581,#1582);
#1581 = CARTESIAN_POINT('',(1.570796326795,0.));
#1582 = VECTOR('',#1583,1.);
#1583 = DIRECTION('',(0.,1.));
#1584 = ( GEOMETRIC_REPRESENTATION_CONTEXT(2) 
PARAMETRIC_REPRESENTATION_CONTEXT() REPRESENTATION_CONTEXT('2D SPACE',''
  ) );
#1585 = PCURVE('',#1586,#1591);
#1586 = PLANE('',#1587);
#1587 = AXIS2_PLACEMENT_3D('',#1588,#1589,#1590);
#1588 = CARTESIAN_POINT('',(0.,-13.,-24.62));
#1589 = DIRECTION('',(-1.,0.,0.));
#1590 = DIRECTION('',(0.,1.,0.));
#1591 = DEFINITIONAL_REPRESENTATION('',(#1592),#1596);
#1592 = LINE('',#1593,#1594);
#1593 = CARTESIAN_POINT('',(21.,-19.12));
#1594 = VECTOR('',#1595,1.);
#1595 = DIRECTION('',(1.,0.));
#1596 = ( GEOMETRIC_REPRESENTATION_CONTEXT(2) 
PARAMETRIC_REPRESENTATION_CONTEXT() REPRESENTATION_CONTEXT('2D SPACE',''
  ) );
#1597 = ORIENTED_EDGE('',*,*,#1378,.F.);
#1598 = ORIENTED_EDGE('',*,*,#273,.F.);
#1599 = ADVANCED_FACE('',(#1600),#317,.T.);
#1600 = FACE_BOUND('',#1601,.T.);
#1601 = EDGE_LOOP('',(#1602,#1603,#1629,#1630));
#1602 = ORIENTED_EDGE('',*,*,#1486,.T.);
#1603 = ORIENTED_EDGE('',*,*,#1604,.T.);
#1604 = EDGE_CURVE('',#1487,#1539,#1605,.T.);
#1605 = SURFACE_CURVE('',#1606,(#1610,#1617),.PCURVE_S1.);
#1606 = LINE('',#1607,#1608);
#1607 = CARTESIAN_POINT('',(10.5,8.,-5.5));
#1608 = VECTOR('',#1609,1.);
#1609 = DIRECTION('',(-1.,-0.,-0.));
#1610 = PCURVE('',#317,#1611);
#1611 = DEFINITIONAL_REPRESENTATION('',(#1612),#1616);
#1612 = LINE('',#1613,#1614);
#1613 = CARTESIAN_POINT('',(1.570796326795,0.));
#1614 = VECTOR('',#1615,1.);
#1615 = DIRECTION('',(0.,1.));
#1616 = ( GEOMETRIC_REPRESENTATION_CONTEXT(2) 
PARAMETRIC_REPRESENTATION_CONTEXT() REPRESENTATION_CONTEXT('2D SPACE',''
  ) );
#1617 = PCURVE('',#1618,#1623);
#1618 = PLANE('',#1619);
#1619 = AXIS2_PLACEMENT_3D('',#1620,#1621,#1622);
#1620 = CARTESIAN_POINT('',(4.921381664938,8.,-18.69089839769));
#1621 = DIRECTION('',(0.,-1.,0.));
#1622 = DIRECTION('',(1.,0.,0.));
#1623 = DEFINITIONAL_REPRESENTATION('',(#1624),#1628);
#1624 = LINE('',#1625,#1626);
#1625 = CARTESIAN_POINT('',(5.578618335062,13.190898397691));
#1626 = VECTOR('',#1627,1.);
#1627 = DIRECTION('',(-1.,-0.));
#1628 = ( GEOMETRIC_REPRESENTATION_CONTEXT(2) 
PARAMETRIC_REPRESENTATION_CONTEXT() REPRESENTATION_CONTEXT('2D SPACE',''
  ) );
#1629 = ORIENTED_EDGE('',*,*,#1538,.F.);
#1630 = ORIENTED_EDGE('',*,*,#301,.F.);
#1631 = ADVANCED_FACE('',(#1632),#553,.F.);
#1632 = FACE_BOUND('',#1633,.F.);
#1633 = EDGE_LOOP('',(#1634,#1635,#1658,#1685));
#1634 = ORIENTED_EDGE('',*,*,#532,.F.);
#1635 = ORIENTED_EDGE('',*,*,#1636,.F.);
#1636 = EDGE_CURVE('',#1637,#533,#1639,.T.);
#1637 = VERTEX_POINT('',#1638);
#1638 = CARTESIAN_POINT('',(6.,-1.469576158977E-15,-19.));
#1639 = SEAM_CURVE('',#1640,(#1644,#1651),.PCURVE_S1.);
#1640 = LINE('',#1641,#1642);
#1641 = CARTESIAN_POINT('',(6.,-1.469576158977E-15,-19.));
#1642 = VECTOR('',#1643,1.);
#1643 = DIRECTION('',(0.,0.,1.));
#1644 = PCURVE('',#553,#1645);
#1645 = DEFINITIONAL_REPRESENTATION('',(#1646),#1650);
#1646 = LINE('',#1647,#1648);
#1647 = CARTESIAN_POINT('',(6.28318530718,-0.));
#1648 = VECTOR('',#1649,1.);
#1649 = DIRECTION('',(0.,1.));
#1650 = ( GEOMETRIC_REPRESENTATION_CONTEXT(2) 
PARAMETRIC_REPRESENTATION_CONTEXT() REPRESENTATION_CONTEXT('2D SPACE',''
  ) );
#1651 = PCURVE('',#553,#1652);
#1652 = DEFINITIONAL_REPRESENTATION('',(#1653),#1657);
#1653 = LINE('',#1654,#1655);
#1654 = CARTESIAN_POINT('',(0.,-0.));
#1655 = VECTOR('',#1656,1.);
#1656 = DIRECTION('',(0.,1.));
#1657 = ( GEOMETRIC_REPRESENTATION_CONTEXT(2) 
PARAMETRIC_REPRESENTATION_CONTEXT() REPRESENTATION_CONTEXT('2D SPACE',''
  ) );
#1658 = ORIENTED_EDGE('',*,*,#1659,.T.);
#1659 = EDGE_CURVE('',#1637,#1637,#1660,.T.);
#1660 = SURFACE_CURVE('',#1661,(#1666,#1673),.PCURVE_S1.);
#1661 = CIRCLE('',#1662,6.);
#1662 = AXIS2_PLACEMENT_3D('',#1663,#1664,#1665);
#1663 = CARTESIAN_POINT('',(0.,0.,-19.));
#1664 = DIRECTION('',(0.,0.,1.));
#1665 = DIRECTION('',(1.,0.,-0.));
#1666 = PCURVE('',#553,#1667);
#1667 = DEFINITIONAL_REPRESENTATION('',(#1668),#1672);
#1668 = LINE('',#1669,#1670);
#1669 = CARTESIAN_POINT('',(0.,0.));
#1670 = VECTOR('',#1671,1.);
#1671 = DIRECTION('',(1.,0.));
#1672 = ( GEOMETRIC_REPRESENTATION_CONTEXT(2) 
PARAMETRIC_REPRESENTATION_CONTEXT() REPRESENTATION_CONTEXT('2D SPACE',''
  ) );
#1673 = PCURVE('',#1674,#1679);
#1674 = PLANE('',#1675);
#1675 = AXIS2_PLACEMENT_3D('',#1676,#1677,#1678);
#1676 = CARTESIAN_POINT('',(0.,0.,-19.));
#1677 = DIRECTION('',(0.,0.,1.));
#1678 = DIRECTION('',(1.,0.,-0.));
#1679 = DEFINITIONAL_REPRESENTATION('',(#1680),#1684);
#1680 = CIRCLE('',#1681,6.);
#1681 = AXIS2_PLACEMENT_2D('',#1682,#1683);
#1682 = CARTESIAN_POINT('',(0.,0.));
#1683 = DIRECTION('',(1.,0.));
#1684 = ( GEOMETRIC_REPRESENTATION_CONTEXT(2) 
PARAMETRIC_REPRESENTATION_CONTEXT() REPRESENTATION_CONTEXT('2D SPACE',''
  ) );
#1685 = ORIENTED_EDGE('',*,*,#1636,.T.);
#1686 = ADVANCED_FACE('',(#1687),#664,.T.);
#1687 = FACE_BOUND('',#1688,.T.);
#1688 = EDGE_LOOP('',(#1689,#1712,#1740,#1759));
#1689 = ORIENTED_EDGE('',*,*,#1690,.F.);
#1690 = EDGE_CURVE('',#1691,#649,#1693,.T.);
#1691 = VERTEX_POINT('',#1692);
#1692 = CARTESIAN_POINT('',(-11.,-8.,-24.62));
#1693 = SURFACE_CURVE('',#1694,(#1698,#1705),.PCURVE_S1.);
#1694 = LINE('',#1695,#1696);
#1695 = CARTESIAN_POINT('',(-11.,-8.,-24.62));
#1696 = VECTOR('',#1697,1.);
#1697 = DIRECTION('',(0.,0.,1.));
#1698 = PCURVE('',#664,#1699);
#1699 = DEFINITIONAL_REPRESENTATION('',(#1700),#1704);
#1700 = LINE('',#1701,#1702);
#1701 = CARTESIAN_POINT('',(-15.92138166493,-5.929101602309));
#1702 = VECTOR('',#1703,1.);
#1703 = DIRECTION('',(0.,1.));
#1704 = ( GEOMETRIC_REPRESENTATION_CONTEXT(2) 
PARAMETRIC_REPRESENTATION_CONTEXT() REPRESENTATION_CONTEXT('2D SPACE',''
  ) );
#1705 = PCURVE('',#875,#1706);
#1706 = DEFINITIONAL_REPRESENTATION('',(#1707),#1711);
#1707 = LINE('',#1708,#1709);
#1708 = CARTESIAN_POINT('',(1.570796326795,0.));
#1709 = VECTOR('',#1710,1.);
#1710 = DIRECTION('',(0.,1.));
#1711 = ( GEOMETRIC_REPRESENTATION_CONTEXT(2) 
PARAMETRIC_REPRESENTATION_CONTEXT() REPRESENTATION_CONTEXT('2D SPACE',''
  ) );
#1712 = ORIENTED_EDGE('',*,*,#1713,.T.);
#1713 = EDGE_CURVE('',#1691,#1714,#1716,.T.);
#1714 = VERTEX_POINT('',#1715);
#1715 = CARTESIAN_POINT('',(-10.24695076596,-8.,-24.62));
#1716 = SURFACE_CURVE('',#1717,(#1721,#1728),.PCURVE_S1.);
#1717 = LINE('',#1718,#1719);
#1718 = CARTESIAN_POINT('',(0.,-8.,-24.62));
#1719 = VECTOR('',#1720,1.);
#1720 = DIRECTION('',(1.,0.,0.));
#1721 = PCURVE('',#664,#1722);
#1722 = DEFINITIONAL_REPRESENTATION('',(#1723),#1727);
#1723 = LINE('',#1724,#1725);
#1724 = CARTESIAN_POINT('',(-4.921381664938,-5.929101602309));
#1725 = VECTOR('',#1726,1.);
#1726 = DIRECTION('',(1.,0.));
#1727 = ( GEOMETRIC_REPRESENTATION_CONTEXT(2) 
PARAMETRIC_REPRESENTATION_CONTEXT() REPRESENTATION_CONTEXT('2D SPACE',''
  ) );
#1728 = PCURVE('',#1729,#1734);
#1729 = PLANE('',#1730);
#1730 = AXIS2_PLACEMENT_3D('',#1731,#1732,#1733);
#1731 = CARTESIAN_POINT('',(-13.,0.,-24.62));
#1732 = DIRECTION('',(0.,0.,-1.));
#1733 = DIRECTION('',(1.,0.,0.));
#1734 = DEFINITIONAL_REPRESENTATION('',(#1735),#1739);
#1735 = LINE('',#1736,#1737);
#1736 = CARTESIAN_POINT('',(13.,8.));
#1737 = VECTOR('',#1738,1.);
#1738 = DIRECTION('',(1.,0.));
#1739 = ( GEOMETRIC_REPRESENTATION_CONTEXT(2) 
PARAMETRIC_REPRESENTATION_CONTEXT() REPRESENTATION_CONTEXT('2D SPACE',''
  ) );
#1740 = ORIENTED_EDGE('',*,*,#1741,.F.);
#1741 = EDGE_CURVE('',#569,#1714,#1742,.T.);
#1742 = SURFACE_CURVE('',#1743,(#1747,#1753),.PCURVE_S1.);
#1743 = LINE('',#1744,#1745);
#1744 = CARTESIAN_POINT('',(-10.24695076596,-8.,-24.62));
#1745 = VECTOR('',#1746,1.);
#1746 = DIRECTION('',(-0.,-0.,-1.));
#1747 = PCURVE('',#664,#1748);
#1748 = DEFINITIONAL_REPRESENTATION('',(#1749),#1752);
#1749 = B_SPLINE_CURVE_WITH_KNOTS('',1,(#1750,#1751),.UNSPECIFIED.,.F.,
  .F.,(2,2),(-20.6200024,2.399999999625E-06),.PIECEWISE_BEZIER_KNOTS.);
#1750 = CARTESIAN_POINT('',(-15.16833243089,14.690900797691));
#1751 = CARTESIAN_POINT('',(-15.16833243089,-5.929104002309));
#1752 = ( GEOMETRIC_REPRESENTATION_CONTEXT(2) 
PARAMETRIC_REPRESENTATION_CONTEXT() REPRESENTATION_CONTEXT('2D SPACE',''
  ) );
#1753 = PCURVE('',#821,#1754);
#1754 = DEFINITIONAL_REPRESENTATION('',(#1755),#1758);
#1755 = B_SPLINE_CURVE_WITH_KNOTS('',1,(#1756,#1757),.UNSPECIFIED.,.F.,
  .F.,(2,2),(-20.6200024,2.399999999625E-06),.PIECEWISE_BEZIER_KNOTS.);
#1756 = CARTESIAN_POINT('',(-3.80446647724,-20.6200024));
#1757 = CARTESIAN_POINT('',(-3.80446647724,2.399999999625E-06));
#1758 = ( GEOMETRIC_REPRESENTATION_CONTEXT(2) 
PARAMETRIC_REPRESENTATION_CONTEXT() REPRESENTATION_CONTEXT('2D SPACE',''
  ) );
#1759 = ORIENTED_EDGE('',*,*,#648,.T.);
#1760 = ADVANCED_FACE('',(#1761),#821,.T.);
#1761 = FACE_BOUND('',#1762,.F.);
#1762 = EDGE_LOOP('',(#1763,#1786,#1883,#1909,#1910));
#1763 = ORIENTED_EDGE('',*,*,#1764,.F.);
#1764 = EDGE_CURVE('',#1765,#703,#1767,.T.);
#1765 = VERTEX_POINT('',#1766);
#1766 = CARTESIAN_POINT('',(4.779782267829E-13,-13.,-7.375369825722));
#1767 = SURFACE_CURVE('',#1768,(#1772,#1779),.PCURVE_S1.);
#1768 = LINE('',#1769,#1770);
#1769 = CARTESIAN_POINT('',(4.779782267829E-13,-13.,-24.62));
#1770 = VECTOR('',#1771,1.);
#1771 = DIRECTION('',(0.,0.,1.));
#1772 = PCURVE('',#821,#1773);
#1773 = DEFINITIONAL_REPRESENTATION('',(#1774),#1778);
#1774 = LINE('',#1775,#1776);
#1775 = CARTESIAN_POINT('',(-4.712388980385,0.));
#1776 = VECTOR('',#1777,1.);
#1777 = DIRECTION('',(-0.,-1.));
#1778 = ( GEOMETRIC_REPRESENTATION_CONTEXT(2) 
PARAMETRIC_REPRESENTATION_CONTEXT() REPRESENTATION_CONTEXT('2D SPACE',''
  ) );
#1779 = PCURVE('',#907,#1780);
#1780 = DEFINITIONAL_REPRESENTATION('',(#1781),#1785);
#1781 = LINE('',#1782,#1783);
#1782 = CARTESIAN_POINT('',(0.,0.));
#1783 = VECTOR('',#1784,1.);
#1784 = DIRECTION('',(0.,-1.));
#1785 = ( GEOMETRIC_REPRESENTATION_CONTEXT(2) 
PARAMETRIC_REPRESENTATION_CONTEXT() REPRESENTATION_CONTEXT('2D SPACE',''
  ) );
#1786 = ORIENTED_EDGE('',*,*,#1787,.T.);
#1787 = EDGE_CURVE('',#1765,#1788,#1790,.T.);
#1788 = VERTEX_POINT('',#1789);
#1789 = CARTESIAN_POINT('',(-10.21441588134,-8.041499126591,-24.62));
#1790 = SURFACE_CURVE('',#1791,(#1818,#1848),.PCURVE_S1.);
#1791 = B_SPLINE_CURVE_WITH_KNOTS('',7,(#1792,#1793,#1794,#1795,#1796,
    #1797,#1798,#1799,#1800,#1801,#1802,#1803,#1804,#1805,#1806,#1807,
    #1808,#1809,#1810,#1811,#1812,#1813,#1814,#1815,#1816,#1817),
  .UNSPECIFIED.,.F.,.F.,(8,6,6,6,8),(0.,0.284897557961,0.54549398123,
    0.633730145122,1.),.UNSPECIFIED.);
#1792 = CARTESIAN_POINT('',(4.725109192805E-13,-13.,-7.375369825722));
#1793 = CARTESIAN_POINT('',(-0.774491693997,-13.,-7.961977354551));
#1794 = CARTESIAN_POINT('',(-1.510380255197,-12.94616852711,
    -8.571478650358));
#1795 = CARTESIAN_POINT('',(-2.206456590704,-12.84816416823,
    -9.199682874856));
#1796 = CARTESIAN_POINT('',(-2.862793020938,-12.71402695946,
    -9.842849673551));
#1797 = CARTESIAN_POINT('',(-3.4802202274,-12.55054473551,
    -10.49788899652));
#1798 = CARTESIAN_POINT('',(-4.060089178739,-12.36341458111,
    -11.16243813622));
#1799 = CARTESIAN_POINT('',(-5.101634897845,-11.96897686815,
    -12.45017030729));
#1800 = CARTESIAN_POINT('',(-5.569831672944,-11.76450336187,
    -13.07285966635));
#1801 = CARTESIAN_POINT('',(-6.009753636009,-11.54757505614,
    -13.70189637017));
#1802 = CARTESIAN_POINT('',(-6.422595532423,-11.32124449757,
    -14.33651864524));
#1803 = CARTESIAN_POINT('',(-6.809578473437,-11.08814805614,
    -14.97638660675));
#1804 = CARTESIAN_POINT('',(-7.171877709353,-10.85063721988,
    -15.62161382182));
#1805 = CARTESIAN_POINT('',(-7.625215585321,-10.52975898971,
    -16.49329548189));
#1806 = CARTESIAN_POINT('',(-7.737149471054,-10.44836070172,
    -16.71441617032));
#1807 = CARTESIAN_POINT('',(-7.846379188839,-10.36682307684,
    -16.93617066309));
#1808 = CARTESIAN_POINT('',(-7.952934770182,-10.28523969562,
    -17.15856317609));
#1809 = CARTESIAN_POINT('',(-8.05684394356,-10.20370447982,
    -17.38159991822));
#1810 = CARTESIAN_POINT('',(-8.158132211623,-10.12231221166,
    -17.60528926403));
#1811 = CARTESIAN_POINT('',(-8.666489814564,-9.704290876716,
    -18.76093373947));
#1812 = CARTESIAN_POINT('',(-9.031905193735,-9.371126055364,
    -19.70480653007));
#1813 = CARTESIAN_POINT('',(-9.35429407259,-9.048760952705,
    -20.66152736622));
#1814 = CARTESIAN_POINT('',(-9.633920054263,-8.745167638021,
    -21.63089179455));
#1815 = CARTESIAN_POINT('',(-9.870774897617,-8.469492928964,
    -22.61282021447));
#1816 = CARTESIAN_POINT('',(-10.06466094206,-8.231719785798,
    -23.60821162912));
#1817 = CARTESIAN_POINT('',(-10.21441597014,-8.041499013789,-24.6200006)
  );
#1818 = PCURVE('',#821,#1819);
#1819 = DEFINITIONAL_REPRESENTATION('',(#1820),#1847);
#1820 = B_SPLINE_CURVE_WITH_KNOTS('',7,(#1821,#1822,#1823,#1824,#1825,
    #1826,#1827,#1828,#1829,#1830,#1831,#1832,#1833,#1834,#1835,#1836,
    #1837,#1838,#1839,#1840,#1841,#1842,#1843,#1844,#1845,#1846),
  .UNSPECIFIED.,.F.,.F.,(8,6,6,6,8),(0.,0.284897557961,0.54549398123,
    0.633730145122,1.),.UNSPECIFIED.);
#1821 = CARTESIAN_POINT('',(-4.712388980385,-17.24463017427));
#1822 = CARTESIAN_POINT('',(-4.652812696231,-16.65802264544));
#1823 = CARTESIAN_POINT('',(-4.596205864633,-16.04852134964));
#1824 = CARTESIAN_POINT('',(-4.542316261062,-15.42031712514));
#1825 = CARTESIAN_POINT('',(-4.490947305896,-14.77715032644));
#1826 = CARTESIAN_POINT('',(-4.441931094771,-14.12211100348));
#1827 = CARTESIAN_POINT('',(-4.395118902556,-13.45756186377));
#1828 = CARTESIAN_POINT('',(-4.309447223144,-12.1698296927));
#1829 = CARTESIAN_POINT('',(-4.270195911649,-11.54714033364));
#1830 = CARTESIAN_POINT('',(-4.232527416412,-10.91810362982));
#1831 = CARTESIAN_POINT('',(-4.196367984492,-10.28348135475));
#1832 = CARTESIAN_POINT('',(-4.161658563944,-9.643613393245));
#1833 = CARTESIAN_POINT('',(-4.12835578994,-8.998386178175));
#1834 = CARTESIAN_POINT('',(-4.085632096114,-8.126704518107));
#1835 = CARTESIAN_POINT('',(-4.07498672599,-7.90558382968));
#1836 = CARTESIAN_POINT('',(-4.064502888531,-7.683829336906));
#1837 = CARTESIAN_POINT('',(-4.054181070929,-7.461436823909));
#1838 = CARTESIAN_POINT('',(-4.044022179996,-7.238400081779));
#1839 = CARTESIAN_POINT('',(-4.034027546299,-7.014710735968));
#1840 = CARTESIAN_POINT('',(-3.983400163518,-5.859066260523));
#1841 = CARTESIAN_POINT('',(-3.945411513508,-4.915193469926));
#1842 = CARTESIAN_POINT('',(-3.910396192,-3.958472633783));
#1843 = CARTESIAN_POINT('',(-3.878685116377,-2.989108205441));
#1844 = CARTESIAN_POINT('',(-3.850742275914,-2.007179785522));
#1845 = CARTESIAN_POINT('',(-3.827145575463,-1.011788370877));
#1846 = CARTESIAN_POINT('',(-3.808522800302,5.999999999062E-07));
#1847 = ( GEOMETRIC_REPRESENTATION_CONTEXT(2) 
PARAMETRIC_REPRESENTATION_CONTEXT() REPRESENTATION_CONTEXT('2D SPACE',''
  ) );
#1848 = PCURVE('',#1849,#1854);
#1849 = CYLINDRICAL_SURFACE('',#1850,26.5);
#1850 = AXIS2_PLACEMENT_3D('',#1851,#1852,#1853);
#1851 = CARTESIAN_POINT('',(16.,18.,-28.5));
#1852 = DIRECTION('',(0.,-1.,2.22044604925E-16));
#1853 = DIRECTION('',(1.,0.,0.));
#1854 = DEFINITIONAL_REPRESENTATION('',(#1855),#1882);
#1855 = B_SPLINE_CURVE_WITH_KNOTS('',7,(#1856,#1857,#1858,#1859,#1860,
    #1861,#1862,#1863,#1864,#1865,#1866,#1867,#1868,#1869,#1870,#1871,
    #1872,#1873,#1874,#1875,#1876,#1877,#1878,#1879,#1880,#1881),
  .UNSPECIFIED.,.F.,.F.,(8,6,6,6,8),(0.,0.284897557961,0.54549398123,
    0.633730145122,1.),.UNSPECIFIED.);
#1856 = CARTESIAN_POINT('',(2.219022807718,31.));
#1857 = CARTESIAN_POINT('',(2.25568577827,31.));
#1858 = CARTESIAN_POINT('',(2.291709120769,30.946168527116));
#1859 = CARTESIAN_POINT('',(2.327041496636,30.848164168235));
#1860 = CARTESIAN_POINT('',(2.361667627056,30.714026959466));
#1861 = CARTESIAN_POINT('',(2.395595404506,30.55054473551));
#1862 = CARTESIAN_POINT('',(2.428854125959,30.363414581119));
#1863 = CARTESIAN_POINT('',(2.491353072956,29.968976868154));
#1864 = CARTESIAN_POINT('',(2.520733544799,29.764503361879));
#1865 = CARTESIAN_POINT('',(2.549672728294,29.547575056141));
#1866 = CARTESIAN_POINT('',(2.57821386897,29.321244497577));
#1867 = CARTESIAN_POINT('',(2.606408570651,29.088148056145));
#1868 = CARTESIAN_POINT('',(2.634318214543,28.85063721988));
#1869 = CARTESIAN_POINT('',(2.671394413994,28.529758989716));
#1870 = CARTESIAN_POINT('',(2.680746219253,28.44836070172));
#1871 = CARTESIAN_POINT('',(2.690073507294,28.366823076843));
#1872 = CARTESIAN_POINT('',(2.699378255209,28.285239695624));
#1873 = CARTESIAN_POINT('',(2.708662439459,28.203704479823));
#1874 = CARTESIAN_POINT('',(2.717928049896,28.122312211665));
#1875 = CARTESIAN_POINT('',(2.76557008772,27.704290876716));
#1876 = CARTESIAN_POINT('',(2.803725253915,27.371126055364));
#1877 = CARTESIAN_POINT('',(2.841762899905,27.048760952705));
#1878 = CARTESIAN_POINT('',(2.879767170855,26.745167638021));
#1879 = CARTESIAN_POINT('',(2.917824295646,26.469492928964));
#1880 = CARTESIAN_POINT('',(2.956052681595,26.231719785798));
#1881 = CARTESIAN_POINT('',(2.994649344287,26.041499013789));
#1882 = ( GEOMETRIC_REPRESENTATION_CONTEXT(2) 
PARAMETRIC_REPRESENTATION_CONTEXT() REPRESENTATION_CONTEXT('2D SPACE',''
  ) );
#1883 = ORIENTED_EDGE('',*,*,#1884,.F.);
#1884 = EDGE_CURVE('',#1714,#1788,#1885,.T.);
#1885 = SURFACE_CURVE('',#1886,(#1891,#1898),.PCURVE_S1.);
#1886 = CIRCLE('',#1887,13.);
#1887 = AXIS2_PLACEMENT_3D('',#1888,#1889,#1890);
#1888 = CARTESIAN_POINT('',(0.,0.,-24.62));
#1889 = DIRECTION('',(0.,0.,1.));
#1890 = DIRECTION('',(1.,0.,0.));
#1891 = PCURVE('',#821,#1892);
#1892 = DEFINITIONAL_REPRESENTATION('',(#1893),#1897);
#1893 = LINE('',#1894,#1895);
#1894 = CARTESIAN_POINT('',(-0.,0.));
#1895 = VECTOR('',#1896,1.);
#1896 = DIRECTION('',(-1.,0.));
#1897 = ( GEOMETRIC_REPRESENTATION_CONTEXT(2) 
PARAMETRIC_REPRESENTATION_CONTEXT() REPRESENTATION_CONTEXT('2D SPACE',''
  ) );
#1898 = PCURVE('',#1729,#1899);
#1899 = DEFINITIONAL_REPRESENTATION('',(#1900),#1908);
#1900 = ( BOUNDED_CURVE() B_SPLINE_CURVE(2,(#1901,#1902,#1903,#1904,
#1905,#1906,#1907),.UNSPECIFIED.,.T.,.F.) B_SPLINE_CURVE_WITH_KNOTS((1,2
    ,2,2,2,1),(-2.094395102393,0.,2.094395102393,4.188790204786,
6.28318530718,8.377580409573),.UNSPECIFIED.) CURVE() 
GEOMETRIC_REPRESENTATION_ITEM() RATIONAL_B_SPLINE_CURVE((1.,0.5,1.,0.5,
1.,0.5,1.)) REPRESENTATION_ITEM('') );
#1901 = CARTESIAN_POINT('',(26.,0.));
#1902 = CARTESIAN_POINT('',(26.,-22.51666049839));
#1903 = CARTESIAN_POINT('',(6.5,-11.25833024919));
#1904 = CARTESIAN_POINT('',(-13.,-3.184081677783E-15));
#1905 = CARTESIAN_POINT('',(6.5,11.258330249198));
#1906 = CARTESIAN_POINT('',(26.,22.516660498395));
#1907 = CARTESIAN_POINT('',(26.,0.));
#1908 = ( GEOMETRIC_REPRESENTATION_CONTEXT(2) 
PARAMETRIC_REPRESENTATION_CONTEXT() REPRESENTATION_CONTEXT('2D SPACE',''
  ) );
#1909 = ORIENTED_EDGE('',*,*,#1741,.F.);
#1910 = ORIENTED_EDGE('',*,*,#806,.T.);
#1911 = ADVANCED_FACE('',(#1912),#875,.T.);
#1912 = FACE_BOUND('',#1913,.T.);
#1913 = EDGE_LOOP('',(#1914,#1937,#1963,#1964));
#1914 = ORIENTED_EDGE('',*,*,#1915,.F.);
#1915 = EDGE_CURVE('',#1916,#839,#1918,.T.);
#1916 = VERTEX_POINT('',#1917);
#1917 = CARTESIAN_POINT('',(-13.,-6.,-24.62));
#1918 = SURFACE_CURVE('',#1919,(#1923,#1930),.PCURVE_S1.);
#1919 = LINE('',#1920,#1921);
#1920 = CARTESIAN_POINT('',(-13.,-6.,-24.62));
#1921 = VECTOR('',#1922,1.);
#1922 = DIRECTION('',(0.,0.,1.));
#1923 = PCURVE('',#875,#1924);
#1924 = DEFINITIONAL_REPRESENTATION('',(#1925),#1929);
#1925 = LINE('',#1926,#1927);
#1926 = CARTESIAN_POINT('',(0.,0.));
#1927 = VECTOR('',#1928,1.);
#1928 = DIRECTION('',(0.,1.));
#1929 = ( GEOMETRIC_REPRESENTATION_CONTEXT(2) 
PARAMETRIC_REPRESENTATION_CONTEXT() REPRESENTATION_CONTEXT('2D SPACE',''
  ) );
#1930 = PCURVE('',#972,#1931);
#1931 = DEFINITIONAL_REPRESENTATION('',(#1932),#1936);
#1932 = LINE('',#1933,#1934);
#1933 = CARTESIAN_POINT('',(0.,6.));
#1934 = VECTOR('',#1935,1.);
#1935 = DIRECTION('',(1.,0.));
#1936 = ( GEOMETRIC_REPRESENTATION_CONTEXT(2) 
PARAMETRIC_REPRESENTATION_CONTEXT() REPRESENTATION_CONTEXT('2D SPACE',''
  ) );
#1937 = ORIENTED_EDGE('',*,*,#1938,.T.);
#1938 = EDGE_CURVE('',#1916,#1691,#1939,.T.);
#1939 = SURFACE_CURVE('',#1940,(#1945,#1952),.PCURVE_S1.);
#1940 = CIRCLE('',#1941,2.);
#1941 = AXIS2_PLACEMENT_3D('',#1942,#1943,#1944);
#1942 = CARTESIAN_POINT('',(-11.,-6.,-24.62));
#1943 = DIRECTION('',(0.,0.,1.));
#1944 = DIRECTION('',(0.,-1.,0.));
#1945 = PCURVE('',#875,#1946);
#1946 = DEFINITIONAL_REPRESENTATION('',(#1947),#1951);
#1947 = LINE('',#1948,#1949);
#1948 = CARTESIAN_POINT('',(-4.712388980385,0.));
#1949 = VECTOR('',#1950,1.);
#1950 = DIRECTION('',(1.,0.));
#1951 = ( GEOMETRIC_REPRESENTATION_CONTEXT(2) 
PARAMETRIC_REPRESENTATION_CONTEXT() REPRESENTATION_CONTEXT('2D SPACE',''
  ) );
#1952 = PCURVE('',#1729,#1953);
#1953 = DEFINITIONAL_REPRESENTATION('',(#1954),#1962);
#1954 = ( BOUNDED_CURVE() B_SPLINE_CURVE(2,(#1955,#1956,#1957,#1958,
#1959,#1960,#1961),.UNSPECIFIED.,.T.,.F.) B_SPLINE_CURVE_WITH_KNOTS((1,2
    ,2,2,2,1),(-2.094395102393,0.,2.094395102393,4.188790204786,
6.28318530718,8.377580409573),.UNSPECIFIED.) CURVE() 
GEOMETRIC_REPRESENTATION_ITEM() RATIONAL_B_SPLINE_CURVE((1.,0.5,1.,0.5,
1.,0.5,1.)) REPRESENTATION_ITEM('') );
#1955 = CARTESIAN_POINT('',(2.,8.));
#1956 = CARTESIAN_POINT('',(5.464101615138,8.));
#1957 = CARTESIAN_POINT('',(3.732050807569,5.));
#1958 = CARTESIAN_POINT('',(2.,2.));
#1959 = CARTESIAN_POINT('',(0.267949192431,5.));
#1960 = CARTESIAN_POINT('',(-1.464101615138,8.));
#1961 = CARTESIAN_POINT('',(2.,8.));
#1962 = ( GEOMETRIC_REPRESENTATION_CONTEXT(2) 
PARAMETRIC_REPRESENTATION_CONTEXT() REPRESENTATION_CONTEXT('2D SPACE',''
  ) );
#1963 = ORIENTED_EDGE('',*,*,#1690,.T.);
#1964 = ORIENTED_EDGE('',*,*,#860,.T.);
#1965 = ADVANCED_FACE('',(#1966),#907,.F.);
#1966 = FACE_BOUND('',#1967,.F.);
#1967 = EDGE_LOOP('',(#1968,#1989,#2008,#2009));
#1968 = ORIENTED_EDGE('',*,*,#1969,.T.);
#1969 = EDGE_CURVE('',#892,#1970,#1972,.T.);
#1970 = VERTEX_POINT('',#1971);
#1971 = CARTESIAN_POINT('',(0.,-8.,-7.375369825722));
#1972 = SURFACE_CURVE('',#1973,(#1977,#1983),.PCURVE_S1.);
#1973 = LINE('',#1974,#1975);
#1974 = CARTESIAN_POINT('',(0.,-8.,-21.65544919884));
#1975 = VECTOR('',#1976,1.);
#1976 = DIRECTION('',(-0.,-0.,-1.));
#1977 = PCURVE('',#907,#1978);
#1978 = DEFINITIONAL_REPRESENTATION('',(#1979),#1982);
#1979 = B_SPLINE_CURVE_WITH_KNOTS('',1,(#1980,#1981),.UNSPECIFIED.,.F.,
  .F.,(2,2),(-17.65544919884,-14.28007937312),.PIECEWISE_BEZIER_KNOTS.);
#1980 = CARTESIAN_POINT('',(5.,-20.62));
#1981 = CARTESIAN_POINT('',(5.,-17.24463017427));
#1982 = ( GEOMETRIC_REPRESENTATION_CONTEXT(2) 
PARAMETRIC_REPRESENTATION_CONTEXT() REPRESENTATION_CONTEXT('2D SPACE',''
  ) );
#1983 = PCURVE('',#1025,#1984);
#1984 = DEFINITIONAL_REPRESENTATION('',(#1985),#1988);
#1985 = B_SPLINE_CURVE_WITH_KNOTS('',1,(#1986,#1987),.UNSPECIFIED.,.F.,
  .F.,(2,2),(-17.65544919884,-14.28007937312),.PIECEWISE_BEZIER_KNOTS.);
#1986 = CARTESIAN_POINT('',(-4.921381664938,14.690898397691));
#1987 = CARTESIAN_POINT('',(-4.921381664938,11.315528571969));
#1988 = ( GEOMETRIC_REPRESENTATION_CONTEXT(2) 
PARAMETRIC_REPRESENTATION_CONTEXT() REPRESENTATION_CONTEXT('2D SPACE',''
  ) );
#1989 = ORIENTED_EDGE('',*,*,#1990,.T.);
#1990 = EDGE_CURVE('',#1970,#1765,#1991,.T.);
#1991 = SURFACE_CURVE('',#1992,(#1996,#2002),.PCURVE_S1.);
#1992 = LINE('',#1993,#1994);
#1993 = CARTESIAN_POINT('',(0.,18.,-7.375369825722));
#1994 = VECTOR('',#1995,1.);
#1995 = DIRECTION('',(0.,-1.,2.22044604925E-16));
#1996 = PCURVE('',#907,#1997);
#1997 = DEFINITIONAL_REPRESENTATION('',(#1998),#2001);
#1998 = B_SPLINE_CURVE_WITH_KNOTS('',1,(#1999,#2000),.UNSPECIFIED.,.F.,
  .F.,(2,2),(2.4,33.6),.PIECEWISE_BEZIER_KNOTS.);
#1999 = CARTESIAN_POINT('',(28.6,-17.24463017427));
#2000 = CARTESIAN_POINT('',(-2.6,-17.24463017427));
#2001 = ( GEOMETRIC_REPRESENTATION_CONTEXT(2) 
PARAMETRIC_REPRESENTATION_CONTEXT() REPRESENTATION_CONTEXT('2D SPACE',''
  ) );
#2002 = PCURVE('',#1849,#2003);
#2003 = DEFINITIONAL_REPRESENTATION('',(#2004),#2007);
#2004 = B_SPLINE_CURVE_WITH_KNOTS('',1,(#2005,#2006),.UNSPECIFIED.,.F.,
  .F.,(2,2),(2.4,33.6),.PIECEWISE_BEZIER_KNOTS.);
#2005 = CARTESIAN_POINT('',(2.219022807718,2.4));
#2006 = CARTESIAN_POINT('',(2.219022807718,33.6));
#2007 = ( GEOMETRIC_REPRESENTATION_CONTEXT(2) 
PARAMETRIC_REPRESENTATION_CONTEXT() REPRESENTATION_CONTEXT('2D SPACE',''
  ) );
#2008 = ORIENTED_EDGE('',*,*,#1764,.T.);
#2009 = ORIENTED_EDGE('',*,*,#891,.T.);
#2010 = ADVANCED_FACE('',(#2011),#972,.F.);
#2011 = FACE_BOUND('',#2012,.F.);
#2012 = EDGE_LOOP('',(#2013,#2014,#2037,#2058));
#2013 = ORIENTED_EDGE('',*,*,#1915,.F.);
#2014 = ORIENTED_EDGE('',*,*,#2015,.F.);
#2015 = EDGE_CURVE('',#2016,#1916,#2018,.T.);
#2016 = VERTEX_POINT('',#2017);
#2017 = CARTESIAN_POINT('',(-13.,6.,-24.62));
#2018 = SURFACE_CURVE('',#2019,(#2023,#2030),.PCURVE_S1.);
#2019 = LINE('',#2020,#2021);
#2020 = CARTESIAN_POINT('',(-13.,8.,-24.62));
#2021 = VECTOR('',#2022,1.);
#2022 = DIRECTION('',(0.,-1.,0.));
#2023 = PCURVE('',#972,#2024);
#2024 = DEFINITIONAL_REPRESENTATION('',(#2025),#2029);
#2025 = LINE('',#2026,#2027);
#2026 = CARTESIAN_POINT('',(0.,-8.));
#2027 = VECTOR('',#2028,1.);
#2028 = DIRECTION('',(0.,1.));
#2029 = ( GEOMETRIC_REPRESENTATION_CONTEXT(2) 
PARAMETRIC_REPRESENTATION_CONTEXT() REPRESENTATION_CONTEXT('2D SPACE',''
  ) );
#2030 = PCURVE('',#1729,#2031);
#2031 = DEFINITIONAL_REPRESENTATION('',(#2032),#2036);
#2032 = LINE('',#2033,#2034);
#2033 = CARTESIAN_POINT('',(0.,-8.));
#2034 = VECTOR('',#2035,1.);
#2035 = DIRECTION('',(0.,1.));
#2036 = ( GEOMETRIC_REPRESENTATION_CONTEXT(2) 
PARAMETRIC_REPRESENTATION_CONTEXT() REPRESENTATION_CONTEXT('2D SPACE',''
  ) );
#2037 = ORIENTED_EDGE('',*,*,#2038,.T.);
#2038 = EDGE_CURVE('',#2016,#957,#2039,.T.);
#2039 = SURFACE_CURVE('',#2040,(#2044,#2051),.PCURVE_S1.);
#2040 = LINE('',#2041,#2042);
#2041 = CARTESIAN_POINT('',(-13.,6.,-24.62));
#2042 = VECTOR('',#2043,1.);
#2043 = DIRECTION('',(0.,0.,1.));
#2044 = PCURVE('',#972,#2045);
#2045 = DEFINITIONAL_REPRESENTATION('',(#2046),#2050);
#2046 = LINE('',#2047,#2048);
#2047 = CARTESIAN_POINT('',(0.,-6.));
#2048 = VECTOR('',#2049,1.);
#2049 = DIRECTION('',(1.,0.));
#2050 = ( GEOMETRIC_REPRESENTATION_CONTEXT(2) 
PARAMETRIC_REPRESENTATION_CONTEXT() REPRESENTATION_CONTEXT('2D SPACE',''
  ) );
#2051 = PCURVE('',#1100,#2052);
#2052 = DEFINITIONAL_REPRESENTATION('',(#2053),#2057);
#2053 = LINE('',#2054,#2055);
#2054 = CARTESIAN_POINT('',(1.570796326795,0.));
#2055 = VECTOR('',#2056,1.);
#2056 = DIRECTION('',(0.,1.));
#2057 = ( GEOMETRIC_REPRESENTATION_CONTEXT(2) 
PARAMETRIC_REPRESENTATION_CONTEXT() REPRESENTATION_CONTEXT('2D SPACE',''
  ) );
#2058 = ORIENTED_EDGE('',*,*,#956,.F.);
#2059 = ADVANCED_FACE('',(#2060,#2288),#1025,.T.);
#2060 = FACE_BOUND('',#2061,.T.);
#2061 = EDGE_LOOP('',(#2062,#2063,#2087,#2115,#2148,#2176,#2205,#2233,
    #2266,#2287));
#2062 = ORIENTED_EDGE('',*,*,#1969,.T.);
#2063 = ORIENTED_EDGE('',*,*,#2064,.T.);
#2064 = EDGE_CURVE('',#1970,#2065,#2067,.T.);
#2065 = VERTEX_POINT('',#2066);
#2066 = CARTESIAN_POINT('',(-9.720528765949,-8.,-22.12));
#2067 = SURFACE_CURVE('',#2068,(#2073,#2080),.PCURVE_S1.);
#2068 = CIRCLE('',#2069,26.5);
#2069 = AXIS2_PLACEMENT_3D('',#2070,#2071,#2072);
#2070 = CARTESIAN_POINT('',(16.,-8.,-28.5));
#2071 = DIRECTION('',(0.,-1.,2.22044604925E-16));
#2072 = DIRECTION('',(1.,0.,0.));
#2073 = PCURVE('',#1025,#2074);
#2074 = DEFINITIONAL_REPRESENTATION('',(#2075),#2079);
#2075 = CIRCLE('',#2076,26.5);
#2076 = AXIS2_PLACEMENT_2D('',#2077,#2078);
#2077 = CARTESIAN_POINT('',(11.078618335062,-9.809101602309));
#2078 = DIRECTION('',(1.,0.));
#2079 = ( GEOMETRIC_REPRESENTATION_CONTEXT(2) 
PARAMETRIC_REPRESENTATION_CONTEXT() REPRESENTATION_CONTEXT('2D SPACE',''
  ) );
#2080 = PCURVE('',#1849,#2081);
#2081 = DEFINITIONAL_REPRESENTATION('',(#2082),#2086);
#2082 = LINE('',#2083,#2084);
#2083 = CARTESIAN_POINT('',(0.,26.));
#2084 = VECTOR('',#2085,1.);
#2085 = DIRECTION('',(1.,0.));
#2086 = ( GEOMETRIC_REPRESENTATION_CONTEXT(2) 
PARAMETRIC_REPRESENTATION_CONTEXT() REPRESENTATION_CONTEXT('2D SPACE',''
  ) );
#2087 = ORIENTED_EDGE('',*,*,#2088,.T.);
#2088 = EDGE_CURVE('',#2065,#2089,#2091,.T.);
#2089 = VERTEX_POINT('',#2090);
#2090 = CARTESIAN_POINT('',(3.559930540679,-8.,-22.12));
#2091 = SURFACE_CURVE('',#2092,(#2096,#2103),.PCURVE_S1.);
#2092 = LINE('',#2093,#2094);
#2093 = CARTESIAN_POINT('',(-10.21441588134,-8.,-22.12));
#2094 = VECTOR('',#2095,1.);
#2095 = DIRECTION('',(1.,0.,0.));
#2096 = PCURVE('',#1025,#2097);
#2097 = DEFINITIONAL_REPRESENTATION('',(#2098),#2102);
#2098 = LINE('',#2099,#2100);
#2099 = CARTESIAN_POINT('',(-15.13579754628,-3.429101602309));
#2100 = VECTOR('',#2101,1.);
#2101 = DIRECTION('',(1.,0.));
#2102 = ( GEOMETRIC_REPRESENTATION_CONTEXT(2) 
PARAMETRIC_REPRESENTATION_CONTEXT() REPRESENTATION_CONTEXT('2D SPACE',''
  ) );
#2103 = PCURVE('',#2104,#2109);
#2104 = CYLINDRICAL_SURFACE('',#2105,2.5);
#2105 = AXIS2_PLACEMENT_3D('',#2106,#2107,#2108);
#2106 = CARTESIAN_POINT('',(-10.21441588134,-5.5,-22.12));
#2107 = DIRECTION('',(1.,0.,0.));
#2108 = DIRECTION('',(0.,-1.,0.));
#2109 = DEFINITIONAL_REPRESENTATION('',(#2110),#2114);
#2110 = LINE('',#2111,#2112);
#2111 = CARTESIAN_POINT('',(0.,0.));
#2112 = VECTOR('',#2113,1.);
#2113 = DIRECTION('',(0.,1.));
#2114 = ( GEOMETRIC_REPRESENTATION_CONTEXT(2) 
PARAMETRIC_REPRESENTATION_CONTEXT() REPRESENTATION_CONTEXT('2D SPACE',''
  ) );
#2115 = ORIENTED_EDGE('',*,*,#2116,.T.);
#2116 = EDGE_CURVE('',#2089,#2117,#2119,.T.);
#2117 = VERTEX_POINT('',#2118);
#2118 = CARTESIAN_POINT('',(8.944618302818,-8.,-26.49967070903));
#2119 = SURFACE_CURVE('',#2120,(#2125,#2136),.PCURVE_S1.);
#2120 = CIRCLE('',#2121,5.5);
#2121 = AXIS2_PLACEMENT_3D('',#2122,#2123,#2124);
#2122 = CARTESIAN_POINT('',(3.559930540679,-8.,-27.61999999289));
#2123 = DIRECTION('',(-0.,1.,0.));
#2124 = DIRECTION('',(0.,0.,1.));
#2125 = PCURVE('',#1025,#2126);
#2126 = DEFINITIONAL_REPRESENTATION('',(#2127),#2135);
#2127 = ( BOUNDED_CURVE() B_SPLINE_CURVE(2,(#2128,#2129,#2130,#2131,
#2132,#2133,#2134),.UNSPECIFIED.,.T.,.F.) B_SPLINE_CURVE_WITH_KNOTS((1,2
    ,2,2,2,1),(-2.094395102393,0.,2.094395102393,4.188790204786,
6.28318530718,8.377580409573),.UNSPECIFIED.) CURVE() 
GEOMETRIC_REPRESENTATION_ITEM() RATIONAL_B_SPLINE_CURVE((1.,0.5,1.,0.5,
1.,0.5,1.)) REPRESENTATION_ITEM('') );
#2128 = CARTESIAN_POINT('',(-1.361451124259,-3.429101595207));
#2129 = CARTESIAN_POINT('',(8.16482831737,-3.429101595207));
#2130 = CARTESIAN_POINT('',(3.401688596556,-11.6791015952));
#2131 = CARTESIAN_POINT('',(-1.361451124259,-19.9291015952));
#2132 = CARTESIAN_POINT('',(-6.124590845073,-11.6791015952));
#2133 = CARTESIAN_POINT('',(-10.88773056588,-3.429101595207));
#2134 = CARTESIAN_POINT('',(-1.361451124259,-3.429101595207));
#2135 = ( GEOMETRIC_REPRESENTATION_CONTEXT(2) 
PARAMETRIC_REPRESENTATION_CONTEXT() REPRESENTATION_CONTEXT('2D SPACE',''
  ) );
#2136 = PCURVE('',#2137,#2142);
#2137 = TOROIDAL_SURFACE('',#2138,5.5,2.5);
#2138 = AXIS2_PLACEMENT_3D('',#2139,#2140,#2141);
#2139 = CARTESIAN_POINT('',(3.559930540679,-5.5,-27.61999999289));
#2140 = DIRECTION('',(0.,-1.,0.));
#2141 = DIRECTION('',(0.,0.,1.));
#2142 = DEFINITIONAL_REPRESENTATION('',(#2143),#2147);
#2143 = LINE('',#2144,#2145);
#2144 = CARTESIAN_POINT('',(-0.,1.570796326795));
#2145 = VECTOR('',#2146,1.);
#2146 = DIRECTION('',(-1.,0.));
#2147 = ( GEOMETRIC_REPRESENTATION_CONTEXT(2) 
PARAMETRIC_REPRESENTATION_CONTEXT() REPRESENTATION_CONTEXT('2D SPACE',''
  ) );
#2148 = ORIENTED_EDGE('',*,*,#2149,.T.);
#2149 = EDGE_CURVE('',#2117,#2150,#2152,.T.);
#2150 = VERTEX_POINT('',#2151);
#2151 = CARTESIAN_POINT('',(9.636278099291,-8.,-29.82402551729));
#2152 = SURFACE_CURVE('',#2153,(#2157,#2164),.PCURVE_S1.);
#2153 = LINE('',#2154,#2155);
#2154 = CARTESIAN_POINT('',(8.944618302818,-8.,-26.49967070903));
#2155 = VECTOR('',#2156,1.);
#2156 = DIRECTION('',(0.203696233429,0.,-0.979034138571));
#2157 = PCURVE('',#1025,#2158);
#2158 = DEFINITIONAL_REPRESENTATION('',(#2159),#2163);
#2159 = LINE('',#2160,#2161);
#2160 = CARTESIAN_POINT('',(4.02323663788,-7.808772311345));
#2161 = VECTOR('',#2162,1.);
#2162 = DIRECTION('',(0.203696233429,-0.979034138571));
#2163 = ( GEOMETRIC_REPRESENTATION_CONTEXT(2) 
PARAMETRIC_REPRESENTATION_CONTEXT() REPRESENTATION_CONTEXT('2D SPACE',''
  ) );
#2164 = PCURVE('',#2165,#2170);
#2165 = CYLINDRICAL_SURFACE('',#2166,2.5);
#2166 = AXIS2_PLACEMENT_3D('',#2167,#2168,#2169);
#2167 = CARTESIAN_POINT('',(8.944618302818,-5.5,-26.49967070903));
#2168 = DIRECTION('',(0.203696233429,0.,-0.979034138571));
#2169 = DIRECTION('',(0.,-1.,0.));
#2170 = DEFINITIONAL_REPRESENTATION('',(#2171),#2175);
#2171 = LINE('',#2172,#2173);
#2172 = CARTESIAN_POINT('',(0.,0.));
#2173 = VECTOR('',#2174,1.);
#2174 = DIRECTION('',(0.,1.));
#2175 = ( GEOMETRIC_REPRESENTATION_CONTEXT(2) 
PARAMETRIC_REPRESENTATION_CONTEXT() REPRESENTATION_CONTEXT('2D SPACE',''
  ) );
#2176 = ORIENTED_EDGE('',*,*,#2177,.T.);
#2177 = EDGE_CURVE('',#2150,#2178,#2180,.T.);
#2178 = VERTEX_POINT('',#2179);
#2179 = CARTESIAN_POINT('',(20.772237207536,-8.,-24.08686596226));
#2180 = SURFACE_CURVE('',#2181,(#2186,#2193),.PCURVE_S1.);
#2181 = CIRCLE('',#2182,6.5);
#2182 = AXIS2_PLACEMENT_3D('',#2183,#2184,#2185);
#2183 = CARTESIAN_POINT('',(16.,-8.,-28.5));
#2184 = DIRECTION('',(0.,-1.,0.));
#2185 = DIRECTION('',(-0.979034138571,-0.,-0.203696233429));
#2186 = PCURVE('',#1025,#2187);
#2187 = DEFINITIONAL_REPRESENTATION('',(#2188),#2192);
#2188 = CIRCLE('',#2189,6.5);
#2189 = AXIS2_PLACEMENT_2D('',#2190,#2191);
#2190 = CARTESIAN_POINT('',(11.078618335062,-9.809101602309));
#2191 = DIRECTION('',(-0.979034138571,-0.203696233429));
#2192 = ( GEOMETRIC_REPRESENTATION_CONTEXT(2) 
PARAMETRIC_REPRESENTATION_CONTEXT() REPRESENTATION_CONTEXT('2D SPACE',''
  ) );
#2193 = PCURVE('',#2194,#2199);
#2194 = TOROIDAL_SURFACE('',#2195,6.5,2.5);
#2195 = AXIS2_PLACEMENT_3D('',#2196,#2197,#2198);
#2196 = CARTESIAN_POINT('',(16.,-5.5,-28.5));
#2197 = DIRECTION('',(-0.,1.,-0.));
#2198 = DIRECTION('',(-0.979034138571,-0.,-0.203696233429));
#2199 = DEFINITIONAL_REPRESENTATION('',(#2200),#2204);
#2200 = LINE('',#2201,#2202);
#2201 = CARTESIAN_POINT('',(-0.,4.712388980385));
#2202 = VECTOR('',#2203,1.);
#2203 = DIRECTION('',(-1.,0.));
#2204 = ( GEOMETRIC_REPRESENTATION_CONTEXT(2) 
PARAMETRIC_REPRESENTATION_CONTEXT() REPRESENTATION_CONTEXT('2D SPACE',''
  ) );
#2205 = ORIENTED_EDGE('',*,*,#2206,.T.);
#2206 = EDGE_CURVE('',#2178,#2207,#2209,.T.);
#2207 = VERTEX_POINT('',#2208);
#2208 = CARTESIAN_POINT('',(11.961953139995,-8.,-14.55967619721));
#2209 = SURFACE_CURVE('',#2210,(#2214,#2221),.PCURVE_S1.);
#2210 = LINE('',#2211,#2212);
#2211 = CARTESIAN_POINT('',(20.772237207536,-8.,-24.08686596226));
#2212 = VECTOR('',#2213,1.);
#2213 = DIRECTION('',(-0.678943698113,0.,0.734190339621));
#2214 = PCURVE('',#1025,#2215);
#2215 = DEFINITIONAL_REPRESENTATION('',(#2216),#2220);
#2216 = LINE('',#2217,#2218);
#2217 = CARTESIAN_POINT('',(15.850855542599,-5.395967564575));
#2218 = VECTOR('',#2219,1.);
#2219 = DIRECTION('',(-0.678943698113,0.734190339621));
#2220 = ( GEOMETRIC_REPRESENTATION_CONTEXT(2) 
PARAMETRIC_REPRESENTATION_CONTEXT() REPRESENTATION_CONTEXT('2D SPACE',''
  ) );
#2221 = PCURVE('',#2222,#2227);
#2222 = CYLINDRICAL_SURFACE('',#2223,2.5);
#2223 = AXIS2_PLACEMENT_3D('',#2224,#2225,#2226);
#2224 = CARTESIAN_POINT('',(20.772237207536,-5.5,-24.08686596226));
#2225 = DIRECTION('',(-0.678943698113,0.,0.734190339621));
#2226 = DIRECTION('',(0.,-1.,0.));
#2227 = DEFINITIONAL_REPRESENTATION('',(#2228),#2232);
#2228 = LINE('',#2229,#2230);
#2229 = CARTESIAN_POINT('',(0.,0.));
#2230 = VECTOR('',#2231,1.);
#2231 = DIRECTION('',(0.,1.));
#2232 = ( GEOMETRIC_REPRESENTATION_CONTEXT(2) 
PARAMETRIC_REPRESENTATION_CONTEXT() REPRESENTATION_CONTEXT('2D SPACE',''
  ) );
#2233 = ORIENTED_EDGE('',*,*,#2234,.T.);
#2234 = EDGE_CURVE('',#2207,#2235,#2237,.T.);
#2235 = VERTEX_POINT('',#2236);
#2236 = CARTESIAN_POINT('',(10.5,-8.,-10.82548586491));
#2237 = SURFACE_CURVE('',#2238,(#2243,#2254),.PCURVE_S1.);
#2238 = CIRCLE('',#2239,5.5);
#2239 = AXIS2_PLACEMENT_3D('',#2240,#2241,#2242);
#2240 = CARTESIAN_POINT('',(16.,-8.,-10.82548586491));
#2241 = DIRECTION('',(0.,1.,-0.));
#2242 = DIRECTION('',(-0.734190339621,-0.,-0.678943698113));
#2243 = PCURVE('',#1025,#2244);
#2244 = DEFINITIONAL_REPRESENTATION('',(#2245),#2253);
#2245 = ( BOUNDED_CURVE() B_SPLINE_CURVE(2,(#2246,#2247,#2248,#2249,
#2250,#2251,#2252),.UNSPECIFIED.,.T.,.F.) B_SPLINE_CURVE_WITH_KNOTS((1,2
    ,2,2,2,1),(-2.094395102393,0.,2.094395102393,4.188790204786,
6.28318530718,8.377580409573),.UNSPECIFIED.) CURVE() 
GEOMETRIC_REPRESENTATION_ITEM() RATIONAL_B_SPLINE_CURVE((1.,0.5,1.,0.5,
1.,0.5,1.)) REPRESENTATION_ITEM('') );
#2246 = CARTESIAN_POINT('',(7.040571467147,4.131222193158));
#2247 = CARTESIAN_POINT('',(0.57276407379,11.125324531732));
#2248 = CARTESIAN_POINT('',(9.863738072342,13.229558871877));
#2249 = CARTESIAN_POINT('',(19.154712070893,15.333793212021));
#2250 = CARTESIAN_POINT('',(16.331545465698,6.235456533303));
#2251 = CARTESIAN_POINT('',(13.508378860503,-2.862880145415));
#2252 = CARTESIAN_POINT('',(7.040571467147,4.131222193158));
#2253 = ( GEOMETRIC_REPRESENTATION_CONTEXT(2) 
PARAMETRIC_REPRESENTATION_CONTEXT() REPRESENTATION_CONTEXT('2D SPACE',''
  ) );
#2254 = PCURVE('',#2255,#2260);
#2255 = TOROIDAL_SURFACE('',#2256,5.5,2.5);
#2256 = AXIS2_PLACEMENT_3D('',#2257,#2258,#2259);
#2257 = CARTESIAN_POINT('',(16.,-5.5,-10.82548586491));
#2258 = DIRECTION('',(0.,-1.,0.));
#2259 = DIRECTION('',(-0.734190339621,-0.,-0.678943698113));
#2260 = DEFINITIONAL_REPRESENTATION('',(#2261),#2265);
#2261 = LINE('',#2262,#2263);
#2262 = CARTESIAN_POINT('',(-0.,1.570796326795));
#2263 = VECTOR('',#2264,1.);
#2264 = DIRECTION('',(-1.,0.));
#2265 = ( GEOMETRIC_REPRESENTATION_CONTEXT(2) 
PARAMETRIC_REPRESENTATION_CONTEXT() REPRESENTATION_CONTEXT('2D SPACE',''
  ) );
#2266 = ORIENTED_EDGE('',*,*,#2267,.T.);
#2267 = EDGE_CURVE('',#2235,#1010,#2268,.T.);
#2268 = SURFACE_CURVE('',#2269,(#2273,#2280),.PCURVE_S1.);
#2269 = LINE('',#2270,#2271);
#2270 = CARTESIAN_POINT('',(10.5,-8.,-10.82548586491));
#2271 = VECTOR('',#2272,1.);
#2272 = DIRECTION('',(0.,0.,1.));
#2273 = PCURVE('',#1025,#2274);
#2274 = DEFINITIONAL_REPRESENTATION('',(#2275),#2279);
#2275 = LINE('',#2276,#2277);
#2276 = CARTESIAN_POINT('',(5.578618335062,7.865412532779));
#2277 = VECTOR('',#2278,1.);
#2278 = DIRECTION('',(0.,1.));
#2279 = ( GEOMETRIC_REPRESENTATION_CONTEXT(2) 
PARAMETRIC_REPRESENTATION_CONTEXT() REPRESENTATION_CONTEXT('2D SPACE',''
  ) );
#2280 = PCURVE('',#1154,#2281);
#2281 = DEFINITIONAL_REPRESENTATION('',(#2282),#2286);
#2282 = LINE('',#2283,#2284);
#2283 = CARTESIAN_POINT('',(0.,0.));
#2284 = VECTOR('',#2285,1.);
#2285 = DIRECTION('',(0.,1.));
#2286 = ( GEOMETRIC_REPRESENTATION_CONTEXT(2) 
PARAMETRIC_REPRESENTATION_CONTEXT() REPRESENTATION_CONTEXT('2D SPACE',''
  ) );
#2287 = ORIENTED_EDGE('',*,*,#1009,.F.);
#2288 = FACE_BOUND('',#2289,.T.);
#2289 = EDGE_LOOP('',(#2290));
#2290 = ORIENTED_EDGE('',*,*,#2291,.F.);
#2291 = EDGE_CURVE('',#2292,#2292,#2294,.T.);
#2292 = VERTEX_POINT('',#2293);
#2293 = CARTESIAN_POINT('',(19.,-8.,-28.5));
#2294 = SURFACE_CURVE('',#2295,(#2300,#2307),.PCURVE_S1.);
#2295 = CIRCLE('',#2296,3.);
#2296 = AXIS2_PLACEMENT_3D('',#2297,#2298,#2299);
#2297 = CARTESIAN_POINT('',(16.,-8.,-28.5));
#2298 = DIRECTION('',(0.,-1.,2.22044604925E-16));
#2299 = DIRECTION('',(1.,0.,0.));
#2300 = PCURVE('',#1025,#2301);
#2301 = DEFINITIONAL_REPRESENTATION('',(#2302),#2306);
#2302 = CIRCLE('',#2303,3.);
#2303 = AXIS2_PLACEMENT_2D('',#2304,#2305);
#2304 = CARTESIAN_POINT('',(11.078618335062,-9.809101602309));
#2305 = DIRECTION('',(1.,0.));
#2306 = ( GEOMETRIC_REPRESENTATION_CONTEXT(2) 
PARAMETRIC_REPRESENTATION_CONTEXT() REPRESENTATION_CONTEXT('2D SPACE',''
  ) );
#2307 = PCURVE('',#2308,#2313);
#2308 = CYLINDRICAL_SURFACE('',#2309,3.);
#2309 = AXIS2_PLACEMENT_3D('',#2310,#2311,#2312);
#2310 = CARTESIAN_POINT('',(16.,9.,-28.5));
#2311 = DIRECTION('',(0.,-1.,2.22044604925E-16));
#2312 = DIRECTION('',(1.,0.,0.));
#2313 = DEFINITIONAL_REPRESENTATION('',(#2314),#2318);
#2314 = LINE('',#2315,#2316);
#2315 = CARTESIAN_POINT('',(0.,17.));
#2316 = VECTOR('',#2317,1.);
#2317 = DIRECTION('',(1.,0.));
#2318 = ( GEOMETRIC_REPRESENTATION_CONTEXT(2) 
PARAMETRIC_REPRESENTATION_CONTEXT() REPRESENTATION_CONTEXT('2D SPACE',''
  ) );
#2319 = ADVANCED_FACE('',(#2320),#1100,.T.);
#2320 = FACE_BOUND('',#2321,.T.);
#2321 = EDGE_LOOP('',(#2322,#2345,#2371,#2372));
#2322 = ORIENTED_EDGE('',*,*,#2323,.F.);
#2323 = EDGE_CURVE('',#2324,#1064,#2326,.T.);
#2324 = VERTEX_POINT('',#2325);
#2325 = CARTESIAN_POINT('',(-11.,8.,-24.62));
#2326 = SURFACE_CURVE('',#2327,(#2331,#2338),.PCURVE_S1.);
#2327 = LINE('',#2328,#2329);
#2328 = CARTESIAN_POINT('',(-11.,8.,-24.62));
#2329 = VECTOR('',#2330,1.);
#2330 = DIRECTION('',(0.,0.,1.));
#2331 = PCURVE('',#1100,#2332);
#2332 = DEFINITIONAL_REPRESENTATION('',(#2333),#2337);
#2333 = LINE('',#2334,#2335);
#2334 = CARTESIAN_POINT('',(0.,0.));
#2335 = VECTOR('',#2336,1.);
#2336 = DIRECTION('',(0.,1.));
#2337 = ( GEOMETRIC_REPRESENTATION_CONTEXT(2) 
PARAMETRIC_REPRESENTATION_CONTEXT() REPRESENTATION_CONTEXT('2D SPACE',''
  ) );
#2338 = PCURVE('',#1186,#2339);
#2339 = DEFINITIONAL_REPRESENTATION('',(#2340),#2344);
#2340 = LINE('',#2341,#2342);
#2341 = CARTESIAN_POINT('',(-15.92138166493,-5.929101602309));
#2342 = VECTOR('',#2343,1.);
#2343 = DIRECTION('',(0.,1.));
#2344 = ( GEOMETRIC_REPRESENTATION_CONTEXT(2) 
PARAMETRIC_REPRESENTATION_CONTEXT() REPRESENTATION_CONTEXT('2D SPACE',''
  ) );
#2345 = ORIENTED_EDGE('',*,*,#2346,.T.);
#2346 = EDGE_CURVE('',#2324,#2016,#2347,.T.);
#2347 = SURFACE_CURVE('',#2348,(#2353,#2360),.PCURVE_S1.);
#2348 = CIRCLE('',#2349,2.);
#2349 = AXIS2_PLACEMENT_3D('',#2350,#2351,#2352);
#2350 = CARTESIAN_POINT('',(-11.,6.,-24.62));
#2351 = DIRECTION('',(0.,0.,1.));
#2352 = DIRECTION('',(0.,-1.,0.));
#2353 = PCURVE('',#1100,#2354);
#2354 = DEFINITIONAL_REPRESENTATION('',(#2355),#2359);
#2355 = LINE('',#2356,#2357);
#2356 = CARTESIAN_POINT('',(-3.14159265359,0.));
#2357 = VECTOR('',#2358,1.);
#2358 = DIRECTION('',(1.,0.));
#2359 = ( GEOMETRIC_REPRESENTATION_CONTEXT(2) 
PARAMETRIC_REPRESENTATION_CONTEXT() REPRESENTATION_CONTEXT('2D SPACE',''
  ) );
#2360 = PCURVE('',#1729,#2361);
#2361 = DEFINITIONAL_REPRESENTATION('',(#2362),#2370);
#2362 = ( BOUNDED_CURVE() B_SPLINE_CURVE(2,(#2363,#2364,#2365,#2366,
#2367,#2368,#2369),.UNSPECIFIED.,.T.,.F.) B_SPLINE_CURVE_WITH_KNOTS((1,2
    ,2,2,2,1),(-2.094395102393,0.,2.094395102393,4.188790204786,
6.28318530718,8.377580409573),.UNSPECIFIED.) CURVE() 
GEOMETRIC_REPRESENTATION_ITEM() RATIONAL_B_SPLINE_CURVE((1.,0.5,1.,0.5,
1.,0.5,1.)) REPRESENTATION_ITEM('') );
#2363 = CARTESIAN_POINT('',(2.,-4.));
#2364 = CARTESIAN_POINT('',(5.464101615138,-4.));
#2365 = CARTESIAN_POINT('',(3.732050807569,-7.));
#2366 = CARTESIAN_POINT('',(2.,-10.));
#2367 = CARTESIAN_POINT('',(0.267949192431,-7.));
#2368 = CARTESIAN_POINT('',(-1.464101615138,-4.));
#2369 = CARTESIAN_POINT('',(2.,-4.));
#2370 = ( GEOMETRIC_REPRESENTATION_CONTEXT(2) 
PARAMETRIC_REPRESENTATION_CONTEXT() REPRESENTATION_CONTEXT('2D SPACE',''
  ) );
#2371 = ORIENTED_EDGE('',*,*,#2038,.T.);
#2372 = ORIENTED_EDGE('',*,*,#1085,.T.);
#2373 = ADVANCED_FACE('',(#2374),#1154,.T.);
#2374 = FACE_BOUND('',#2375,.T.);
#2375 = EDGE_LOOP('',(#2376,#2377,#2399,#2420));
#2376 = ORIENTED_EDGE('',*,*,#2267,.F.);
#2377 = ORIENTED_EDGE('',*,*,#2378,.T.);
#2378 = EDGE_CURVE('',#2235,#2379,#2381,.T.);
#2379 = VERTEX_POINT('',#2380);
#2380 = CARTESIAN_POINT('',(13.,-5.5,-10.82548586491));
#2381 = SURFACE_CURVE('',#2382,(#2387,#2393),.PCURVE_S1.);
#2382 = CIRCLE('',#2383,2.5);
#2383 = AXIS2_PLACEMENT_3D('',#2384,#2385,#2386);
#2384 = CARTESIAN_POINT('',(10.5,-5.5,-10.82548586491));
#2385 = DIRECTION('',(-7.771561172376E-16,0.,1.));
#2386 = DIRECTION('',(-1.,0.,-7.771561172376E-16));
#2387 = PCURVE('',#1154,#2388);
#2388 = DEFINITIONAL_REPRESENTATION('',(#2389),#2392);
#2389 = B_SPLINE_CURVE_WITH_KNOTS('',1,(#2390,#2391),.UNSPECIFIED.,.F.,
  .F.,(2,2),(1.570796326795,3.14159265359),.PIECEWISE_BEZIER_KNOTS.);
#2390 = CARTESIAN_POINT('',(0.,1.7763568394E-15));
#2391 = CARTESIAN_POINT('',(1.570796326795,1.7763568394E-15));
#2392 = ( GEOMETRIC_REPRESENTATION_CONTEXT(2) 
PARAMETRIC_REPRESENTATION_CONTEXT() REPRESENTATION_CONTEXT('2D SPACE',''
  ) );
#2393 = PCURVE('',#2255,#2394);
#2394 = DEFINITIONAL_REPRESENTATION('',(#2395),#2398);
#2395 = B_SPLINE_CURVE_WITH_KNOTS('',1,(#2396,#2397),.UNSPECIFIED.,.F.,
  .F.,(2,2),(1.570796326795,3.14159265359),.PIECEWISE_BEZIER_KNOTS.);
#2396 = CARTESIAN_POINT('',(-0.746322945495,1.570796326795));
#2397 = CARTESIAN_POINT('',(-0.746322945495,3.14159265359));
#2398 = ( GEOMETRIC_REPRESENTATION_CONTEXT(2) 
PARAMETRIC_REPRESENTATION_CONTEXT() REPRESENTATION_CONTEXT('2D SPACE',''
  ) );
#2399 = ORIENTED_EDGE('',*,*,#2400,.T.);
#2400 = EDGE_CURVE('',#2379,#1118,#2401,.T.);
#2401 = SURFACE_CURVE('',#2402,(#2406,#2413),.PCURVE_S1.);
#2402 = LINE('',#2403,#2404);
#2403 = CARTESIAN_POINT('',(13.,-5.5,-10.82548586491));
#2404 = VECTOR('',#2405,1.);
#2405 = DIRECTION('',(0.,0.,1.));
#2406 = PCURVE('',#1154,#2407);
#2407 = DEFINITIONAL_REPRESENTATION('',(#2408),#2412);
#2408 = LINE('',#2409,#2410);
#2409 = CARTESIAN_POINT('',(1.570796326795,0.));
#2410 = VECTOR('',#2411,1.);
#2411 = DIRECTION('',(0.,1.));
#2412 = ( GEOMETRIC_REPRESENTATION_CONTEXT(2) 
PARAMETRIC_REPRESENTATION_CONTEXT() REPRESENTATION_CONTEXT('2D SPACE',''
  ) );
#2413 = PCURVE('',#1312,#2414);
#2414 = DEFINITIONAL_REPRESENTATION('',(#2415),#2419);
#2415 = LINE('',#2416,#2417);
#2416 = CARTESIAN_POINT('',(0.,5.5));
#2417 = VECTOR('',#2418,1.);
#2418 = DIRECTION('',(1.,0.));
#2419 = ( GEOMETRIC_REPRESENTATION_CONTEXT(2) 
PARAMETRIC_REPRESENTATION_CONTEXT() REPRESENTATION_CONTEXT('2D SPACE',''
  ) );
#2420 = ORIENTED_EDGE('',*,*,#1139,.F.);
#2421 = ADVANCED_FACE('',(#2422),#1186,.F.);
#2422 = FACE_BOUND('',#2423,.F.);
#2423 = EDGE_LOOP('',(#2424,#2425,#2448,#2467));
#2424 = ORIENTED_EDGE('',*,*,#2323,.F.);
#2425 = ORIENTED_EDGE('',*,*,#2426,.T.);
#2426 = EDGE_CURVE('',#2324,#2427,#2429,.T.);
#2427 = VERTEX_POINT('',#2428);
#2428 = CARTESIAN_POINT('',(-10.24695076596,8.,-24.62));
#2429 = SURFACE_CURVE('',#2430,(#2434,#2441),.PCURVE_S1.);
#2430 = LINE('',#2431,#2432);
#2431 = CARTESIAN_POINT('',(0.,8.,-24.62));
#2432 = VECTOR('',#2433,1.);
#2433 = DIRECTION('',(1.,0.,0.));
#2434 = PCURVE('',#1186,#2435);
#2435 = DEFINITIONAL_REPRESENTATION('',(#2436),#2440);
#2436 = LINE('',#2437,#2438);
#2437 = CARTESIAN_POINT('',(-4.921381664938,-5.929101602309));
#2438 = VECTOR('',#2439,1.);
#2439 = DIRECTION('',(1.,0.));
#2440 = ( GEOMETRIC_REPRESENTATION_CONTEXT(2) 
PARAMETRIC_REPRESENTATION_CONTEXT() REPRESENTATION_CONTEXT('2D SPACE',''
  ) );
#2441 = PCURVE('',#1729,#2442);
#2442 = DEFINITIONAL_REPRESENTATION('',(#2443),#2447);
#2443 = LINE('',#2444,#2445);
#2444 = CARTESIAN_POINT('',(13.,-8.));
#2445 = VECTOR('',#2446,1.);
#2446 = DIRECTION('',(1.,0.));
#2447 = ( GEOMETRIC_REPRESENTATION_CONTEXT(2) 
PARAMETRIC_REPRESENTATION_CONTEXT() REPRESENTATION_CONTEXT('2D SPACE',''
  ) );
#2448 = ORIENTED_EDGE('',*,*,#2449,.F.);
#2449 = EDGE_CURVE('',#1171,#2427,#2450,.T.);
#2450 = SURFACE_CURVE('',#2451,(#2455,#2461),.PCURVE_S1.);
#2451 = LINE('',#2452,#2453);
#2452 = CARTESIAN_POINT('',(-10.24695076596,8.,-24.62));
#2453 = VECTOR('',#2454,1.);
#2454 = DIRECTION('',(-0.,-0.,-1.));
#2455 = PCURVE('',#1186,#2456);
#2456 = DEFINITIONAL_REPRESENTATION('',(#2457),#2460);
#2457 = B_SPLINE_CURVE_WITH_KNOTS('',1,(#2458,#2459),.UNSPECIFIED.,.F.,
  .F.,(2,2),(-20.6200024,2.399999999625E-06),.PIECEWISE_BEZIER_KNOTS.);
#2458 = CARTESIAN_POINT('',(-15.16833243089,14.690900797691));
#2459 = CARTESIAN_POINT('',(-15.16833243089,-5.929104002309));
#2460 = ( GEOMETRIC_REPRESENTATION_CONTEXT(2) 
PARAMETRIC_REPRESENTATION_CONTEXT() REPRESENTATION_CONTEXT('2D SPACE',''
  ) );
#2461 = PCURVE('',#1366,#2462);
#2462 = DEFINITIONAL_REPRESENTATION('',(#2463),#2466);
#2463 = B_SPLINE_CURVE_WITH_KNOTS('',1,(#2464,#2465),.UNSPECIFIED.,.F.,
  .F.,(2,2),(-20.6200024,2.399999999625E-06),.PIECEWISE_BEZIER_KNOTS.);
#2464 = CARTESIAN_POINT('',(-2.47871882994,-20.6200024));
#2465 = CARTESIAN_POINT('',(-2.47871882994,2.399999999625E-06));
#2466 = ( GEOMETRIC_REPRESENTATION_CONTEXT(2) 
PARAMETRIC_REPRESENTATION_CONTEXT() REPRESENTATION_CONTEXT('2D SPACE',''
  ) );
#2467 = ORIENTED_EDGE('',*,*,#1170,.F.);
#2468 = ADVANCED_FACE('',(#2469),#1312,.T.);
#2469 = FACE_BOUND('',#2470,.T.);
#2470 = EDGE_LOOP('',(#2471,#2472,#2500,#2521));
#2471 = ORIENTED_EDGE('',*,*,#2400,.F.);
#2472 = ORIENTED_EDGE('',*,*,#2473,.T.);
#2473 = EDGE_CURVE('',#2379,#2474,#2476,.T.);
#2474 = VERTEX_POINT('',#2475);
#2475 = CARTESIAN_POINT('',(13.,5.5,-10.82548586491));
#2476 = SURFACE_CURVE('',#2477,(#2481,#2488),.PCURVE_S1.);
#2477 = LINE('',#2478,#2479);
#2478 = CARTESIAN_POINT('',(13.,-8.,-10.82548586491));
#2479 = VECTOR('',#2480,1.);
#2480 = DIRECTION('',(0.,1.,0.));
#2481 = PCURVE('',#1312,#2482);
#2482 = DEFINITIONAL_REPRESENTATION('',(#2483),#2487);
#2483 = LINE('',#2484,#2485);
#2484 = CARTESIAN_POINT('',(1.7763568394E-15,8.));
#2485 = VECTOR('',#2486,1.);
#2486 = DIRECTION('',(0.,-1.));
#2487 = ( GEOMETRIC_REPRESENTATION_CONTEXT(2) 
PARAMETRIC_REPRESENTATION_CONTEXT() REPRESENTATION_CONTEXT('2D SPACE',''
  ) );
#2488 = PCURVE('',#2489,#2494);
#2489 = CYLINDRICAL_SURFACE('',#2490,3.);
#2490 = AXIS2_PLACEMENT_3D('',#2491,#2492,#2493);
#2491 = CARTESIAN_POINT('',(16.,0.,-10.82548586491));
#2492 = DIRECTION('',(-0.,-1.,0.));
#2493 = DIRECTION('',(-1.,0.,0.));
#2494 = DEFINITIONAL_REPRESENTATION('',(#2495),#2499);
#2495 = LINE('',#2496,#2497);
#2496 = CARTESIAN_POINT('',(-6.28318530718,8.));
#2497 = VECTOR('',#2498,1.);
#2498 = DIRECTION('',(-0.,-1.));
#2499 = ( GEOMETRIC_REPRESENTATION_CONTEXT(2) 
PARAMETRIC_REPRESENTATION_CONTEXT() REPRESENTATION_CONTEXT('2D SPACE',''
  ) );
#2500 = ORIENTED_EDGE('',*,*,#2501,.T.);
#2501 = EDGE_CURVE('',#2474,#1297,#2502,.T.);
#2502 = SURFACE_CURVE('',#2503,(#2507,#2514),.PCURVE_S1.);
#2503 = LINE('',#2504,#2505);
#2504 = CARTESIAN_POINT('',(13.,5.5,-10.82548586491));
#2505 = VECTOR('',#2506,1.);
#2506 = DIRECTION('',(0.,0.,1.));
#2507 = PCURVE('',#1312,#2508);
#2508 = DEFINITIONAL_REPRESENTATION('',(#2509),#2513);
#2509 = LINE('',#2510,#2511);
#2510 = CARTESIAN_POINT('',(0.,-5.5));
#2511 = VECTOR('',#2512,1.);
#2512 = DIRECTION('',(1.,0.));
#2513 = ( GEOMETRIC_REPRESENTATION_CONTEXT(2) 
PARAMETRIC_REPRESENTATION_CONTEXT() REPRESENTATION_CONTEXT('2D SPACE',''
  ) );
#2514 = PCURVE('',#1523,#2515);
#2515 = DEFINITIONAL_REPRESENTATION('',(#2516),#2520);
#2516 = LINE('',#2517,#2518);
#2517 = CARTESIAN_POINT('',(0.,0.));
#2518 = VECTOR('',#2519,1.);
#2519 = DIRECTION('',(0.,1.));
#2520 = ( GEOMETRIC_REPRESENTATION_CONTEXT(2) 
PARAMETRIC_REPRESENTATION_CONTEXT() REPRESENTATION_CONTEXT('2D SPACE',''
  ) );
#2521 = ORIENTED_EDGE('',*,*,#1296,.F.);
#2522 = ADVANCED_FACE('',(#2523),#1366,.T.);
#2523 = FACE_BOUND('',#2524,.F.);
#2524 = EDGE_LOOP('',(#2525,#2526,#2554,#2651,#2672));
#2525 = ORIENTED_EDGE('',*,*,#2449,.T.);
#2526 = ORIENTED_EDGE('',*,*,#2527,.F.);
#2527 = EDGE_CURVE('',#2528,#2427,#2530,.T.);
#2528 = VERTEX_POINT('',#2529);
#2529 = CARTESIAN_POINT('',(-10.21441588134,8.041499126591,-24.62));
#2530 = SURFACE_CURVE('',#2531,(#2536,#2543),.PCURVE_S1.);
#2531 = CIRCLE('',#2532,13.);
#2532 = AXIS2_PLACEMENT_3D('',#2533,#2534,#2535);
#2533 = CARTESIAN_POINT('',(0.,0.,-24.62));
#2534 = DIRECTION('',(0.,0.,1.));
#2535 = DIRECTION('',(1.,0.,0.));
#2536 = PCURVE('',#1366,#2537);
#2537 = DEFINITIONAL_REPRESENTATION('',(#2538),#2542);
#2538 = LINE('',#2539,#2540);
#2539 = CARTESIAN_POINT('',(-0.,0.));
#2540 = VECTOR('',#2541,1.);
#2541 = DIRECTION('',(-1.,0.));
#2542 = ( GEOMETRIC_REPRESENTATION_CONTEXT(2) 
PARAMETRIC_REPRESENTATION_CONTEXT() REPRESENTATION_CONTEXT('2D SPACE',''
  ) );
#2543 = PCURVE('',#1729,#2544);
#2544 = DEFINITIONAL_REPRESENTATION('',(#2545),#2553);
#2545 = ( BOUNDED_CURVE() B_SPLINE_CURVE(2,(#2546,#2547,#2548,#2549,
#2550,#2551,#2552),.UNSPECIFIED.,.T.,.F.) B_SPLINE_CURVE_WITH_KNOTS((1,2
    ,2,2,2,1),(-2.094395102393,0.,2.094395102393,4.188790204786,
6.28318530718,8.377580409573),.UNSPECIFIED.) CURVE() 
GEOMETRIC_REPRESENTATION_ITEM() RATIONAL_B_SPLINE_CURVE((1.,0.5,1.,0.5,
1.,0.5,1.)) REPRESENTATION_ITEM('') );
#2546 = CARTESIAN_POINT('',(26.,0.));
#2547 = CARTESIAN_POINT('',(26.,-22.51666049839));
#2548 = CARTESIAN_POINT('',(6.5,-11.25833024919));
#2549 = CARTESIAN_POINT('',(-13.,-3.184081677783E-15));
#2550 = CARTESIAN_POINT('',(6.5,11.258330249198));
#2551 = CARTESIAN_POINT('',(26.,22.516660498395));
#2552 = CARTESIAN_POINT('',(26.,0.));
#2553 = ( GEOMETRIC_REPRESENTATION_CONTEXT(2) 
PARAMETRIC_REPRESENTATION_CONTEXT() REPRESENTATION_CONTEXT('2D SPACE',''
  ) );
#2554 = ORIENTED_EDGE('',*,*,#2555,.F.);
#2555 = EDGE_CURVE('',#2556,#2528,#2558,.T.);
#2556 = VERTEX_POINT('',#2557);
#2557 = CARTESIAN_POINT('',(4.839001374195E-13,13.,-7.375369825722));
#2558 = SURFACE_CURVE('',#2559,(#2586,#2616),.PCURVE_S1.);
#2559 = B_SPLINE_CURVE_WITH_KNOTS('',7,(#2560,#2561,#2562,#2563,#2564,
    #2565,#2566,#2567,#2568,#2569,#2570,#2571,#2572,#2573,#2574,#2575,
    #2576,#2577,#2578,#2579,#2580,#2581,#2582,#2583,#2584,#2585),
  .UNSPECIFIED.,.F.,.F.,(8,6,6,6,8),(0.,0.284897557961,0.545493981229,
    0.633730145121,1.),.UNSPECIFIED.);
#2560 = CARTESIAN_POINT('',(4.778399897987E-13,13.,-7.375369825722));
#2561 = CARTESIAN_POINT('',(-0.774491694002,13.,-7.961977354555));
#2562 = CARTESIAN_POINT('',(-1.510380255185,12.946168527116,
    -8.571478650351));
#2563 = CARTESIAN_POINT('',(-2.206456590719,12.848164168235,
    -9.199682874864));
#2564 = CARTESIAN_POINT('',(-2.862793020925,12.714026959467,
    -9.842849673543));
#2565 = CARTESIAN_POINT('',(-3.480220227408,12.550544735508,
    -10.49788899652));
#2566 = CARTESIAN_POINT('',(-4.060089178736,12.36341458112,
    -11.16243813622));
#2567 = CARTESIAN_POINT('',(-5.101634897846,11.968976868154,
    -12.45017030729));
#2568 = CARTESIAN_POINT('',(-5.569831672943,11.764503361879,
    -13.07285966635));
#2569 = CARTESIAN_POINT('',(-6.009753636008,11.547575056141,
    -13.70189637017));
#2570 = CARTESIAN_POINT('',(-6.422595532423,11.321244497577,
    -14.33651864524));
#2571 = CARTESIAN_POINT('',(-6.809578473437,11.088148056145,
    -14.97638660675));
#2572 = CARTESIAN_POINT('',(-7.171877709354,10.85063721988,
    -15.62161382182));
#2573 = CARTESIAN_POINT('',(-7.625215585321,10.529758989716,
    -16.49329548189));
#2574 = CARTESIAN_POINT('',(-7.737149471054,10.44836070172,
    -16.71441617032));
#2575 = CARTESIAN_POINT('',(-7.846379188839,10.366823076843,
    -16.93617066309));
#2576 = CARTESIAN_POINT('',(-7.952934770182,10.285239695623,
    -17.15856317609));
#2577 = CARTESIAN_POINT('',(-8.05684394356,10.203704479823,
    -17.38159991822));
#2578 = CARTESIAN_POINT('',(-8.158132211623,10.122312211664,
    -17.60528926403));
#2579 = CARTESIAN_POINT('',(-8.666489814567,9.704290876714,
    -18.76093373948));
#2580 = CARTESIAN_POINT('',(-9.031905193731,9.371126055368,
    -19.70480653006));
#2581 = CARTESIAN_POINT('',(-9.354294072594,9.048760952702,
    -20.66152736623));
#2582 = CARTESIAN_POINT('',(-9.63392005426,8.745167638024,
    -21.63089179454));
#2583 = CARTESIAN_POINT('',(-9.87077489762,8.469492928962,
    -22.61282021449));
#2584 = CARTESIAN_POINT('',(-10.06466094206,8.231719785799,
    -23.60821162911));
#2585 = CARTESIAN_POINT('',(-10.21441597014,8.041499013789,-24.6200006)
  );
#2586 = PCURVE('',#1366,#2587);
#2587 = DEFINITIONAL_REPRESENTATION('',(#2588),#2615);
#2588 = B_SPLINE_CURVE_WITH_KNOTS('',7,(#2589,#2590,#2591,#2592,#2593,
    #2594,#2595,#2596,#2597,#2598,#2599,#2600,#2601,#2602,#2603,#2604,
    #2605,#2606,#2607,#2608,#2609,#2610,#2611,#2612,#2613,#2614),
  .UNSPECIFIED.,.F.,.F.,(8,6,6,6,8),(0.,0.284897557961,0.545493981229,
    0.633730145121,1.),.UNSPECIFIED.);
#2589 = CARTESIAN_POINT('',(-1.570796326795,-17.24463017427));
#2590 = CARTESIAN_POINT('',(-1.630372610949,-16.65802264544));
#2591 = CARTESIAN_POINT('',(-1.686979442545,-16.04852134964));
#2592 = CARTESIAN_POINT('',(-1.740869046118,-15.42031712513));
#2593 = CARTESIAN_POINT('',(-1.792238001282,-14.77715032645));
#2594 = CARTESIAN_POINT('',(-1.841254212409,-14.12211100347));
#2595 = CARTESIAN_POINT('',(-1.888066404624,-13.45756186377));
#2596 = CARTESIAN_POINT('',(-1.973738084036,-12.1698296927));
#2597 = CARTESIAN_POINT('',(-2.01298939553,-11.54714033364));
#2598 = CARTESIAN_POINT('',(-2.050657890767,-10.91810362982));
#2599 = CARTESIAN_POINT('',(-2.086817322688,-10.28348135475));
#2600 = CARTESIAN_POINT('',(-2.121526743236,-9.643613393246));
#2601 = CARTESIAN_POINT('',(-2.15482951724,-8.998386178174));
#2602 = CARTESIAN_POINT('',(-2.197553211065,-8.126704518108));
#2603 = CARTESIAN_POINT('',(-2.20819858119,-7.90558382968));
#2604 = CARTESIAN_POINT('',(-2.218682418648,-7.683829336906));
#2605 = CARTESIAN_POINT('',(-2.229004236251,-7.461436823909));
#2606 = CARTESIAN_POINT('',(-2.239163127183,-7.238400081779));
#2607 = CARTESIAN_POINT('',(-2.249157760881,-7.014710735967));
#2608 = CARTESIAN_POINT('',(-2.299785143662,-5.859066260518));
#2609 = CARTESIAN_POINT('',(-2.337773793672,-4.915193469938));
#2610 = CARTESIAN_POINT('',(-2.37278911518,-3.958472633768));
#2611 = CARTESIAN_POINT('',(-2.404500190802,-2.989108205457));
#2612 = CARTESIAN_POINT('',(-2.432443031266,-2.007179785509));
#2613 = CARTESIAN_POINT('',(-2.456039731717,-1.011788370882));
#2614 = CARTESIAN_POINT('',(-2.474662506877,5.999999999062E-07));
#2615 = ( GEOMETRIC_REPRESENTATION_CONTEXT(2) 
PARAMETRIC_REPRESENTATION_CONTEXT() REPRESENTATION_CONTEXT('2D SPACE',''
  ) );
#2616 = PCURVE('',#2617,#2622);
#2617 = CYLINDRICAL_SURFACE('',#2618,26.5);
#2618 = AXIS2_PLACEMENT_3D('',#2619,#2620,#2621);
#2619 = CARTESIAN_POINT('',(16.,18.,-28.5));
#2620 = DIRECTION('',(0.,-1.,2.22044604925E-16));
#2621 = DIRECTION('',(1.,0.,0.));
#2622 = DEFINITIONAL_REPRESENTATION('',(#2623),#2650);
#2623 = B_SPLINE_CURVE_WITH_KNOTS('',7,(#2624,#2625,#2626,#2627,#2628,
    #2629,#2630,#2631,#2632,#2633,#2634,#2635,#2636,#2637,#2638,#2639,
    #2640,#2641,#2642,#2643,#2644,#2645,#2646,#2647,#2648,#2649),
  .UNSPECIFIED.,.F.,.F.,(8,6,6,6,8),(0.,0.284897557961,0.545493981229,
    0.633730145121,1.),.UNSPECIFIED.);
#2624 = CARTESIAN_POINT('',(2.219022807718,5.));
#2625 = CARTESIAN_POINT('',(2.25568577827,5.));
#2626 = CARTESIAN_POINT('',(2.291709120769,5.053831472884));
#2627 = CARTESIAN_POINT('',(2.327041496636,5.151835831765));
#2628 = CARTESIAN_POINT('',(2.361667627056,5.285973040533));
#2629 = CARTESIAN_POINT('',(2.395595404506,5.449455264492));
#2630 = CARTESIAN_POINT('',(2.428854125959,5.63658541888));
#2631 = CARTESIAN_POINT('',(2.491353072957,6.031023131846));
#2632 = CARTESIAN_POINT('',(2.520733544799,6.235496638121));
#2633 = CARTESIAN_POINT('',(2.549672728294,6.452424943859));
#2634 = CARTESIAN_POINT('',(2.57821386897,6.678755502423));
#2635 = CARTESIAN_POINT('',(2.606408570651,6.911851943855));
#2636 = CARTESIAN_POINT('',(2.634318214543,7.14936278012));
#2637 = CARTESIAN_POINT('',(2.671394413994,7.470241010284));
#2638 = CARTESIAN_POINT('',(2.680746219253,7.55163929828));
#2639 = CARTESIAN_POINT('',(2.690073507294,7.633176923157));
#2640 = CARTESIAN_POINT('',(2.699378255209,7.714760304377));
#2641 = CARTESIAN_POINT('',(2.708662439459,7.796295520177));
#2642 = CARTESIAN_POINT('',(2.717928049896,7.877687788336));
#2643 = CARTESIAN_POINT('',(2.76557008772,8.295709123286));
#2644 = CARTESIAN_POINT('',(2.803725253914,8.628873944632));
#2645 = CARTESIAN_POINT('',(2.841762899906,8.951239047298));
#2646 = CARTESIAN_POINT('',(2.879767170854,9.254832361977));
#2647 = CARTESIAN_POINT('',(2.917824295646,9.530507071038));
#2648 = CARTESIAN_POINT('',(2.956052681594,9.768280214201));
#2649 = CARTESIAN_POINT('',(2.994649344287,9.958500986211));
#2650 = ( GEOMETRIC_REPRESENTATION_CONTEXT(2) 
PARAMETRIC_REPRESENTATION_CONTEXT() REPRESENTATION_CONTEXT('2D SPACE',''
  ) );
#2651 = ORIENTED_EDGE('',*,*,#2652,.T.);
#2652 = EDGE_CURVE('',#2556,#1350,#2653,.T.);
#2653 = SURFACE_CURVE('',#2654,(#2658,#2665),.PCURVE_S1.);
#2654 = LINE('',#2655,#2656);
#2655 = CARTESIAN_POINT('',(4.839001374195E-13,13.,-24.62));
#2656 = VECTOR('',#2657,1.);
#2657 = DIRECTION('',(0.,0.,1.));
#2658 = PCURVE('',#1366,#2659);
#2659 = DEFINITIONAL_REPRESENTATION('',(#2660),#2664);
#2660 = LINE('',#2661,#2662);
#2661 = CARTESIAN_POINT('',(-1.570796326795,0.));
#2662 = VECTOR('',#2663,1.);
#2663 = DIRECTION('',(-0.,-1.));
#2664 = ( GEOMETRIC_REPRESENTATION_CONTEXT(2) 
PARAMETRIC_REPRESENTATION_CONTEXT() REPRESENTATION_CONTEXT('2D SPACE',''
  ) );
#2665 = PCURVE('',#1586,#2666);
#2666 = DEFINITIONAL_REPRESENTATION('',(#2667),#2671);
#2667 = LINE('',#2668,#2669);
#2668 = CARTESIAN_POINT('',(26.,0.));
#2669 = VECTOR('',#2670,1.);
#2670 = DIRECTION('',(0.,-1.));
#2671 = ( GEOMETRIC_REPRESENTATION_CONTEXT(2) 
PARAMETRIC_REPRESENTATION_CONTEXT() REPRESENTATION_CONTEXT('2D SPACE',''
  ) );
#2672 = ORIENTED_EDGE('',*,*,#1349,.T.);
#2673 = ADVANCED_FACE('',(#2674),#1523,.T.);
#2674 = FACE_BOUND('',#2675,.T.);
#2675 = EDGE_LOOP('',(#2676,#2677,#2704,#2725));
#2676 = ORIENTED_EDGE('',*,*,#2501,.F.);
#2677 = ORIENTED_EDGE('',*,*,#2678,.T.);
#2678 = EDGE_CURVE('',#2474,#2679,#2681,.T.);
#2679 = VERTEX_POINT('',#2680);
#2680 = CARTESIAN_POINT('',(10.5,8.,-10.82548586491));
#2681 = SURFACE_CURVE('',#2682,(#2687,#2693),.PCURVE_S1.);
#2682 = CIRCLE('',#2683,2.5);
#2683 = AXIS2_PLACEMENT_3D('',#2684,#2685,#2686);
#2684 = CARTESIAN_POINT('',(10.5,5.5,-10.82548586491));
#2685 = DIRECTION('',(-7.771561172376E-16,0.,1.));
#2686 = DIRECTION('',(-1.,0.,-7.771561172376E-16));
#2687 = PCURVE('',#1523,#2688);
#2688 = DEFINITIONAL_REPRESENTATION('',(#2689),#2692);
#2689 = B_SPLINE_CURVE_WITH_KNOTS('',1,(#2690,#2691),.UNSPECIFIED.,.F.,
  .F.,(2,2),(3.14159265359,4.712388980385),.PIECEWISE_BEZIER_KNOTS.);
#2690 = CARTESIAN_POINT('',(0.,1.7763568394E-15));
#2691 = CARTESIAN_POINT('',(1.570796326795,1.7763568394E-15));
#2692 = ( GEOMETRIC_REPRESENTATION_CONTEXT(2) 
PARAMETRIC_REPRESENTATION_CONTEXT() REPRESENTATION_CONTEXT('2D SPACE',''
  ) );
#2693 = PCURVE('',#2694,#2699);
#2694 = TOROIDAL_SURFACE('',#2695,5.5,2.5);
#2695 = AXIS2_PLACEMENT_3D('',#2696,#2697,#2698);
#2696 = CARTESIAN_POINT('',(16.,5.5,-10.82548586491));
#2697 = DIRECTION('',(0.,-1.,0.));
#2698 = DIRECTION('',(-0.734190339621,-0.,-0.678943698113));
#2699 = DEFINITIONAL_REPRESENTATION('',(#2700),#2703);
#2700 = B_SPLINE_CURVE_WITH_KNOTS('',1,(#2701,#2702),.UNSPECIFIED.,.F.,
  .F.,(2,2),(3.14159265359,4.712388980385),.PIECEWISE_BEZIER_KNOTS.);
#2701 = CARTESIAN_POINT('',(-0.746322945495,3.14159265359));
#2702 = CARTESIAN_POINT('',(-0.746322945495,4.712388980385));
#2703 = ( GEOMETRIC_REPRESENTATION_CONTEXT(2) 
PARAMETRIC_REPRESENTATION_CONTEXT() REPRESENTATION_CONTEXT('2D SPACE',''
  ) );
#2704 = ORIENTED_EDGE('',*,*,#2705,.T.);
#2705 = EDGE_CURVE('',#2679,#1487,#2706,.T.);
#2706 = SURFACE_CURVE('',#2707,(#2711,#2718),.PCURVE_S1.);
#2707 = LINE('',#2708,#2709);
#2708 = CARTESIAN_POINT('',(10.5,8.,-10.82548586491));
#2709 = VECTOR('',#2710,1.);
#2710 = DIRECTION('',(0.,0.,1.));
#2711 = PCURVE('',#1523,#2712);
#2712 = DEFINITIONAL_REPRESENTATION('',(#2713),#2717);
#2713 = LINE('',#2714,#2715);
#2714 = CARTESIAN_POINT('',(1.570796326795,0.));
#2715 = VECTOR('',#2716,1.);
#2716 = DIRECTION('',(0.,1.));
#2717 = ( GEOMETRIC_REPRESENTATION_CONTEXT(2) 
PARAMETRIC_REPRESENTATION_CONTEXT() REPRESENTATION_CONTEXT('2D SPACE',''
  ) );
#2718 = PCURVE('',#1618,#2719);
#2719 = DEFINITIONAL_REPRESENTATION('',(#2720),#2724);
#2720 = LINE('',#2721,#2722);
#2721 = CARTESIAN_POINT('',(5.578618335062,7.865412532779));
#2722 = VECTOR('',#2723,1.);
#2723 = DIRECTION('',(0.,1.));
#2724 = ( GEOMETRIC_REPRESENTATION_CONTEXT(2) 
PARAMETRIC_REPRESENTATION_CONTEXT() REPRESENTATION_CONTEXT('2D SPACE',''
  ) );
#2725 = ORIENTED_EDGE('',*,*,#1508,.F.);
#2726 = ADVANCED_FACE('',(#2727),#1586,.F.);
#2727 = FACE_BOUND('',#2728,.F.);
#2728 = EDGE_LOOP('',(#2729,#2730,#2751,#2770));
#2729 = ORIENTED_EDGE('',*,*,#2652,.F.);
#2730 = ORIENTED_EDGE('',*,*,#2731,.T.);
#2731 = EDGE_CURVE('',#2556,#2732,#2734,.T.);
#2732 = VERTEX_POINT('',#2733);
#2733 = CARTESIAN_POINT('',(0.,8.,-7.375369825722));
#2734 = SURFACE_CURVE('',#2735,(#2739,#2745),.PCURVE_S1.);
#2735 = LINE('',#2736,#2737);
#2736 = CARTESIAN_POINT('',(0.,18.,-7.375369825722));
#2737 = VECTOR('',#2738,1.);
#2738 = DIRECTION('',(0.,-1.,2.22044604925E-16));
#2739 = PCURVE('',#1586,#2740);
#2740 = DEFINITIONAL_REPRESENTATION('',(#2741),#2744);
#2741 = B_SPLINE_CURVE_WITH_KNOTS('',1,(#2742,#2743),.UNSPECIFIED.,.F.,
  .F.,(2,2),(2.4,33.6),.PIECEWISE_BEZIER_KNOTS.);
#2742 = CARTESIAN_POINT('',(28.6,-17.24463017427));
#2743 = CARTESIAN_POINT('',(-2.6,-17.24463017427));
#2744 = ( GEOMETRIC_REPRESENTATION_CONTEXT(2) 
PARAMETRIC_REPRESENTATION_CONTEXT() REPRESENTATION_CONTEXT('2D SPACE',''
  ) );
#2745 = PCURVE('',#2617,#2746);
#2746 = DEFINITIONAL_REPRESENTATION('',(#2747),#2750);
#2747 = B_SPLINE_CURVE_WITH_KNOTS('',1,(#2748,#2749),.UNSPECIFIED.,.F.,
  .F.,(2,2),(2.4,33.6),.PIECEWISE_BEZIER_KNOTS.);
#2748 = CARTESIAN_POINT('',(2.219022807718,2.4));
#2749 = CARTESIAN_POINT('',(2.219022807718,33.6));
#2750 = ( GEOMETRIC_REPRESENTATION_CONTEXT(2) 
PARAMETRIC_REPRESENTATION_CONTEXT() REPRESENTATION_CONTEXT('2D SPACE',''
  ) );
#2751 = ORIENTED_EDGE('',*,*,#2752,.F.);
#2752 = EDGE_CURVE('',#1539,#2732,#2753,.T.);
#2753 = SURFACE_CURVE('',#2754,(#2758,#2764),.PCURVE_S1.);
#2754 = LINE('',#2755,#2756);
#2755 = CARTESIAN_POINT('',(0.,8.,-21.65544919884));
#2756 = VECTOR('',#2757,1.);
#2757 = DIRECTION('',(-0.,-0.,-1.));
#2758 = PCURVE('',#1586,#2759);
#2759 = DEFINITIONAL_REPRESENTATION('',(#2760),#2763);
#2760 = B_SPLINE_CURVE_WITH_KNOTS('',1,(#2761,#2762),.UNSPECIFIED.,.F.,
  .F.,(2,2),(-17.65544919884,-14.28007937312),.PIECEWISE_BEZIER_KNOTS.);
#2761 = CARTESIAN_POINT('',(21.,-20.62));
#2762 = CARTESIAN_POINT('',(21.,-17.24463017427));
#2763 = ( GEOMETRIC_REPRESENTATION_CONTEXT(2) 
PARAMETRIC_REPRESENTATION_CONTEXT() REPRESENTATION_CONTEXT('2D SPACE',''
  ) );
#2764 = PCURVE('',#1618,#2765);
#2765 = DEFINITIONAL_REPRESENTATION('',(#2766),#2769);
#2766 = B_SPLINE_CURVE_WITH_KNOTS('',1,(#2767,#2768),.UNSPECIFIED.,.F.,
  .F.,(2,2),(-17.65544919884,-14.28007937312),.PIECEWISE_BEZIER_KNOTS.);
#2767 = CARTESIAN_POINT('',(-4.921381664938,14.690898397691));
#2768 = CARTESIAN_POINT('',(-4.921381664938,11.315528571969));
#2769 = ( GEOMETRIC_REPRESENTATION_CONTEXT(2) 
PARAMETRIC_REPRESENTATION_CONTEXT() REPRESENTATION_CONTEXT('2D SPACE',''
  ) );
#2770 = ORIENTED_EDGE('',*,*,#1572,.T.);
#2771 = ADVANCED_FACE('',(#2772,#2973),#1618,.F.);
#2772 = FACE_BOUND('',#2773,.F.);
#2773 = EDGE_LOOP('',(#2774,#2775,#2799,#2827,#2860,#2888,#2917,#2945,
    #2971,#2972));
#2774 = ORIENTED_EDGE('',*,*,#2752,.T.);
#2775 = ORIENTED_EDGE('',*,*,#2776,.T.);
#2776 = EDGE_CURVE('',#2732,#2777,#2779,.T.);
#2777 = VERTEX_POINT('',#2778);
#2778 = CARTESIAN_POINT('',(-9.720528765949,8.,-22.12));
#2779 = SURFACE_CURVE('',#2780,(#2785,#2792),.PCURVE_S1.);
#2780 = CIRCLE('',#2781,26.5);
#2781 = AXIS2_PLACEMENT_3D('',#2782,#2783,#2784);
#2782 = CARTESIAN_POINT('',(16.,8.,-28.5));
#2783 = DIRECTION('',(0.,-1.,2.22044604925E-16));
#2784 = DIRECTION('',(1.,0.,0.));
#2785 = PCURVE('',#1618,#2786);
#2786 = DEFINITIONAL_REPRESENTATION('',(#2787),#2791);
#2787 = CIRCLE('',#2788,26.5);
#2788 = AXIS2_PLACEMENT_2D('',#2789,#2790);
#2789 = CARTESIAN_POINT('',(11.078618335062,-9.809101602309));
#2790 = DIRECTION('',(1.,0.));
#2791 = ( GEOMETRIC_REPRESENTATION_CONTEXT(2) 
PARAMETRIC_REPRESENTATION_CONTEXT() REPRESENTATION_CONTEXT('2D SPACE',''
  ) );
#2792 = PCURVE('',#2617,#2793);
#2793 = DEFINITIONAL_REPRESENTATION('',(#2794),#2798);
#2794 = LINE('',#2795,#2796);
#2795 = CARTESIAN_POINT('',(0.,10.));
#2796 = VECTOR('',#2797,1.);
#2797 = DIRECTION('',(1.,0.));
#2798 = ( GEOMETRIC_REPRESENTATION_CONTEXT(2) 
PARAMETRIC_REPRESENTATION_CONTEXT() REPRESENTATION_CONTEXT('2D SPACE',''
  ) );
#2799 = ORIENTED_EDGE('',*,*,#2800,.T.);
#2800 = EDGE_CURVE('',#2777,#2801,#2803,.T.);
#2801 = VERTEX_POINT('',#2802);
#2802 = CARTESIAN_POINT('',(3.559930540679,8.,-22.12));
#2803 = SURFACE_CURVE('',#2804,(#2808,#2815),.PCURVE_S1.);
#2804 = LINE('',#2805,#2806);
#2805 = CARTESIAN_POINT('',(-10.21441588134,8.,-22.12));
#2806 = VECTOR('',#2807,1.);
#2807 = DIRECTION('',(1.,0.,0.));
#2808 = PCURVE('',#1618,#2809);
#2809 = DEFINITIONAL_REPRESENTATION('',(#2810),#2814);
#2810 = LINE('',#2811,#2812);
#2811 = CARTESIAN_POINT('',(-15.13579754628,-3.429101602309));
#2812 = VECTOR('',#2813,1.);
#2813 = DIRECTION('',(1.,0.));
#2814 = ( GEOMETRIC_REPRESENTATION_CONTEXT(2) 
PARAMETRIC_REPRESENTATION_CONTEXT() REPRESENTATION_CONTEXT('2D SPACE',''
  ) );
#2815 = PCURVE('',#2816,#2821);
#2816 = CYLINDRICAL_SURFACE('',#2817,2.5);
#2817 = AXIS2_PLACEMENT_3D('',#2818,#2819,#2820);
#2818 = CARTESIAN_POINT('',(-10.21441588134,5.5,-22.12));
#2819 = DIRECTION('',(1.,0.,0.));
#2820 = DIRECTION('',(0.,0.,-1.));
#2821 = DEFINITIONAL_REPRESENTATION('',(#2822),#2826);
#2822 = LINE('',#2823,#2824);
#2823 = CARTESIAN_POINT('',(1.570796326795,0.));
#2824 = VECTOR('',#2825,1.);
#2825 = DIRECTION('',(0.,1.));
#2826 = ( GEOMETRIC_REPRESENTATION_CONTEXT(2) 
PARAMETRIC_REPRESENTATION_CONTEXT() REPRESENTATION_CONTEXT('2D SPACE',''
  ) );
#2827 = ORIENTED_EDGE('',*,*,#2828,.T.);
#2828 = EDGE_CURVE('',#2801,#2829,#2831,.T.);
#2829 = VERTEX_POINT('',#2830);
#2830 = CARTESIAN_POINT('',(8.944618302818,8.,-26.49967070903));
#2831 = SURFACE_CURVE('',#2832,(#2837,#2848),.PCURVE_S1.);
#2832 = CIRCLE('',#2833,5.5);
#2833 = AXIS2_PLACEMENT_3D('',#2834,#2835,#2836);
#2834 = CARTESIAN_POINT('',(3.559930540679,8.,-27.61999999289));
#2835 = DIRECTION('',(-0.,1.,0.));
#2836 = DIRECTION('',(0.,0.,1.));
#2837 = PCURVE('',#1618,#2838);
#2838 = DEFINITIONAL_REPRESENTATION('',(#2839),#2847);
#2839 = ( BOUNDED_CURVE() B_SPLINE_CURVE(2,(#2840,#2841,#2842,#2843,
#2844,#2845,#2846),.UNSPECIFIED.,.T.,.F.) B_SPLINE_CURVE_WITH_KNOTS((1,2
    ,2,2,2,1),(-2.094395102393,0.,2.094395102393,4.188790204786,
6.28318530718,8.377580409573),.UNSPECIFIED.) CURVE() 
GEOMETRIC_REPRESENTATION_ITEM() RATIONAL_B_SPLINE_CURVE((1.,0.5,1.,0.5,
1.,0.5,1.)) REPRESENTATION_ITEM('') );
#2840 = CARTESIAN_POINT('',(-1.361451124259,-3.429101595207));
#2841 = CARTESIAN_POINT('',(8.16482831737,-3.429101595207));
#2842 = CARTESIAN_POINT('',(3.401688596556,-11.6791015952));
#2843 = CARTESIAN_POINT('',(-1.361451124259,-19.9291015952));
#2844 = CARTESIAN_POINT('',(-6.124590845073,-11.6791015952));
#2845 = CARTESIAN_POINT('',(-10.88773056588,-3.429101595207));
#2846 = CARTESIAN_POINT('',(-1.361451124259,-3.429101595207));
#2847 = ( GEOMETRIC_REPRESENTATION_CONTEXT(2) 
PARAMETRIC_REPRESENTATION_CONTEXT() REPRESENTATION_CONTEXT('2D SPACE',''
  ) );
#2848 = PCURVE('',#2849,#2854);
#2849 = TOROIDAL_SURFACE('',#2850,5.5,2.5);
#2850 = AXIS2_PLACEMENT_3D('',#2851,#2852,#2853);
#2851 = CARTESIAN_POINT('',(3.559930540679,5.5,-27.61999999289));
#2852 = DIRECTION('',(0.,-1.,0.));
#2853 = DIRECTION('',(0.,0.,1.));
#2854 = DEFINITIONAL_REPRESENTATION('',(#2855),#2859);
#2855 = LINE('',#2856,#2857);
#2856 = CARTESIAN_POINT('',(-0.,4.712388980385));
#2857 = VECTOR('',#2858,1.);
#2858 = DIRECTION('',(-1.,0.));
#2859 = ( GEOMETRIC_REPRESENTATION_CONTEXT(2) 
PARAMETRIC_REPRESENTATION_CONTEXT() REPRESENTATION_CONTEXT('2D SPACE',''
  ) );
#2860 = ORIENTED_EDGE('',*,*,#2861,.T.);
#2861 = EDGE_CURVE('',#2829,#2862,#2864,.T.);
#2862 = VERTEX_POINT('',#2863);
#2863 = CARTESIAN_POINT('',(9.636278099291,8.,-29.82402551729));
#2864 = SURFACE_CURVE('',#2865,(#2869,#2876),.PCURVE_S1.);
#2865 = LINE('',#2866,#2867);
#2866 = CARTESIAN_POINT('',(8.944618302818,8.,-26.49967070903));
#2867 = VECTOR('',#2868,1.);
#2868 = DIRECTION('',(0.203696233429,0.,-0.979034138571));
#2869 = PCURVE('',#1618,#2870);
#2870 = DEFINITIONAL_REPRESENTATION('',(#2871),#2875);
#2871 = LINE('',#2872,#2873);
#2872 = CARTESIAN_POINT('',(4.02323663788,-7.808772311345));
#2873 = VECTOR('',#2874,1.);
#2874 = DIRECTION('',(0.203696233429,-0.979034138571));
#2875 = ( GEOMETRIC_REPRESENTATION_CONTEXT(2) 
PARAMETRIC_REPRESENTATION_CONTEXT() REPRESENTATION_CONTEXT('2D SPACE',''
  ) );
#2876 = PCURVE('',#2877,#2882);
#2877 = CYLINDRICAL_SURFACE('',#2878,2.5);
#2878 = AXIS2_PLACEMENT_3D('',#2879,#2880,#2881);
#2879 = CARTESIAN_POINT('',(8.944618302818,5.5,-26.49967070903));
#2880 = DIRECTION('',(0.203696233429,0.,-0.979034138571));
#2881 = DIRECTION('',(-0.979034138571,-0.,-0.203696233429));
#2882 = DEFINITIONAL_REPRESENTATION('',(#2883),#2887);
#2883 = LINE('',#2884,#2885);
#2884 = CARTESIAN_POINT('',(1.570796326795,0.));
#2885 = VECTOR('',#2886,1.);
#2886 = DIRECTION('',(0.,1.));
#2887 = ( GEOMETRIC_REPRESENTATION_CONTEXT(2) 
PARAMETRIC_REPRESENTATION_CONTEXT() REPRESENTATION_CONTEXT('2D SPACE',''
  ) );
#2888 = ORIENTED_EDGE('',*,*,#2889,.T.);
#2889 = EDGE_CURVE('',#2862,#2890,#2892,.T.);
#2890 = VERTEX_POINT('',#2891);
#2891 = CARTESIAN_POINT('',(20.772237207536,8.,-24.08686596226));
#2892 = SURFACE_CURVE('',#2893,(#2898,#2905),.PCURVE_S1.);
#2893 = CIRCLE('',#2894,6.5);
#2894 = AXIS2_PLACEMENT_3D('',#2895,#2896,#2897);
#2895 = CARTESIAN_POINT('',(16.,8.,-28.5));
#2896 = DIRECTION('',(0.,-1.,0.));
#2897 = DIRECTION('',(-0.979034138571,-0.,-0.203696233429));
#2898 = PCURVE('',#1618,#2899);
#2899 = DEFINITIONAL_REPRESENTATION('',(#2900),#2904);
#2900 = CIRCLE('',#2901,6.5);
#2901 = AXIS2_PLACEMENT_2D('',#2902,#2903);
#2902 = CARTESIAN_POINT('',(11.078618335062,-9.809101602309));
#2903 = DIRECTION('',(-0.979034138571,-0.203696233429));
#2904 = ( GEOMETRIC_REPRESENTATION_CONTEXT(2) 
PARAMETRIC_REPRESENTATION_CONTEXT() REPRESENTATION_CONTEXT('2D SPACE',''
  ) );
#2905 = PCURVE('',#2906,#2911);
#2906 = TOROIDAL_SURFACE('',#2907,6.5,2.5);
#2907 = AXIS2_PLACEMENT_3D('',#2908,#2909,#2910);
#2908 = CARTESIAN_POINT('',(16.,5.5,-28.5));
#2909 = DIRECTION('',(-0.,1.,-0.));
#2910 = DIRECTION('',(-0.979034138571,-0.,-0.203696233429));
#2911 = DEFINITIONAL_REPRESENTATION('',(#2912),#2916);
#2912 = LINE('',#2913,#2914);
#2913 = CARTESIAN_POINT('',(-0.,1.570796326795));
#2914 = VECTOR('',#2915,1.);
#2915 = DIRECTION('',(-1.,0.));
#2916 = ( GEOMETRIC_REPRESENTATION_CONTEXT(2) 
PARAMETRIC_REPRESENTATION_CONTEXT() REPRESENTATION_CONTEXT('2D SPACE',''
  ) );
#2917 = ORIENTED_EDGE('',*,*,#2918,.T.);
#2918 = EDGE_CURVE('',#2890,#2919,#2921,.T.);
#2919 = VERTEX_POINT('',#2920);
#2920 = CARTESIAN_POINT('',(11.961953139995,8.,-14.55967619721));
#2921 = SURFACE_CURVE('',#2922,(#2926,#2933),.PCURVE_S1.);
#2922 = LINE('',#2923,#2924);
#2923 = CARTESIAN_POINT('',(20.772237207536,8.,-24.08686596226));
#2924 = VECTOR('',#2925,1.);
#2925 = DIRECTION('',(-0.678943698113,0.,0.734190339621));
#2926 = PCURVE('',#1618,#2927);
#2927 = DEFINITIONAL_REPRESENTATION('',(#2928),#2932);
#2928 = LINE('',#2929,#2930);
#2929 = CARTESIAN_POINT('',(15.850855542599,-5.395967564575));
#2930 = VECTOR('',#2931,1.);
#2931 = DIRECTION('',(-0.678943698113,0.734190339621));
#2932 = ( GEOMETRIC_REPRESENTATION_CONTEXT(2) 
PARAMETRIC_REPRESENTATION_CONTEXT() REPRESENTATION_CONTEXT('2D SPACE',''
  ) );
#2933 = PCURVE('',#2934,#2939);
#2934 = CYLINDRICAL_SURFACE('',#2935,2.5);
#2935 = AXIS2_PLACEMENT_3D('',#2936,#2937,#2938);
#2936 = CARTESIAN_POINT('',(20.772237207536,5.5,-24.08686596226));
#2937 = DIRECTION('',(-0.678943698113,0.,0.734190339621));
#2938 = DIRECTION('',(0.734190339621,0.,0.678943698113));
#2939 = DEFINITIONAL_REPRESENTATION('',(#2940),#2944);
#2940 = LINE('',#2941,#2942);
#2941 = CARTESIAN_POINT('',(1.570796326795,0.));
#2942 = VECTOR('',#2943,1.);
#2943 = DIRECTION('',(0.,1.));
#2944 = ( GEOMETRIC_REPRESENTATION_CONTEXT(2) 
PARAMETRIC_REPRESENTATION_CONTEXT() REPRESENTATION_CONTEXT('2D SPACE',''
  ) );
#2945 = ORIENTED_EDGE('',*,*,#2946,.T.);
#2946 = EDGE_CURVE('',#2919,#2679,#2947,.T.);
#2947 = SURFACE_CURVE('',#2948,(#2953,#2964),.PCURVE_S1.);
#2948 = CIRCLE('',#2949,5.5);
#2949 = AXIS2_PLACEMENT_3D('',#2950,#2951,#2952);
#2950 = CARTESIAN_POINT('',(16.,8.,-10.82548586491));
#2951 = DIRECTION('',(0.,1.,-0.));
#2952 = DIRECTION('',(-0.734190339621,-0.,-0.678943698113));
#2953 = PCURVE('',#1618,#2954);
#2954 = DEFINITIONAL_REPRESENTATION('',(#2955),#2963);
#2955 = ( BOUNDED_CURVE() B_SPLINE_CURVE(2,(#2956,#2957,#2958,#2959,
#2960,#2961,#2962),.UNSPECIFIED.,.T.,.F.) B_SPLINE_CURVE_WITH_KNOTS((1,2
    ,2,2,2,1),(-2.094395102393,0.,2.094395102393,4.188790204786,
6.28318530718,8.377580409573),.UNSPECIFIED.) CURVE() 
GEOMETRIC_REPRESENTATION_ITEM() RATIONAL_B_SPLINE_CURVE((1.,0.5,1.,0.5,
1.,0.5,1.)) REPRESENTATION_ITEM('') );
#2956 = CARTESIAN_POINT('',(7.040571467147,4.131222193158));
#2957 = CARTESIAN_POINT('',(0.57276407379,11.125324531732));
#2958 = CARTESIAN_POINT('',(9.863738072342,13.229558871877));
#2959 = CARTESIAN_POINT('',(19.154712070893,15.333793212021));
#2960 = CARTESIAN_POINT('',(16.331545465698,6.235456533303));
#2961 = CARTESIAN_POINT('',(13.508378860503,-2.862880145415));
#2962 = CARTESIAN_POINT('',(7.040571467147,4.131222193158));
#2963 = ( GEOMETRIC_REPRESENTATION_CONTEXT(2) 
PARAMETRIC_REPRESENTATION_CONTEXT() REPRESENTATION_CONTEXT('2D SPACE',''
  ) );
#2964 = PCURVE('',#2694,#2965);
#2965 = DEFINITIONAL_REPRESENTATION('',(#2966),#2970);
#2966 = LINE('',#2967,#2968);
#2967 = CARTESIAN_POINT('',(-0.,4.712388980385));
#2968 = VECTOR('',#2969,1.);
#2969 = DIRECTION('',(-1.,0.));
#2970 = ( GEOMETRIC_REPRESENTATION_CONTEXT(2) 
PARAMETRIC_REPRESENTATION_CONTEXT() REPRESENTATION_CONTEXT('2D SPACE',''
  ) );
#2971 = ORIENTED_EDGE('',*,*,#2705,.T.);
#2972 = ORIENTED_EDGE('',*,*,#1604,.T.);
#2973 = FACE_BOUND('',#2974,.F.);
#2974 = EDGE_LOOP('',(#2975));
#2975 = ORIENTED_EDGE('',*,*,#2976,.F.);
#2976 = EDGE_CURVE('',#2977,#2977,#2979,.T.);
#2977 = VERTEX_POINT('',#2978);
#2978 = CARTESIAN_POINT('',(19.,8.,-28.5));
#2979 = SURFACE_CURVE('',#2980,(#2985,#2992),.PCURVE_S1.);
#2980 = CIRCLE('',#2981,3.);
#2981 = AXIS2_PLACEMENT_3D('',#2982,#2983,#2984);
#2982 = CARTESIAN_POINT('',(16.,8.,-28.5));
#2983 = DIRECTION('',(0.,-1.,2.22044604925E-16));
#2984 = DIRECTION('',(1.,0.,0.));
#2985 = PCURVE('',#1618,#2986);
#2986 = DEFINITIONAL_REPRESENTATION('',(#2987),#2991);
#2987 = CIRCLE('',#2988,3.);
#2988 = AXIS2_PLACEMENT_2D('',#2989,#2990);
#2989 = CARTESIAN_POINT('',(11.078618335062,-9.809101602309));
#2990 = DIRECTION('',(1.,0.));
#2991 = ( GEOMETRIC_REPRESENTATION_CONTEXT(2) 
PARAMETRIC_REPRESENTATION_CONTEXT() REPRESENTATION_CONTEXT('2D SPACE',''
  ) );
#2992 = PCURVE('',#2308,#2993);
#2993 = DEFINITIONAL_REPRESENTATION('',(#2994),#2998);
#2994 = LINE('',#2995,#2996);
#2995 = CARTESIAN_POINT('',(0.,1.));
#2996 = VECTOR('',#2997,1.);
#2997 = DIRECTION('',(1.,0.));
#2998 = ( GEOMETRIC_REPRESENTATION_CONTEXT(2) 
PARAMETRIC_REPRESENTATION_CONTEXT() REPRESENTATION_CONTEXT('2D SPACE',''
  ) );
#2999 = ADVANCED_FACE('',(#3000,#3003),#1674,.T.);
#3000 = FACE_BOUND('',#3001,.T.);
#3001 = EDGE_LOOP('',(#3002));
#3002 = ORIENTED_EDGE('',*,*,#1659,.T.);
#3003 = FACE_BOUND('',#3004,.T.);
#3004 = EDGE_LOOP('',(#3005));
#3005 = ORIENTED_EDGE('',*,*,#3006,.F.);
#3006 = EDGE_CURVE('',#3007,#3007,#3009,.T.);
#3007 = VERTEX_POINT('',#3008);
#3008 = CARTESIAN_POINT('',(5.2,-1.273632671113E-15,-19.));
#3009 = SURFACE_CURVE('',#3010,(#3015,#3022),.PCURVE_S1.);
#3010 = CIRCLE('',#3011,5.2);
#3011 = AXIS2_PLACEMENT_3D('',#3012,#3013,#3014);
#3012 = CARTESIAN_POINT('',(0.,0.,-19.));
#3013 = DIRECTION('',(0.,0.,1.));
#3014 = DIRECTION('',(1.,0.,-0.));
#3015 = PCURVE('',#1674,#3016);
#3016 = DEFINITIONAL_REPRESENTATION('',(#3017),#3021);
#3017 = CIRCLE('',#3018,5.2);
#3018 = AXIS2_PLACEMENT_2D('',#3019,#3020);
#3019 = CARTESIAN_POINT('',(0.,0.));
#3020 = DIRECTION('',(1.,0.));
#3021 = ( GEOMETRIC_REPRESENTATION_CONTEXT(2) 
PARAMETRIC_REPRESENTATION_CONTEXT() REPRESENTATION_CONTEXT('2D SPACE',''
  ) );
#3022 = PCURVE('',#3023,#3028);
#3023 = CYLINDRICAL_SURFACE('',#3024,5.2);
#3024 = AXIS2_PLACEMENT_3D('',#3025,#3026,#3027);
#3025 = CARTESIAN_POINT('',(0.,0.,-22.62));
#3026 = DIRECTION('',(0.,0.,1.));
#3027 = DIRECTION('',(1.,0.,-0.));
#3028 = DEFINITIONAL_REPRESENTATION('',(#3029),#3033);
#3029 = LINE('',#3030,#3031);
#3030 = CARTESIAN_POINT('',(0.,3.62));
#3031 = VECTOR('',#3032,1.);
#3032 = DIRECTION('',(1.,0.));
#3033 = ( GEOMETRIC_REPRESENTATION_CONTEXT(2) 
PARAMETRIC_REPRESENTATION_CONTEXT() REPRESENTATION_CONTEXT('2D SPACE',''
  ) );
#3034 = ADVANCED_FACE('',(#3035,#3162),#1729,.T.);
#3035 = FACE_BOUND('',#3036,.T.);
#3036 = EDGE_LOOP('',(#3037,#3038,#3039,#3040,#3041,#3064,#3087,#3115,
    #3138,#3159,#3160,#3161));
#3037 = ORIENTED_EDGE('',*,*,#2015,.F.);
#3038 = ORIENTED_EDGE('',*,*,#2346,.F.);
#3039 = ORIENTED_EDGE('',*,*,#2426,.T.);
#3040 = ORIENTED_EDGE('',*,*,#2527,.F.);
#3041 = ORIENTED_EDGE('',*,*,#3042,.T.);
#3042 = EDGE_CURVE('',#2528,#3043,#3045,.T.);
#3043 = VERTEX_POINT('',#3044);
#3044 = CARTESIAN_POINT('',(-10.21441588134,5.5,-24.62));
#3045 = SURFACE_CURVE('',#3046,(#3050,#3057),.PCURVE_S1.);
#3046 = LINE('',#3047,#3048);
#3047 = CARTESIAN_POINT('',(-10.21441588134,8.041499126591,-24.62));
#3048 = VECTOR('',#3049,1.);
#3049 = DIRECTION('',(6.989405665398E-16,-1.,-1.39788113308E-15));
#3050 = PCURVE('',#1729,#3051);
#3051 = DEFINITIONAL_REPRESENTATION('',(#3052),#3056);
#3052 = LINE('',#3053,#3054);
#3053 = CARTESIAN_POINT('',(2.785584118657,-8.041499126591));
#3054 = VECTOR('',#3055,1.);
#3055 = DIRECTION('',(6.989405665398E-16,1.));
#3056 = ( GEOMETRIC_REPRESENTATION_CONTEXT(2) 
PARAMETRIC_REPRESENTATION_CONTEXT() REPRESENTATION_CONTEXT('2D SPACE',''
  ) );
#3057 = PCURVE('',#2617,#3058);
#3058 = DEFINITIONAL_REPRESENTATION('',(#3059),#3063);
#3059 = LINE('',#3060,#3061);
#3060 = CARTESIAN_POINT('',(2.994649321399,9.958500873409));
#3061 = VECTOR('',#3062,1.);
#3062 = DIRECTION('',(0.,1.));
#3063 = ( GEOMETRIC_REPRESENTATION_CONTEXT(2) 
PARAMETRIC_REPRESENTATION_CONTEXT() REPRESENTATION_CONTEXT('2D SPACE',''
  ) );
#3064 = ORIENTED_EDGE('',*,*,#3065,.T.);
#3065 = EDGE_CURVE('',#3043,#3066,#3068,.T.);
#3066 = VERTEX_POINT('',#3067);
#3067 = CARTESIAN_POINT('',(3.559930540679,5.5,-24.62));
#3068 = SURFACE_CURVE('',#3069,(#3073,#3080),.PCURVE_S1.);
#3069 = LINE('',#3070,#3071);
#3070 = CARTESIAN_POINT('',(-10.21441588134,5.5,-24.62));
#3071 = VECTOR('',#3072,1.);
#3072 = DIRECTION('',(1.,0.,0.));
#3073 = PCURVE('',#1729,#3074);
#3074 = DEFINITIONAL_REPRESENTATION('',(#3075),#3079);
#3075 = LINE('',#3076,#3077);
#3076 = CARTESIAN_POINT('',(2.785584118657,-5.5));
#3077 = VECTOR('',#3078,1.);
#3078 = DIRECTION('',(1.,0.));
#3079 = ( GEOMETRIC_REPRESENTATION_CONTEXT(2) 
PARAMETRIC_REPRESENTATION_CONTEXT() REPRESENTATION_CONTEXT('2D SPACE',''
  ) );
#3080 = PCURVE('',#2816,#3081);
#3081 = DEFINITIONAL_REPRESENTATION('',(#3082),#3086);
#3082 = LINE('',#3083,#3084);
#3083 = CARTESIAN_POINT('',(0.,0.));
#3084 = VECTOR('',#3085,1.);
#3085 = DIRECTION('',(0.,1.));
#3086 = ( GEOMETRIC_REPRESENTATION_CONTEXT(2) 
PARAMETRIC_REPRESENTATION_CONTEXT() REPRESENTATION_CONTEXT('2D SPACE',''
  ) );
#3087 = ORIENTED_EDGE('',*,*,#3088,.T.);
#3088 = EDGE_CURVE('',#3066,#3089,#3091,.T.);
#3089 = VERTEX_POINT('',#3090);
#3090 = CARTESIAN_POINT('',(3.559930540679,-5.5,-24.62));
#3091 = SURFACE_CURVE('',#3092,(#3096,#3103),.PCURVE_S1.);
#3092 = LINE('',#3093,#3094);
#3093 = CARTESIAN_POINT('',(3.559930540679,8.,-24.61999999644));
#3094 = VECTOR('',#3095,1.);
#3095 = DIRECTION('',(0.,-1.,0.));
#3096 = PCURVE('',#1729,#3097);
#3097 = DEFINITIONAL_REPRESENTATION('',(#3098),#3102);
#3098 = LINE('',#3099,#3100);
#3099 = CARTESIAN_POINT('',(16.559930540679,-8.));
#3100 = VECTOR('',#3101,1.);
#3101 = DIRECTION('',(0.,1.));
#3102 = ( GEOMETRIC_REPRESENTATION_CONTEXT(2) 
PARAMETRIC_REPRESENTATION_CONTEXT() REPRESENTATION_CONTEXT('2D SPACE',''
  ) );
#3103 = PCURVE('',#3104,#3109);
#3104 = CYLINDRICAL_SURFACE('',#3105,3.);
#3105 = AXIS2_PLACEMENT_3D('',#3106,#3107,#3108);
#3106 = CARTESIAN_POINT('',(3.559930540679,0.,-27.61999999289));
#3107 = DIRECTION('',(-0.,-1.,0.));
#3108 = DIRECTION('',(-1.,0.,0.));
#3109 = DEFINITIONAL_REPRESENTATION('',(#3110),#3114);
#3110 = LINE('',#3111,#3112);
#3111 = CARTESIAN_POINT('',(-1.570796326795,-8.));
#3112 = VECTOR('',#3113,1.);
#3113 = DIRECTION('',(0.,1.));
#3114 = ( GEOMETRIC_REPRESENTATION_CONTEXT(2) 
PARAMETRIC_REPRESENTATION_CONTEXT() REPRESENTATION_CONTEXT('2D SPACE',''
  ) );
#3115 = ORIENTED_EDGE('',*,*,#3116,.F.);
#3116 = EDGE_CURVE('',#3117,#3089,#3119,.T.);
#3117 = VERTEX_POINT('',#3118);
#3118 = CARTESIAN_POINT('',(-10.21441588134,-5.5,-24.62));
#3119 = SURFACE_CURVE('',#3120,(#3124,#3131),.PCURVE_S1.);
#3120 = LINE('',#3121,#3122);
#3121 = CARTESIAN_POINT('',(-10.21441588134,-5.5,-24.62));
#3122 = VECTOR('',#3123,1.);
#3123 = DIRECTION('',(1.,0.,0.));
#3124 = PCURVE('',#1729,#3125);
#3125 = DEFINITIONAL_REPRESENTATION('',(#3126),#3130);
#3126 = LINE('',#3127,#3128);
#3127 = CARTESIAN_POINT('',(2.785584118657,5.5));
#3128 = VECTOR('',#3129,1.);
#3129 = DIRECTION('',(1.,0.));
#3130 = ( GEOMETRIC_REPRESENTATION_CONTEXT(2) 
PARAMETRIC_REPRESENTATION_CONTEXT() REPRESENTATION_CONTEXT('2D SPACE',''
  ) );
#3131 = PCURVE('',#2104,#3132);
#3132 = DEFINITIONAL_REPRESENTATION('',(#3133),#3137);
#3133 = LINE('',#3134,#3135);
#3134 = CARTESIAN_POINT('',(1.570796326795,0.));
#3135 = VECTOR('',#3136,1.);
#3136 = DIRECTION('',(0.,1.));
#3137 = ( GEOMETRIC_REPRESENTATION_CONTEXT(2) 
PARAMETRIC_REPRESENTATION_CONTEXT() REPRESENTATION_CONTEXT('2D SPACE',''
  ) );
#3138 = ORIENTED_EDGE('',*,*,#3139,.T.);
#3139 = EDGE_CURVE('',#3117,#1788,#3140,.T.);
#3140 = SURFACE_CURVE('',#3141,(#3145,#3152),.PCURVE_S1.);
#3141 = LINE('',#3142,#3143);
#3142 = CARTESIAN_POINT('',(-10.21441588134,-5.5,-24.62));
#3143 = VECTOR('',#3144,1.);
#3144 = DIRECTION('',(-2.096821699619E-15,-1.,1.39788113308E-15));
#3145 = PCURVE('',#1729,#3146);
#3146 = DEFINITIONAL_REPRESENTATION('',(#3147),#3151);
#3147 = LINE('',#3148,#3149);
#3148 = CARTESIAN_POINT('',(2.785584118657,5.5));
#3149 = VECTOR('',#3150,1.);
#3150 = DIRECTION('',(-2.096821699619E-15,1.));
#3151 = ( GEOMETRIC_REPRESENTATION_CONTEXT(2) 
PARAMETRIC_REPRESENTATION_CONTEXT() REPRESENTATION_CONTEXT('2D SPACE',''
  ) );
#3152 = PCURVE('',#1849,#3153);
#3153 = DEFINITIONAL_REPRESENTATION('',(#3154),#3158);
#3154 = LINE('',#3155,#3156);
#3155 = CARTESIAN_POINT('',(2.994649321399,23.5));
#3156 = VECTOR('',#3157,1.);
#3157 = DIRECTION('',(-0.,1.));
#3158 = ( GEOMETRIC_REPRESENTATION_CONTEXT(2) 
PARAMETRIC_REPRESENTATION_CONTEXT() REPRESENTATION_CONTEXT('2D SPACE',''
  ) );
#3159 = ORIENTED_EDGE('',*,*,#1884,.F.);
#3160 = ORIENTED_EDGE('',*,*,#1713,.F.);
#3161 = ORIENTED_EDGE('',*,*,#1938,.F.);
#3162 = FACE_BOUND('',#3163,.T.);
#3163 = EDGE_LOOP('',(#3164));
#3164 = ORIENTED_EDGE('',*,*,#3165,.T.);
#3165 = EDGE_CURVE('',#3166,#3166,#3168,.T.);
#3166 = VERTEX_POINT('',#3167);
#3167 = CARTESIAN_POINT('',(2.75,-6.73555739531E-16,-24.62));
#3168 = SURFACE_CURVE('',#3169,(#3174,#3185),.PCURVE_S1.);
#3169 = CIRCLE('',#3170,2.75);
#3170 = AXIS2_PLACEMENT_3D('',#3171,#3172,#3173);
#3171 = CARTESIAN_POINT('',(0.,0.,-24.62));
#3172 = DIRECTION('',(0.,0.,1.));
#3173 = DIRECTION('',(1.,0.,-0.));
#3174 = PCURVE('',#1729,#3175);
#3175 = DEFINITIONAL_REPRESENTATION('',(#3176),#3184);
#3176 = ( BOUNDED_CURVE() B_SPLINE_CURVE(2,(#3177,#3178,#3179,#3180,
#3181,#3182,#3183),.UNSPECIFIED.,.T.,.F.) B_SPLINE_CURVE_WITH_KNOTS((1,2
    ,2,2,2,1),(-2.094395102393,0.,2.094395102393,4.188790204786,
6.28318530718,8.377580409573),.UNSPECIFIED.) CURVE() 
GEOMETRIC_REPRESENTATION_ITEM() RATIONAL_B_SPLINE_CURVE((1.,0.5,1.,0.5,
1.,0.5,1.)) REPRESENTATION_ITEM('') );
#3177 = CARTESIAN_POINT('',(15.75,0.));
#3178 = CARTESIAN_POINT('',(15.75,-4.763139720814));
#3179 = CARTESIAN_POINT('',(11.625,-2.381569860407));
#3180 = CARTESIAN_POINT('',(7.5,-6.73555739531E-16));
#3181 = CARTESIAN_POINT('',(11.625,2.381569860407));
#3182 = CARTESIAN_POINT('',(15.75,4.763139720814));
#3183 = CARTESIAN_POINT('',(15.75,0.));
#3184 = ( GEOMETRIC_REPRESENTATION_CONTEXT(2) 
PARAMETRIC_REPRESENTATION_CONTEXT() REPRESENTATION_CONTEXT('2D SPACE',''
  ) );
#3185 = PCURVE('',#3186,#3191);
#3186 = CYLINDRICAL_SURFACE('',#3187,2.75);
#3187 = AXIS2_PLACEMENT_3D('',#3188,#3189,#3190);
#3188 = CARTESIAN_POINT('',(0.,0.,-25.62));
#3189 = DIRECTION('',(0.,0.,1.));
#3190 = DIRECTION('',(1.,0.,-0.));
#3191 = DEFINITIONAL_REPRESENTATION('',(#3192),#3196);
#3192 = LINE('',#3193,#3194);
#3193 = CARTESIAN_POINT('',(0.,1.));
#3194 = VECTOR('',#3195,1.);
#3195 = DIRECTION('',(1.,0.));
#3196 = ( GEOMETRIC_REPRESENTATION_CONTEXT(2) 
PARAMETRIC_REPRESENTATION_CONTEXT() REPRESENTATION_CONTEXT('2D SPACE',''
  ) );
#3197 = ADVANCED_FACE('',(#3198),#1849,.F.);
#3198 = FACE_BOUND('',#3199,.F.);
#3199 = EDGE_LOOP('',(#3200,#3201,#3261,#3262,#3263));
#3200 = ORIENTED_EDGE('',*,*,#2064,.T.);
#3201 = ORIENTED_EDGE('',*,*,#3202,.T.);
#3202 = EDGE_CURVE('',#2065,#3117,#3203,.T.);
#3203 = SURFACE_CURVE('',#3204,(#3221,#3241),.PCURVE_S1.);
#3204 = B_SPLINE_CURVE_WITH_KNOTS('',8,(#3205,#3206,#3207,#3208,#3209,
    #3210,#3211,#3212,#3213,#3214,#3215,#3216,#3217,#3218,#3219,#3220),
  .UNSPECIFIED.,.F.,.F.,(9,7,9),(0.,0.456583015578,1.),.UNSPECIFIED.);
#3205 = CARTESIAN_POINT('',(-9.720528765949,-8.,-22.12));
#3206 = CARTESIAN_POINT('',(-9.784533155138,-8.,-22.37802926853));
#3207 = CARTESIAN_POINT('',(-9.845728055263,-7.96956287623,
    -22.63739245854));
#3208 = CARTESIAN_POINT('',(-9.901911905869,-7.908145719808,
    -22.88931757417));
#3209 = CARTESIAN_POINT('',(-9.952190618135,-7.818882157354,
    -23.12789743804));
#3210 = CARTESIAN_POINT('',(-9.996379201228,-7.705721229112,
    -23.34895962021));
#3211 = CARTESIAN_POINT('',(-10.03470488597,-7.573247985183,
    -23.54994829541));
#3212 = CARTESIAN_POINT('',(-10.06759022513,-7.425914585037,
    -23.72961932089));
#3213 = CARTESIAN_POINT('',(-10.12880945545,-7.079542454067,
    -24.07599145186));
#3214 = CARTESIAN_POINT('',(-10.15523986263,-6.87514181554,
    -24.23458440272));
#3215 = CARTESIAN_POINT('',(-10.17596791484,-6.658894618085,
    -24.3649370107));
#3216 = CARTESIAN_POINT('',(-10.19174697531,-6.434221996242,
    -24.46779499928));
#3217 = CARTESIAN_POINT('',(-10.20318412501,-6.204021608157,
    -24.54411289791));
#3218 = CARTESIAN_POINT('',(-10.21066248236,-5.97055214028,
    -24.59464140872));
#3219 = CARTESIAN_POINT('',(-10.21441588134,-5.735523058279,-24.62));
#3220 = CARTESIAN_POINT('',(-10.21441588134,-5.5,-24.62));
#3221 = PCURVE('',#1849,#3222);
#3222 = DEFINITIONAL_REPRESENTATION('',(#3223),#3240);
#3223 = B_SPLINE_CURVE_WITH_KNOTS('',8,(#3224,#3225,#3226,#3227,#3228,
    #3229,#3230,#3231,#3232,#3233,#3234,#3235,#3236,#3237,#3238,#3239),
  .UNSPECIFIED.,.F.,.F.,(9,7,9),(0.,0.456583015578,1.),.UNSPECIFIED.);
#3224 = CARTESIAN_POINT('',(2.898449288459,26.));
#3225 = CARTESIAN_POINT('',(2.908481324382,26.));
#3226 = CARTESIAN_POINT('',(2.918536692407,25.96956287623));
#3227 = CARTESIAN_POINT('',(2.928275643533,25.908145719808));
#3228 = CARTESIAN_POINT('',(2.93747528444,25.818882157354));
#3229 = CARTESIAN_POINT('',(2.945981570836,25.705721229112));
#3230 = CARTESIAN_POINT('',(2.953702342498,25.573247985183));
#3231 = CARTESIAN_POINT('',(2.960594884908,25.425914585037));
#3232 = CARTESIAN_POINT('',(2.973868114968,25.079542454067));
#3233 = CARTESIAN_POINT('',(2.97993500324,24.87514181554));
#3234 = CARTESIAN_POINT('',(2.984915601915,24.658894618085));
#3235 = CARTESIAN_POINT('',(2.988842384578,24.434221996242));
#3236 = CARTESIAN_POINT('',(2.991754462217,24.204021608157));
#3237 = CARTESIAN_POINT('',(2.993681967978,23.97055214028));
#3238 = CARTESIAN_POINT('',(2.994649321399,23.735523058279));
#3239 = CARTESIAN_POINT('',(2.994649321399,23.5));
#3240 = ( GEOMETRIC_REPRESENTATION_CONTEXT(2) 
PARAMETRIC_REPRESENTATION_CONTEXT() REPRESENTATION_CONTEXT('2D SPACE',''
  ) );
#3241 = PCURVE('',#2104,#3242);
#3242 = DEFINITIONAL_REPRESENTATION('',(#3243),#3260);
#3243 = B_SPLINE_CURVE_WITH_KNOTS('',8,(#3244,#3245,#3246,#3247,#3248,
    #3249,#3250,#3251,#3252,#3253,#3254,#3255,#3256,#3257,#3258,#3259),
  .UNSPECIFIED.,.F.,.F.,(9,7,9),(0.,0.456583015578,1.),.UNSPECIFIED.);
#3244 = CARTESIAN_POINT('',(0.,0.493887115394));
#3245 = CARTESIAN_POINT('',(0.103211707416,0.429882726205));
#3246 = CARTESIAN_POINT('',(0.20695661589,0.36868782608));
#3247 = CARTESIAN_POINT('',(0.309404359971,0.312503975474));
#3248 = CARTESIAN_POINT('',(0.409927619358,0.262225263208));
#3249 = CARTESIAN_POINT('',(0.508034622439,0.218036680115));
#3250 = CARTESIAN_POINT('',(0.603446082493,0.179710995366));
#3251 = CARTESIAN_POINT('',(0.695936352945,0.146825656213));
#3252 = CARTESIAN_POINT('',(0.891874019043,8.560642589305E-02));
#3253 = CARTESIAN_POINT('',(0.994544456601,5.917601870416E-02));
#3254 = CARTESIAN_POINT('',(1.094414910467,3.844796650131E-02));
#3255 = CARTESIAN_POINT('',(1.192028272753,2.266890602905E-02));
#3256 = CARTESIAN_POINT('',(1.287915626312,1.123175632402E-02));
#3257 = CARTESIAN_POINT('',(1.382575035963,3.753398973479E-03));
#3258 = CARTESIAN_POINT('',(1.476587103483,-3.569081257744E-15));
#3259 = CARTESIAN_POINT('',(1.570796326795,-3.552713678801E-15));
#3260 = ( GEOMETRIC_REPRESENTATION_CONTEXT(2) 
PARAMETRIC_REPRESENTATION_CONTEXT() REPRESENTATION_CONTEXT('2D SPACE',''
  ) );
#3261 = ORIENTED_EDGE('',*,*,#3139,.T.);
#3262 = ORIENTED_EDGE('',*,*,#1787,.F.);
#3263 = ORIENTED_EDGE('',*,*,#1990,.F.);
#3264 = ADVANCED_FACE('',(#3265),#2104,.T.);
#3265 = FACE_BOUND('',#3266,.T.);
#3266 = EDGE_LOOP('',(#3267,#3268,#3269,#3289));
#3267 = ORIENTED_EDGE('',*,*,#3202,.T.);
#3268 = ORIENTED_EDGE('',*,*,#3116,.T.);
#3269 = ORIENTED_EDGE('',*,*,#3270,.F.);
#3270 = EDGE_CURVE('',#2089,#3089,#3271,.T.);
#3271 = SURFACE_CURVE('',#3272,(#3277,#3283),.PCURVE_S1.);
#3272 = CIRCLE('',#3273,2.5);
#3273 = AXIS2_PLACEMENT_3D('',#3274,#3275,#3276);
#3274 = CARTESIAN_POINT('',(3.559930540679,-5.5,-22.12));
#3275 = DIRECTION('',(1.,0.,0.));
#3276 = DIRECTION('',(0.,-1.,0.));
#3277 = PCURVE('',#2104,#3278);
#3278 = DEFINITIONAL_REPRESENTATION('',(#3279),#3282);
#3279 = B_SPLINE_CURVE_WITH_KNOTS('',1,(#3280,#3281),.UNSPECIFIED.,.F.,
  .F.,(2,2),(0.,1.570796326795),.PIECEWISE_BEZIER_KNOTS.);
#3280 = CARTESIAN_POINT('',(0.,13.774346422022));
#3281 = CARTESIAN_POINT('',(1.570796326795,13.774346422022));
#3282 = ( GEOMETRIC_REPRESENTATION_CONTEXT(2) 
PARAMETRIC_REPRESENTATION_CONTEXT() REPRESENTATION_CONTEXT('2D SPACE',''
  ) );
#3283 = PCURVE('',#2137,#3284);
#3284 = DEFINITIONAL_REPRESENTATION('',(#3285),#3288);
#3285 = B_SPLINE_CURVE_WITH_KNOTS('',1,(#3286,#3287),.UNSPECIFIED.,.F.,
  .F.,(2,2),(0.,1.570796326795),.PIECEWISE_BEZIER_KNOTS.);
#3286 = CARTESIAN_POINT('',(0.,1.570796326795));
#3287 = CARTESIAN_POINT('',(0.,3.14159265359));
#3288 = ( GEOMETRIC_REPRESENTATION_CONTEXT(2) 
PARAMETRIC_REPRESENTATION_CONTEXT() REPRESENTATION_CONTEXT('2D SPACE',''
  ) );
#3289 = ORIENTED_EDGE('',*,*,#2088,.F.);
#3290 = ADVANCED_FACE('',(#3291),#2255,.T.);
#3291 = FACE_BOUND('',#3292,.F.);
#3292 = EDGE_LOOP('',(#3293,#3315,#3316,#3317));
#3293 = ORIENTED_EDGE('',*,*,#3294,.F.);
#3294 = EDGE_CURVE('',#2207,#3295,#3297,.T.);
#3295 = VERTEX_POINT('',#3296);
#3296 = CARTESIAN_POINT('',(13.797428989047,-5.5,-12.86231695193));
#3297 = SURFACE_CURVE('',#3298,(#3303,#3309),.PCURVE_S1.);
#3298 = CIRCLE('',#3299,2.5);
#3299 = AXIS2_PLACEMENT_3D('',#3300,#3301,#3302);
#3300 = CARTESIAN_POINT('',(11.961953139995,-5.5,-14.55967619721));
#3301 = DIRECTION('',(-0.678943698113,0.,0.734190339621));
#3302 = DIRECTION('',(0.,-1.,0.));
#3303 = PCURVE('',#2255,#3304);
#3304 = DEFINITIONAL_REPRESENTATION('',(#3305),#3308);
#3305 = B_SPLINE_CURVE_WITH_KNOTS('',1,(#3306,#3307),.UNSPECIFIED.,.F.,
  .F.,(2,2),(0.,1.570796326795),.PIECEWISE_BEZIER_KNOTS.);
#3306 = CARTESIAN_POINT('',(0.,1.570796326795));
#3307 = CARTESIAN_POINT('',(0.,3.14159265359));
#3308 = ( GEOMETRIC_REPRESENTATION_CONTEXT(2) 
PARAMETRIC_REPRESENTATION_CONTEXT() REPRESENTATION_CONTEXT('2D SPACE',''
  ) );
#3309 = PCURVE('',#2222,#3310);
#3310 = DEFINITIONAL_REPRESENTATION('',(#3311),#3314);
#3311 = B_SPLINE_CURVE_WITH_KNOTS('',1,(#3312,#3313),.UNSPECIFIED.,.F.,
  .F.,(2,2),(0.,1.570796326795),.PIECEWISE_BEZIER_KNOTS.);
#3312 = CARTESIAN_POINT('',(0.,12.976457535476));
#3313 = CARTESIAN_POINT('',(1.570796326795,12.976457535476));
#3314 = ( GEOMETRIC_REPRESENTATION_CONTEXT(2) 
PARAMETRIC_REPRESENTATION_CONTEXT() REPRESENTATION_CONTEXT('2D SPACE',''
  ) );
#3315 = ORIENTED_EDGE('',*,*,#2234,.T.);
#3316 = ORIENTED_EDGE('',*,*,#2378,.T.);
#3317 = ORIENTED_EDGE('',*,*,#3318,.F.);
#3318 = EDGE_CURVE('',#3295,#2379,#3319,.T.);
#3319 = SURFACE_CURVE('',#3320,(#3325,#3332),.PCURVE_S1.);
#3320 = CIRCLE('',#3321,3.);
#3321 = AXIS2_PLACEMENT_3D('',#3322,#3323,#3324);
#3322 = CARTESIAN_POINT('',(16.,-5.5,-10.82548586491));
#3323 = DIRECTION('',(0.,1.,-0.));
#3324 = DIRECTION('',(-0.734190339621,-0.,-0.678943698113));
#3325 = PCURVE('',#2255,#3326);
#3326 = DEFINITIONAL_REPRESENTATION('',(#3327),#3331);
#3327 = LINE('',#3328,#3329);
#3328 = CARTESIAN_POINT('',(-0.,3.14159265359));
#3329 = VECTOR('',#3330,1.);
#3330 = DIRECTION('',(-1.,0.));
#3331 = ( GEOMETRIC_REPRESENTATION_CONTEXT(2) 
PARAMETRIC_REPRESENTATION_CONTEXT() REPRESENTATION_CONTEXT('2D SPACE',''
  ) );
#3332 = PCURVE('',#2489,#3333);
#3333 = DEFINITIONAL_REPRESENTATION('',(#3334),#3338);
#3334 = LINE('',#3335,#3336);
#3335 = CARTESIAN_POINT('',(-5.536862361685,5.5));
#3336 = VECTOR('',#3337,1.);
#3337 = DIRECTION('',(-1.,0.));
#3338 = ( GEOMETRIC_REPRESENTATION_CONTEXT(2) 
PARAMETRIC_REPRESENTATION_CONTEXT() REPRESENTATION_CONTEXT('2D SPACE',''
  ) );
#3339 = ADVANCED_FACE('',(#3340),#2137,.T.);
#3340 = FACE_BOUND('',#3341,.F.);
#3341 = EDGE_LOOP('',(#3342,#3343,#3344,#3366));
#3342 = ORIENTED_EDGE('',*,*,#3270,.F.);
#3343 = ORIENTED_EDGE('',*,*,#2116,.T.);
#3344 = ORIENTED_EDGE('',*,*,#3345,.T.);
#3345 = EDGE_CURVE('',#2117,#3346,#3348,.T.);
#3346 = VERTEX_POINT('',#3347);
#3347 = CARTESIAN_POINT('',(6.497032956391,-5.5,-27.00891129261));
#3348 = SURFACE_CURVE('',#3349,(#3354,#3360),.PCURVE_S1.);
#3349 = CIRCLE('',#3350,2.5);
#3350 = AXIS2_PLACEMENT_3D('',#3351,#3352,#3353);
#3351 = CARTESIAN_POINT('',(8.944618302818,-5.5,-26.49967070903));
#3352 = DIRECTION('',(0.203696233429,0.,-0.979034138571));
#3353 = DIRECTION('',(0.979034138571,0.,0.203696233429));
#3354 = PCURVE('',#2137,#3355);
#3355 = DEFINITIONAL_REPRESENTATION('',(#3356),#3359);
#3356 = B_SPLINE_CURVE_WITH_KNOTS('',1,(#3357,#3358),.UNSPECIFIED.,.F.,
  .F.,(2,2),(1.570796326795,3.14159265359),.PIECEWISE_BEZIER_KNOTS.);
#3357 = CARTESIAN_POINT('',(-1.365664490989,1.570796326795));
#3358 = CARTESIAN_POINT('',(-1.365664490989,3.14159265359));
#3359 = ( GEOMETRIC_REPRESENTATION_CONTEXT(2) 
PARAMETRIC_REPRESENTATION_CONTEXT() REPRESENTATION_CONTEXT('2D SPACE',''
  ) );
#3360 = PCURVE('',#2165,#3361);
#3361 = DEFINITIONAL_REPRESENTATION('',(#3362),#3365);
#3362 = B_SPLINE_CURVE_WITH_KNOTS('',1,(#3363,#3364),.UNSPECIFIED.,.F.,
  .F.,(2,2),(1.570796326795,3.14159265359),.PIECEWISE_BEZIER_KNOTS.);
#3363 = CARTESIAN_POINT('',(0.,0.));
#3364 = CARTESIAN_POINT('',(1.570796326795,0.));
#3365 = ( GEOMETRIC_REPRESENTATION_CONTEXT(2) 
PARAMETRIC_REPRESENTATION_CONTEXT() REPRESENTATION_CONTEXT('2D SPACE',''
  ) );
#3366 = ORIENTED_EDGE('',*,*,#3367,.F.);
#3367 = EDGE_CURVE('',#3089,#3346,#3368,.T.);
#3368 = SURFACE_CURVE('',#3369,(#3374,#3381),.PCURVE_S1.);
#3369 = CIRCLE('',#3370,3.);
#3370 = AXIS2_PLACEMENT_3D('',#3371,#3372,#3373);
#3371 = CARTESIAN_POINT('',(3.559930540679,-5.5,-27.61999999289));
#3372 = DIRECTION('',(-0.,1.,0.));
#3373 = DIRECTION('',(0.,0.,1.));
#3374 = PCURVE('',#2137,#3375);
#3375 = DEFINITIONAL_REPRESENTATION('',(#3376),#3380);
#3376 = LINE('',#3377,#3378);
#3377 = CARTESIAN_POINT('',(-0.,3.14159265359));
#3378 = VECTOR('',#3379,1.);
#3379 = DIRECTION('',(-1.,0.));
#3380 = ( GEOMETRIC_REPRESENTATION_CONTEXT(2) 
PARAMETRIC_REPRESENTATION_CONTEXT() REPRESENTATION_CONTEXT('2D SPACE',''
  ) );
#3381 = PCURVE('',#3104,#3382);
#3382 = DEFINITIONAL_REPRESENTATION('',(#3383),#3387);
#3383 = LINE('',#3384,#3385);
#3384 = CARTESIAN_POINT('',(-1.570796326795,5.5));
#3385 = VECTOR('',#3386,1.);
#3386 = DIRECTION('',(-1.,0.));
#3387 = ( GEOMETRIC_REPRESENTATION_CONTEXT(2) 
PARAMETRIC_REPRESENTATION_CONTEXT() REPRESENTATION_CONTEXT('2D SPACE',''
  ) );
#3388 = ADVANCED_FACE('',(#3389),#2222,.T.);
#3389 = FACE_BOUND('',#3390,.T.);
#3390 = EDGE_LOOP('',(#3391,#3413,#3439,#3440));
#3391 = ORIENTED_EDGE('',*,*,#3392,.T.);
#3392 = EDGE_CURVE('',#2178,#3393,#3395,.T.);
#3393 = VERTEX_POINT('',#3394);
#3394 = CARTESIAN_POINT('',(22.607713056589,-5.5,-22.38950671698));
#3395 = SURFACE_CURVE('',#3396,(#3401,#3407),.PCURVE_S1.);
#3396 = CIRCLE('',#3397,2.5);
#3397 = AXIS2_PLACEMENT_3D('',#3398,#3399,#3400);
#3398 = CARTESIAN_POINT('',(20.772237207536,-5.5,-24.08686596226));
#3399 = DIRECTION('',(-0.678943698113,0.,0.734190339621));
#3400 = DIRECTION('',(0.734190339621,0.,0.678943698113));
#3401 = PCURVE('',#2222,#3402);
#3402 = DEFINITIONAL_REPRESENTATION('',(#3403),#3406);
#3403 = B_SPLINE_CURVE_WITH_KNOTS('',1,(#3404,#3405),.UNSPECIFIED.,.F.,
  .F.,(2,2),(4.712388980385,6.28318530718),.PIECEWISE_BEZIER_KNOTS.);
#3404 = CARTESIAN_POINT('',(0.,-3.552713678801E-15));
#3405 = CARTESIAN_POINT('',(1.570796326795,-3.552713678801E-15));
#3406 = ( GEOMETRIC_REPRESENTATION_CONTEXT(2) 
PARAMETRIC_REPRESENTATION_CONTEXT() REPRESENTATION_CONTEXT('2D SPACE',''
  ) );
#3407 = PCURVE('',#2194,#3408);
#3408 = DEFINITIONAL_REPRESENTATION('',(#3409),#3412);
#3409 = B_SPLINE_CURVE_WITH_KNOTS('',1,(#3410,#3411),.UNSPECIFIED.,.F.,
  .F.,(2,2),(4.712388980385,6.28318530718),.PIECEWISE_BEZIER_KNOTS.);
#3410 = CARTESIAN_POINT('',(-3.682783763279,4.712388980385));
#3411 = CARTESIAN_POINT('',(-3.682783763279,6.28318530718));
#3412 = ( GEOMETRIC_REPRESENTATION_CONTEXT(2) 
PARAMETRIC_REPRESENTATION_CONTEXT() REPRESENTATION_CONTEXT('2D SPACE',''
  ) );
#3413 = ORIENTED_EDGE('',*,*,#3414,.T.);
#3414 = EDGE_CURVE('',#3393,#3295,#3415,.T.);
#3415 = SURFACE_CURVE('',#3416,(#3420,#3427),.PCURVE_S1.);
#3416 = LINE('',#3417,#3418);
#3417 = CARTESIAN_POINT('',(22.607713056589,-5.5,-22.38950671698));
#3418 = VECTOR('',#3419,1.);
#3419 = DIRECTION('',(-0.678943698113,0.,0.734190339621));
#3420 = PCURVE('',#2222,#3421);
#3421 = DEFINITIONAL_REPRESENTATION('',(#3422),#3426);
#3422 = LINE('',#3423,#3424);
#3423 = CARTESIAN_POINT('',(1.570796326795,0.));
#3424 = VECTOR('',#3425,1.);
#3425 = DIRECTION('',(0.,1.));
#3426 = ( GEOMETRIC_REPRESENTATION_CONTEXT(2) 
PARAMETRIC_REPRESENTATION_CONTEXT() REPRESENTATION_CONTEXT('2D SPACE',''
  ) );
#3427 = PCURVE('',#3428,#3433);
#3428 = PLANE('',#3429);
#3429 = AXIS2_PLACEMENT_3D('',#3430,#3431,#3432);
#3430 = CARTESIAN_POINT('',(22.607713056589,0.,-22.38950671698));
#3431 = DIRECTION('',(0.734190339621,0.,0.678943698113));
#3432 = DIRECTION('',(-0.678943698113,0.,0.734190339621));
#3433 = DEFINITIONAL_REPRESENTATION('',(#3434),#3438);
#3434 = LINE('',#3435,#3436);
#3435 = CARTESIAN_POINT('',(3.552713678801E-15,5.5));
#3436 = VECTOR('',#3437,1.);
#3437 = DIRECTION('',(1.,0.));
#3438 = ( GEOMETRIC_REPRESENTATION_CONTEXT(2) 
PARAMETRIC_REPRESENTATION_CONTEXT() REPRESENTATION_CONTEXT('2D SPACE',''
  ) );
#3439 = ORIENTED_EDGE('',*,*,#3294,.F.);
#3440 = ORIENTED_EDGE('',*,*,#2206,.F.);
#3441 = ADVANCED_FACE('',(#3442),#2165,.T.);
#3442 = FACE_BOUND('',#3443,.T.);
#3443 = EDGE_LOOP('',(#3444,#3445,#3473,#3493));
#3444 = ORIENTED_EDGE('',*,*,#3345,.T.);
#3445 = ORIENTED_EDGE('',*,*,#3446,.T.);
#3446 = EDGE_CURVE('',#3346,#3447,#3449,.T.);
#3447 = VERTEX_POINT('',#3448);
#3448 = CARTESIAN_POINT('',(7.188692752865,-5.5,-30.33326610086));
#3449 = SURFACE_CURVE('',#3450,(#3454,#3461),.PCURVE_S1.);
#3450 = LINE('',#3451,#3452);
#3451 = CARTESIAN_POINT('',(6.497032956391,-5.5,-27.00891129261));
#3452 = VECTOR('',#3453,1.);
#3453 = DIRECTION('',(0.203696233429,0.,-0.979034138571));
#3454 = PCURVE('',#2165,#3455);
#3455 = DEFINITIONAL_REPRESENTATION('',(#3456),#3460);
#3456 = LINE('',#3457,#3458);
#3457 = CARTESIAN_POINT('',(1.570796326795,0.));
#3458 = VECTOR('',#3459,1.);
#3459 = DIRECTION('',(0.,1.));
#3460 = ( GEOMETRIC_REPRESENTATION_CONTEXT(2) 
PARAMETRIC_REPRESENTATION_CONTEXT() REPRESENTATION_CONTEXT('2D SPACE',''
  ) );
#3461 = PCURVE('',#3462,#3467);
#3462 = PLANE('',#3463);
#3463 = AXIS2_PLACEMENT_3D('',#3464,#3465,#3466);
#3464 = CARTESIAN_POINT('',(6.497032956391,0.,-27.00891129261));
#3465 = DIRECTION('',(-0.979034138571,-0.,-0.203696233429));
#3466 = DIRECTION('',(0.203696233429,0.,-0.979034138571));
#3467 = DEFINITIONAL_REPRESENTATION('',(#3468),#3472);
#3468 = LINE('',#3469,#3470);
#3469 = CARTESIAN_POINT('',(0.,5.5));
#3470 = VECTOR('',#3471,1.);
#3471 = DIRECTION('',(1.,0.));
#3472 = ( GEOMETRIC_REPRESENTATION_CONTEXT(2) 
PARAMETRIC_REPRESENTATION_CONTEXT() REPRESENTATION_CONTEXT('2D SPACE',''
  ) );
#3473 = ORIENTED_EDGE('',*,*,#3474,.F.);
#3474 = EDGE_CURVE('',#2150,#3447,#3475,.T.);
#3475 = SURFACE_CURVE('',#3476,(#3481,#3487),.PCURVE_S1.);
#3476 = CIRCLE('',#3477,2.5);
#3477 = AXIS2_PLACEMENT_3D('',#3478,#3479,#3480);
#3478 = CARTESIAN_POINT('',(9.636278099291,-5.5,-29.82402551729));
#3479 = DIRECTION('',(0.203696233429,0.,-0.979034138571));
#3480 = DIRECTION('',(0.,-1.,0.));
#3481 = PCURVE('',#2165,#3482);
#3482 = DEFINITIONAL_REPRESENTATION('',(#3483),#3486);
#3483 = B_SPLINE_CURVE_WITH_KNOTS('',1,(#3484,#3485),.UNSPECIFIED.,.F.,
  .F.,(2,2),(0.,1.570796326795),.PIECEWISE_BEZIER_KNOTS.);
#3484 = CARTESIAN_POINT('',(0.,3.395545341359));
#3485 = CARTESIAN_POINT('',(1.570796326795,3.395545341359));
#3486 = ( GEOMETRIC_REPRESENTATION_CONTEXT(2) 
PARAMETRIC_REPRESENTATION_CONTEXT() REPRESENTATION_CONTEXT('2D SPACE',''
  ) );
#3487 = PCURVE('',#2194,#3488);
#3488 = DEFINITIONAL_REPRESENTATION('',(#3489),#3492);
#3489 = B_SPLINE_CURVE_WITH_KNOTS('',1,(#3490,#3491),.UNSPECIFIED.,.F.,
  .F.,(2,2),(0.,1.570796326795),.PIECEWISE_BEZIER_KNOTS.);
#3490 = CARTESIAN_POINT('',(0.,4.712388980385));
#3491 = CARTESIAN_POINT('',(0.,6.28318530718));
#3492 = ( GEOMETRIC_REPRESENTATION_CONTEXT(2) 
PARAMETRIC_REPRESENTATION_CONTEXT() REPRESENTATION_CONTEXT('2D SPACE',''
  ) );
#3493 = ORIENTED_EDGE('',*,*,#2149,.F.);
#3494 = ADVANCED_FACE('',(#3495),#2194,.T.);
#3495 = FACE_BOUND('',#3496,.F.);
#3496 = EDGE_LOOP('',(#3497,#3498,#3499,#3500));
#3497 = ORIENTED_EDGE('',*,*,#3474,.F.);
#3498 = ORIENTED_EDGE('',*,*,#2177,.T.);
#3499 = ORIENTED_EDGE('',*,*,#3392,.T.);
#3500 = ORIENTED_EDGE('',*,*,#3501,.F.);
#3501 = EDGE_CURVE('',#3447,#3393,#3502,.T.);
#3502 = SURFACE_CURVE('',#3503,(#3508,#3515),.PCURVE_S1.);
#3503 = CIRCLE('',#3504,9.);
#3504 = AXIS2_PLACEMENT_3D('',#3505,#3506,#3507);
#3505 = CARTESIAN_POINT('',(16.,-5.5,-28.5));
#3506 = DIRECTION('',(0.,-1.,0.));
#3507 = DIRECTION('',(-0.979034138571,-0.,-0.203696233429));
#3508 = PCURVE('',#2194,#3509);
#3509 = DEFINITIONAL_REPRESENTATION('',(#3510),#3514);
#3510 = LINE('',#3511,#3512);
#3511 = CARTESIAN_POINT('',(-0.,6.28318530718));
#3512 = VECTOR('',#3513,1.);
#3513 = DIRECTION('',(-1.,0.));
#3514 = ( GEOMETRIC_REPRESENTATION_CONTEXT(2) 
PARAMETRIC_REPRESENTATION_CONTEXT() REPRESENTATION_CONTEXT('2D SPACE',''
  ) );
#3515 = PCURVE('',#3516,#3521);
#3516 = CYLINDRICAL_SURFACE('',#3517,9.);
#3517 = AXIS2_PLACEMENT_3D('',#3518,#3519,#3520);
#3518 = CARTESIAN_POINT('',(16.,0.,-28.5));
#3519 = DIRECTION('',(0.,-1.,-0.));
#3520 = DIRECTION('',(-0.979034138571,0.,-0.203696233429));
#3521 = DEFINITIONAL_REPRESENTATION('',(#3522),#3526);
#3522 = LINE('',#3523,#3524);
#3523 = CARTESIAN_POINT('',(0.,5.5));
#3524 = VECTOR('',#3525,1.);
#3525 = DIRECTION('',(1.,0.));
#3526 = ( GEOMETRIC_REPRESENTATION_CONTEXT(2) 
PARAMETRIC_REPRESENTATION_CONTEXT() REPRESENTATION_CONTEXT('2D SPACE',''
  ) );
#3527 = ADVANCED_FACE('',(#3528),#2308,.F.);
#3528 = FACE_BOUND('',#3529,.F.);
#3529 = EDGE_LOOP('',(#3530,#3531,#3552,#3553));
#3530 = ORIENTED_EDGE('',*,*,#2291,.F.);
#3531 = ORIENTED_EDGE('',*,*,#3532,.F.);
#3532 = EDGE_CURVE('',#2977,#2292,#3533,.T.);
#3533 = SEAM_CURVE('',#3534,(#3538,#3545),.PCURVE_S1.);
#3534 = LINE('',#3535,#3536);
#3535 = CARTESIAN_POINT('',(19.,9.,-28.5));
#3536 = VECTOR('',#3537,1.);
#3537 = DIRECTION('',(0.,-1.,2.22044604925E-16));
#3538 = PCURVE('',#2308,#3539);
#3539 = DEFINITIONAL_REPRESENTATION('',(#3540),#3544);
#3540 = LINE('',#3541,#3542);
#3541 = CARTESIAN_POINT('',(6.28318530718,-0.));
#3542 = VECTOR('',#3543,1.);
#3543 = DIRECTION('',(0.,1.));
#3544 = ( GEOMETRIC_REPRESENTATION_CONTEXT(2) 
PARAMETRIC_REPRESENTATION_CONTEXT() REPRESENTATION_CONTEXT('2D SPACE',''
  ) );
#3545 = PCURVE('',#2308,#3546);
#3546 = DEFINITIONAL_REPRESENTATION('',(#3547),#3551);
#3547 = LINE('',#3548,#3549);
#3548 = CARTESIAN_POINT('',(0.,-0.));
#3549 = VECTOR('',#3550,1.);
#3550 = DIRECTION('',(0.,1.));
#3551 = ( GEOMETRIC_REPRESENTATION_CONTEXT(2) 
PARAMETRIC_REPRESENTATION_CONTEXT() REPRESENTATION_CONTEXT('2D SPACE',''
  ) );
#3552 = ORIENTED_EDGE('',*,*,#2976,.T.);
#3553 = ORIENTED_EDGE('',*,*,#3532,.T.);
#3554 = ADVANCED_FACE('',(#3555),#2489,.F.);
#3555 = FACE_BOUND('',#3556,.T.);
#3556 = EDGE_LOOP('',(#3557,#3580,#3602,#3603));
#3557 = ORIENTED_EDGE('',*,*,#3558,.F.);
#3558 = EDGE_CURVE('',#3559,#3295,#3561,.T.);
#3559 = VERTEX_POINT('',#3560);
#3560 = CARTESIAN_POINT('',(13.797428989047,5.5,-12.86231695193));
#3561 = SURFACE_CURVE('',#3562,(#3566,#3573),.PCURVE_S1.);
#3562 = LINE('',#3563,#3564);
#3563 = CARTESIAN_POINT('',(13.797428985092,8.,-12.86231695559));
#3564 = VECTOR('',#3565,1.);
#3565 = DIRECTION('',(0.,-1.,0.));
#3566 = PCURVE('',#2489,#3567);
#3567 = DEFINITIONAL_REPRESENTATION('',(#3568),#3572);
#3568 = LINE('',#3569,#3570);
#3569 = CARTESIAN_POINT('',(-5.536862361685,-8.));
#3570 = VECTOR('',#3571,1.);
#3571 = DIRECTION('',(0.,1.));
#3572 = ( GEOMETRIC_REPRESENTATION_CONTEXT(2) 
PARAMETRIC_REPRESENTATION_CONTEXT() REPRESENTATION_CONTEXT('2D SPACE',''
  ) );
#3573 = PCURVE('',#3428,#3574);
#3574 = DEFINITIONAL_REPRESENTATION('',(#3575),#3579);
#3575 = LINE('',#3576,#3577);
#3576 = CARTESIAN_POINT('',(12.976457535476,-8.));
#3577 = VECTOR('',#3578,1.);
#3578 = DIRECTION('',(0.,1.));
#3579 = ( GEOMETRIC_REPRESENTATION_CONTEXT(2) 
PARAMETRIC_REPRESENTATION_CONTEXT() REPRESENTATION_CONTEXT('2D SPACE',''
  ) );
#3580 = ORIENTED_EDGE('',*,*,#3581,.T.);
#3581 = EDGE_CURVE('',#3559,#2474,#3582,.T.);
#3582 = SURFACE_CURVE('',#3583,(#3588,#3595),.PCURVE_S1.);
#3583 = CIRCLE('',#3584,3.);
#3584 = AXIS2_PLACEMENT_3D('',#3585,#3586,#3587);
#3585 = CARTESIAN_POINT('',(16.,5.5,-10.82548586491));
#3586 = DIRECTION('',(0.,1.,-0.));
#3587 = DIRECTION('',(-0.734190339621,-0.,-0.678943698113));
#3588 = PCURVE('',#2489,#3589);
#3589 = DEFINITIONAL_REPRESENTATION('',(#3590),#3594);
#3590 = LINE('',#3591,#3592);
#3591 = CARTESIAN_POINT('',(-5.536862361685,-5.5));
#3592 = VECTOR('',#3593,1.);
#3593 = DIRECTION('',(-1.,0.));
#3594 = ( GEOMETRIC_REPRESENTATION_CONTEXT(2) 
PARAMETRIC_REPRESENTATION_CONTEXT() REPRESENTATION_CONTEXT('2D SPACE',''
  ) );
#3595 = PCURVE('',#2694,#3596);
#3596 = DEFINITIONAL_REPRESENTATION('',(#3597),#3601);
#3597 = LINE('',#3598,#3599);
#3598 = CARTESIAN_POINT('',(-0.,3.14159265359));
#3599 = VECTOR('',#3600,1.);
#3600 = DIRECTION('',(-1.,0.));
#3601 = ( GEOMETRIC_REPRESENTATION_CONTEXT(2) 
PARAMETRIC_REPRESENTATION_CONTEXT() REPRESENTATION_CONTEXT('2D SPACE',''
  ) );
#3602 = ORIENTED_EDGE('',*,*,#2473,.F.);
#3603 = ORIENTED_EDGE('',*,*,#3318,.F.);
#3604 = ADVANCED_FACE('',(#3605),#2617,.F.);
#3605 = FACE_BOUND('',#3606,.F.);
#3606 = EDGE_LOOP('',(#3607,#3608,#3609,#3610,#3611));
#3607 = ORIENTED_EDGE('',*,*,#2776,.F.);
#3608 = ORIENTED_EDGE('',*,*,#2731,.F.);
#3609 = ORIENTED_EDGE('',*,*,#2555,.T.);
#3610 = ORIENTED_EDGE('',*,*,#3042,.T.);
#3611 = ORIENTED_EDGE('',*,*,#3612,.T.);
#3612 = EDGE_CURVE('',#3043,#2777,#3613,.T.);
#3613 = SURFACE_CURVE('',#3614,(#3638,#3665),.PCURVE_S1.);
#3614 = B_SPLINE_CURVE_WITH_KNOTS('',8,(#3615,#3616,#3617,#3618,#3619,
    #3620,#3621,#3622,#3623,#3624,#3625,#3626,#3627,#3628,#3629,#3630,
    #3631,#3632,#3633,#3634,#3635,#3636,#3637),.UNSPECIFIED.,.F.,.F.,(9,
    7,7,9),(0.,0.460966700537,0.752661498881,1.),.UNSPECIFIED.);
#3615 = CARTESIAN_POINT('',(-10.21441588134,5.5,-24.62));
#3616 = CARTESIAN_POINT('',(-10.21441588134,5.700081560554,-24.62));
#3617 = CARTESIAN_POINT('',(-10.21170717325,5.89994731187,
    -24.60169927969));
#3618 = CARTESIAN_POINT('',(-10.20630018767,6.098809872194,
    -24.56516754364));
#3619 = CARTESIAN_POINT('',(-10.19808001563,6.295615555098,
    -24.51012502544));
#3620 = CARTESIAN_POINT('',(-10.18684382259,6.48906579793,
    -24.43617456639));
#3621 = CARTESIAN_POINT('',(-10.1722819843,6.677595978129,
    -24.34280455163));
#3622 = CARTESIAN_POINT('',(-10.15399016522,6.859389209526,
    -24.2294857828));
#3623 = CARTESIAN_POINT('',(-10.11708403542,7.141663252395,
    -24.01053159125));
#3624 = CARTESIAN_POINT('',(-10.10106814235,7.247385876514,
    -23.91743503412));
#3625 = CARTESIAN_POINT('',(-10.08320257064,7.348859220093,
    -23.81594319017));
#3626 = CARTESIAN_POINT('',(-10.06334209175,7.445333519278,
    -23.70596470287));
#3627 = CARTESIAN_POINT('',(-10.04134317246,7.535920228426,
    -23.5875254647));
#3628 = CARTESIAN_POINT('',(-10.01707473303,7.61961843778,
    -23.46081051113));
#3629 = CARTESIAN_POINT('',(-9.990439001567,7.69535590984,
    -23.32621785314));
#3630 = CARTESIAN_POINT('',(-9.936798831899,7.818634896859,
    -23.06423667025));
#3631 = CARTESIAN_POINT('',(-9.910452597541,7.868744790895,
    -22.93879781893));
#3632 = CARTESIAN_POINT('',(-9.882396520357,7.911639416144,
    -22.80874942131));
#3633 = CARTESIAN_POINT('',(-9.852691343485,7.946666424801,
    -22.67483654333));
#3634 = CARTESIAN_POINT('',(-9.821446016767,7.973291143802,
    -22.53793159929));
#3635 = CARTESIAN_POINT('',(-9.788829208623,7.991129250697,
    -22.39903797552));
#3636 = CARTESIAN_POINT('',(-9.755081572221,8.,-22.25929724885));
#3637 = CARTESIAN_POINT('',(-9.720528765949,8.,-22.12));
#3638 = PCURVE('',#2617,#3639);
#3639 = DEFINITIONAL_REPRESENTATION('',(#3640),#3664);
#3640 = B_SPLINE_CURVE_WITH_KNOTS('',8,(#3641,#3642,#3643,#3644,#3645,
    #3646,#3647,#3648,#3649,#3650,#3651,#3652,#3653,#3654,#3655,#3656,
    #3657,#3658,#3659,#3660,#3661,#3662,#3663),.UNSPECIFIED.,.F.,.F.,(9,
    7,7,9),(0.,0.460966700537,0.752661498881,1.),.UNSPECIFIED.);
#3641 = CARTESIAN_POINT('',(2.994649321399,12.5));
#3642 = CARTESIAN_POINT('',(2.994649321399,12.299918439446));
#3643 = CARTESIAN_POINT('',(2.993951204628,12.10005268813));
#3644 = CARTESIAN_POINT('',(2.992557630958,11.901190127806));
#3645 = CARTESIAN_POINT('',(2.990457521281,11.704384444901));
#3646 = CARTESIAN_POINT('',(2.987634930902,11.51093420207));
#3647 = CARTESIAN_POINT('',(2.984069004638,11.322404021871));
#3648 = CARTESIAN_POINT('',(2.97973757708,11.140610790474));
#3649 = CARTESIAN_POINT('',(2.971358603887,10.858336747605));
#3650 = CARTESIAN_POINT('',(2.967793938841,10.752614123486));
#3651 = CARTESIAN_POINT('',(2.963905224031,10.651140779907));
#3652 = CARTESIAN_POINT('',(2.959688052707,10.554666480722));
#3653 = CARTESIAN_POINT('',(2.955142331705,10.464079771574));
#3654 = CARTESIAN_POINT('',(2.95027387496,10.38038156222));
#3655 = CARTESIAN_POINT('',(2.945096517904,10.30464409016));
#3656 = CARTESIAN_POINT('',(2.935005341677,10.181365103141));
#3657 = CARTESIAN_POINT('',(2.930168582007,10.131255209105));
#3658 = CARTESIAN_POINT('',(2.925148318861,10.088360583856));
#3659 = CARTESIAN_POINT('',(2.919972348557,10.053333575199));
#3660 = CARTESIAN_POINT('',(2.914673487373,10.026708856198));
#3661 = CARTESIAN_POINT('',(2.909289816931,10.008870749303));
#3662 = CARTESIAN_POINT('',(2.903865088815,10.));
#3663 = CARTESIAN_POINT('',(2.898449288459,10.));
#3664 = ( GEOMETRIC_REPRESENTATION_CONTEXT(2) 
PARAMETRIC_REPRESENTATION_CONTEXT() REPRESENTATION_CONTEXT('2D SPACE',''
  ) );
#3665 = PCURVE('',#2816,#3666);
#3666 = DEFINITIONAL_REPRESENTATION('',(#3667),#3691);
#3667 = B_SPLINE_CURVE_WITH_KNOTS('',8,(#3668,#3669,#3670,#3671,#3672,
    #3673,#3674,#3675,#3676,#3677,#3678,#3679,#3680,#3681,#3682,#3683,
    #3684,#3685,#3686,#3687,#3688,#3689,#3690),.UNSPECIFIED.,.F.,.F.,(9,
    7,7,9),(0.,0.460966700537,0.752661498881,1.),.UNSPECIFIED.);
#3668 = CARTESIAN_POINT('',(0.,-3.552713678801E-15));
#3669 = CARTESIAN_POINT('',(8.003262422156E-02,-3.546138026636E-15));
#3670 = CARTESIAN_POINT('',(0.159979025543,2.708708085455E-03));
#3671 = CARTESIAN_POINT('',(0.240304620665,8.115693665847E-03));
#3672 = CARTESIAN_POINT('',(0.321364909921,1.633586570538E-02));
#3673 = CARTESIAN_POINT('',(0.403479665522,2.757205875097E-02));
#3674 = CARTESIAN_POINT('',(0.486978699202,4.213389704029E-02));
#3675 = CARTESIAN_POINT('',(0.572218249979,6.042571611411E-02));
#3676 = CARTESIAN_POINT('',(0.715113777286,9.733184591668E-02));
#3677 = CARTESIAN_POINT('',(0.771352545478,0.113347738985));
#3678 = CARTESIAN_POINT('',(0.828565048599,0.131213310697));
#3679 = CARTESIAN_POINT('',(0.88683002703,0.151073789593));
#3680 = CARTESIAN_POINT('',(0.946196475944,0.173072708883));
#3681 = CARTESIAN_POINT('',(1.006688599388,0.197341148307));
#3682 = CARTESIAN_POINT('',(1.068300771025,0.223976879776));
#3683 = CARTESIAN_POINT('',(1.184115691535,0.277617049444));
#3684 = CARTESIAN_POINT('',(1.238049946641,0.303963283802));
#3685 = CARTESIAN_POINT('',(1.29265319457,0.332019360986));
#3686 = CARTESIAN_POINT('',(1.347800356328,0.361724537858));
#3687 = CARTESIAN_POINT('',(1.403359758156,0.392969864576));
#3688 = CARTESIAN_POINT('',(1.45918132757,0.42558667272));
#3689 = CARTESIAN_POINT('',(1.515077427254,0.459334309122));
#3690 = CARTESIAN_POINT('',(1.570796326795,0.493887115394));
#3691 = ( GEOMETRIC_REPRESENTATION_CONTEXT(2) 
PARAMETRIC_REPRESENTATION_CONTEXT() REPRESENTATION_CONTEXT('2D SPACE',''
  ) );
#3692 = ADVANCED_FACE('',(#3693),#2694,.T.);
#3693 = FACE_BOUND('',#3694,.F.);
#3694 = EDGE_LOOP('',(#3695,#3715,#3716,#3717));
#3695 = ORIENTED_EDGE('',*,*,#3696,.F.);
#3696 = EDGE_CURVE('',#3559,#2919,#3697,.T.);
#3697 = SURFACE_CURVE('',#3698,(#3703,#3709),.PCURVE_S1.);
#3698 = CIRCLE('',#3699,2.5);
#3699 = AXIS2_PLACEMENT_3D('',#3700,#3701,#3702);
#3700 = CARTESIAN_POINT('',(11.961953139995,5.5,-14.55967619721));
#3701 = DIRECTION('',(-0.678943698113,0.,0.734190339621));
#3702 = DIRECTION('',(0.734190339621,0.,0.678943698113));
#3703 = PCURVE('',#2694,#3704);
#3704 = DEFINITIONAL_REPRESENTATION('',(#3705),#3708);
#3705 = B_SPLINE_CURVE_WITH_KNOTS('',1,(#3706,#3707),.UNSPECIFIED.,.F.,
  .F.,(2,2),(0.,1.570796326795),.PIECEWISE_BEZIER_KNOTS.);
#3706 = CARTESIAN_POINT('',(0.,3.14159265359));
#3707 = CARTESIAN_POINT('',(0.,4.712388980385));
#3708 = ( GEOMETRIC_REPRESENTATION_CONTEXT(2) 
PARAMETRIC_REPRESENTATION_CONTEXT() REPRESENTATION_CONTEXT('2D SPACE',''
  ) );
#3709 = PCURVE('',#2934,#3710);
#3710 = DEFINITIONAL_REPRESENTATION('',(#3711),#3714);
#3711 = B_SPLINE_CURVE_WITH_KNOTS('',1,(#3712,#3713),.UNSPECIFIED.,.F.,
  .F.,(2,2),(0.,1.570796326795),.PIECEWISE_BEZIER_KNOTS.);
#3712 = CARTESIAN_POINT('',(0.,12.976457535476));
#3713 = CARTESIAN_POINT('',(1.570796326795,12.976457535476));
#3714 = ( GEOMETRIC_REPRESENTATION_CONTEXT(2) 
PARAMETRIC_REPRESENTATION_CONTEXT() REPRESENTATION_CONTEXT('2D SPACE',''
  ) );
#3715 = ORIENTED_EDGE('',*,*,#3581,.T.);
#3716 = ORIENTED_EDGE('',*,*,#2678,.T.);
#3717 = ORIENTED_EDGE('',*,*,#2946,.F.);
#3718 = ADVANCED_FACE('',(#3719),#2816,.T.);
#3719 = FACE_BOUND('',#3720,.T.);
#3720 = EDGE_LOOP('',(#3721,#3722,#3723,#3743));
#3721 = ORIENTED_EDGE('',*,*,#3612,.T.);
#3722 = ORIENTED_EDGE('',*,*,#2800,.T.);
#3723 = ORIENTED_EDGE('',*,*,#3724,.F.);
#3724 = EDGE_CURVE('',#3066,#2801,#3725,.T.);
#3725 = SURFACE_CURVE('',#3726,(#3731,#3737),.PCURVE_S1.);
#3726 = CIRCLE('',#3727,2.5);
#3727 = AXIS2_PLACEMENT_3D('',#3728,#3729,#3730);
#3728 = CARTESIAN_POINT('',(3.559930540679,5.5,-22.12));
#3729 = DIRECTION('',(1.,0.,0.));
#3730 = DIRECTION('',(0.,0.,-1.));
#3731 = PCURVE('',#2816,#3732);
#3732 = DEFINITIONAL_REPRESENTATION('',(#3733),#3736);
#3733 = B_SPLINE_CURVE_WITH_KNOTS('',1,(#3734,#3735),.UNSPECIFIED.,.F.,
  .F.,(2,2),(0.,1.570796326795),.PIECEWISE_BEZIER_KNOTS.);
#3734 = CARTESIAN_POINT('',(0.,13.774346422022));
#3735 = CARTESIAN_POINT('',(1.570796326795,13.774346422022));
#3736 = ( GEOMETRIC_REPRESENTATION_CONTEXT(2) 
PARAMETRIC_REPRESENTATION_CONTEXT() REPRESENTATION_CONTEXT('2D SPACE',''
  ) );
#3737 = PCURVE('',#2849,#3738);
#3738 = DEFINITIONAL_REPRESENTATION('',(#3739),#3742);
#3739 = B_SPLINE_CURVE_WITH_KNOTS('',1,(#3740,#3741),.UNSPECIFIED.,.F.,
  .F.,(2,2),(0.,1.570796326795),.PIECEWISE_BEZIER_KNOTS.);
#3740 = CARTESIAN_POINT('',(0.,3.14159265359));
#3741 = CARTESIAN_POINT('',(0.,4.712388980385));
#3742 = ( GEOMETRIC_REPRESENTATION_CONTEXT(2) 
PARAMETRIC_REPRESENTATION_CONTEXT() REPRESENTATION_CONTEXT('2D SPACE',''
  ) );
#3743 = ORIENTED_EDGE('',*,*,#3065,.F.);
#3744 = ADVANCED_FACE('',(#3745),#2849,.T.);
#3745 = FACE_BOUND('',#3746,.F.);
#3746 = EDGE_LOOP('',(#3747,#3748,#3772,#3792));
#3747 = ORIENTED_EDGE('',*,*,#3724,.F.);
#3748 = ORIENTED_EDGE('',*,*,#3749,.T.);
#3749 = EDGE_CURVE('',#3066,#3750,#3752,.T.);
#3750 = VERTEX_POINT('',#3751);
#3751 = CARTESIAN_POINT('',(6.497032956391,5.5,-27.00891129261));
#3752 = SURFACE_CURVE('',#3753,(#3758,#3765),.PCURVE_S1.);
#3753 = CIRCLE('',#3754,3.);
#3754 = AXIS2_PLACEMENT_3D('',#3755,#3756,#3757);
#3755 = CARTESIAN_POINT('',(3.559930540679,5.5,-27.61999999289));
#3756 = DIRECTION('',(-0.,1.,0.));
#3757 = DIRECTION('',(0.,0.,1.));
#3758 = PCURVE('',#2849,#3759);
#3759 = DEFINITIONAL_REPRESENTATION('',(#3760),#3764);
#3760 = LINE('',#3761,#3762);
#3761 = CARTESIAN_POINT('',(-0.,3.14159265359));
#3762 = VECTOR('',#3763,1.);
#3763 = DIRECTION('',(-1.,0.));
#3764 = ( GEOMETRIC_REPRESENTATION_CONTEXT(2) 
PARAMETRIC_REPRESENTATION_CONTEXT() REPRESENTATION_CONTEXT('2D SPACE',''
  ) );
#3765 = PCURVE('',#3104,#3766);
#3766 = DEFINITIONAL_REPRESENTATION('',(#3767),#3771);
#3767 = LINE('',#3768,#3769);
#3768 = CARTESIAN_POINT('',(-1.570796326795,-5.5));
#3769 = VECTOR('',#3770,1.);
#3770 = DIRECTION('',(-1.,0.));
#3771 = ( GEOMETRIC_REPRESENTATION_CONTEXT(2) 
PARAMETRIC_REPRESENTATION_CONTEXT() REPRESENTATION_CONTEXT('2D SPACE',''
  ) );
#3772 = ORIENTED_EDGE('',*,*,#3773,.T.);
#3773 = EDGE_CURVE('',#3750,#2829,#3774,.T.);
#3774 = SURFACE_CURVE('',#3775,(#3780,#3786),.PCURVE_S1.);
#3775 = CIRCLE('',#3776,2.5);
#3776 = AXIS2_PLACEMENT_3D('',#3777,#3778,#3779);
#3777 = CARTESIAN_POINT('',(8.944618302818,5.5,-26.49967070903));
#3778 = DIRECTION('',(0.203696233429,0.,-0.979034138571));
#3779 = DIRECTION('',(0.979034138571,0.,0.203696233429));
#3780 = PCURVE('',#2849,#3781);
#3781 = DEFINITIONAL_REPRESENTATION('',(#3782),#3785);
#3782 = B_SPLINE_CURVE_WITH_KNOTS('',1,(#3783,#3784),.UNSPECIFIED.,.F.,
  .F.,(2,2),(3.14159265359,4.712388980385),.PIECEWISE_BEZIER_KNOTS.);
#3783 = CARTESIAN_POINT('',(-1.365664490989,3.14159265359));
#3784 = CARTESIAN_POINT('',(-1.365664490989,4.712388980385));
#3785 = ( GEOMETRIC_REPRESENTATION_CONTEXT(2) 
PARAMETRIC_REPRESENTATION_CONTEXT() REPRESENTATION_CONTEXT('2D SPACE',''
  ) );
#3786 = PCURVE('',#2877,#3787);
#3787 = DEFINITIONAL_REPRESENTATION('',(#3788),#3791);
#3788 = B_SPLINE_CURVE_WITH_KNOTS('',1,(#3789,#3790),.UNSPECIFIED.,.F.,
  .F.,(2,2),(3.14159265359,4.712388980385),.PIECEWISE_BEZIER_KNOTS.);
#3789 = CARTESIAN_POINT('',(0.,0.));
#3790 = CARTESIAN_POINT('',(1.570796326795,0.));
#3791 = ( GEOMETRIC_REPRESENTATION_CONTEXT(2) 
PARAMETRIC_REPRESENTATION_CONTEXT() REPRESENTATION_CONTEXT('2D SPACE',''
  ) );
#3792 = ORIENTED_EDGE('',*,*,#2828,.F.);
#3793 = ADVANCED_FACE('',(#3794),#2934,.T.);
#3794 = FACE_BOUND('',#3795,.T.);
#3795 = EDGE_LOOP('',(#3796,#3818,#3819,#3820));
#3796 = ORIENTED_EDGE('',*,*,#3797,.T.);
#3797 = EDGE_CURVE('',#3798,#2890,#3800,.T.);
#3798 = VERTEX_POINT('',#3799);
#3799 = CARTESIAN_POINT('',(22.607713056589,5.5,-22.38950671698));
#3800 = SURFACE_CURVE('',#3801,(#3806,#3812),.PCURVE_S1.);
#3801 = CIRCLE('',#3802,2.5);
#3802 = AXIS2_PLACEMENT_3D('',#3803,#3804,#3805);
#3803 = CARTESIAN_POINT('',(20.772237207536,5.5,-24.08686596226));
#3804 = DIRECTION('',(-0.678943698113,0.,0.734190339621));
#3805 = DIRECTION('',(0.734190339621,0.,0.678943698113));
#3806 = PCURVE('',#2934,#3807);
#3807 = DEFINITIONAL_REPRESENTATION('',(#3808),#3811);
#3808 = B_SPLINE_CURVE_WITH_KNOTS('',1,(#3809,#3810),.UNSPECIFIED.,.F.,
  .F.,(2,2),(0.,1.570796326795),.PIECEWISE_BEZIER_KNOTS.);
#3809 = CARTESIAN_POINT('',(0.,-3.552713678801E-15));
#3810 = CARTESIAN_POINT('',(1.570796326795,-3.552713678801E-15));
#3811 = ( GEOMETRIC_REPRESENTATION_CONTEXT(2) 
PARAMETRIC_REPRESENTATION_CONTEXT() REPRESENTATION_CONTEXT('2D SPACE',''
  ) );
#3812 = PCURVE('',#2906,#3813);
#3813 = DEFINITIONAL_REPRESENTATION('',(#3814),#3817);
#3814 = B_SPLINE_CURVE_WITH_KNOTS('',1,(#3815,#3816),.UNSPECIFIED.,.F.,
  .F.,(2,2),(0.,1.570796326795),.PIECEWISE_BEZIER_KNOTS.);
#3815 = CARTESIAN_POINT('',(-3.682783763279,0.));
#3816 = CARTESIAN_POINT('',(-3.682783763279,1.570796326795));
#3817 = ( GEOMETRIC_REPRESENTATION_CONTEXT(2) 
PARAMETRIC_REPRESENTATION_CONTEXT() REPRESENTATION_CONTEXT('2D SPACE',''
  ) );
#3818 = ORIENTED_EDGE('',*,*,#2918,.T.);
#3819 = ORIENTED_EDGE('',*,*,#3696,.F.);
#3820 = ORIENTED_EDGE('',*,*,#3821,.F.);
#3821 = EDGE_CURVE('',#3798,#3559,#3822,.T.);
#3822 = SURFACE_CURVE('',#3823,(#3827,#3834),.PCURVE_S1.);
#3823 = LINE('',#3824,#3825);
#3824 = CARTESIAN_POINT('',(22.607713056589,5.5,-22.38950671698));
#3825 = VECTOR('',#3826,1.);
#3826 = DIRECTION('',(-0.678943698113,0.,0.734190339621));
#3827 = PCURVE('',#2934,#3828);
#3828 = DEFINITIONAL_REPRESENTATION('',(#3829),#3833);
#3829 = LINE('',#3830,#3831);
#3830 = CARTESIAN_POINT('',(0.,0.));
#3831 = VECTOR('',#3832,1.);
#3832 = DIRECTION('',(0.,1.));
#3833 = ( GEOMETRIC_REPRESENTATION_CONTEXT(2) 
PARAMETRIC_REPRESENTATION_CONTEXT() REPRESENTATION_CONTEXT('2D SPACE',''
  ) );
#3834 = PCURVE('',#3428,#3835);
#3835 = DEFINITIONAL_REPRESENTATION('',(#3836),#3840);
#3836 = LINE('',#3837,#3838);
#3837 = CARTESIAN_POINT('',(3.552713678801E-15,-5.5));
#3838 = VECTOR('',#3839,1.);
#3839 = DIRECTION('',(1.,0.));
#3840 = ( GEOMETRIC_REPRESENTATION_CONTEXT(2) 
PARAMETRIC_REPRESENTATION_CONTEXT() REPRESENTATION_CONTEXT('2D SPACE',''
  ) );
#3841 = ADVANCED_FACE('',(#3842),#2877,.T.);
#3842 = FACE_BOUND('',#3843,.T.);
#3843 = EDGE_LOOP('',(#3844,#3845,#3846,#3868));
#3844 = ORIENTED_EDGE('',*,*,#3773,.T.);
#3845 = ORIENTED_EDGE('',*,*,#2861,.T.);
#3846 = ORIENTED_EDGE('',*,*,#3847,.F.);
#3847 = EDGE_CURVE('',#3848,#2862,#3850,.T.);
#3848 = VERTEX_POINT('',#3849);
#3849 = CARTESIAN_POINT('',(7.188692752865,5.5,-30.33326610086));
#3850 = SURFACE_CURVE('',#3851,(#3856,#3862),.PCURVE_S1.);
#3851 = CIRCLE('',#3852,2.5);
#3852 = AXIS2_PLACEMENT_3D('',#3853,#3854,#3855);
#3853 = CARTESIAN_POINT('',(9.636278099291,5.5,-29.82402551729));
#3854 = DIRECTION('',(0.203696233429,0.,-0.979034138571));
#3855 = DIRECTION('',(-0.979034138571,-0.,-0.203696233429));
#3856 = PCURVE('',#2877,#3857);
#3857 = DEFINITIONAL_REPRESENTATION('',(#3858),#3861);
#3858 = B_SPLINE_CURVE_WITH_KNOTS('',1,(#3859,#3860),.UNSPECIFIED.,.F.,
  .F.,(2,2),(0.,1.570796326795),.PIECEWISE_BEZIER_KNOTS.);
#3859 = CARTESIAN_POINT('',(0.,3.395545341359));
#3860 = CARTESIAN_POINT('',(1.570796326795,3.395545341359));
#3861 = ( GEOMETRIC_REPRESENTATION_CONTEXT(2) 
PARAMETRIC_REPRESENTATION_CONTEXT() REPRESENTATION_CONTEXT('2D SPACE',''
  ) );
#3862 = PCURVE('',#2906,#3863);
#3863 = DEFINITIONAL_REPRESENTATION('',(#3864),#3867);
#3864 = B_SPLINE_CURVE_WITH_KNOTS('',1,(#3865,#3866),.UNSPECIFIED.,.F.,
  .F.,(2,2),(0.,1.570796326795),.PIECEWISE_BEZIER_KNOTS.);
#3865 = CARTESIAN_POINT('',(0.,0.));
#3866 = CARTESIAN_POINT('',(0.,1.570796326795));
#3867 = ( GEOMETRIC_REPRESENTATION_CONTEXT(2) 
PARAMETRIC_REPRESENTATION_CONTEXT() REPRESENTATION_CONTEXT('2D SPACE',''
  ) );
#3868 = ORIENTED_EDGE('',*,*,#3869,.F.);
#3869 = EDGE_CURVE('',#3750,#3848,#3870,.T.);
#3870 = SURFACE_CURVE('',#3871,(#3875,#3882),.PCURVE_S1.);
#3871 = LINE('',#3872,#3873);
#3872 = CARTESIAN_POINT('',(6.497032956391,5.5,-27.00891129261));
#3873 = VECTOR('',#3874,1.);
#3874 = DIRECTION('',(0.203696233429,0.,-0.979034138571));
#3875 = PCURVE('',#2877,#3876);
#3876 = DEFINITIONAL_REPRESENTATION('',(#3877),#3881);
#3877 = LINE('',#3878,#3879);
#3878 = CARTESIAN_POINT('',(0.,0.));
#3879 = VECTOR('',#3880,1.);
#3880 = DIRECTION('',(0.,1.));
#3881 = ( GEOMETRIC_REPRESENTATION_CONTEXT(2) 
PARAMETRIC_REPRESENTATION_CONTEXT() REPRESENTATION_CONTEXT('2D SPACE',''
  ) );
#3882 = PCURVE('',#3462,#3883);
#3883 = DEFINITIONAL_REPRESENTATION('',(#3884),#3888);
#3884 = LINE('',#3885,#3886);
#3885 = CARTESIAN_POINT('',(0.,-5.5));
#3886 = VECTOR('',#3887,1.);
#3887 = DIRECTION('',(1.,0.));
#3888 = ( GEOMETRIC_REPRESENTATION_CONTEXT(2) 
PARAMETRIC_REPRESENTATION_CONTEXT() REPRESENTATION_CONTEXT('2D SPACE',''
  ) );
#3889 = ADVANCED_FACE('',(#3890),#2906,.T.);
#3890 = FACE_BOUND('',#3891,.F.);
#3891 = EDGE_LOOP('',(#3892,#3893,#3915,#3916));
#3892 = ORIENTED_EDGE('',*,*,#3847,.F.);
#3893 = ORIENTED_EDGE('',*,*,#3894,.T.);
#3894 = EDGE_CURVE('',#3848,#3798,#3895,.T.);
#3895 = SURFACE_CURVE('',#3896,(#3901,#3908),.PCURVE_S1.);
#3896 = CIRCLE('',#3897,9.);
#3897 = AXIS2_PLACEMENT_3D('',#3898,#3899,#3900);
#3898 = CARTESIAN_POINT('',(16.,5.5,-28.5));
#3899 = DIRECTION('',(0.,-1.,0.));
#3900 = DIRECTION('',(-0.979034138571,-0.,-0.203696233429));
#3901 = PCURVE('',#2906,#3902);
#3902 = DEFINITIONAL_REPRESENTATION('',(#3903),#3907);
#3903 = LINE('',#3904,#3905);
#3904 = CARTESIAN_POINT('',(-0.,0.));
#3905 = VECTOR('',#3906,1.);
#3906 = DIRECTION('',(-1.,0.));
#3907 = ( GEOMETRIC_REPRESENTATION_CONTEXT(2) 
PARAMETRIC_REPRESENTATION_CONTEXT() REPRESENTATION_CONTEXT('2D SPACE',''
  ) );
#3908 = PCURVE('',#3516,#3909);
#3909 = DEFINITIONAL_REPRESENTATION('',(#3910),#3914);
#3910 = LINE('',#3911,#3912);
#3911 = CARTESIAN_POINT('',(0.,-5.5));
#3912 = VECTOR('',#3913,1.);
#3913 = DIRECTION('',(1.,0.));
#3914 = ( GEOMETRIC_REPRESENTATION_CONTEXT(2) 
PARAMETRIC_REPRESENTATION_CONTEXT() REPRESENTATION_CONTEXT('2D SPACE',''
  ) );
#3915 = ORIENTED_EDGE('',*,*,#3797,.T.);
#3916 = ORIENTED_EDGE('',*,*,#2889,.F.);
#3917 = ADVANCED_FACE('',(#3918),#3023,.F.);
#3918 = FACE_BOUND('',#3919,.F.);
#3919 = EDGE_LOOP('',(#3920,#3921,#3944,#3971));
#3920 = ORIENTED_EDGE('',*,*,#3006,.F.);
#3921 = ORIENTED_EDGE('',*,*,#3922,.F.);
#3922 = EDGE_CURVE('',#3923,#3007,#3925,.T.);
#3923 = VERTEX_POINT('',#3924);
#3924 = CARTESIAN_POINT('',(5.2,-1.273632671113E-15,-22.62));
#3925 = SEAM_CURVE('',#3926,(#3930,#3937),.PCURVE_S1.);
#3926 = LINE('',#3927,#3928);
#3927 = CARTESIAN_POINT('',(5.2,-1.273632671113E-15,-22.62));
#3928 = VECTOR('',#3929,1.);
#3929 = DIRECTION('',(0.,0.,1.));
#3930 = PCURVE('',#3023,#3931);
#3931 = DEFINITIONAL_REPRESENTATION('',(#3932),#3936);
#3932 = LINE('',#3933,#3934);
#3933 = CARTESIAN_POINT('',(6.28318530718,-0.));
#3934 = VECTOR('',#3935,1.);
#3935 = DIRECTION('',(0.,1.));
#3936 = ( GEOMETRIC_REPRESENTATION_CONTEXT(2) 
PARAMETRIC_REPRESENTATION_CONTEXT() REPRESENTATION_CONTEXT('2D SPACE',''
  ) );
#3937 = PCURVE('',#3023,#3938);
#3938 = DEFINITIONAL_REPRESENTATION('',(#3939),#3943);
#3939 = LINE('',#3940,#3941);
#3940 = CARTESIAN_POINT('',(0.,-0.));
#3941 = VECTOR('',#3942,1.);
#3942 = DIRECTION('',(0.,1.));
#3943 = ( GEOMETRIC_REPRESENTATION_CONTEXT(2) 
PARAMETRIC_REPRESENTATION_CONTEXT() REPRESENTATION_CONTEXT('2D SPACE',''
  ) );
#3944 = ORIENTED_EDGE('',*,*,#3945,.T.);
#3945 = EDGE_CURVE('',#3923,#3923,#3946,.T.);
#3946 = SURFACE_CURVE('',#3947,(#3952,#3959),.PCURVE_S1.);
#3947 = CIRCLE('',#3948,5.2);
#3948 = AXIS2_PLACEMENT_3D('',#3949,#3950,#3951);
#3949 = CARTESIAN_POINT('',(0.,0.,-22.62));
#3950 = DIRECTION('',(0.,0.,1.));
#3951 = DIRECTION('',(1.,0.,-0.));
#3952 = PCURVE('',#3023,#3953);
#3953 = DEFINITIONAL_REPRESENTATION('',(#3954),#3958);
#3954 = LINE('',#3955,#3956);
#3955 = CARTESIAN_POINT('',(0.,0.));
#3956 = VECTOR('',#3957,1.);
#3957 = DIRECTION('',(1.,0.));
#3958 = ( GEOMETRIC_REPRESENTATION_CONTEXT(2) 
PARAMETRIC_REPRESENTATION_CONTEXT() REPRESENTATION_CONTEXT('2D SPACE',''
  ) );
#3959 = PCURVE('',#3960,#3965);
#3960 = PLANE('',#3961);
#3961 = AXIS2_PLACEMENT_3D('',#3962,#3963,#3964);
#3962 = CARTESIAN_POINT('',(0.,0.,-22.62));
#3963 = DIRECTION('',(0.,0.,1.));
#3964 = DIRECTION('',(1.,0.,-0.));
#3965 = DEFINITIONAL_REPRESENTATION('',(#3966),#3970);
#3966 = CIRCLE('',#3967,5.2);
#3967 = AXIS2_PLACEMENT_2D('',#3968,#3969);
#3968 = CARTESIAN_POINT('',(0.,0.));
#3969 = DIRECTION('',(1.,0.));
#3970 = ( GEOMETRIC_REPRESENTATION_CONTEXT(2) 
PARAMETRIC_REPRESENTATION_CONTEXT() REPRESENTATION_CONTEXT('2D SPACE',''
  ) );
#3971 = ORIENTED_EDGE('',*,*,#3922,.T.);
#3972 = ADVANCED_FACE('',(#3973),#3104,.F.);
#3973 = FACE_BOUND('',#3974,.T.);
#3974 = EDGE_LOOP('',(#3975,#3976,#3977,#3998));
#3975 = ORIENTED_EDGE('',*,*,#3088,.F.);
#3976 = ORIENTED_EDGE('',*,*,#3749,.T.);
#3977 = ORIENTED_EDGE('',*,*,#3978,.T.);
#3978 = EDGE_CURVE('',#3750,#3346,#3979,.T.);
#3979 = SURFACE_CURVE('',#3980,(#3984,#3991),.PCURVE_S1.);
#3980 = LINE('',#3981,#3982);
#3981 = CARTESIAN_POINT('',(6.497032956391,8.,-27.00891129261));
#3982 = VECTOR('',#3983,1.);
#3983 = DIRECTION('',(0.,-1.,0.));
#3984 = PCURVE('',#3104,#3985);
#3985 = DEFINITIONAL_REPRESENTATION('',(#3986),#3990);
#3986 = LINE('',#3987,#3988);
#3987 = CARTESIAN_POINT('',(-2.936460817784,-8.));
#3988 = VECTOR('',#3989,1.);
#3989 = DIRECTION('',(0.,1.));
#3990 = ( GEOMETRIC_REPRESENTATION_CONTEXT(2) 
PARAMETRIC_REPRESENTATION_CONTEXT() REPRESENTATION_CONTEXT('2D SPACE',''
  ) );
#3991 = PCURVE('',#3462,#3992);
#3992 = DEFINITIONAL_REPRESENTATION('',(#3993),#3997);
#3993 = LINE('',#3994,#3995);
#3994 = CARTESIAN_POINT('',(0.,-8.));
#3995 = VECTOR('',#3996,1.);
#3996 = DIRECTION('',(0.,1.));
#3997 = ( GEOMETRIC_REPRESENTATION_CONTEXT(2) 
PARAMETRIC_REPRESENTATION_CONTEXT() REPRESENTATION_CONTEXT('2D SPACE',''
  ) );
#3998 = ORIENTED_EDGE('',*,*,#3367,.F.);
#3999 = ADVANCED_FACE('',(#4000),#3186,.F.);
#4000 = FACE_BOUND('',#4001,.F.);
#4001 = EDGE_LOOP('',(#4002,#4026,#4047,#4048));
#4002 = ORIENTED_EDGE('',*,*,#4003,.F.);
#4003 = EDGE_CURVE('',#4004,#4004,#4006,.T.);
#4004 = VERTEX_POINT('',#4005);
#4005 = CARTESIAN_POINT('',(2.75,-6.73555739531E-16,-22.62));
#4006 = SURFACE_CURVE('',#4007,(#4012,#4019),.PCURVE_S1.);
#4007 = CIRCLE('',#4008,2.75);
#4008 = AXIS2_PLACEMENT_3D('',#4009,#4010,#4011);
#4009 = CARTESIAN_POINT('',(0.,0.,-22.62));
#4010 = DIRECTION('',(0.,0.,1.));
#4011 = DIRECTION('',(1.,0.,-0.));
#4012 = PCURVE('',#3186,#4013);
#4013 = DEFINITIONAL_REPRESENTATION('',(#4014),#4018);
#4014 = LINE('',#4015,#4016);
#4015 = CARTESIAN_POINT('',(0.,3.));
#4016 = VECTOR('',#4017,1.);
#4017 = DIRECTION('',(1.,0.));
#4018 = ( GEOMETRIC_REPRESENTATION_CONTEXT(2) 
PARAMETRIC_REPRESENTATION_CONTEXT() REPRESENTATION_CONTEXT('2D SPACE',''
  ) );
#4019 = PCURVE('',#3960,#4020);
#4020 = DEFINITIONAL_REPRESENTATION('',(#4021),#4025);
#4021 = CIRCLE('',#4022,2.75);
#4022 = AXIS2_PLACEMENT_2D('',#4023,#4024);
#4023 = CARTESIAN_POINT('',(0.,0.));
#4024 = DIRECTION('',(1.,0.));
#4025 = ( GEOMETRIC_REPRESENTATION_CONTEXT(2) 
PARAMETRIC_REPRESENTATION_CONTEXT() REPRESENTATION_CONTEXT('2D SPACE',''
  ) );
#4026 = ORIENTED_EDGE('',*,*,#4027,.F.);
#4027 = EDGE_CURVE('',#3166,#4004,#4028,.T.);
#4028 = SEAM_CURVE('',#4029,(#4033,#4040),.PCURVE_S1.);
#4029 = LINE('',#4030,#4031);
#4030 = CARTESIAN_POINT('',(2.75,-6.73555739531E-16,-25.62));
#4031 = VECTOR('',#4032,1.);
#4032 = DIRECTION('',(0.,0.,1.));
#4033 = PCURVE('',#3186,#4034);
#4034 = DEFINITIONAL_REPRESENTATION('',(#4035),#4039);
#4035 = LINE('',#4036,#4037);
#4036 = CARTESIAN_POINT('',(6.28318530718,-0.));
#4037 = VECTOR('',#4038,1.);
#4038 = DIRECTION('',(0.,1.));
#4039 = ( GEOMETRIC_REPRESENTATION_CONTEXT(2) 
PARAMETRIC_REPRESENTATION_CONTEXT() REPRESENTATION_CONTEXT('2D SPACE',''
  ) );
#4040 = PCURVE('',#3186,#4041);
#4041 = DEFINITIONAL_REPRESENTATION('',(#4042),#4046);
#4042 = LINE('',#4043,#4044);
#4043 = CARTESIAN_POINT('',(0.,-0.));
#4044 = VECTOR('',#4045,1.);
#4045 = DIRECTION('',(0.,1.));
#4046 = ( GEOMETRIC_REPRESENTATION_CONTEXT(2) 
PARAMETRIC_REPRESENTATION_CONTEXT() REPRESENTATION_CONTEXT('2D SPACE',''
  ) );
#4047 = ORIENTED_EDGE('',*,*,#3165,.T.);
#4048 = ORIENTED_EDGE('',*,*,#4027,.T.);
#4049 = ADVANCED_FACE('',(#4050),#3428,.T.);
#4050 = FACE_BOUND('',#4051,.T.);
#4051 = EDGE_LOOP('',(#4052,#4073,#4074,#4075));
#4052 = ORIENTED_EDGE('',*,*,#4053,.F.);
#4053 = EDGE_CURVE('',#3798,#3393,#4054,.T.);
#4054 = SURFACE_CURVE('',#4055,(#4059,#4066),.PCURVE_S1.);
#4055 = LINE('',#4056,#4057);
#4056 = CARTESIAN_POINT('',(22.607713056589,8.,-22.38950671698));
#4057 = VECTOR('',#4058,1.);
#4058 = DIRECTION('',(0.,-1.,0.));
#4059 = PCURVE('',#3428,#4060);
#4060 = DEFINITIONAL_REPRESENTATION('',(#4061),#4065);
#4061 = LINE('',#4062,#4063);
#4062 = CARTESIAN_POINT('',(0.,-8.));
#4063 = VECTOR('',#4064,1.);
#4064 = DIRECTION('',(0.,1.));
#4065 = ( GEOMETRIC_REPRESENTATION_CONTEXT(2) 
PARAMETRIC_REPRESENTATION_CONTEXT() REPRESENTATION_CONTEXT('2D SPACE',''
  ) );
#4066 = PCURVE('',#3516,#4067);
#4067 = DEFINITIONAL_REPRESENTATION('',(#4068),#4072);
#4068 = LINE('',#4069,#4070);
#4069 = CARTESIAN_POINT('',(3.682783763279,-8.));
#4070 = VECTOR('',#4071,1.);
#4071 = DIRECTION('',(-0.,1.));
#4072 = ( GEOMETRIC_REPRESENTATION_CONTEXT(2) 
PARAMETRIC_REPRESENTATION_CONTEXT() REPRESENTATION_CONTEXT('2D SPACE',''
  ) );
#4073 = ORIENTED_EDGE('',*,*,#3821,.T.);
#4074 = ORIENTED_EDGE('',*,*,#3558,.T.);
#4075 = ORIENTED_EDGE('',*,*,#3414,.F.);
#4076 = ADVANCED_FACE('',(#4077),#3462,.T.);
#4077 = FACE_BOUND('',#4078,.T.);
#4078 = EDGE_LOOP('',(#4079,#4080,#4081,#4102));
#4079 = ORIENTED_EDGE('',*,*,#3978,.F.);
#4080 = ORIENTED_EDGE('',*,*,#3869,.T.);
#4081 = ORIENTED_EDGE('',*,*,#4082,.T.);
#4082 = EDGE_CURVE('',#3848,#3447,#4083,.T.);
#4083 = SURFACE_CURVE('',#4084,(#4088,#4095),.PCURVE_S1.);
#4084 = LINE('',#4085,#4086);
#4085 = CARTESIAN_POINT('',(7.188692752865,8.,-30.33326610086));
#4086 = VECTOR('',#4087,1.);
#4087 = DIRECTION('',(0.,-1.,0.));
#4088 = PCURVE('',#3462,#4089);
#4089 = DEFINITIONAL_REPRESENTATION('',(#4090),#4094);
#4090 = LINE('',#4091,#4092);
#4091 = CARTESIAN_POINT('',(3.395545341359,-8.));
#4092 = VECTOR('',#4093,1.);
#4093 = DIRECTION('',(0.,1.));
#4094 = ( GEOMETRIC_REPRESENTATION_CONTEXT(2) 
PARAMETRIC_REPRESENTATION_CONTEXT() REPRESENTATION_CONTEXT('2D SPACE',''
  ) );
#4095 = PCURVE('',#3516,#4096);
#4096 = DEFINITIONAL_REPRESENTATION('',(#4097),#4101);
#4097 = LINE('',#4098,#4099);
#4098 = CARTESIAN_POINT('',(0.,-8.));
#4099 = VECTOR('',#4100,1.);
#4100 = DIRECTION('',(-0.,1.));
#4101 = ( GEOMETRIC_REPRESENTATION_CONTEXT(2) 
PARAMETRIC_REPRESENTATION_CONTEXT() REPRESENTATION_CONTEXT('2D SPACE',''
  ) );
#4102 = ORIENTED_EDGE('',*,*,#3446,.F.);
#4103 = ADVANCED_FACE('',(#4104),#3516,.T.);
#4104 = FACE_BOUND('',#4105,.T.);
#4105 = EDGE_LOOP('',(#4106,#4107,#4108,#4109));
#4106 = ORIENTED_EDGE('',*,*,#4082,.F.);
#4107 = ORIENTED_EDGE('',*,*,#3894,.T.);
#4108 = ORIENTED_EDGE('',*,*,#4053,.T.);
#4109 = ORIENTED_EDGE('',*,*,#3501,.F.);
#4110 = ADVANCED_FACE('',(#4111,#4114),#3960,.T.);
#4111 = FACE_BOUND('',#4112,.T.);
#4112 = EDGE_LOOP('',(#4113));
#4113 = ORIENTED_EDGE('',*,*,#3945,.T.);
#4114 = FACE_BOUND('',#4115,.T.);
#4115 = EDGE_LOOP('',(#4116));
#4116 = ORIENTED_EDGE('',*,*,#4003,.F.);
#4117 = ( GEOMETRIC_REPRESENTATION_CONTEXT(3) 
GLOBAL_UNCERTAINTY_ASSIGNED_CONTEXT((#4121)) 
GLOBAL_UNIT_ASSIGNED_CONTEXT((#4118,#4119,#4120)) REPRESENTATION_CONTEXT
('Context #1','3D Context with UNIT and UNCERTAINTY') );
#4118 = ( LENGTH_UNIT() NAMED_UNIT(*) SI_UNIT(.MILLI.,.METRE.) );
#4119 = ( NAMED_UNIT(*) PLANE_ANGLE_UNIT() SI_UNIT($,.RADIAN.) );
#4120 = ( NAMED_UNIT(*) SI_UNIT($,.STERADIAN.) SOLID_ANGLE_UNIT() );
#4121 = UNCERTAINTY_MEASURE_WITH_UNIT(LENGTH_MEASURE(1.E-07),#4118,
  'distance_accuracy_value','confusion accuracy');
#4122 = CONTEXT_DEPENDENT_SHAPE_REPRESENTATION(#4123,#4125);
#4123 = ( REPRESENTATION_RELATIONSHIP('','',#64,#10) 
REPRESENTATION_RELATIONSHIP_WITH_TRANSFORMATION(#4124) 
SHAPE_REPRESENTATION_RELATIONSHIP() );
#4124 = ITEM_DEFINED_TRANSFORMATION('','',#11,#15);
#4125 = PRODUCT_DEFINITION_SHAPE('Placement','Placement of an item',
  #4126);
#4126 = NEXT_ASSEMBLY_USAGE_OCCURRENCE('1','body','',#5,#59,$);
#4127 = PRODUCT_RELATED_PRODUCT_CATEGORY('part',$,(#61));
#4128 = SHAPE_DEFINITION_REPRESENTATION(#4129,#4135);
#4129 = PRODUCT_DEFINITION_SHAPE('','',#4130);
#4130 = PRODUCT_DEFINITION('design','',#4131,#4134);
#4131 = PRODUCT_DEFINITION_FORMATION('','',#4132);
#4132 = PRODUCT('axle_pin','axle_pin','',(#4133));
#4133 = PRODUCT_CONTEXT('',#2,'mechanical');
#4134 = PRODUCT_DEFINITION_CONTEXT('part definition',#2,'design');
#4135 = ADVANCED_BREP_SHAPE_REPRESENTATION('',(#11,#4136),#4594);
#4136 = MANIFOLD_SOLID_BREP('',#4137);
#4137 = CLOSED_SHELL('',(#4138,#4226,#4261,#4296,#4351,#4406,#4441,#4476
    ,#4531,#4586,#4590));
#4138 = ADVANCED_FACE('',(#4139),#4152,.T.);
#4139 = FACE_BOUND('',#4140,.T.);
#4140 = EDGE_LOOP('',(#4141,#4175,#4198,#4225));
#4141 = ORIENTED_EDGE('',*,*,#4142,.T.);
#4142 = EDGE_CURVE('',#4143,#4143,#4145,.T.);
#4143 = VERTEX_POINT('',#4144);
#4144 = CARTESIAN_POINT('',(3.,23.5,-5.952836295227E-15));
#4145 = SURFACE_CURVE('',#4146,(#4151,#4163),.PCURVE_S1.);
#4146 = CIRCLE('',#4147,3.);
#4147 = AXIS2_PLACEMENT_3D('',#4148,#4149,#4150);
#4148 = CARTESIAN_POINT('',(0.,23.5,-5.218048215738E-15));
#4149 = DIRECTION('',(0.,-1.,2.22044604925E-16));
#4150 = DIRECTION('',(1.,0.,0.));
#4151 = PCURVE('',#4152,#4157);
#4152 = CYLINDRICAL_SURFACE('',#4153,3.);
#4153 = AXIS2_PLACEMENT_3D('',#4154,#4155,#4156);
#4154 = CARTESIAN_POINT('',(0.,25.8,-5.728750807066E-15));
#4155 = DIRECTION('',(0.,-1.,2.22044604925E-16));
#4156 = DIRECTION('',(1.,0.,0.));
#4157 = DEFINITIONAL_REPRESENTATION('',(#4158),#4162);
#4158 = LINE('',#4159,#4160);
#4159 = CARTESIAN_POINT('',(0.,2.3));
#4160 = VECTOR('',#4161,1.);
#4161 = DIRECTION('',(1.,0.));
#4162 = ( GEOMETRIC_REPRESENTATION_CONTEXT(2) 
PARAMETRIC_REPRESENTATION_CONTEXT() REPRESENTATION_CONTEXT('2D SPACE',''
  ) );
#4163 = PCURVE('',#4164,#4169);
#4164 = PLANE('',#4165);
#4165 = AXIS2_PLACEMENT_3D('',#4166,#4167,#4168);
#4166 = CARTESIAN_POINT('',(0.,23.5,8.881784197001E-17));
#4167 = DIRECTION('',(0.,-1.,2.22044604925E-16));
#4168 = DIRECTION('',(1.,0.,0.));
#4169 = DEFINITIONAL_REPRESENTATION('',(#4170),#4174);
#4170 = CIRCLE('',#4171,3.);
#4171 = AXIS2_PLACEMENT_2D('',#4172,#4173);
#4172 = CARTESIAN_POINT('',(0.,-5.306866057708E-15));
#4173 = DIRECTION('',(1.,0.));
#4174 = ( GEOMETRIC_REPRESENTATION_CONTEXT(2) 
PARAMETRIC_REPRESENTATION_CONTEXT() REPRESENTATION_CONTEXT('2D SPACE',''
  ) );
#4175 = ORIENTED_EDGE('',*,*,#4176,.T.);
#4176 = EDGE_CURVE('',#4143,#4177,#4179,.T.);
#4177 = VERTEX_POINT('',#4178);
#4178 = CARTESIAN_POINT('',(3.,-23.5,4.48326013625E-15));
#4179 = SEAM_CURVE('',#4180,(#4184,#4191),.PCURVE_S1.);
#4180 = LINE('',#4181,#4182);
#4181 = CARTESIAN_POINT('',(3.,25.8,-6.463538886554E-15));
#4182 = VECTOR('',#4183,1.);
#4183 = DIRECTION('',(0.,-1.,2.22044604925E-16));
#4184 = PCURVE('',#4152,#4185);
#4185 = DEFINITIONAL_REPRESENTATION('',(#4186),#4190);
#4186 = LINE('',#4187,#4188);
#4187 = CARTESIAN_POINT('',(0.,-0.));
#4188 = VECTOR('',#4189,1.);
#4189 = DIRECTION('',(0.,1.));
#4190 = ( GEOMETRIC_REPRESENTATION_CONTEXT(2) 
PARAMETRIC_REPRESENTATION_CONTEXT() REPRESENTATION_CONTEXT('2D SPACE',''
  ) );
#4191 = PCURVE('',#4152,#4192);
#4192 = DEFINITIONAL_REPRESENTATION('',(#4193),#4197);
#4193 = LINE('',#4194,#4195);
#4194 = CARTESIAN_POINT('',(6.28318530718,-0.));
#4195 = VECTOR('',#4196,1.);
#4196 = DIRECTION('',(0.,1.));
#4197 = ( GEOMETRIC_REPRESENTATION_CONTEXT(2) 
PARAMETRIC_REPRESENTATION_CONTEXT() REPRESENTATION_CONTEXT('2D SPACE',''
  ) );
#4198 = ORIENTED_EDGE('',*,*,#4199,.F.);
#4199 = EDGE_CURVE('',#4177,#4177,#4200,.T.);
#4200 = SURFACE_CURVE('',#4201,(#4206,#4213),.PCURVE_S1.);
#4201 = CIRCLE('',#4202,3.);
#4202 = AXIS2_PLACEMENT_3D('',#4203,#4204,#4205);
#4203 = CARTESIAN_POINT('',(0.,-23.5,5.218048215738E-15));
#4204 = DIRECTION('',(0.,-1.,2.22044604925E-16));
#4205 = DIRECTION('',(1.,0.,0.));
#4206 = PCURVE('',#4152,#4207);
#4207 = DEFINITIONAL_REPRESENTATION('',(#4208),#4212);
#4208 = LINE('',#4209,#4210);
#4209 = CARTESIAN_POINT('',(0.,49.3));
#4210 = VECTOR('',#4211,1.);
#4211 = DIRECTION('',(1.,0.));
#4212 = ( GEOMETRIC_REPRESENTATION_CONTEXT(2) 
PARAMETRIC_REPRESENTATION_CONTEXT() REPRESENTATION_CONTEXT('2D SPACE',''
  ) );
#4213 = PCURVE('',#4214,#4219);
#4214 = PLANE('',#4215);
#4215 = AXIS2_PLACEMENT_3D('',#4216,#4217,#4218);
#4216 = CARTESIAN_POINT('',(0.,-23.5,-8.881784197001E-17));
#4217 = DIRECTION('',(0.,-1.,2.22044604925E-16));
#4218 = DIRECTION('',(1.,0.,0.));
#4219 = DEFINITIONAL_REPRESENTATION('',(#4220),#4224);
#4220 = CIRCLE('',#4221,3.);
#4221 = AXIS2_PLACEMENT_2D('',#4222,#4223);
#4222 = CARTESIAN_POINT('',(0.,5.306866057708E-15));
#4223 = DIRECTION('',(1.,0.));
#4224 = ( GEOMETRIC_REPRESENTATION_CONTEXT(2) 
PARAMETRIC_REPRESENTATION_CONTEXT() REPRESENTATION_CONTEXT('2D SPACE',''
  ) );
#4225 = ORIENTED_EDGE('',*,*,#4176,.F.);
#4226 = ADVANCED_FACE('',(#4227,#4230),#4164,.F.);
#4227 = FACE_BOUND('',#4228,.F.);
#4228 = EDGE_LOOP('',(#4229));
#4229 = ORIENTED_EDGE('',*,*,#4142,.T.);
#4230 = FACE_BOUND('',#4231,.F.);
#4231 = EDGE_LOOP('',(#4232));
#4232 = ORIENTED_EDGE('',*,*,#4233,.F.);
#4233 = EDGE_CURVE('',#4234,#4234,#4236,.T.);
#4234 = VERTEX_POINT('',#4235);
#4235 = CARTESIAN_POINT('',(2.85,23.5,-6.09230833544E-16));
#4236 = SURFACE_CURVE('',#4237,(#4242,#4249),.PCURVE_S1.);
#4237 = CIRCLE('',#4238,2.85);
#4238 = AXIS2_PLACEMENT_3D('',#4239,#4240,#4241);
#4239 = CARTESIAN_POINT('',(0.,23.5,8.881784197001E-17));
#4240 = DIRECTION('',(0.,-1.,2.22044604925E-16));
#4241 = DIRECTION('',(1.,0.,0.));
#4242 = PCURVE('',#4164,#4243);
#4243 = DEFINITIONAL_REPRESENTATION('',(#4244),#4248);
#4244 = CIRCLE('',#4245,2.85);
#4245 = AXIS2_PLACEMENT_2D('',#4246,#4247);
#4246 = CARTESIAN_POINT('',(0.,0.));
#4247 = DIRECTION('',(1.,0.));
#4248 = ( GEOMETRIC_REPRESENTATION_CONTEXT(2) 
PARAMETRIC_REPRESENTATION_CONTEXT() REPRESENTATION_CONTEXT('2D SPACE',''
  ) );
#4249 = PCURVE('',#4250,#4255);
#4250 = CYLINDRICAL_SURFACE('',#4251,2.85);
#4251 = AXIS2_PLACEMENT_3D('',#4252,#4253,#4254);
#4252 = CARTESIAN_POINT('',(0.,24.8,-1.998401444325E-16));
#4253 = DIRECTION('',(0.,-1.,2.22044604925E-16));
#4254 = DIRECTION('',(1.,0.,0.));
#4255 = DEFINITIONAL_REPRESENTATION('',(#4256),#4260);
#4256 = LINE('',#4257,#4258);
#4257 = CARTESIAN_POINT('',(0.,1.3));
#4258 = VECTOR('',#4259,1.);
#4259 = DIRECTION('',(1.,0.));
#4260 = ( GEOMETRIC_REPRESENTATION_CONTEXT(2) 
PARAMETRIC_REPRESENTATION_CONTEXT() REPRESENTATION_CONTEXT('2D SPACE',''
  ) );
#4261 = ADVANCED_FACE('',(#4262,#4265),#4214,.T.);
#4262 = FACE_BOUND('',#4263,.T.);
#4263 = EDGE_LOOP('',(#4264));
#4264 = ORIENTED_EDGE('',*,*,#4199,.T.);
#4265 = FACE_BOUND('',#4266,.T.);
#4266 = EDGE_LOOP('',(#4267));
#4267 = ORIENTED_EDGE('',*,*,#4268,.F.);
#4268 = EDGE_CURVE('',#4269,#4269,#4271,.T.);
#4269 = VERTEX_POINT('',#4270);
#4270 = CARTESIAN_POINT('',(2.85,-23.5,-7.86866517484E-16));
#4271 = SURFACE_CURVE('',#4272,(#4277,#4284),.PCURVE_S1.);
#4272 = CIRCLE('',#4273,2.85);
#4273 = AXIS2_PLACEMENT_3D('',#4274,#4275,#4276);
#4274 = CARTESIAN_POINT('',(0.,-23.5,-8.881784197001E-17));
#4275 = DIRECTION('',(0.,-1.,2.22044604925E-16));
#4276 = DIRECTION('',(1.,0.,0.));
#4277 = PCURVE('',#4214,#4278);
#4278 = DEFINITIONAL_REPRESENTATION('',(#4279),#4283);
#4279 = CIRCLE('',#4280,2.85);
#4280 = AXIS2_PLACEMENT_2D('',#4281,#4282);
#4281 = CARTESIAN_POINT('',(0.,0.));
#4282 = DIRECTION('',(1.,0.));
#4283 = ( GEOMETRIC_REPRESENTATION_CONTEXT(2) 
PARAMETRIC_REPRESENTATION_CONTEXT() REPRESENTATION_CONTEXT('2D SPACE',''
  ) );
#4284 = PCURVE('',#4285,#4290);
#4285 = CYLINDRICAL_SURFACE('',#4286,2.85);
#4286 = AXIS2_PLACEMENT_3D('',#4287,#4288,#4289);
#4287 = CARTESIAN_POINT('',(0.,-23.,-1.998401444325E-16));
#4288 = DIRECTION('',(0.,-1.,2.22044604925E-16));
#4289 = DIRECTION('',(1.,0.,0.));
#4290 = DEFINITIONAL_REPRESENTATION('',(#4291),#4295);
#4291 = LINE('',#4292,#4293);
#4292 = CARTESIAN_POINT('',(0.,0.5));
#4293 = VECTOR('',#4294,1.);
#4294 = DIRECTION('',(1.,0.));
#4295 = ( GEOMETRIC_REPRESENTATION_CONTEXT(2) 
PARAMETRIC_REPRESENTATION_CONTEXT() REPRESENTATION_CONTEXT('2D SPACE',''
  ) );
#4296 = ADVANCED_FACE('',(#4297),#4250,.T.);
#4297 = FACE_BOUND('',#4298,.T.);
#4298 = EDGE_LOOP('',(#4299,#4300,#4323,#4350));
#4299 = ORIENTED_EDGE('',*,*,#4233,.F.);
#4300 = ORIENTED_EDGE('',*,*,#4301,.F.);
#4301 = EDGE_CURVE('',#4302,#4234,#4304,.T.);
#4302 = VERTEX_POINT('',#4303);
#4303 = CARTESIAN_POINT('',(2.85,24.3,-7.86866517484E-16));
#4304 = SEAM_CURVE('',#4305,(#4309,#4316),.PCURVE_S1.);
#4305 = LINE('',#4306,#4307);
#4306 = CARTESIAN_POINT('',(2.85,24.8,-8.978888199465E-16));
#4307 = VECTOR('',#4308,1.);
#4308 = DIRECTION('',(0.,-1.,2.22044604925E-16));
#4309 = PCURVE('',#4250,#4310);
#4310 = DEFINITIONAL_REPRESENTATION('',(#4311),#4315);
#4311 = LINE('',#4312,#4313);
#4312 = CARTESIAN_POINT('',(6.28318530718,-0.));
#4313 = VECTOR('',#4314,1.);
#4314 = DIRECTION('',(0.,1.));
#4315 = ( GEOMETRIC_REPRESENTATION_CONTEXT(2) 
PARAMETRIC_REPRESENTATION_CONTEXT() REPRESENTATION_CONTEXT('2D SPACE',''
  ) );
#4316 = PCURVE('',#4250,#4317);
#4317 = DEFINITIONAL_REPRESENTATION('',(#4318),#4322);
#4318 = LINE('',#4319,#4320);
#4319 = CARTESIAN_POINT('',(0.,-0.));
#4320 = VECTOR('',#4321,1.);
#4321 = DIRECTION('',(0.,1.));
#4322 = ( GEOMETRIC_REPRESENTATION_CONTEXT(2) 
PARAMETRIC_REPRESENTATION_CONTEXT() REPRESENTATION_CONTEXT('2D SPACE',''
  ) );
#4323 = ORIENTED_EDGE('',*,*,#4324,.T.);
#4324 = EDGE_CURVE('',#4302,#4302,#4325,.T.);
#4325 = SURFACE_CURVE('',#4326,(#4331,#4338),.PCURVE_S1.);
#4326 = CIRCLE('',#4327,2.85);
#4327 = AXIS2_PLACEMENT_3D('',#4328,#4329,#4330);
#4328 = CARTESIAN_POINT('',(0.,24.3,-8.881784197001E-17));
#4329 = DIRECTION('',(0.,-1.,2.22044604925E-16));
#4330 = DIRECTION('',(1.,0.,0.));
#4331 = PCURVE('',#4250,#4332);
#4332 = DEFINITIONAL_REPRESENTATION('',(#4333),#4337);
#4333 = LINE('',#4334,#4335);
#4334 = CARTESIAN_POINT('',(0.,0.5));
#4335 = VECTOR('',#4336,1.);
#4336 = DIRECTION('',(1.,0.));
#4337 = ( GEOMETRIC_REPRESENTATION_CONTEXT(2) 
PARAMETRIC_REPRESENTATION_CONTEXT() REPRESENTATION_CONTEXT('2D SPACE',''
  ) );
#4338 = PCURVE('',#4339,#4344);
#4339 = PLANE('',#4340);
#4340 = AXIS2_PLACEMENT_3D('',#4341,#4342,#4343);
#4341 = CARTESIAN_POINT('',(0.,24.3,-8.881784197001E-17));
#4342 = DIRECTION('',(0.,-1.,2.22044604925E-16));
#4343 = DIRECTION('',(1.,0.,0.));
#4344 = DEFINITIONAL_REPRESENTATION('',(#4345),#4349);
#4345 = CIRCLE('',#4346,2.85);
#4346 = AXIS2_PLACEMENT_2D('',#4347,#4348);
#4347 = CARTESIAN_POINT('',(0.,0.));
#4348 = DIRECTION('',(1.,0.));
#4349 = ( GEOMETRIC_REPRESENTATION_CONTEXT(2) 
PARAMETRIC_REPRESENTATION_CONTEXT() REPRESENTATION_CONTEXT('2D SPACE',''
  ) );
#4350 = ORIENTED_EDGE('',*,*,#4301,.T.);
#4351 = ADVANCED_FACE('',(#4352),#4285,.T.);
#4352 = FACE_BOUND('',#4353,.T.);
#4353 = EDGE_LOOP('',(#4354,#4383,#4404,#4405));
#4354 = ORIENTED_EDGE('',*,*,#4355,.F.);
#4355 = EDGE_CURVE('',#4356,#4356,#4358,.T.);
#4356 = VERTEX_POINT('',#4357);
#4357 = CARTESIAN_POINT('',(2.85,-24.3,-6.09230833544E-16));
#4358 = SURFACE_CURVE('',#4359,(#4364,#4371),.PCURVE_S1.);
#4359 = CIRCLE('',#4360,2.85);
#4360 = AXIS2_PLACEMENT_3D('',#4361,#4362,#4363);
#4361 = CARTESIAN_POINT('',(0.,-24.3,8.881784197001E-17));
#4362 = DIRECTION('',(0.,-1.,2.22044604925E-16));
#4363 = DIRECTION('',(1.,0.,0.));
#4364 = PCURVE('',#4285,#4365);
#4365 = DEFINITIONAL_REPRESENTATION('',(#4366),#4370);
#4366 = LINE('',#4367,#4368);
#4367 = CARTESIAN_POINT('',(0.,1.3));
#4368 = VECTOR('',#4369,1.);
#4369 = DIRECTION('',(1.,0.));
#4370 = ( GEOMETRIC_REPRESENTATION_CONTEXT(2) 
PARAMETRIC_REPRESENTATION_CONTEXT() REPRESENTATION_CONTEXT('2D SPACE',''
  ) );
#4371 = PCURVE('',#4372,#4377);
#4372 = PLANE('',#4373);
#4373 = AXIS2_PLACEMENT_3D('',#4374,#4375,#4376);
#4374 = CARTESIAN_POINT('',(0.,-24.3,8.881784197001E-17));
#4375 = DIRECTION('',(0.,-1.,2.22044604925E-16));
#4376 = DIRECTION('',(1.,0.,0.));
#4377 = DEFINITIONAL_REPRESENTATION('',(#4378),#4382);
#4378 = CIRCLE('',#4379,2.85);
#4379 = AXIS2_PLACEMENT_2D('',#4380,#4381);
#4380 = CARTESIAN_POINT('',(0.,0.));
#4381 = DIRECTION('',(1.,0.));
#4382 = ( GEOMETRIC_REPRESENTATION_CONTEXT(2) 
PARAMETRIC_REPRESENTATION_CONTEXT() REPRESENTATION_CONTEXT('2D SPACE',''
  ) );
#4383 = ORIENTED_EDGE('',*,*,#4384,.F.);
#4384 = EDGE_CURVE('',#4269,#4356,#4385,.T.);
#4385 = SEAM_CURVE('',#4386,(#4390,#4397),.PCURVE_S1.);
#4386 = LINE('',#4387,#4388);
#4387 = CARTESIAN_POINT('',(2.85,-23.,-8.978888199465E-16));
#4388 = VECTOR('',#4389,1.);
#4389 = DIRECTION('',(0.,-1.,2.22044604925E-16));
#4390 = PCURVE('',#4285,#4391);
#4391 = DEFINITIONAL_REPRESENTATION('',(#4392),#4396);
#4392 = LINE('',#4393,#4394);
#4393 = CARTESIAN_POINT('',(6.28318530718,-0.));
#4394 = VECTOR('',#4395,1.);
#4395 = DIRECTION('',(0.,1.));
#4396 = ( GEOMETRIC_REPRESENTATION_CONTEXT(2) 
PARAMETRIC_REPRESENTATION_CONTEXT() REPRESENTATION_CONTEXT('2D SPACE',''
  ) );
#4397 = PCURVE('',#4285,#4398);
#4398 = DEFINITIONAL_REPRESENTATION('',(#4399),#4403);
#4399 = LINE('',#4400,#4401);
#4400 = CARTESIAN_POINT('',(0.,-0.));
#4401 = VECTOR('',#4402,1.);
#4402 = DIRECTION('',(0.,1.));
#4403 = ( GEOMETRIC_REPRESENTATION_CONTEXT(2) 
PARAMETRIC_REPRESENTATION_CONTEXT() REPRESENTATION_CONTEXT('2D SPACE',''
  ) );
#4404 = ORIENTED_EDGE('',*,*,#4268,.T.);
#4405 = ORIENTED_EDGE('',*,*,#4384,.T.);
#4406 = ADVANCED_FACE('',(#4407,#4438),#4339,.T.);
#4407 = FACE_BOUND('',#4408,.T.);
#4408 = EDGE_LOOP('',(#4409));
#4409 = ORIENTED_EDGE('',*,*,#4410,.T.);
#4410 = EDGE_CURVE('',#4411,#4411,#4413,.T.);
#4411 = VERTEX_POINT('',#4412);
#4412 = CARTESIAN_POINT('',(3.,24.3,-6.130471979167E-15));
#4413 = SURFACE_CURVE('',#4414,(#4419,#4426),.PCURVE_S1.);
#4414 = CIRCLE('',#4415,3.);
#4415 = AXIS2_PLACEMENT_3D('',#4416,#4417,#4418);
#4416 = CARTESIAN_POINT('',(0.,24.3,-5.395683899678E-15));
#4417 = DIRECTION('',(0.,-1.,2.22044604925E-16));
#4418 = DIRECTION('',(1.,0.,0.));
#4419 = PCURVE('',#4339,#4420);
#4420 = DEFINITIONAL_REPRESENTATION('',(#4421),#4425);
#4421 = CIRCLE('',#4422,3.);
#4422 = AXIS2_PLACEMENT_2D('',#4423,#4424);
#4423 = CARTESIAN_POINT('',(0.,-5.306866057708E-15));
#4424 = DIRECTION('',(1.,0.));
#4425 = ( GEOMETRIC_REPRESENTATION_CONTEXT(2) 
PARAMETRIC_REPRESENTATION_CONTEXT() REPRESENTATION_CONTEXT('2D SPACE',''
  ) );
#4426 = PCURVE('',#4427,#4432);
#4427 = CYLINDRICAL_SURFACE('',#4428,3.);
#4428 = AXIS2_PLACEMENT_3D('',#4429,#4430,#4431);
#4429 = CARTESIAN_POINT('',(0.,25.8,-5.728750807066E-15));
#4430 = DIRECTION('',(0.,-1.,2.22044604925E-16));
#4431 = DIRECTION('',(1.,0.,0.));
#4432 = DEFINITIONAL_REPRESENTATION('',(#4433),#4437);
#4433 = LINE('',#4434,#4435);
#4434 = CARTESIAN_POINT('',(0.,1.5));
#4435 = VECTOR('',#4436,1.);
#4436 = DIRECTION('',(1.,0.));
#4437 = ( GEOMETRIC_REPRESENTATION_CONTEXT(2) 
PARAMETRIC_REPRESENTATION_CONTEXT() REPRESENTATION_CONTEXT('2D SPACE',''
  ) );
#4438 = FACE_BOUND('',#4439,.T.);
#4439 = EDGE_LOOP('',(#4440));
#4440 = ORIENTED_EDGE('',*,*,#4324,.F.);
#4441 = ADVANCED_FACE('',(#4442,#4473),#4372,.F.);
#4442 = FACE_BOUND('',#4443,.F.);
#4443 = EDGE_LOOP('',(#4444));
#4444 = ORIENTED_EDGE('',*,*,#4445,.T.);
#4445 = EDGE_CURVE('',#4446,#4446,#4448,.T.);
#4446 = VERTEX_POINT('',#4447);
#4447 = CARTESIAN_POINT('',(3.,-24.3,4.66089582019E-15));
#4448 = SURFACE_CURVE('',#4449,(#4454,#4461),.PCURVE_S1.);
#4449 = CIRCLE('',#4450,3.);
#4450 = AXIS2_PLACEMENT_3D('',#4451,#4452,#4453);
#4451 = CARTESIAN_POINT('',(0.,-24.3,5.395683899678E-15));
#4452 = DIRECTION('',(0.,-1.,2.22044604925E-16));
#4453 = DIRECTION('',(1.,0.,0.));
#4454 = PCURVE('',#4372,#4455);
#4455 = DEFINITIONAL_REPRESENTATION('',(#4456),#4460);
#4456 = CIRCLE('',#4457,3.);
#4457 = AXIS2_PLACEMENT_2D('',#4458,#4459);
#4458 = CARTESIAN_POINT('',(0.,5.306866057708E-15));
#4459 = DIRECTION('',(1.,0.));
#4460 = ( GEOMETRIC_REPRESENTATION_CONTEXT(2) 
PARAMETRIC_REPRESENTATION_CONTEXT() REPRESENTATION_CONTEXT('2D SPACE',''
  ) );
#4461 = PCURVE('',#4462,#4467);
#4462 = CYLINDRICAL_SURFACE('',#4463,3.);
#4463 = AXIS2_PLACEMENT_3D('',#4464,#4465,#4466);
#4464 = CARTESIAN_POINT('',(0.,25.8,-5.728750807066E-15));
#4465 = DIRECTION('',(0.,-1.,2.22044604925E-16));
#4466 = DIRECTION('',(1.,0.,0.));
#4467 = DEFINITIONAL_REPRESENTATION('',(#4468),#4472);
#4468 = LINE('',#4469,#4470);
#4469 = CARTESIAN_POINT('',(0.,50.1));
#4470 = VECTOR('',#4471,1.);
#4471 = DIRECTION('',(1.,0.));
#4472 = ( GEOMETRIC_REPRESENTATION_CONTEXT(2) 
PARAMETRIC_REPRESENTATION_CONTEXT() REPRESENTATION_CONTEXT('2D SPACE',''
  ) );
#4473 = FACE_BOUND('',#4474,.F.);
#4474 = EDGE_LOOP('',(#4475));
#4475 = ORIENTED_EDGE('',*,*,#4355,.F.);
#4476 = ADVANCED_FACE('',(#4477),#4427,.T.);
#4477 = FACE_BOUND('',#4478,.T.);
#4478 = EDGE_LOOP('',(#4479,#4480,#4503,#4530));
#4479 = ORIENTED_EDGE('',*,*,#4410,.F.);
#4480 = ORIENTED_EDGE('',*,*,#4481,.F.);
#4481 = EDGE_CURVE('',#4482,#4411,#4484,.T.);
#4482 = VERTEX_POINT('',#4483);
#4483 = CARTESIAN_POINT('',(3.,25.8,-6.463538886554E-15));
#4484 = SEAM_CURVE('',#4485,(#4489,#4496),.PCURVE_S1.);
#4485 = LINE('',#4486,#4487);
#4486 = CARTESIAN_POINT('',(3.,25.8,-6.463538886554E-15));
#4487 = VECTOR('',#4488,1.);
#4488 = DIRECTION('',(0.,-1.,2.22044604925E-16));
#4489 = PCURVE('',#4427,#4490);
#4490 = DEFINITIONAL_REPRESENTATION('',(#4491),#4495);
#4491 = LINE('',#4492,#4493);
#4492 = CARTESIAN_POINT('',(6.28318530718,-0.));
#4493 = VECTOR('',#4494,1.);
#4494 = DIRECTION('',(0.,1.));
#4495 = ( GEOMETRIC_REPRESENTATION_CONTEXT(2) 
PARAMETRIC_REPRESENTATION_CONTEXT() REPRESENTATION_CONTEXT('2D SPACE',''
  ) );
#4496 = PCURVE('',#4427,#4497);
#4497 = DEFINITIONAL_REPRESENTATION('',(#4498),#4502);
#4498 = LINE('',#4499,#4500);
#4499 = CARTESIAN_POINT('',(0.,-0.));
#4500 = VECTOR('',#4501,1.);
#4501 = DIRECTION('',(0.,1.));
#4502 = ( GEOMETRIC_REPRESENTATION_CONTEXT(2) 
PARAMETRIC_REPRESENTATION_CONTEXT() REPRESENTATION_CONTEXT('2D SPACE',''
  ) );
#4503 = ORIENTED_EDGE('',*,*,#4504,.T.);
#4504 = EDGE_CURVE('',#4482,#4482,#4505,.T.);
#4505 = SURFACE_CURVE('',#4506,(#4511,#4518),.PCURVE_S1.);
#4506 = CIRCLE('',#4507,3.);
#4507 = AXIS2_PLACEMENT_3D('',#4508,#4509,#4510);
#4508 = CARTESIAN_POINT('',(0.,25.8,-5.728750807066E-15));
#4509 = DIRECTION('',(0.,-1.,2.22044604925E-16));
#4510 = DIRECTION('',(1.,0.,0.));
#4511 = PCURVE('',#4427,#4512);
#4512 = DEFINITIONAL_REPRESENTATION('',(#4513),#4517);
#4513 = LINE('',#4514,#4515);
#4514 = CARTESIAN_POINT('',(0.,0.));
#4515 = VECTOR('',#4516,1.);
#4516 = DIRECTION('',(1.,0.));
#4517 = ( GEOMETRIC_REPRESENTATION_CONTEXT(2) 
PARAMETRIC_REPRESENTATION_CONTEXT() REPRESENTATION_CONTEXT('2D SPACE',''
  ) );
#4518 = PCURVE('',#4519,#4524);
#4519 = PLANE('',#4520);
#4520 = AXIS2_PLACEMENT_3D('',#4521,#4522,#4523);
#4521 = CARTESIAN_POINT('',(0.,25.8,-5.728750807066E-15));
#4522 = DIRECTION('',(0.,-1.,2.22044604925E-16));
#4523 = DIRECTION('',(1.,0.,0.));
#4524 = DEFINITIONAL_REPRESENTATION('',(#4525),#4529);
#4525 = CIRCLE('',#4526,3.);
#4526 = AXIS2_PLACEMENT_2D('',#4527,#4528);
#4527 = CARTESIAN_POINT('',(0.,0.));
#4528 = DIRECTION('',(1.,0.));
#4529 = ( GEOMETRIC_REPRESENTATION_CONTEXT(2) 
PARAMETRIC_REPRESENTATION_CONTEXT() REPRESENTATION_CONTEXT('2D SPACE',''
  ) );
#4530 = ORIENTED_EDGE('',*,*,#4481,.T.);
#4531 = ADVANCED_FACE('',(#4532),#4462,.T.);
#4532 = FACE_BOUND('',#4533,.T.);
#4533 = EDGE_LOOP('',(#4534,#4535,#4558,#4585));
#4534 = ORIENTED_EDGE('',*,*,#4445,.T.);
#4535 = ORIENTED_EDGE('',*,*,#4536,.T.);
#4536 = EDGE_CURVE('',#4446,#4537,#4539,.T.);
#4537 = VERTEX_POINT('',#4538);
#4538 = CARTESIAN_POINT('',(3.,-25.8,4.993962727577E-15));
#4539 = SEAM_CURVE('',#4540,(#4544,#4551),.PCURVE_S1.);
#4540 = LINE('',#4541,#4542);
#4541 = CARTESIAN_POINT('',(3.,25.8,-6.463538886554E-15));
#4542 = VECTOR('',#4543,1.);
#4543 = DIRECTION('',(0.,-1.,2.22044604925E-16));
#4544 = PCURVE('',#4462,#4545);
#4545 = DEFINITIONAL_REPRESENTATION('',(#4546),#4550);
#4546 = LINE('',#4547,#4548);
#4547 = CARTESIAN_POINT('',(0.,-0.));
#4548 = VECTOR('',#4549,1.);
#4549 = DIRECTION('',(0.,1.));
#4550 = ( GEOMETRIC_REPRESENTATION_CONTEXT(2) 
PARAMETRIC_REPRESENTATION_CONTEXT() REPRESENTATION_CONTEXT('2D SPACE',''
  ) );
#4551 = PCURVE('',#4462,#4552);
#4552 = DEFINITIONAL_REPRESENTATION('',(#4553),#4557);
#4553 = LINE('',#4554,#4555);
#4554 = CARTESIAN_POINT('',(6.28318530718,-0.));
#4555 = VECTOR('',#4556,1.);
#4556 = DIRECTION('',(0.,1.));
#4557 = ( GEOMETRIC_REPRESENTATION_CONTEXT(2) 
PARAMETRIC_REPRESENTATION_CONTEXT() REPRESENTATION_CONTEXT('2D SPACE',''
  ) );
#4558 = ORIENTED_EDGE('',*,*,#4559,.F.);
#4559 = EDGE_CURVE('',#4537,#4537,#4560,.T.);
#4560 = SURFACE_CURVE('',#4561,(#4566,#4573),.PCURVE_S1.);
#4561 = CIRCLE('',#4562,3.);
#4562 = AXIS2_PLACEMENT_3D('',#4563,#4564,#4565);
#4563 = CARTESIAN_POINT('',(0.,-25.8,5.728750807066E-15));
#4564 = DIRECTION('',(0.,-1.,2.22044604925E-16));
#4565 = DIRECTION('',(1.,0.,0.));
#4566 = PCURVE('',#4462,#4567);
#4567 = DEFINITIONAL_REPRESENTATION('',(#4568),#4572);
#4568 = LINE('',#4569,#4570);
#4569 = CARTESIAN_POINT('',(0.,51.6));
#4570 = VECTOR('',#4571,1.);
#4571 = DIRECTION('',(1.,0.));
#4572 = ( GEOMETRIC_REPRESENTATION_CONTEXT(2) 
PARAMETRIC_REPRESENTATION_CONTEXT() REPRESENTATION_CONTEXT('2D SPACE',''
  ) );
#4573 = PCURVE('',#4574,#4579);
#4574 = PLANE('',#4575);
#4575 = AXIS2_PLACEMENT_3D('',#4576,#4577,#4578);
#4576 = CARTESIAN_POINT('',(0.,-25.8,5.728750807066E-15));
#4577 = DIRECTION('',(0.,-1.,2.22044604925E-16));
#4578 = DIRECTION('',(1.,0.,0.));
#4579 = DEFINITIONAL_REPRESENTATION('',(#4580),#4584);
#4580 = CIRCLE('',#4581,3.);
#4581 = AXIS2_PLACEMENT_2D('',#4582,#4583);
#4582 = CARTESIAN_POINT('',(0.,0.));
#4583 = DIRECTION('',(1.,0.));
#4584 = ( GEOMETRIC_REPRESENTATION_CONTEXT(2) 
PARAMETRIC_REPRESENTATION_CONTEXT() REPRESENTATION_CONTEXT('2D SPACE',''
  ) );
#4585 = ORIENTED_EDGE('',*,*,#4536,.F.);
#4586 = ADVANCED_FACE('',(#4587),#4519,.F.);
#4587 = FACE_BOUND('',#4588,.T.);
#4588 = EDGE_LOOP('',(#4589));
#4589 = ORIENTED_EDGE('',*,*,#4504,.F.);
#4590 = ADVANCED_FACE('',(#4591),#4574,.T.);
#4591 = FACE_BOUND('',#4592,.T.);
#4592 = EDGE_LOOP('',(#4593));
#4593 = ORIENTED_EDGE('',*,*,#4559,.T.);
#4594 = ( GEOMETRIC_REPRESENTATION_CONTEXT(3) 
GLOBAL_UNCERTAINTY_ASSIGNED_CONTEXT((#4598)) 
GLOBAL_UNIT_ASSIGNED_CONTEXT((#4595,#4596,#4597)) REPRESENTATION_CONTEXT
('Context #1','3D Context with UNIT and UNCERTAINTY') );
#4595 = ( LENGTH_UNIT() NAMED_UNIT(*) SI_UNIT(.MILLI.,.METRE.) );
#4596 = ( NAMED_UNIT(*) PLANE_ANGLE_UNIT() SI_UNIT($,.RADIAN.) );
#4597 = ( NAMED_UNIT(*) SI_UNIT($,.STERADIAN.) SOLID_ANGLE_UNIT() );
#4598 = UNCERTAINTY_MEASURE_WITH_UNIT(LENGTH_MEASURE(1.E-07),#4595,
  'distance_accuracy_value','confusion accuracy');
#4599 = CONTEXT_DEPENDENT_SHAPE_REPRESENTATION(#4600,#4602);
#4600 = ( REPRESENTATION_RELATIONSHIP('','',#4135,#10) 
REPRESENTATION_RELATIONSHIP_WITH_TRANSFORMATION(#4601) 
SHAPE_REPRESENTATION_RELATIONSHIP() );
#4601 = ITEM_DEFINED_TRANSFORMATION('','',#11,#19);
#4602 = PRODUCT_DEFINITION_SHAPE('Placement','Placement of an item',
  #4603);
#4603 = NEXT_ASSEMBLY_USAGE_OCCURRENCE('2','axle_pin','',#5,#4130,$);
#4604 = PRODUCT_RELATED_PRODUCT_CATEGORY('part',$,(#4132));
#4605 = SHAPE_DEFINITION_REPRESENTATION(#4606,#4612);
#4606 = PRODUCT_DEFINITION_SHAPE('','',#4607);
#4607 = PRODUCT_DEFINITION('design','',#4608,#4611);
#4608 = PRODUCT_DEFINITION_FORMATION('','',#4609);
#4609 = PRODUCT('bushing','bushing','',(#4610));
#4610 = PRODUCT_CONTEXT('',#2,'mechanical');
#4611 = PRODUCT_DEFINITION_CONTEXT('part definition',#2,'design');
#4612 = ADVANCED_BREP_SHAPE_REPRESENTATION('',(#11,#4613),#4795);
#4613 = MANIFOLD_SOLID_BREP('',#4614);
#4614 = CLOSED_SHELL('',(#4615,#4703,#4738,#4788));
#4615 = ADVANCED_FACE('',(#4616),#4629,.F.);
#4616 = FACE_BOUND('',#4617,.F.);
#4617 = EDGE_LOOP('',(#4618,#4652,#4675,#4702));
#4618 = ORIENTED_EDGE('',*,*,#4619,.T.);
#4619 = EDGE_CURVE('',#4620,#4620,#4622,.T.);
#4620 = VERTEX_POINT('',#4621);
#4621 = CARTESIAN_POINT('',(5.,0.,0.));
#4622 = SURFACE_CURVE('',#4623,(#4628,#4640),.PCURVE_S1.);
#4623 = CIRCLE('',#4624,5.);
#4624 = AXIS2_PLACEMENT_3D('',#4625,#4626,#4627);
#4625 = CARTESIAN_POINT('',(0.,0.,0.));
#4626 = DIRECTION('',(0.,0.,1.));
#4627 = DIRECTION('',(1.,0.,-0.));
#4628 = PCURVE('',#4629,#4634);
#4629 = CYLINDRICAL_SURFACE('',#4630,5.);
#4630 = AXIS2_PLACEMENT_3D('',#4631,#4632,#4633);
#4631 = CARTESIAN_POINT('',(0.,0.,0.));
#4632 = DIRECTION('',(0.,0.,1.));
#4633 = DIRECTION('',(1.,0.,-0.));
#4634 = DEFINITIONAL_REPRESENTATION('',(#4635),#4639);
#4635 = LINE('',#4636,#4637);
#4636 = CARTESIAN_POINT('',(0.,0.));
#4637 = VECTOR('',#4638,1.);
#4638 = DIRECTION('',(1.,0.));
#4639 = ( GEOMETRIC_REPRESENTATION_CONTEXT(2) 
PARAMETRIC_REPRESENTATION_CONTEXT() REPRESENTATION_CONTEXT('2D SPACE',''
  ) );
#4640 = PCURVE('',#4641,#4646);
#4641 = PLANE('',#4642);
#4642 = AXIS2_PLACEMENT_3D('',#4643,#4644,#4645);
#4643 = CARTESIAN_POINT('',(0.,0.,0.));
#4644 = DIRECTION('',(0.,0.,1.));
#4645 = DIRECTION('',(1.,0.,-0.));
#4646 = DEFINITIONAL_REPRESENTATION('',(#4647),#4651);
#4647 = CIRCLE('',#4648,5.);
#4648 = AXIS2_PLACEMENT_2D('',#4649,#4650);
#4649 = CARTESIAN_POINT('',(0.,0.));
#4650 = DIRECTION('',(1.,0.));
#4651 = ( GEOMETRIC_REPRESENTATION_CONTEXT(2) 
PARAMETRIC_REPRESENTATION_CONTEXT() REPRESENTATION_CONTEXT('2D SPACE',''
  ) );
#4652 = ORIENTED_EDGE('',*,*,#4653,.T.);
#4653 = EDGE_CURVE('',#4620,#4654,#4656,.T.);
#4654 = VERTEX_POINT('',#4655);
#4655 = CARTESIAN_POINT('',(5.,0.,15.));
#4656 = SEAM_CURVE('',#4657,(#4661,#4668),.PCURVE_S1.);
#4657 = LINE('',#4658,#4659);
#4658 = CARTESIAN_POINT('',(5.,0.,0.));
#4659 = VECTOR('',#4660,1.);
#4660 = DIRECTION('',(0.,0.,1.));
#4661 = PCURVE('',#4629,#4662);
#4662 = DEFINITIONAL_REPRESENTATION('',(#4663),#4667);
#4663 = LINE('',#4664,#4665);
#4664 = CARTESIAN_POINT('',(0.,0.));
#4665 = VECTOR('',#4666,1.);
#4666 = DIRECTION('',(0.,1.));
#4667 = ( GEOMETRIC_REPRESENTATION_CONTEXT(2) 
PARAMETRIC_REPRESENTATION_CONTEXT() REPRESENTATION_CONTEXT('2D SPACE',''
  ) );
#4668 = PCURVE('',#4629,#4669);
#4669 = DEFINITIONAL_REPRESENTATION('',(#4670),#4674);
#4670 = LINE('',#4671,#4672);
#4671 = CARTESIAN_POINT('',(6.28318530718,0.));
#4672 = VECTOR('',#4673,1.);
#4673 = DIRECTION('',(0.,1.));
#4674 = ( GEOMETRIC_REPRESENTATION_CONTEXT(2) 
PARAMETRIC_REPRESENTATION_CONTEXT() REPRESENTATION_CONTEXT('2D SPACE',''
  ) );
#4675 = ORIENTED_EDGE('',*,*,#4676,.F.);
#4676 = EDGE_CURVE('',#4654,#4654,#4677,.T.);
#4677 = SURFACE_CURVE('',#4678,(#4683,#4690),.PCURVE_S1.);
#4678 = CIRCLE('',#4679,5.);
#4679 = AXIS2_PLACEMENT_3D('',#4680,#4681,#4682);
#4680 = CARTESIAN_POINT('',(0.,0.,15.));
#4681 = DIRECTION('',(0.,0.,1.));
#4682 = DIRECTION('',(1.,0.,-0.));
#4683 = PCURVE('',#4629,#4684);
#4684 = DEFINITIONAL_REPRESENTATION('',(#4685),#4689);
#4685 = LINE('',#4686,#4687);
#4686 = CARTESIAN_POINT('',(0.,15.));
#4687 = VECTOR('',#4688,1.);
#4688 = DIRECTION('',(1.,0.));
#4689 = ( GEOMETRIC_REPRESENTATION_CONTEXT(2) 
PARAMETRIC_REPRESENTATION_CONTEXT() REPRESENTATION_CONTEXT('2D SPACE',''
  ) );
#4690 = PCURVE('',#4691,#4696);
#4691 = PLANE('',#4692);
#4692 = AXIS2_PLACEMENT_3D('',#4693,#4694,#4695);
#4693 = CARTESIAN_POINT('',(0.,0.,15.));
#4694 = DIRECTION('',(0.,0.,1.));
#4695 = DIRECTION('',(1.,0.,-0.));
#4696 = DEFINITIONAL_REPRESENTATION('',(#4697),#4701);
#4697 = CIRCLE('',#4698,5.);
#4698 = AXIS2_PLACEMENT_2D('',#4699,#4700);
#4699 = CARTESIAN_POINT('',(0.,0.));
#4700 = DIRECTION('',(1.,-0.));
#4701 = ( GEOMETRIC_REPRESENTATION_CONTEXT(2) 
PARAMETRIC_REPRESENTATION_CONTEXT() REPRESENTATION_CONTEXT('2D SPACE',''
  ) );
#4702 = ORIENTED_EDGE('',*,*,#4653,.F.);
#4703 = ADVANCED_FACE('',(#4704,#4707),#4691,.T.);
#4704 = FACE_BOUND('',#4705,.F.);
#4705 = EDGE_LOOP('',(#4706));
#4706 = ORIENTED_EDGE('',*,*,#4676,.T.);
#4707 = FACE_BOUND('',#4708,.F.);
#4708 = EDGE_LOOP('',(#4709));
#4709 = ORIENTED_EDGE('',*,*,#4710,.F.);
#4710 = EDGE_CURVE('',#4711,#4711,#4713,.T.);
#4711 = VERTEX_POINT('',#4712);
#4712 = CARTESIAN_POINT('',(6.,0.,15.));
#4713 = SURFACE_CURVE('',#4714,(#4719,#4726),.PCURVE_S1.);
#4714 = CIRCLE('',#4715,6.);
#4715 = AXIS2_PLACEMENT_3D('',#4716,#4717,#4718);
#4716 = CARTESIAN_POINT('',(0.,0.,15.));
#4717 = DIRECTION('',(0.,0.,1.));
#4718 = DIRECTION('',(1.,0.,-0.));
#4719 = PCURVE('',#4691,#4720);
#4720 = DEFINITIONAL_REPRESENTATION('',(#4721),#4725);
#4721 = CIRCLE('',#4722,6.);
#4722 = AXIS2_PLACEMENT_2D('',#4723,#4724);
#4723 = CARTESIAN_POINT('',(0.,0.));
#4724 = DIRECTION('',(1.,-0.));
#4725 = ( GEOMETRIC_REPRESENTATION_CONTEXT(2) 
PARAMETRIC_REPRESENTATION_CONTEXT() REPRESENTATION_CONTEXT('2D SPACE',''
  ) );
#4726 = PCURVE('',#4727,#4732);
#4727 = CYLINDRICAL_SURFACE('',#4728,6.);
#4728 = AXIS2_PLACEMENT_3D('',#4729,#4730,#4731);
#4729 = CARTESIAN_POINT('',(0.,0.,15.));
#4730 = DIRECTION('',(-0.,-0.,-1.));
#4731 = DIRECTION('',(1.,0.,0.));
#4732 = DEFINITIONAL_REPRESENTATION('',(#4733),#4737);
#4733 = LINE('',#4734,#4735);
#4734 = CARTESIAN_POINT('',(-0.,0.));
#4735 = VECTOR('',#4736,1.);
#4736 = DIRECTION('',(-1.,0.));
#4737 = ( GEOMETRIC_REPRESENTATION_CONTEXT(2) 
PARAMETRIC_REPRESENTATION_CONTEXT() REPRESENTATION_CONTEXT('2D SPACE',''
  ) );
#4738 = ADVANCED_FACE('',(#4739),#4727,.T.);
#4739 = FACE_BOUND('',#4740,.F.);
#4740 = EDGE_LOOP('',(#4741,#4742,#4765,#4787));
#4741 = ORIENTED_EDGE('',*,*,#4710,.T.);
#4742 = ORIENTED_EDGE('',*,*,#4743,.T.);
#4743 = EDGE_CURVE('',#4711,#4744,#4746,.T.);
#4744 = VERTEX_POINT('',#4745);
#4745 = CARTESIAN_POINT('',(6.,0.,0.));
#4746 = SEAM_CURVE('',#4747,(#4751,#4758),.PCURVE_S1.);
#4747 = LINE('',#4748,#4749);
#4748 = CARTESIAN_POINT('',(6.,0.,15.));
#4749 = VECTOR('',#4750,1.);
#4750 = DIRECTION('',(0.,0.,-1.));
#4751 = PCURVE('',#4727,#4752);
#4752 = DEFINITIONAL_REPRESENTATION('',(#4753),#4757);
#4753 = LINE('',#4754,#4755);
#4754 = CARTESIAN_POINT('',(-0.,0.));
#4755 = VECTOR('',#4756,1.);
#4756 = DIRECTION('',(-0.,1.));
#4757 = ( GEOMETRIC_REPRESENTATION_CONTEXT(2) 
PARAMETRIC_REPRESENTATION_CONTEXT() REPRESENTATION_CONTEXT('2D SPACE',''
  ) );
#4758 = PCURVE('',#4727,#4759);
#4759 = DEFINITIONAL_REPRESENTATION('',(#4760),#4764);
#4760 = LINE('',#4761,#4762);
#4761 = CARTESIAN_POINT('',(-6.28318530718,0.));
#4762 = VECTOR('',#4763,1.);
#4763 = DIRECTION('',(-0.,1.));
#4764 = ( GEOMETRIC_REPRESENTATION_CONTEXT(2) 
PARAMETRIC_REPRESENTATION_CONTEXT() REPRESENTATION_CONTEXT('2D SPACE',''
  ) );
#4765 = ORIENTED_EDGE('',*,*,#4766,.F.);
#4766 = EDGE_CURVE('',#4744,#4744,#4767,.T.);
#4767 = SURFACE_CURVE('',#4768,(#4773,#4780),.PCURVE_S1.);
#4768 = CIRCLE('',#4769,6.);
#4769 = AXIS2_PLACEMENT_3D('',#4770,#4771,#4772);
#4770 = CARTESIAN_POINT('',(0.,0.,0.));
#4771 = DIRECTION('',(0.,0.,1.));
#4772 = DIRECTION('',(1.,0.,-0.));
#4773 = PCURVE('',#4727,#4774);
#4774 = DEFINITIONAL_REPRESENTATION('',(#4775),#4779);
#4775 = LINE('',#4776,#4777);
#4776 = CARTESIAN_POINT('',(-0.,15.));
#4777 = VECTOR('',#4778,1.);
#4778 = DIRECTION('',(-1.,0.));
#4779 = ( GEOMETRIC_REPRESENTATION_CONTEXT(2) 
PARAMETRIC_REPRESENTATION_CONTEXT() REPRESENTATION_CONTEXT('2D SPACE',''
  ) );
#4780 = PCURVE('',#4641,#4781);
#4781 = DEFINITIONAL_REPRESENTATION('',(#4782),#4786);
#4782 = CIRCLE('',#4783,6.);
#4783 = AXIS2_PLACEMENT_2D('',#4784,#4785);
#4784 = CARTESIAN_POINT('',(0.,0.));
#4785 = DIRECTION('',(1.,0.));
#4786 = ( GEOMETRIC_REPRESENTATION_CONTEXT(2) 
PARAMETRIC_REPRESENTATION_CONTEXT() REPRESENTATION_CONTEXT('2D SPACE',''
  ) );
#4787 = ORIENTED_EDGE('',*,*,#4743,.F.);
#4788 = ADVANCED_FACE('',(#4789,#4792),#4641,.F.);
#4789 = FACE_BOUND('',#4790,.F.);
#4790 = EDGE_LOOP('',(#4791));
#4791 = ORIENTED_EDGE('',*,*,#4766,.T.);
#4792 = FACE_BOUND('',#4793,.F.);
#4793 = EDGE_LOOP('',(#4794));
#4794 = ORIENTED_EDGE('',*,*,#4619,.F.);
#4795 = ( GEOMETRIC_REPRESENTATION_CONTEXT(3) 
GLOBAL_UNCERTAINTY_ASSIGNED_CONTEXT((#4799)) 
GLOBAL_UNIT_ASSIGNED_CONTEXT((#4796,#4797,#4798)) REPRESENTATION_CONTEXT
('Context #1','3D Context with UNIT and UNCERTAINTY') );
#4796 = ( LENGTH_UNIT() NAMED_UNIT(*) SI_UNIT(.MILLI.,.METRE.) );
#4797 = ( NAMED_UNIT(*) PLANE_ANGLE_UNIT() SI_UNIT($,.RADIAN.) );
#4798 = ( NAMED_UNIT(*) SI_UNIT($,.STERADIAN.) SOLID_ANGLE_UNIT() );
#4799 = UNCERTAINTY_MEASURE_WITH_UNIT(LENGTH_MEASURE(1.E-07),#4796,
  'distance_accuracy_value','confusion accuracy');
#4800 = CONTEXT_DEPENDENT_SHAPE_REPRESENTATION(#4801,#4803);
#4801 = ( REPRESENTATION_RELATIONSHIP('','',#4612,#10) 
REPRESENTATION_RELATIONSHIP_WITH_TRANSFORMATION(#4802) 
SHAPE_REPRESENTATION_RELATIONSHIP() );
#4802 = ITEM_DEFINED_TRANSFORMATION('','',#11,#23);
#4803 = PRODUCT_DEFINITION_SHAPE('Placement','Placement of an item',
  #4804);
#4804 = NEXT_ASSEMBLY_USAGE_OCCURRENCE('3','bushing','',#5,#4607,$);
#4805 = PRODUCT_RELATED_PRODUCT_CATEGORY('part',$,(#4609));
#4806 = SHAPE_DEFINITION_REPRESENTATION(#4807,#4813);
#4807 = PRODUCT_DEFINITION_SHAPE('','',#4808);
#4808 = PRODUCT_DEFINITION('design','',#4809,#4812);
#4809 = PRODUCT_DEFINITION_FORMATION('','',#4810);
#4810 = PRODUCT('thrust_AXK1024','thrust_AXK1024','',(#4811));
#4811 = PRODUCT_CONTEXT('',#2,'mechanical');
#4812 = PRODUCT_DEFINITION_CONTEXT('part definition',#2,'design');
#4813 = ADVANCED_BREP_SHAPE_REPRESENTATION('',(#11,#4814),#4996);
#4814 = MANIFOLD_SOLID_BREP('',#4815);
#4815 = CLOSED_SHELL('',(#4816,#4904,#4939,#4989));
#4816 = ADVANCED_FACE('',(#4817),#4830,.F.);
#4817 = FACE_BOUND('',#4818,.F.);
#4818 = EDGE_LOOP('',(#4819,#4853,#4876,#4903));
#4819 = ORIENTED_EDGE('',*,*,#4820,.T.);
#4820 = EDGE_CURVE('',#4821,#4821,#4823,.T.);
#4821 = VERTEX_POINT('',#4822);
#4822 = CARTESIAN_POINT('',(5.,0.,0.));
#4823 = SURFACE_CURVE('',#4824,(#4829,#4841),.PCURVE_S1.);
#4824 = CIRCLE('',#4825,5.);
#4825 = AXIS2_PLACEMENT_3D('',#4826,#4827,#4828);
#4826 = CARTESIAN_POINT('',(0.,0.,0.));
#4827 = DIRECTION('',(0.,0.,1.));
#4828 = DIRECTION('',(1.,0.,-0.));
#4829 = PCURVE('',#4830,#4835);
#4830 = CYLINDRICAL_SURFACE('',#4831,5.);
#4831 = AXIS2_PLACEMENT_3D('',#4832,#4833,#4834);
#4832 = CARTESIAN_POINT('',(0.,0.,0.));
#4833 = DIRECTION('',(0.,0.,1.));
#4834 = DIRECTION('',(1.,0.,-0.));
#4835 = DEFINITIONAL_REPRESENTATION('',(#4836),#4840);
#4836 = LINE('',#4837,#4838);
#4837 = CARTESIAN_POINT('',(0.,0.));
#4838 = VECTOR('',#4839,1.);
#4839 = DIRECTION('',(1.,0.));
#4840 = ( GEOMETRIC_REPRESENTATION_CONTEXT(2) 
PARAMETRIC_REPRESENTATION_CONTEXT() REPRESENTATION_CONTEXT('2D SPACE',''
  ) );
#4841 = PCURVE('',#4842,#4847);
#4842 = PLANE('',#4843);
#4843 = AXIS2_PLACEMENT_3D('',#4844,#4845,#4846);
#4844 = CARTESIAN_POINT('',(0.,0.,0.));
#4845 = DIRECTION('',(0.,0.,1.));
#4846 = DIRECTION('',(1.,0.,-0.));
#4847 = DEFINITIONAL_REPRESENTATION('',(#4848),#4852);
#4848 = CIRCLE('',#4849,5.);
#4849 = AXIS2_PLACEMENT_2D('',#4850,#4851);
#4850 = CARTESIAN_POINT('',(0.,0.));
#4851 = DIRECTION('',(1.,0.));
#4852 = ( GEOMETRIC_REPRESENTATION_CONTEXT(2) 
PARAMETRIC_REPRESENTATION_CONTEXT() REPRESENTATION_CONTEXT('2D SPACE',''
  ) );
#4853 = ORIENTED_EDGE('',*,*,#4854,.T.);
#4854 = EDGE_CURVE('',#4821,#4855,#4857,.T.);
#4855 = VERTEX_POINT('',#4856);
#4856 = CARTESIAN_POINT('',(5.,0.,4.));
#4857 = SEAM_CURVE('',#4858,(#4862,#4869),.PCURVE_S1.);
#4858 = LINE('',#4859,#4860);
#4859 = CARTESIAN_POINT('',(5.,0.,0.));
#4860 = VECTOR('',#4861,1.);
#4861 = DIRECTION('',(0.,0.,1.));
#4862 = PCURVE('',#4830,#4863);
#4863 = DEFINITIONAL_REPRESENTATION('',(#4864),#4868);
#4864 = LINE('',#4865,#4866);
#4865 = CARTESIAN_POINT('',(0.,0.));
#4866 = VECTOR('',#4867,1.);
#4867 = DIRECTION('',(0.,1.));
#4868 = ( GEOMETRIC_REPRESENTATION_CONTEXT(2) 
PARAMETRIC_REPRESENTATION_CONTEXT() REPRESENTATION_CONTEXT('2D SPACE',''
  ) );
#4869 = PCURVE('',#4830,#4870);
#4870 = DEFINITIONAL_REPRESENTATION('',(#4871),#4875);
#4871 = LINE('',#4872,#4873);
#4872 = CARTESIAN_POINT('',(6.28318530718,0.));
#4873 = VECTOR('',#4874,1.);
#4874 = DIRECTION('',(0.,1.));
#4875 = ( GEOMETRIC_REPRESENTATION_CONTEXT(2) 
PARAMETRIC_REPRESENTATION_CONTEXT() REPRESENTATION_CONTEXT('2D SPACE',''
  ) );
#4876 = ORIENTED_EDGE('',*,*,#4877,.F.);
#4877 = EDGE_CURVE('',#4855,#4855,#4878,.T.);
#4878 = SURFACE_CURVE('',#4879,(#4884,#4891),.PCURVE_S1.);
#4879 = CIRCLE('',#4880,5.);
#4880 = AXIS2_PLACEMENT_3D('',#4881,#4882,#4883);
#4881 = CARTESIAN_POINT('',(0.,0.,4.));
#4882 = DIRECTION('',(0.,0.,1.));
#4883 = DIRECTION('',(1.,0.,-0.));
#4884 = PCURVE('',#4830,#4885);
#4885 = DEFINITIONAL_REPRESENTATION('',(#4886),#4890);
#4886 = LINE('',#4887,#4888);
#4887 = CARTESIAN_POINT('',(0.,4.));
#4888 = VECTOR('',#4889,1.);
#4889 = DIRECTION('',(1.,0.));
#4890 = ( GEOMETRIC_REPRESENTATION_CONTEXT(2) 
PARAMETRIC_REPRESENTATION_CONTEXT() REPRESENTATION_CONTEXT('2D SPACE',''
  ) );
#4891 = PCURVE('',#4892,#4897);
#4892 = PLANE('',#4893);
#4893 = AXIS2_PLACEMENT_3D('',#4894,#4895,#4896);
#4894 = CARTESIAN_POINT('',(0.,0.,4.));
#4895 = DIRECTION('',(0.,0.,1.));
#4896 = DIRECTION('',(1.,0.,-0.));
#4897 = DEFINITIONAL_REPRESENTATION('',(#4898),#4902);
#4898 = CIRCLE('',#4899,5.);
#4899 = AXIS2_PLACEMENT_2D('',#4900,#4901);
#4900 = CARTESIAN_POINT('',(0.,0.));
#4901 = DIRECTION('',(1.,-0.));
#4902 = ( GEOMETRIC_REPRESENTATION_CONTEXT(2) 
PARAMETRIC_REPRESENTATION_CONTEXT() REPRESENTATION_CONTEXT('2D SPACE',''
  ) );
#4903 = ORIENTED_EDGE('',*,*,#4854,.F.);
#4904 = ADVANCED_FACE('',(#4905,#4908),#4892,.T.);
#4905 = FACE_BOUND('',#4906,.F.);
#4906 = EDGE_LOOP('',(#4907));
#4907 = ORIENTED_EDGE('',*,*,#4877,.T.);
#4908 = FACE_BOUND('',#4909,.F.);
#4909 = EDGE_LOOP('',(#4910));
#4910 = ORIENTED_EDGE('',*,*,#4911,.F.);
#4911 = EDGE_CURVE('',#4912,#4912,#4914,.T.);
#4912 = VERTEX_POINT('',#4913);
#4913 = CARTESIAN_POINT('',(12.,0.,4.));
#4914 = SURFACE_CURVE('',#4915,(#4920,#4927),.PCURVE_S1.);
#4915 = CIRCLE('',#4916,12.);
#4916 = AXIS2_PLACEMENT_3D('',#4917,#4918,#4919);
#4917 = CARTESIAN_POINT('',(0.,0.,4.));
#4918 = DIRECTION('',(0.,0.,1.));
#4919 = DIRECTION('',(1.,0.,-0.));
#4920 = PCURVE('',#4892,#4921);
#4921 = DEFINITIONAL_REPRESENTATION('',(#4922),#4926);
#4922 = CIRCLE('',#4923,12.);
#4923 = AXIS2_PLACEMENT_2D('',#4924,#4925);
#4924 = CARTESIAN_POINT('',(0.,0.));
#4925 = DIRECTION('',(1.,-0.));
#4926 = ( GEOMETRIC_REPRESENTATION_CONTEXT(2) 
PARAMETRIC_REPRESENTATION_CONTEXT() REPRESENTATION_CONTEXT('2D SPACE',''
  ) );
#4927 = PCURVE('',#4928,#4933);
#4928 = CYLINDRICAL_SURFACE('',#4929,12.);
#4929 = AXIS2_PLACEMENT_3D('',#4930,#4931,#4932);
#4930 = CARTESIAN_POINT('',(0.,0.,4.));
#4931 = DIRECTION('',(-0.,-0.,-1.));
#4932 = DIRECTION('',(1.,0.,0.));
#4933 = DEFINITIONAL_REPRESENTATION('',(#4934),#4938);
#4934 = LINE('',#4935,#4936);
#4935 = CARTESIAN_POINT('',(-0.,0.));
#4936 = VECTOR('',#4937,1.);
#4937 = DIRECTION('',(-1.,0.));
#4938 = ( GEOMETRIC_REPRESENTATION_CONTEXT(2) 
PARAMETRIC_REPRESENTATION_CONTEXT() REPRESENTATION_CONTEXT('2D SPACE',''
  ) );
#4939 = ADVANCED_FACE('',(#4940),#4928,.T.);
#4940 = FACE_BOUND('',#4941,.F.);
#4941 = EDGE_LOOP('',(#4942,#4943,#4966,#4988));
#4942 = ORIENTED_EDGE('',*,*,#4911,.T.);
#4943 = ORIENTED_EDGE('',*,*,#4944,.T.);
#4944 = EDGE_CURVE('',#4912,#4945,#4947,.T.);
#4945 = VERTEX_POINT('',#4946);
#4946 = CARTESIAN_POINT('',(12.,0.,0.));
#4947 = SEAM_CURVE('',#4948,(#4952,#4959),.PCURVE_S1.);
#4948 = LINE('',#4949,#4950);
#4949 = CARTESIAN_POINT('',(12.,0.,4.));
#4950 = VECTOR('',#4951,1.);
#4951 = DIRECTION('',(0.,0.,-1.));
#4952 = PCURVE('',#4928,#4953);
#4953 = DEFINITIONAL_REPRESENTATION('',(#4954),#4958);
#4954 = LINE('',#4955,#4956);
#4955 = CARTESIAN_POINT('',(-0.,0.));
#4956 = VECTOR('',#4957,1.);
#4957 = DIRECTION('',(-0.,1.));
#4958 = ( GEOMETRIC_REPRESENTATION_CONTEXT(2) 
PARAMETRIC_REPRESENTATION_CONTEXT() REPRESENTATION_CONTEXT('2D SPACE',''
  ) );
#4959 = PCURVE('',#4928,#4960);
#4960 = DEFINITIONAL_REPRESENTATION('',(#4961),#4965);
#4961 = LINE('',#4962,#4963);
#4962 = CARTESIAN_POINT('',(-6.28318530718,0.));
#4963 = VECTOR('',#4964,1.);
#4964 = DIRECTION('',(-0.,1.));
#4965 = ( GEOMETRIC_REPRESENTATION_CONTEXT(2) 
PARAMETRIC_REPRESENTATION_CONTEXT() REPRESENTATION_CONTEXT('2D SPACE',''
  ) );
#4966 = ORIENTED_EDGE('',*,*,#4967,.F.);
#4967 = EDGE_CURVE('',#4945,#4945,#4968,.T.);
#4968 = SURFACE_CURVE('',#4969,(#4974,#4981),.PCURVE_S1.);
#4969 = CIRCLE('',#4970,12.);
#4970 = AXIS2_PLACEMENT_3D('',#4971,#4972,#4973);
#4971 = CARTESIAN_POINT('',(0.,0.,0.));
#4972 = DIRECTION('',(0.,0.,1.));
#4973 = DIRECTION('',(1.,0.,-0.));
#4974 = PCURVE('',#4928,#4975);
#4975 = DEFINITIONAL_REPRESENTATION('',(#4976),#4980);
#4976 = LINE('',#4977,#4978);
#4977 = CARTESIAN_POINT('',(-0.,4.));
#4978 = VECTOR('',#4979,1.);
#4979 = DIRECTION('',(-1.,0.));
#4980 = ( GEOMETRIC_REPRESENTATION_CONTEXT(2) 
PARAMETRIC_REPRESENTATION_CONTEXT() REPRESENTATION_CONTEXT('2D SPACE',''
  ) );
#4981 = PCURVE('',#4842,#4982);
#4982 = DEFINITIONAL_REPRESENTATION('',(#4983),#4987);
#4983 = CIRCLE('',#4984,12.);
#4984 = AXIS2_PLACEMENT_2D('',#4985,#4986);
#4985 = CARTESIAN_POINT('',(0.,0.));
#4986 = DIRECTION('',(1.,0.));
#4987 = ( GEOMETRIC_REPRESENTATION_CONTEXT(2) 
PARAMETRIC_REPRESENTATION_CONTEXT() REPRESENTATION_CONTEXT('2D SPACE',''
  ) );
#4988 = ORIENTED_EDGE('',*,*,#4944,.F.);
#4989 = ADVANCED_FACE('',(#4990,#4993),#4842,.F.);
#4990 = FACE_BOUND('',#4991,.F.);
#4991 = EDGE_LOOP('',(#4992));
#4992 = ORIENTED_EDGE('',*,*,#4967,.T.);
#4993 = FACE_BOUND('',#4994,.F.);
#4994 = EDGE_LOOP('',(#4995));
#4995 = ORIENTED_EDGE('',*,*,#4820,.F.);
#4996 = ( GEOMETRIC_REPRESENTATION_CONTEXT(3) 
GLOBAL_UNCERTAINTY_ASSIGNED_CONTEXT((#5000)) 
GLOBAL_UNIT_ASSIGNED_CONTEXT((#4997,#4998,#4999)) REPRESENTATION_CONTEXT
('Context #1','3D Context with UNIT and UNCERTAINTY') );
#4997 = ( LENGTH_UNIT() NAMED_UNIT(*) SI_UNIT(.MILLI.,.METRE.) );
#4998 = ( NAMED_UNIT(*) PLANE_ANGLE_UNIT() SI_UNIT($,.RADIAN.) );
#4999 = ( NAMED_UNIT(*) SI_UNIT($,.STERADIAN.) SOLID_ANGLE_UNIT() );
#5000 = UNCERTAINTY_MEASURE_WITH_UNIT(LENGTH_MEASURE(1.E-07),#4997,
  'distance_accuracy_value','confusion accuracy');
#5001 = CONTEXT_DEPENDENT_SHAPE_REPRESENTATION(#5002,#5004);
#5002 = ( REPRESENTATION_RELATIONSHIP('','',#4813,#10) 
REPRESENTATION_RELATIONSHIP_WITH_TRANSFORMATION(#5003) 
SHAPE_REPRESENTATION_RELATIONSHIP() );
#5003 = ITEM_DEFINED_TRANSFORMATION('','',#11,#27);
#5004 = PRODUCT_DEFINITION_SHAPE('Placement','Placement of an item',
  #5005);
#5005 = NEXT_ASSEMBLY_USAGE_OCCURRENCE('4','thrust_AXK1024','',#5,#4808,
  $);
#5006 = PRODUCT_RELATED_PRODUCT_CATEGORY('part',$,(#4810));
#5007 = SHAPE_DEFINITION_REPRESENTATION(#5008,#5014);
#5008 = PRODUCT_DEFINITION_SHAPE('','',#5009);
#5009 = PRODUCT_DEFINITION('design','',#5010,#5013);
#5010 = PRODUCT_DEFINITION_FORMATION('','',#5011);
#5011 = PRODUCT('case_shaft_ref','case_shaft_ref','',(#5012));
#5012 = PRODUCT_CONTEXT('',#2,'mechanical');
#5013 = PRODUCT_DEFINITION_CONTEXT('part definition',#2,'design');
#5014 = ADVANCED_BREP_SHAPE_REPRESENTATION('',(#11,#5015),#5113);
#5015 = MANIFOLD_SOLID_BREP('',#5016);
#5016 = CLOSED_SHELL('',(#5017,#5105,#5109));
#5017 = ADVANCED_FACE('',(#5018),#5031,.T.);
#5018 = FACE_BOUND('',#5019,.T.);
#5019 = EDGE_LOOP('',(#5020,#5054,#5077,#5104));
#5020 = ORIENTED_EDGE('',*,*,#5021,.F.);
#5021 = EDGE_CURVE('',#5022,#5022,#5024,.T.);
#5022 = VERTEX_POINT('',#5023);
#5023 = CARTESIAN_POINT('',(5.,-1.224646799147E-15,13.96));
#5024 = SURFACE_CURVE('',#5025,(#5030,#5042),.PCURVE_S1.);
#5025 = CIRCLE('',#5026,5.);
#5026 = AXIS2_PLACEMENT_3D('',#5027,#5028,#5029);
#5027 = CARTESIAN_POINT('',(0.,0.,13.96));
#5028 = DIRECTION('',(0.,0.,1.));
#5029 = DIRECTION('',(1.,0.,-0.));
#5030 = PCURVE('',#5031,#5036);
#5031 = CYLINDRICAL_SURFACE('',#5032,5.);
#5032 = AXIS2_PLACEMENT_3D('',#5033,#5034,#5035);
#5033 = CARTESIAN_POINT('',(0.,0.,-13.96));
#5034 = DIRECTION('',(0.,0.,1.));
#5035 = DIRECTION('',(1.,0.,-0.));
#5036 = DEFINITIONAL_REPRESENTATION('',(#5037),#5041);
#5037 = LINE('',#5038,#5039);
#5038 = CARTESIAN_POINT('',(0.,27.92));
#5039 = VECTOR('',#5040,1.);
#5040 = DIRECTION('',(1.,0.));
#5041 = ( GEOMETRIC_REPRESENTATION_CONTEXT(2) 
PARAMETRIC_REPRESENTATION_CONTEXT() REPRESENTATION_CONTEXT('2D SPACE',''
  ) );
#5042 = PCURVE('',#5043,#5048);
#5043 = PLANE('',#5044);
#5044 = AXIS2_PLACEMENT_3D('',#5045,#5046,#5047);
#5045 = CARTESIAN_POINT('',(0.,0.,13.96));
#5046 = DIRECTION('',(0.,0.,1.));
#5047 = DIRECTION('',(1.,0.,-0.));
#5048 = DEFINITIONAL_REPRESENTATION('',(#5049),#5053);
#5049 = CIRCLE('',#5050,5.);
#5050 = AXIS2_PLACEMENT_2D('',#5051,#5052);
#5051 = CARTESIAN_POINT('',(0.,0.));
#5052 = DIRECTION('',(1.,0.));
#5053 = ( GEOMETRIC_REPRESENTATION_CONTEXT(2) 
PARAMETRIC_REPRESENTATION_CONTEXT() REPRESENTATION_CONTEXT('2D SPACE',''
  ) );
#5054 = ORIENTED_EDGE('',*,*,#5055,.F.);
#5055 = EDGE_CURVE('',#5056,#5022,#5058,.T.);
#5056 = VERTEX_POINT('',#5057);
#5057 = CARTESIAN_POINT('',(5.,-1.224646799147E-15,-13.96));
#5058 = SEAM_CURVE('',#5059,(#5063,#5070),.PCURVE_S1.);
#5059 = LINE('',#5060,#5061);
#5060 = CARTESIAN_POINT('',(5.,-1.224646799147E-15,-13.96));
#5061 = VECTOR('',#5062,1.);
#5062 = DIRECTION('',(0.,0.,1.));
#5063 = PCURVE('',#5031,#5064);
#5064 = DEFINITIONAL_REPRESENTATION('',(#5065),#5069);
#5065 = LINE('',#5066,#5067);
#5066 = CARTESIAN_POINT('',(6.28318530718,-0.));
#5067 = VECTOR('',#5068,1.);
#5068 = DIRECTION('',(0.,1.));
#5069 = ( GEOMETRIC_REPRESENTATION_CONTEXT(2) 
PARAMETRIC_REPRESENTATION_CONTEXT() REPRESENTATION_CONTEXT('2D SPACE',''
  ) );
#5070 = PCURVE('',#5031,#5071);
#5071 = DEFINITIONAL_REPRESENTATION('',(#5072),#5076);
#5072 = LINE('',#5073,#5074);
#5073 = CARTESIAN_POINT('',(0.,-0.));
#5074 = VECTOR('',#5075,1.);
#5075 = DIRECTION('',(0.,1.));
#5076 = ( GEOMETRIC_REPRESENTATION_CONTEXT(2) 
PARAMETRIC_REPRESENTATION_CONTEXT() REPRESENTATION_CONTEXT('2D SPACE',''
  ) );
#5077 = ORIENTED_EDGE('',*,*,#5078,.T.);
#5078 = EDGE_CURVE('',#5056,#5056,#5079,.T.);
#5079 = SURFACE_CURVE('',#5080,(#5085,#5092),.PCURVE_S1.);
#5080 = CIRCLE('',#5081,5.);
#5081 = AXIS2_PLACEMENT_3D('',#5082,#5083,#5084);
#5082 = CARTESIAN_POINT('',(0.,0.,-13.96));
#5083 = DIRECTION('',(0.,0.,1.));
#5084 = DIRECTION('',(1.,0.,-0.));
#5085 = PCURVE('',#5031,#5086);
#5086 = DEFINITIONAL_REPRESENTATION('',(#5087),#5091);
#5087 = LINE('',#5088,#5089);
#5088 = CARTESIAN_POINT('',(0.,0.));
#5089 = VECTOR('',#5090,1.);
#5090 = DIRECTION('',(1.,0.));
#5091 = ( GEOMETRIC_REPRESENTATION_CONTEXT(2) 
PARAMETRIC_REPRESENTATION_CONTEXT() REPRESENTATION_CONTEXT('2D SPACE',''
  ) );
#5092 = PCURVE('',#5093,#5098);
#5093 = PLANE('',#5094);
#5094 = AXIS2_PLACEMENT_3D('',#5095,#5096,#5097);
#5095 = CARTESIAN_POINT('',(0.,0.,-13.96));
#5096 = DIRECTION('',(0.,0.,1.));
#5097 = DIRECTION('',(1.,0.,-0.));
#5098 = DEFINITIONAL_REPRESENTATION('',(#5099),#5103);
#5099 = CIRCLE('',#5100,5.);
#5100 = AXIS2_PLACEMENT_2D('',#5101,#5102);
#5101 = CARTESIAN_POINT('',(0.,0.));
#5102 = DIRECTION('',(1.,0.));
#5103 = ( GEOMETRIC_REPRESENTATION_CONTEXT(2) 
PARAMETRIC_REPRESENTATION_CONTEXT() REPRESENTATION_CONTEXT('2D SPACE',''
  ) );
#5104 = ORIENTED_EDGE('',*,*,#5055,.T.);
#5105 = ADVANCED_FACE('',(#5106),#5043,.T.);
#5106 = FACE_BOUND('',#5107,.T.);
#5107 = EDGE_LOOP('',(#5108));
#5108 = ORIENTED_EDGE('',*,*,#5021,.T.);
#5109 = ADVANCED_FACE('',(#5110),#5093,.F.);
#5110 = FACE_BOUND('',#5111,.T.);
#5111 = EDGE_LOOP('',(#5112));
#5112 = ORIENTED_EDGE('',*,*,#5078,.F.);
#5113 = ( GEOMETRIC_REPRESENTATION_CONTEXT(3) 
GLOBAL_UNCERTAINTY_ASSIGNED_CONTEXT((#5117)) 
GLOBAL_UNIT_ASSIGNED_CONTEXT((#5114,#5115,#5116)) REPRESENTATION_CONTEXT
('Context #1','3D Context with UNIT and UNCERTAINTY') );
#5114 = ( LENGTH_UNIT() NAMED_UNIT(*) SI_UNIT(.MILLI.,.METRE.) );
#5115 = ( NAMED_UNIT(*) PLANE_ANGLE_UNIT() SI_UNIT($,.RADIAN.) );
#5116 = ( NAMED_UNIT(*) SI_UNIT($,.STERADIAN.) SOLID_ANGLE_UNIT() );
#5117 = UNCERTAINTY_MEASURE_WITH_UNIT(LENGTH_MEASURE(1.E-07),#5114,
  'distance_accuracy_value','confusion accuracy');
#5118 = CONTEXT_DEPENDENT_SHAPE_REPRESENTATION(#5119,#5121);
#5119 = ( REPRESENTATION_RELATIONSHIP('','',#5014,#10) 
REPRESENTATION_RELATIONSHIP_WITH_TRANSFORMATION(#5120) 
SHAPE_REPRESENTATION_RELATIONSHIP() );
#5120 = ITEM_DEFINED_TRANSFORMATION('','',#11,#31);
#5121 = PRODUCT_DEFINITION_SHAPE('Placement','Placement of an item',
  #5122);
#5122 = NEXT_ASSEMBLY_USAGE_OCCURRENCE('5','case_shaft_ref','',#5,#5009,
  $);
#5123 = PRODUCT_RELATED_PRODUCT_CATEGORY('part',$,(#5011));
#5124 = SHAPE_DEFINITION_REPRESENTATION(#5125,#5131);
#5125 = PRODUCT_DEFINITION_SHAPE('','',#5126);
#5126 = PRODUCT_DEFINITION('design','',#5127,#5130);
#5127 = PRODUCT_DEFINITION_FORMATION('','',#5128);
#5128 = PRODUCT('ots_wheel_R','ots_wheel_R','',(#5129));
#5129 = PRODUCT_CONTEXT('',#2,'mechanical');
#5130 = PRODUCT_DEFINITION_CONTEXT('part definition',#2,'design');
#5131 = ADVANCED_BREP_SHAPE_REPRESENTATION('',(#11,#5132),#5602);
#5132 = MANIFOLD_SOLID_BREP('',#5133);
#5133 = CLOSED_SHELL('',(#5134,#5202,#5256,#5311,#5366,#5401,#5455,#5510
    ,#5545,#5575));
#5134 = ADVANCED_FACE('',(#5135,#5171),#5148,.T.);
#5135 = FACE_BOUND('',#5136,.F.);
#5136 = EDGE_LOOP('',(#5137));
#5137 = ORIENTED_EDGE('',*,*,#5138,.F.);
#5138 = EDGE_CURVE('',#5139,#5139,#5141,.T.);
#5139 = VERTEX_POINT('',#5140);
#5140 = CARTESIAN_POINT('',(23.,0.,6.));
#5141 = SURFACE_CURVE('',#5142,(#5147,#5159),.PCURVE_S1.);
#5142 = CIRCLE('',#5143,23.);
#5143 = AXIS2_PLACEMENT_3D('',#5144,#5145,#5146);
#5144 = CARTESIAN_POINT('',(0.,0.,6.));
#5145 = DIRECTION('',(0.,-0.,1.));
#5146 = DIRECTION('',(1.,0.,0.));
#5147 = PCURVE('',#5148,#5153);
#5148 = PLANE('',#5149);
#5149 = AXIS2_PLACEMENT_3D('',#5150,#5151,#5152);
#5150 = CARTESIAN_POINT('',(0.,0.,6.));
#5151 = DIRECTION('',(0.,0.,1.));
#5152 = DIRECTION('',(1.,0.,-0.));
#5153 = DEFINITIONAL_REPRESENTATION('',(#5154),#5158);
#5154 = CIRCLE('',#5155,23.);
#5155 = AXIS2_PLACEMENT_2D('',#5156,#5157);
#5156 = CARTESIAN_POINT('',(0.,0.));
#5157 = DIRECTION('',(1.,-0.));
#5158 = ( GEOMETRIC_REPRESENTATION_CONTEXT(2) 
PARAMETRIC_REPRESENTATION_CONTEXT() REPRESENTATION_CONTEXT('2D SPACE',''
  ) );
#5159 = PCURVE('',#5160,#5165);
#5160 = TOROIDAL_SURFACE('',#5161,23.,2.);
#5161 = AXIS2_PLACEMENT_3D('',#5162,#5163,#5164);
#5162 = CARTESIAN_POINT('',(0.,0.,4.));
#5163 = DIRECTION('',(-0.,0.,-1.));
#5164 = DIRECTION('',(1.,0.,0.));
#5165 = DEFINITIONAL_REPRESENTATION('',(#5166),#5170);
#5166 = LINE('',#5167,#5168);
#5167 = CARTESIAN_POINT('',(-0.,4.712388980385));
#5168 = VECTOR('',#5169,1.);
#5169 = DIRECTION('',(-1.,0.));
#5170 = ( GEOMETRIC_REPRESENTATION_CONTEXT(2) 
PARAMETRIC_REPRESENTATION_CONTEXT() REPRESENTATION_CONTEXT('2D SPACE',''
  ) );
#5171 = FACE_BOUND('',#5172,.F.);
#5172 = EDGE_LOOP('',(#5173));
#5173 = ORIENTED_EDGE('',*,*,#5174,.T.);
#5174 = EDGE_CURVE('',#5175,#5175,#5177,.T.);
#5175 = VERTEX_POINT('',#5176);
#5176 = CARTESIAN_POINT('',(10.,0.,6.));
#5177 = SURFACE_CURVE('',#5178,(#5183,#5190),.PCURVE_S1.);
#5178 = CIRCLE('',#5179,10.);
#5179 = AXIS2_PLACEMENT_3D('',#5180,#5181,#5182);
#5180 = CARTESIAN_POINT('',(0.,0.,6.));
#5181 = DIRECTION('',(0.,0.,1.));
#5182 = DIRECTION('',(1.,0.,-0.));
#5183 = PCURVE('',#5148,#5184);
#5184 = DEFINITIONAL_REPRESENTATION('',(#5185),#5189);
#5185 = CIRCLE('',#5186,10.);
#5186 = AXIS2_PLACEMENT_2D('',#5187,#5188);
#5187 = CARTESIAN_POINT('',(0.,0.));
#5188 = DIRECTION('',(1.,-0.));
#5189 = ( GEOMETRIC_REPRESENTATION_CONTEXT(2) 
PARAMETRIC_REPRESENTATION_CONTEXT() REPRESENTATION_CONTEXT('2D SPACE',''
  ) );
#5190 = PCURVE('',#5191,#5196);
#5191 = CYLINDRICAL_SURFACE('',#5192,10.);
#5192 = AXIS2_PLACEMENT_3D('',#5193,#5194,#5195);
#5193 = CARTESIAN_POINT('',(0.,0.,6.85));
#5194 = DIRECTION('',(-0.,-0.,-1.));
#5195 = DIRECTION('',(1.,0.,0.));
#5196 = DEFINITIONAL_REPRESENTATION('',(#5197),#5201);
#5197 = LINE('',#5198,#5199);
#5198 = CARTESIAN_POINT('',(-0.,0.85));
#5199 = VECTOR('',#5200,1.);
#5200 = DIRECTION('',(-1.,0.));
#5201 = ( GEOMETRIC_REPRESENTATION_CONTEXT(2) 
PARAMETRIC_REPRESENTATION_CONTEXT() REPRESENTATION_CONTEXT('2D SPACE',''
  ) );
#5202 = ADVANCED_FACE('',(#5203),#5160,.T.);
#5203 = FACE_BOUND('',#5204,.F.);
#5204 = EDGE_LOOP('',(#5205,#5227,#5228,#5229));
#5205 = ORIENTED_EDGE('',*,*,#5206,.F.);
#5206 = EDGE_CURVE('',#5139,#5207,#5209,.T.);
#5207 = VERTEX_POINT('',#5208);
#5208 = CARTESIAN_POINT('',(25.,0.,4.));
#5209 = SEAM_CURVE('',#5210,(#5215,#5221),.PCURVE_S1.);
#5210 = CIRCLE('',#5211,2.);
#5211 = AXIS2_PLACEMENT_3D('',#5212,#5213,#5214);
#5212 = CARTESIAN_POINT('',(23.,0.,4.));
#5213 = DIRECTION('',(-0.,1.,0.));
#5214 = DIRECTION('',(1.,0.,0.));
#5215 = PCURVE('',#5160,#5216);
#5216 = DEFINITIONAL_REPRESENTATION('',(#5217),#5220);
#5217 = B_SPLINE_CURVE_WITH_KNOTS('',1,(#5218,#5219),.UNSPECIFIED.,.F.,
  .F.,(2,2),(4.712388980385,6.28318530718),.PIECEWISE_BEZIER_KNOTS.);
#5218 = CARTESIAN_POINT('',(0.,4.712388980385));
#5219 = CARTESIAN_POINT('',(0.,6.28318530718));
#5220 = ( GEOMETRIC_REPRESENTATION_CONTEXT(2) 
PARAMETRIC_REPRESENTATION_CONTEXT() REPRESENTATION_CONTEXT('2D SPACE',''
  ) );
#5221 = PCURVE('',#5160,#5222);
#5222 = DEFINITIONAL_REPRESENTATION('',(#5223),#5226);
#5223 = B_SPLINE_CURVE_WITH_KNOTS('',1,(#5224,#5225),.UNSPECIFIED.,.F.,
  .F.,(2,2),(4.712388980385,6.28318530718),.PIECEWISE_BEZIER_KNOTS.);
#5224 = CARTESIAN_POINT('',(-6.28318530718,4.712388980385));
#5225 = CARTESIAN_POINT('',(-6.28318530718,6.28318530718));
#5226 = ( GEOMETRIC_REPRESENTATION_CONTEXT(2) 
PARAMETRIC_REPRESENTATION_CONTEXT() REPRESENTATION_CONTEXT('2D SPACE',''
  ) );
#5227 = ORIENTED_EDGE('',*,*,#5138,.F.);
#5228 = ORIENTED_EDGE('',*,*,#5206,.T.);
#5229 = ORIENTED_EDGE('',*,*,#5230,.T.);
#5230 = EDGE_CURVE('',#5207,#5207,#5231,.T.);
#5231 = SURFACE_CURVE('',#5232,(#5237,#5244),.PCURVE_S1.);
#5232 = CIRCLE('',#5233,25.);
#5233 = AXIS2_PLACEMENT_3D('',#5234,#5235,#5236);
#5234 = CARTESIAN_POINT('',(0.,0.,4.));
#5235 = DIRECTION('',(0.,-0.,1.));
#5236 = DIRECTION('',(1.,0.,0.));
#5237 = PCURVE('',#5160,#5238);
#5238 = DEFINITIONAL_REPRESENTATION('',(#5239),#5243);
#5239 = LINE('',#5240,#5241);
#5240 = CARTESIAN_POINT('',(-0.,6.28318530718));
#5241 = VECTOR('',#5242,1.);
#5242 = DIRECTION('',(-1.,0.));
#5243 = ( GEOMETRIC_REPRESENTATION_CONTEXT(2) 
PARAMETRIC_REPRESENTATION_CONTEXT() REPRESENTATION_CONTEXT('2D SPACE',''
  ) );
#5244 = PCURVE('',#5245,#5250);
#5245 = CYLINDRICAL_SURFACE('',#5246,25.);
#5246 = AXIS2_PLACEMENT_3D('',#5247,#5248,#5249);
#5247 = CARTESIAN_POINT('',(0.,0.,6.));
#5248 = DIRECTION('',(-0.,-0.,-1.));
#5249 = DIRECTION('',(1.,0.,0.));
#5250 = DEFINITIONAL_REPRESENTATION('',(#5251),#5255);
#5251 = LINE('',#5252,#5253);
#5252 = CARTESIAN_POINT('',(-0.,2.));
#5253 = VECTOR('',#5254,1.);
#5254 = DIRECTION('',(-1.,0.));
#5255 = ( GEOMETRIC_REPRESENTATION_CONTEXT(2) 
PARAMETRIC_REPRESENTATION_CONTEXT() REPRESENTATION_CONTEXT('2D SPACE',''
  ) );
#5256 = ADVANCED_FACE('',(#5257),#5191,.T.);
#5257 = FACE_BOUND('',#5258,.F.);
#5258 = EDGE_LOOP('',(#5259,#5288,#5309,#5310));
#5259 = ORIENTED_EDGE('',*,*,#5260,.T.);
#5260 = EDGE_CURVE('',#5261,#5261,#5263,.T.);
#5261 = VERTEX_POINT('',#5262);
#5262 = CARTESIAN_POINT('',(10.,0.,6.85));
#5263 = SURFACE_CURVE('',#5264,(#5269,#5276),.PCURVE_S1.);
#5264 = CIRCLE('',#5265,10.);
#5265 = AXIS2_PLACEMENT_3D('',#5266,#5267,#5268);
#5266 = CARTESIAN_POINT('',(0.,0.,6.85));
#5267 = DIRECTION('',(0.,0.,1.));
#5268 = DIRECTION('',(1.,0.,-0.));
#5269 = PCURVE('',#5191,#5270);
#5270 = DEFINITIONAL_REPRESENTATION('',(#5271),#5275);
#5271 = LINE('',#5272,#5273);
#5272 = CARTESIAN_POINT('',(-0.,0.));
#5273 = VECTOR('',#5274,1.);
#5274 = DIRECTION('',(-1.,0.));
#5275 = ( GEOMETRIC_REPRESENTATION_CONTEXT(2) 
PARAMETRIC_REPRESENTATION_CONTEXT() REPRESENTATION_CONTEXT('2D SPACE',''
  ) );
#5276 = PCURVE('',#5277,#5282);
#5277 = PLANE('',#5278);
#5278 = AXIS2_PLACEMENT_3D('',#5279,#5280,#5281);
#5279 = CARTESIAN_POINT('',(0.,0.,6.85));
#5280 = DIRECTION('',(0.,0.,1.));
#5281 = DIRECTION('',(1.,0.,-0.));
#5282 = DEFINITIONAL_REPRESENTATION('',(#5283),#5287);
#5283 = CIRCLE('',#5284,10.);
#5284 = AXIS2_PLACEMENT_2D('',#5285,#5286);
#5285 = CARTESIAN_POINT('',(0.,0.));
#5286 = DIRECTION('',(1.,-0.));
#5287 = ( GEOMETRIC_REPRESENTATION_CONTEXT(2) 
PARAMETRIC_REPRESENTATION_CONTEXT() REPRESENTATION_CONTEXT('2D SPACE',''
  ) );
#5288 = ORIENTED_EDGE('',*,*,#5289,.T.);
#5289 = EDGE_CURVE('',#5261,#5175,#5290,.T.);
#5290 = SEAM_CURVE('',#5291,(#5295,#5302),.PCURVE_S1.);
#5291 = LINE('',#5292,#5293);
#5292 = CARTESIAN_POINT('',(10.,0.,6.85));
#5293 = VECTOR('',#5294,1.);
#5294 = DIRECTION('',(0.,0.,-1.));
#5295 = PCURVE('',#5191,#5296);
#5296 = DEFINITIONAL_REPRESENTATION('',(#5297),#5301);
#5297 = LINE('',#5298,#5299);
#5298 = CARTESIAN_POINT('',(-0.,0.));
#5299 = VECTOR('',#5300,1.);
#5300 = DIRECTION('',(-0.,1.));
#5301 = ( GEOMETRIC_REPRESENTATION_CONTEXT(2) 
PARAMETRIC_REPRESENTATION_CONTEXT() REPRESENTATION_CONTEXT('2D SPACE',''
  ) );
#5302 = PCURVE('',#5191,#5303);
#5303 = DEFINITIONAL_REPRESENTATION('',(#5304),#5308);
#5304 = LINE('',#5305,#5306);
#5305 = CARTESIAN_POINT('',(-6.28318530718,0.));
#5306 = VECTOR('',#5307,1.);
#5307 = DIRECTION('',(-0.,1.));
#5308 = ( GEOMETRIC_REPRESENTATION_CONTEXT(2) 
PARAMETRIC_REPRESENTATION_CONTEXT() REPRESENTATION_CONTEXT('2D SPACE',''
  ) );
#5309 = ORIENTED_EDGE('',*,*,#5174,.F.);
#5310 = ORIENTED_EDGE('',*,*,#5289,.F.);
#5311 = ADVANCED_FACE('',(#5312),#5245,.T.);
#5312 = FACE_BOUND('',#5313,.F.);
#5313 = EDGE_LOOP('',(#5314,#5337,#5338,#5339));
#5314 = ORIENTED_EDGE('',*,*,#5315,.F.);
#5315 = EDGE_CURVE('',#5207,#5316,#5318,.T.);
#5316 = VERTEX_POINT('',#5317);
#5317 = CARTESIAN_POINT('',(25.,0.,-4.));
#5318 = SEAM_CURVE('',#5319,(#5323,#5330),.PCURVE_S1.);
#5319 = LINE('',#5320,#5321);
#5320 = CARTESIAN_POINT('',(25.,0.,6.));
#5321 = VECTOR('',#5322,1.);
#5322 = DIRECTION('',(0.,0.,-1.));
#5323 = PCURVE('',#5245,#5324);
#5324 = DEFINITIONAL_REPRESENTATION('',(#5325),#5329);
#5325 = LINE('',#5326,#5327);
#5326 = CARTESIAN_POINT('',(-0.,0.));
#5327 = VECTOR('',#5328,1.);
#5328 = DIRECTION('',(-0.,1.));
#5329 = ( GEOMETRIC_REPRESENTATION_CONTEXT(2) 
PARAMETRIC_REPRESENTATION_CONTEXT() REPRESENTATION_CONTEXT('2D SPACE',''
  ) );
#5330 = PCURVE('',#5245,#5331);
#5331 = DEFINITIONAL_REPRESENTATION('',(#5332),#5336);
#5332 = LINE('',#5333,#5334);
#5333 = CARTESIAN_POINT('',(-6.28318530718,0.));
#5334 = VECTOR('',#5335,1.);
#5335 = DIRECTION('',(-0.,1.));
#5336 = ( GEOMETRIC_REPRESENTATION_CONTEXT(2) 
PARAMETRIC_REPRESENTATION_CONTEXT() REPRESENTATION_CONTEXT('2D SPACE',''
  ) );
#5337 = ORIENTED_EDGE('',*,*,#5230,.T.);
#5338 = ORIENTED_EDGE('',*,*,#5315,.T.);
#5339 = ORIENTED_EDGE('',*,*,#5340,.F.);
#5340 = EDGE_CURVE('',#5316,#5316,#5341,.T.);
#5341 = SURFACE_CURVE('',#5342,(#5347,#5354),.PCURVE_S1.);
#5342 = CIRCLE('',#5343,25.);
#5343 = AXIS2_PLACEMENT_3D('',#5344,#5345,#5346);
#5344 = CARTESIAN_POINT('',(0.,0.,-4.));
#5345 = DIRECTION('',(0.,0.,1.));
#5346 = DIRECTION('',(1.,0.,-0.));
#5347 = PCURVE('',#5245,#5348);
#5348 = DEFINITIONAL_REPRESENTATION('',(#5349),#5353);
#5349 = LINE('',#5350,#5351);
#5350 = CARTESIAN_POINT('',(-0.,10.));
#5351 = VECTOR('',#5352,1.);
#5352 = DIRECTION('',(-1.,0.));
#5353 = ( GEOMETRIC_REPRESENTATION_CONTEXT(2) 
PARAMETRIC_REPRESENTATION_CONTEXT() REPRESENTATION_CONTEXT('2D SPACE',''
  ) );
#5354 = PCURVE('',#5355,#5360);
#5355 = TOROIDAL_SURFACE('',#5356,23.,2.);
#5356 = AXIS2_PLACEMENT_3D('',#5357,#5358,#5359);
#5357 = CARTESIAN_POINT('',(0.,0.,-4.));
#5358 = DIRECTION('',(-0.,-0.,-1.));
#5359 = DIRECTION('',(1.,0.,-0.));
#5360 = DEFINITIONAL_REPRESENTATION('',(#5361),#5365);
#5361 = LINE('',#5362,#5363);
#5362 = CARTESIAN_POINT('',(-0.,0.));
#5363 = VECTOR('',#5364,1.);
#5364 = DIRECTION('',(-1.,0.));
#5365 = ( GEOMETRIC_REPRESENTATION_CONTEXT(2) 
PARAMETRIC_REPRESENTATION_CONTEXT() REPRESENTATION_CONTEXT('2D SPACE',''
  ) );
#5366 = ADVANCED_FACE('',(#5367,#5398),#5277,.T.);
#5367 = FACE_BOUND('',#5368,.F.);
#5368 = EDGE_LOOP('',(#5369));
#5369 = ORIENTED_EDGE('',*,*,#5370,.T.);
#5370 = EDGE_CURVE('',#5371,#5371,#5373,.T.);
#5371 = VERTEX_POINT('',#5372);
#5372 = CARTESIAN_POINT('',(3.,0.,6.85));
#5373 = SURFACE_CURVE('',#5374,(#5379,#5386),.PCURVE_S1.);
#5374 = CIRCLE('',#5375,3.);
#5375 = AXIS2_PLACEMENT_3D('',#5376,#5377,#5378);
#5376 = CARTESIAN_POINT('',(0.,0.,6.85));
#5377 = DIRECTION('',(0.,0.,1.));
#5378 = DIRECTION('',(1.,0.,-0.));
#5379 = PCURVE('',#5277,#5380);
#5380 = DEFINITIONAL_REPRESENTATION('',(#5381),#5385);
#5381 = CIRCLE('',#5382,3.);
#5382 = AXIS2_PLACEMENT_2D('',#5383,#5384);
#5383 = CARTESIAN_POINT('',(0.,0.));
#5384 = DIRECTION('',(1.,-0.));
#5385 = ( GEOMETRIC_REPRESENTATION_CONTEXT(2) 
PARAMETRIC_REPRESENTATION_CONTEXT() REPRESENTATION_CONTEXT('2D SPACE',''
  ) );
#5386 = PCURVE('',#5387,#5392);
#5387 = CYLINDRICAL_SURFACE('',#5388,3.);
#5388 = AXIS2_PLACEMENT_3D('',#5389,#5390,#5391);
#5389 = CARTESIAN_POINT('',(0.,0.,-6.85));
#5390 = DIRECTION('',(0.,0.,1.));
#5391 = DIRECTION('',(1.,0.,-0.));
#5392 = DEFINITIONAL_REPRESENTATION('',(#5393),#5397);
#5393 = LINE('',#5394,#5395);
#5394 = CARTESIAN_POINT('',(0.,13.7));
#5395 = VECTOR('',#5396,1.);
#5396 = DIRECTION('',(1.,0.));
#5397 = ( GEOMETRIC_REPRESENTATION_CONTEXT(2) 
PARAMETRIC_REPRESENTATION_CONTEXT() REPRESENTATION_CONTEXT('2D SPACE',''
  ) );
#5398 = FACE_BOUND('',#5399,.F.);
#5399 = EDGE_LOOP('',(#5400));
#5400 = ORIENTED_EDGE('',*,*,#5260,.F.);
#5401 = ADVANCED_FACE('',(#5402),#5355,.T.);
#5402 = FACE_BOUND('',#5403,.F.);
#5403 = EDGE_LOOP('',(#5404,#5426,#5427,#5428));
#5404 = ORIENTED_EDGE('',*,*,#5405,.F.);
#5405 = EDGE_CURVE('',#5316,#5406,#5408,.T.);
#5406 = VERTEX_POINT('',#5407);
#5407 = CARTESIAN_POINT('',(23.,0.,-6.));
#5408 = SEAM_CURVE('',#5409,(#5414,#5420),.PCURVE_S1.);
#5409 = CIRCLE('',#5410,2.);
#5410 = AXIS2_PLACEMENT_3D('',#5411,#5412,#5413);
#5411 = CARTESIAN_POINT('',(23.,0.,-4.));
#5412 = DIRECTION('',(0.,1.,0.));
#5413 = DIRECTION('',(1.,0.,-0.));
#5414 = PCURVE('',#5355,#5415);
#5415 = DEFINITIONAL_REPRESENTATION('',(#5416),#5419);
#5416 = B_SPLINE_CURVE_WITH_KNOTS('',1,(#5417,#5418),.UNSPECIFIED.,.F.,
  .F.,(2,2),(0.,1.570796326795),.PIECEWISE_BEZIER_KNOTS.);
#5417 = CARTESIAN_POINT('',(0.,0.));
#5418 = CARTESIAN_POINT('',(0.,1.570796326795));
#5419 = ( GEOMETRIC_REPRESENTATION_CONTEXT(2) 
PARAMETRIC_REPRESENTATION_CONTEXT() REPRESENTATION_CONTEXT('2D SPACE',''
  ) );
#5420 = PCURVE('',#5355,#5421);
#5421 = DEFINITIONAL_REPRESENTATION('',(#5422),#5425);
#5422 = B_SPLINE_CURVE_WITH_KNOTS('',1,(#5423,#5424),.UNSPECIFIED.,.F.,
  .F.,(2,2),(0.,1.570796326795),.PIECEWISE_BEZIER_KNOTS.);
#5423 = CARTESIAN_POINT('',(-6.28318530718,0.));
#5424 = CARTESIAN_POINT('',(-6.28318530718,1.570796326795));
#5425 = ( GEOMETRIC_REPRESENTATION_CONTEXT(2) 
PARAMETRIC_REPRESENTATION_CONTEXT() REPRESENTATION_CONTEXT('2D SPACE',''
  ) );
#5426 = ORIENTED_EDGE('',*,*,#5340,.F.);
#5427 = ORIENTED_EDGE('',*,*,#5405,.T.);
#5428 = ORIENTED_EDGE('',*,*,#5429,.T.);
#5429 = EDGE_CURVE('',#5406,#5406,#5430,.T.);
#5430 = SURFACE_CURVE('',#5431,(#5436,#5443),.PCURVE_S1.);
#5431 = CIRCLE('',#5432,23.);
#5432 = AXIS2_PLACEMENT_3D('',#5433,#5434,#5435);
#5433 = CARTESIAN_POINT('',(0.,0.,-6.));
#5434 = DIRECTION('',(0.,0.,1.));
#5435 = DIRECTION('',(1.,0.,-0.));
#5436 = PCURVE('',#5355,#5437);
#5437 = DEFINITIONAL_REPRESENTATION('',(#5438),#5442);
#5438 = LINE('',#5439,#5440);
#5439 = CARTESIAN_POINT('',(-0.,1.570796326795));
#5440 = VECTOR('',#5441,1.);
#5441 = DIRECTION('',(-1.,0.));
#5442 = ( GEOMETRIC_REPRESENTATION_CONTEXT(2) 
PARAMETRIC_REPRESENTATION_CONTEXT() REPRESENTATION_CONTEXT('2D SPACE',''
  ) );
#5443 = PCURVE('',#5444,#5449);
#5444 = PLANE('',#5445);
#5445 = AXIS2_PLACEMENT_3D('',#5446,#5447,#5448);
#5446 = CARTESIAN_POINT('',(0.,0.,-6.));
#5447 = DIRECTION('',(0.,0.,1.));
#5448 = DIRECTION('',(1.,0.,-0.));
#5449 = DEFINITIONAL_REPRESENTATION('',(#5450),#5454);
#5450 = CIRCLE('',#5451,23.);
#5451 = AXIS2_PLACEMENT_2D('',#5452,#5453);
#5452 = CARTESIAN_POINT('',(0.,0.));
#5453 = DIRECTION('',(1.,0.));
#5454 = ( GEOMETRIC_REPRESENTATION_CONTEXT(2) 
PARAMETRIC_REPRESENTATION_CONTEXT() REPRESENTATION_CONTEXT('2D SPACE',''
  ) );
#5455 = ADVANCED_FACE('',(#5456),#5387,.F.);
#5456 = FACE_BOUND('',#5457,.F.);
#5457 = EDGE_LOOP('',(#5458,#5487,#5508,#5509));
#5458 = ORIENTED_EDGE('',*,*,#5459,.T.);
#5459 = EDGE_CURVE('',#5460,#5460,#5462,.T.);
#5460 = VERTEX_POINT('',#5461);
#5461 = CARTESIAN_POINT('',(3.,0.,-6.85));
#5462 = SURFACE_CURVE('',#5463,(#5468,#5475),.PCURVE_S1.);
#5463 = CIRCLE('',#5464,3.);
#5464 = AXIS2_PLACEMENT_3D('',#5465,#5466,#5467);
#5465 = CARTESIAN_POINT('',(0.,0.,-6.85));
#5466 = DIRECTION('',(0.,0.,1.));
#5467 = DIRECTION('',(1.,0.,-0.));
#5468 = PCURVE('',#5387,#5469);
#5469 = DEFINITIONAL_REPRESENTATION('',(#5470),#5474);
#5470 = LINE('',#5471,#5472);
#5471 = CARTESIAN_POINT('',(0.,0.));
#5472 = VECTOR('',#5473,1.);
#5473 = DIRECTION('',(1.,0.));
#5474 = ( GEOMETRIC_REPRESENTATION_CONTEXT(2) 
PARAMETRIC_REPRESENTATION_CONTEXT() REPRESENTATION_CONTEXT('2D SPACE',''
  ) );
#5475 = PCURVE('',#5476,#5481);
#5476 = PLANE('',#5477);
#5477 = AXIS2_PLACEMENT_3D('',#5478,#5479,#5480);
#5478 = CARTESIAN_POINT('',(0.,0.,-6.85));
#5479 = DIRECTION('',(0.,0.,1.));
#5480 = DIRECTION('',(1.,0.,-0.));
#5481 = DEFINITIONAL_REPRESENTATION('',(#5482),#5486);
#5482 = CIRCLE('',#5483,3.);
#5483 = AXIS2_PLACEMENT_2D('',#5484,#5485);
#5484 = CARTESIAN_POINT('',(0.,0.));
#5485 = DIRECTION('',(1.,0.));
#5486 = ( GEOMETRIC_REPRESENTATION_CONTEXT(2) 
PARAMETRIC_REPRESENTATION_CONTEXT() REPRESENTATION_CONTEXT('2D SPACE',''
  ) );
#5487 = ORIENTED_EDGE('',*,*,#5488,.T.);
#5488 = EDGE_CURVE('',#5460,#5371,#5489,.T.);
#5489 = SEAM_CURVE('',#5490,(#5494,#5501),.PCURVE_S1.);
#5490 = LINE('',#5491,#5492);
#5491 = CARTESIAN_POINT('',(3.,0.,-6.85));
#5492 = VECTOR('',#5493,1.);
#5493 = DIRECTION('',(0.,0.,1.));
#5494 = PCURVE('',#5387,#5495);
#5495 = DEFINITIONAL_REPRESENTATION('',(#5496),#5500);
#5496 = LINE('',#5497,#5498);
#5497 = CARTESIAN_POINT('',(0.,0.));
#5498 = VECTOR('',#5499,1.);
#5499 = DIRECTION('',(0.,1.));
#5500 = ( GEOMETRIC_REPRESENTATION_CONTEXT(2) 
PARAMETRIC_REPRESENTATION_CONTEXT() REPRESENTATION_CONTEXT('2D SPACE',''
  ) );
#5501 = PCURVE('',#5387,#5502);
#5502 = DEFINITIONAL_REPRESENTATION('',(#5503),#5507);
#5503 = LINE('',#5504,#5505);
#5504 = CARTESIAN_POINT('',(6.28318530718,0.));
#5505 = VECTOR('',#5506,1.);
#5506 = DIRECTION('',(0.,1.));
#5507 = ( GEOMETRIC_REPRESENTATION_CONTEXT(2) 
PARAMETRIC_REPRESENTATION_CONTEXT() REPRESENTATION_CONTEXT('2D SPACE',''
  ) );
#5508 = ORIENTED_EDGE('',*,*,#5370,.F.);
#5509 = ORIENTED_EDGE('',*,*,#5488,.F.);
#5510 = ADVANCED_FACE('',(#5511,#5514),#5444,.F.);
#5511 = FACE_BOUND('',#5512,.F.);
#5512 = EDGE_LOOP('',(#5513));
#5513 = ORIENTED_EDGE('',*,*,#5429,.T.);
#5514 = FACE_BOUND('',#5515,.F.);
#5515 = EDGE_LOOP('',(#5516));
#5516 = ORIENTED_EDGE('',*,*,#5517,.F.);
#5517 = EDGE_CURVE('',#5518,#5518,#5520,.T.);
#5518 = VERTEX_POINT('',#5519);
#5519 = CARTESIAN_POINT('',(10.,0.,-6.));
#5520 = SURFACE_CURVE('',#5521,(#5526,#5533),.PCURVE_S1.);
#5521 = CIRCLE('',#5522,10.);
#5522 = AXIS2_PLACEMENT_3D('',#5523,#5524,#5525);
#5523 = CARTESIAN_POINT('',(0.,0.,-6.));
#5524 = DIRECTION('',(0.,0.,1.));
#5525 = DIRECTION('',(1.,0.,-0.));
#5526 = PCURVE('',#5444,#5527);
#5527 = DEFINITIONAL_REPRESENTATION('',(#5528),#5532);
#5528 = CIRCLE('',#5529,10.);
#5529 = AXIS2_PLACEMENT_2D('',#5530,#5531);
#5530 = CARTESIAN_POINT('',(0.,0.));
#5531 = DIRECTION('',(1.,0.));
#5532 = ( GEOMETRIC_REPRESENTATION_CONTEXT(2) 
PARAMETRIC_REPRESENTATION_CONTEXT() REPRESENTATION_CONTEXT('2D SPACE',''
  ) );
#5533 = PCURVE('',#5534,#5539);
#5534 = CYLINDRICAL_SURFACE('',#5535,10.);
#5535 = AXIS2_PLACEMENT_3D('',#5536,#5537,#5538);
#5536 = CARTESIAN_POINT('',(0.,0.,-6.));
#5537 = DIRECTION('',(-0.,-0.,-1.));
#5538 = DIRECTION('',(1.,0.,0.));
#5539 = DEFINITIONAL_REPRESENTATION('',(#5540),#5544);
#5540 = LINE('',#5541,#5542);
#5541 = CARTESIAN_POINT('',(-0.,0.));
#5542 = VECTOR('',#5543,1.);
#5543 = DIRECTION('',(-1.,0.));
#5544 = ( GEOMETRIC_REPRESENTATION_CONTEXT(2) 
PARAMETRIC_REPRESENTATION_CONTEXT() REPRESENTATION_CONTEXT('2D SPACE',''
  ) );
#5545 = ADVANCED_FACE('',(#5546,#5572),#5476,.F.);
#5546 = FACE_BOUND('',#5547,.F.);
#5547 = EDGE_LOOP('',(#5548));
#5548 = ORIENTED_EDGE('',*,*,#5549,.T.);
#5549 = EDGE_CURVE('',#5550,#5550,#5552,.T.);
#5550 = VERTEX_POINT('',#5551);
#5551 = CARTESIAN_POINT('',(10.,0.,-6.85));
#5552 = SURFACE_CURVE('',#5553,(#5558,#5565),.PCURVE_S1.);
#5553 = CIRCLE('',#5554,10.);
#5554 = AXIS2_PLACEMENT_3D('',#5555,#5556,#5557);
#5555 = CARTESIAN_POINT('',(0.,0.,-6.85));
#5556 = DIRECTION('',(0.,0.,1.));
#5557 = DIRECTION('',(1.,0.,-0.));
#5558 = PCURVE('',#5476,#5559);
#5559 = DEFINITIONAL_REPRESENTATION('',(#5560),#5564);
#5560 = CIRCLE('',#5561,10.);
#5561 = AXIS2_PLACEMENT_2D('',#5562,#5563);
#5562 = CARTESIAN_POINT('',(0.,0.));
#5563 = DIRECTION('',(1.,0.));
#5564 = ( GEOMETRIC_REPRESENTATION_CONTEXT(2) 
PARAMETRIC_REPRESENTATION_CONTEXT() REPRESENTATION_CONTEXT('2D SPACE',''
  ) );
#5565 = PCURVE('',#5534,#5566);
#5566 = DEFINITIONAL_REPRESENTATION('',(#5567),#5571);
#5567 = LINE('',#5568,#5569);
#5568 = CARTESIAN_POINT('',(-0.,0.85));
#5569 = VECTOR('',#5570,1.);
#5570 = DIRECTION('',(-1.,0.));
#5571 = ( GEOMETRIC_REPRESENTATION_CONTEXT(2) 
PARAMETRIC_REPRESENTATION_CONTEXT() REPRESENTATION_CONTEXT('2D SPACE',''
  ) );
#5572 = FACE_BOUND('',#5573,.F.);
#5573 = EDGE_LOOP('',(#5574));
#5574 = ORIENTED_EDGE('',*,*,#5459,.F.);
#5575 = ADVANCED_FACE('',(#5576),#5534,.T.);
#5576 = FACE_BOUND('',#5577,.F.);
#5577 = EDGE_LOOP('',(#5578,#5579,#5600,#5601));
#5578 = ORIENTED_EDGE('',*,*,#5517,.T.);
#5579 = ORIENTED_EDGE('',*,*,#5580,.T.);
#5580 = EDGE_CURVE('',#5518,#5550,#5581,.T.);
#5581 = SEAM_CURVE('',#5582,(#5586,#5593),.PCURVE_S1.);
#5582 = LINE('',#5583,#5584);
#5583 = CARTESIAN_POINT('',(10.,0.,-6.));
#5584 = VECTOR('',#5585,1.);
#5585 = DIRECTION('',(0.,0.,-1.));
#5586 = PCURVE('',#5534,#5587);
#5587 = DEFINITIONAL_REPRESENTATION('',(#5588),#5592);
#5588 = LINE('',#5589,#5590);
#5589 = CARTESIAN_POINT('',(-0.,0.));
#5590 = VECTOR('',#5591,1.);
#5591 = DIRECTION('',(-0.,1.));
#5592 = ( GEOMETRIC_REPRESENTATION_CONTEXT(2) 
PARAMETRIC_REPRESENTATION_CONTEXT() REPRESENTATION_CONTEXT('2D SPACE',''
  ) );
#5593 = PCURVE('',#5534,#5594);
#5594 = DEFINITIONAL_REPRESENTATION('',(#5595),#5599);
#5595 = LINE('',#5596,#5597);
#5596 = CARTESIAN_POINT('',(-6.28318530718,0.));
#5597 = VECTOR('',#5598,1.);
#5598 = DIRECTION('',(-0.,1.));
#5599 = ( GEOMETRIC_REPRESENTATION_CONTEXT(2) 
PARAMETRIC_REPRESENTATION_CONTEXT() REPRESENTATION_CONTEXT('2D SPACE',''
  ) );
#5600 = ORIENTED_EDGE('',*,*,#5549,.F.);
#5601 = ORIENTED_EDGE('',*,*,#5580,.F.);
#5602 = ( GEOMETRIC_REPRESENTATION_CONTEXT(3) 
GLOBAL_UNCERTAINTY_ASSIGNED_CONTEXT((#5606)) 
GLOBAL_UNIT_ASSIGNED_CONTEXT((#5603,#5604,#5605)) REPRESENTATION_CONTEXT
('Context #1','3D Context with UNIT and UNCERTAINTY') );
#5603 = ( LENGTH_UNIT() NAMED_UNIT(*) SI_UNIT(.MILLI.,.METRE.) );
#5604 = ( NAMED_UNIT(*) PLANE_ANGLE_UNIT() SI_UNIT($,.RADIAN.) );
#5605 = ( NAMED_UNIT(*) SI_UNIT($,.STERADIAN.) SOLID_ANGLE_UNIT() );
#5606 = UNCERTAINTY_MEASURE_WITH_UNIT(LENGTH_MEASURE(1.E-07),#5603,
  'distance_accuracy_value','confusion accuracy');
#5607 = CONTEXT_DEPENDENT_SHAPE_REPRESENTATION(#5608,#5610);
#5608 = ( REPRESENTATION_RELATIONSHIP('','',#5131,#10) 
REPRESENTATION_RELATIONSHIP_WITH_TRANSFORMATION(#5609) 
SHAPE_REPRESENTATION_RELATIONSHIP() );
#5609 = ITEM_DEFINED_TRANSFORMATION('','',#11,#35);
#5610 = PRODUCT_DEFINITION_SHAPE('Placement','Placement of an item',
  #5611);
#5611 = NEXT_ASSEMBLY_USAGE_OCCURRENCE('6','ots_wheel_L','',#5,#5126,$);
#5612 = PRODUCT_RELATED_PRODUCT_CATEGORY('part',$,(#5128));
#5613 = SHAPE_DEFINITION_REPRESENTATION(#5614,#5620);
#5614 = PRODUCT_DEFINITION_SHAPE('','',#5615);
#5615 = PRODUCT_DEFINITION('design','',#5616,#5619);
#5616 = PRODUCT_DEFINITION_FORMATION('','',#5617);
#5617 = PRODUCT('spacer_R','spacer_R','',(#5618));
#5618 = PRODUCT_CONTEXT('',#2,'mechanical');
#5619 = PRODUCT_DEFINITION_CONTEXT('part definition',#2,'design');
#5620 = ADVANCED_BREP_SHAPE_REPRESENTATION('',(#11,#5621),#5803);
#5621 = MANIFOLD_SOLID_BREP('',#5622);
#5622 = CLOSED_SHELL('',(#5623,#5711,#5746,#5796));
#5623 = ADVANCED_FACE('',(#5624),#5637,.F.);
#5624 = FACE_BOUND('',#5625,.F.);
#5625 = EDGE_LOOP('',(#5626,#5660,#5683,#5710));
#5626 = ORIENTED_EDGE('',*,*,#5627,.T.);
#5627 = EDGE_CURVE('',#5628,#5628,#5630,.T.);
#5628 = VERTEX_POINT('',#5629);
#5629 = CARTESIAN_POINT('',(3.1,0.,-0.5));
#5630 = SURFACE_CURVE('',#5631,(#5636,#5648),.PCURVE_S1.);
#5631 = CIRCLE('',#5632,3.1);
#5632 = AXIS2_PLACEMENT_3D('',#5633,#5634,#5635);
#5633 = CARTESIAN_POINT('',(0.,0.,-0.5));
#5634 = DIRECTION('',(0.,0.,1.));
#5635 = DIRECTION('',(1.,0.,-0.));
#5636 = PCURVE('',#5637,#5642);
#5637 = CYLINDRICAL_SURFACE('',#5638,3.1);
#5638 = AXIS2_PLACEMENT_3D('',#5639,#5640,#5641);
#5639 = CARTESIAN_POINT('',(0.,0.,-0.5));
#5640 = DIRECTION('',(0.,0.,1.));
#5641 = DIRECTION('',(1.,0.,-0.));
#5642 = DEFINITIONAL_REPRESENTATION('',(#5643),#5647);
#5643 = LINE('',#5644,#5645);
#5644 = CARTESIAN_POINT('',(0.,0.));
#5645 = VECTOR('',#5646,1.);
#5646 = DIRECTION('',(1.,0.));
#5647 = ( GEOMETRIC_REPRESENTATION_CONTEXT(2) 
PARAMETRIC_REPRESENTATION_CONTEXT() REPRESENTATION_CONTEXT('2D SPACE',''
  ) );
#5648 = PCURVE('',#5649,#5654);
#5649 = PLANE('',#5650);
#5650 = AXIS2_PLACEMENT_3D('',#5651,#5652,#5653);
#5651 = CARTESIAN_POINT('',(0.,0.,-0.5));
#5652 = DIRECTION('',(0.,0.,1.));
#5653 = DIRECTION('',(1.,0.,-0.));
#5654 = DEFINITIONAL_REPRESENTATION('',(#5655),#5659);
#5655 = CIRCLE('',#5656,3.1);
#5656 = AXIS2_PLACEMENT_2D('',#5657,#5658);
#5657 = CARTESIAN_POINT('',(0.,0.));
#5658 = DIRECTION('',(1.,0.));
#5659 = ( GEOMETRIC_REPRESENTATION_CONTEXT(2) 
PARAMETRIC_REPRESENTATION_CONTEXT() REPRESENTATION_CONTEXT('2D SPACE',''
  ) );
#5660 = ORIENTED_EDGE('',*,*,#5661,.T.);
#5661 = EDGE_CURVE('',#5628,#5662,#5664,.T.);
#5662 = VERTEX_POINT('',#5663);
#5663 = CARTESIAN_POINT('',(3.1,0.,0.5));
#5664 = SEAM_CURVE('',#5665,(#5669,#5676),.PCURVE_S1.);
#5665 = LINE('',#5666,#5667);
#5666 = CARTESIAN_POINT('',(3.1,0.,-0.5));
#5667 = VECTOR('',#5668,1.);
#5668 = DIRECTION('',(0.,0.,1.));
#5669 = PCURVE('',#5637,#5670);
#5670 = DEFINITIONAL_REPRESENTATION('',(#5671),#5675);
#5671 = LINE('',#5672,#5673);
#5672 = CARTESIAN_POINT('',(0.,0.));
#5673 = VECTOR('',#5674,1.);
#5674 = DIRECTION('',(0.,1.));
#5675 = ( GEOMETRIC_REPRESENTATION_CONTEXT(2) 
PARAMETRIC_REPRESENTATION_CONTEXT() REPRESENTATION_CONTEXT('2D SPACE',''
  ) );
#5676 = PCURVE('',#5637,#5677);
#5677 = DEFINITIONAL_REPRESENTATION('',(#5678),#5682);
#5678 = LINE('',#5679,#5680);
#5679 = CARTESIAN_POINT('',(6.28318530718,0.));
#5680 = VECTOR('',#5681,1.);
#5681 = DIRECTION('',(0.,1.));
#5682 = ( GEOMETRIC_REPRESENTATION_CONTEXT(2) 
PARAMETRIC_REPRESENTATION_CONTEXT() REPRESENTATION_CONTEXT('2D SPACE',''
  ) );
#5683 = ORIENTED_EDGE('',*,*,#5684,.F.);
#5684 = EDGE_CURVE('',#5662,#5662,#5685,.T.);
#5685 = SURFACE_CURVE('',#5686,(#5691,#5698),.PCURVE_S1.);
#5686 = CIRCLE('',#5687,3.1);
#5687 = AXIS2_PLACEMENT_3D('',#5688,#5689,#5690);
#5688 = CARTESIAN_POINT('',(0.,0.,0.5));
#5689 = DIRECTION('',(0.,0.,1.));
#5690 = DIRECTION('',(1.,0.,-0.));
#5691 = PCURVE('',#5637,#5692);
#5692 = DEFINITIONAL_REPRESENTATION('',(#5693),#5697);
#5693 = LINE('',#5694,#5695);
#5694 = CARTESIAN_POINT('',(0.,1.));
#5695 = VECTOR('',#5696,1.);
#5696 = DIRECTION('',(1.,0.));
#5697 = ( GEOMETRIC_REPRESENTATION_CONTEXT(2) 
PARAMETRIC_REPRESENTATION_CONTEXT() REPRESENTATION_CONTEXT('2D SPACE',''
  ) );
#5698 = PCURVE('',#5699,#5704);
#5699 = PLANE('',#5700);
#5700 = AXIS2_PLACEMENT_3D('',#5701,#5702,#5703);
#5701 = CARTESIAN_POINT('',(0.,0.,0.5));
#5702 = DIRECTION('',(0.,0.,1.));
#5703 = DIRECTION('',(1.,0.,-0.));
#5704 = DEFINITIONAL_REPRESENTATION('',(#5705),#5709);
#5705 = CIRCLE('',#5706,3.1);
#5706 = AXIS2_PLACEMENT_2D('',#5707,#5708);
#5707 = CARTESIAN_POINT('',(0.,0.));
#5708 = DIRECTION('',(1.,-0.));
#5709 = ( GEOMETRIC_REPRESENTATION_CONTEXT(2) 
PARAMETRIC_REPRESENTATION_CONTEXT() REPRESENTATION_CONTEXT('2D SPACE',''
  ) );
#5710 = ORIENTED_EDGE('',*,*,#5661,.F.);
#5711 = ADVANCED_FACE('',(#5712,#5715),#5699,.T.);
#5712 = FACE_BOUND('',#5713,.F.);
#5713 = EDGE_LOOP('',(#5714));
#5714 = ORIENTED_EDGE('',*,*,#5684,.T.);
#5715 = FACE_BOUND('',#5716,.F.);
#5716 = EDGE_LOOP('',(#5717));
#5717 = ORIENTED_EDGE('',*,*,#5718,.F.);
#5718 = EDGE_CURVE('',#5719,#5719,#5721,.T.);
#5719 = VERTEX_POINT('',#5720);
#5720 = CARTESIAN_POINT('',(4.,0.,0.5));
#5721 = SURFACE_CURVE('',#5722,(#5727,#5734),.PCURVE_S1.);
#5722 = CIRCLE('',#5723,4.);
#5723 = AXIS2_PLACEMENT_3D('',#5724,#5725,#5726);
#5724 = CARTESIAN_POINT('',(0.,0.,0.5));
#5725 = DIRECTION('',(0.,0.,1.));
#5726 = DIRECTION('',(1.,0.,-0.));
#5727 = PCURVE('',#5699,#5728);
#5728 = DEFINITIONAL_REPRESENTATION('',(#5729),#5733);
#5729 = CIRCLE('',#5730,4.);
#5730 = AXIS2_PLACEMENT_2D('',#5731,#5732);
#5731 = CARTESIAN_POINT('',(0.,0.));
#5732 = DIRECTION('',(1.,-0.));
#5733 = ( GEOMETRIC_REPRESENTATION_CONTEXT(2) 
PARAMETRIC_REPRESENTATION_CONTEXT() REPRESENTATION_CONTEXT('2D SPACE',''
  ) );
#5734 = PCURVE('',#5735,#5740);
#5735 = CYLINDRICAL_SURFACE('',#5736,4.);
#5736 = AXIS2_PLACEMENT_3D('',#5737,#5738,#5739);
#5737 = CARTESIAN_POINT('',(0.,0.,0.5));
#5738 = DIRECTION('',(-0.,-0.,-1.));
#5739 = DIRECTION('',(1.,0.,0.));
#5740 = DEFINITIONAL_REPRESENTATION('',(#5741),#5745);
#5741 = LINE('',#5742,#5743);
#5742 = CARTESIAN_POINT('',(-0.,0.));
#5743 = VECTOR('',#5744,1.);
#5744 = DIRECTION('',(-1.,0.));
#5745 = ( GEOMETRIC_REPRESENTATION_CONTEXT(2) 
PARAMETRIC_REPRESENTATION_CONTEXT() REPRESENTATION_CONTEXT('2D SPACE',''
  ) );
#5746 = ADVANCED_FACE('',(#5747),#5735,.T.);
#5747 = FACE_BOUND('',#5748,.F.);
#5748 = EDGE_LOOP('',(#5749,#5750,#5773,#5795));
#5749 = ORIENTED_EDGE('',*,*,#5718,.T.);
#5750 = ORIENTED_EDGE('',*,*,#5751,.T.);
#5751 = EDGE_CURVE('',#5719,#5752,#5754,.T.);
#5752 = VERTEX_POINT('',#5753);
#5753 = CARTESIAN_POINT('',(4.,0.,-0.5));
#5754 = SEAM_CURVE('',#5755,(#5759,#5766),.PCURVE_S1.);
#5755 = LINE('',#5756,#5757);
#5756 = CARTESIAN_POINT('',(4.,0.,0.5));
#5757 = VECTOR('',#5758,1.);
#5758 = DIRECTION('',(0.,0.,-1.));
#5759 = PCURVE('',#5735,#5760);
#5760 = DEFINITIONAL_REPRESENTATION('',(#5761),#5765);
#5761 = LINE('',#5762,#5763);
#5762 = CARTESIAN_POINT('',(-0.,0.));
#5763 = VECTOR('',#5764,1.);
#5764 = DIRECTION('',(-0.,1.));
#5765 = ( GEOMETRIC_REPRESENTATION_CONTEXT(2) 
PARAMETRIC_REPRESENTATION_CONTEXT() REPRESENTATION_CONTEXT('2D SPACE',''
  ) );
#5766 = PCURVE('',#5735,#5767);
#5767 = DEFINITIONAL_REPRESENTATION('',(#5768),#5772);
#5768 = LINE('',#5769,#5770);
#5769 = CARTESIAN_POINT('',(-6.28318530718,0.));
#5770 = VECTOR('',#5771,1.);
#5771 = DIRECTION('',(-0.,1.));
#5772 = ( GEOMETRIC_REPRESENTATION_CONTEXT(2) 
PARAMETRIC_REPRESENTATION_CONTEXT() REPRESENTATION_CONTEXT('2D SPACE',''
  ) );
#5773 = ORIENTED_EDGE('',*,*,#5774,.F.);
#5774 = EDGE_CURVE('',#5752,#5752,#5775,.T.);
#5775 = SURFACE_CURVE('',#5776,(#5781,#5788),.PCURVE_S1.);
#5776 = CIRCLE('',#5777,4.);
#5777 = AXIS2_PLACEMENT_3D('',#5778,#5779,#5780);
#5778 = CARTESIAN_POINT('',(0.,0.,-0.5));
#5779 = DIRECTION('',(0.,0.,1.));
#5780 = DIRECTION('',(1.,0.,-0.));
#5781 = PCURVE('',#5735,#5782);
#5782 = DEFINITIONAL_REPRESENTATION('',(#5783),#5787);
#5783 = LINE('',#5784,#5785);
#5784 = CARTESIAN_POINT('',(-0.,1.));
#5785 = VECTOR('',#5786,1.);
#5786 = DIRECTION('',(-1.,0.));
#5787 = ( GEOMETRIC_REPRESENTATION_CONTEXT(2) 
PARAMETRIC_REPRESENTATION_CONTEXT() REPRESENTATION_CONTEXT('2D SPACE',''
  ) );
#5788 = PCURVE('',#5649,#5789);
#5789 = DEFINITIONAL_REPRESENTATION('',(#5790),#5794);
#5790 = CIRCLE('',#5791,4.);
#5791 = AXIS2_PLACEMENT_2D('',#5792,#5793);
#5792 = CARTESIAN_POINT('',(0.,0.));
#5793 = DIRECTION('',(1.,0.));
#5794 = ( GEOMETRIC_REPRESENTATION_CONTEXT(2) 
PARAMETRIC_REPRESENTATION_CONTEXT() REPRESENTATION_CONTEXT('2D SPACE',''
  ) );
#5795 = ORIENTED_EDGE('',*,*,#5751,.F.);
#5796 = ADVANCED_FACE('',(#5797,#5800),#5649,.F.);
#5797 = FACE_BOUND('',#5798,.F.);
#5798 = EDGE_LOOP('',(#5799));
#5799 = ORIENTED_EDGE('',*,*,#5774,.T.);
#5800 = FACE_BOUND('',#5801,.F.);
#5801 = EDGE_LOOP('',(#5802));
#5802 = ORIENTED_EDGE('',*,*,#5627,.F.);
#5803 = ( GEOMETRIC_REPRESENTATION_CONTEXT(3) 
GLOBAL_UNCERTAINTY_ASSIGNED_CONTEXT((#5807)) 
GLOBAL_UNIT_ASSIGNED_CONTEXT((#5804,#5805,#5806)) REPRESENTATION_CONTEXT
('Context #1','3D Context with UNIT and UNCERTAINTY') );
#5804 = ( LENGTH_UNIT() NAMED_UNIT(*) SI_UNIT(.MILLI.,.METRE.) );
#5805 = ( NAMED_UNIT(*) PLANE_ANGLE_UNIT() SI_UNIT($,.RADIAN.) );
#5806 = ( NAMED_UNIT(*) SI_UNIT($,.STERADIAN.) SOLID_ANGLE_UNIT() );
#5807 = UNCERTAINTY_MEASURE_WITH_UNIT(LENGTH_MEASURE(1.E-07),#5804,
  'distance_accuracy_value','confusion accuracy');
#5808 = CONTEXT_DEPENDENT_SHAPE_REPRESENTATION(#5809,#5811);
#5809 = ( REPRESENTATION_RELATIONSHIP('','',#5620,#10) 
REPRESENTATION_RELATIONSHIP_WITH_TRANSFORMATION(#5810) 
SHAPE_REPRESENTATION_RELATIONSHIP() );
#5810 = ITEM_DEFINED_TRANSFORMATION('','',#11,#39);
#5811 = PRODUCT_DEFINITION_SHAPE('Placement','Placement of an item',
  #5812);
#5812 = NEXT_ASSEMBLY_USAGE_OCCURRENCE('7','spacer_L','',#5,#5615,$);
#5813 = PRODUCT_RELATED_PRODUCT_CATEGORY('part',$,(#5617));
#5814 = CONTEXT_DEPENDENT_SHAPE_REPRESENTATION(#5815,#5817);
#5815 = ( REPRESENTATION_RELATIONSHIP('','',#5131,#10) 
REPRESENTATION_RELATIONSHIP_WITH_TRANSFORMATION(#5816) 
SHAPE_REPRESENTATION_RELATIONSHIP() );
#5816 = ITEM_DEFINED_TRANSFORMATION('','',#11,#43);
#5817 = PRODUCT_DEFINITION_SHAPE('Placement','Placement of an item',
  #5818);
#5818 = NEXT_ASSEMBLY_USAGE_OCCURRENCE('8','ots_wheel_R','',#5,#5126,$);
#5819 = CONTEXT_DEPENDENT_SHAPE_REPRESENTATION(#5820,#5822);
#5820 = ( REPRESENTATION_RELATIONSHIP('','',#5620,#10) 
REPRESENTATION_RELATIONSHIP_WITH_TRANSFORMATION(#5821) 
SHAPE_REPRESENTATION_RELATIONSHIP() );
#5821 = ITEM_DEFINED_TRANSFORMATION('','',#11,#47);
#5822 = PRODUCT_DEFINITION_SHAPE('Placement','Placement of an item',
  #5823);
#5823 = NEXT_ASSEMBLY_USAGE_OCCURRENCE('9','spacer_R','',#5,#5615,$);
ENDSEC;
END-ISO-10303-21;
