ISO-10303-21;
HEADER;
FILE_DESCRIPTION(('Open CASCADE Model'),'2;1');
FILE_NAME('Open CASCADE Shape Model','2026-09-17T12:04:40',('Author'),(
    'Open CASCADE'),'Open CASCADE STEP processor 7.9','build123d',
  'Unknown');
FILE_SCHEMA(('AUTOMOTIVE_DESIGN { 1 0 10303 214 1 1 1 1 }'));
ENDSEC;
DATA;
#1 = APPLICATION_PROTOCOL_DEFINITION('international standard',
  'automotive_design',2000,#2);
#2 = APPLICATION_CONTEXT(
  'core data for automotive mechanical design processes');
#3 = SHAPE_DEFINITION_REPRESENTATION(#4,#10);
#4 = PRODUCT_DEFINITION_SHAPE('','',#5);
#5 = PRODUCT_DEFINITION('design','',#6,#9);
#6 = PRODUCT_DEFINITION_FORMATION('','',#7);
#7 = PRODUCT('COMPOUND','COMPOUND','',(#8));
#8 = PRODUCT_CONTEXT('',#2,'mechanical');
#9 = PRODUCT_DEFINITION_CONTEXT('part definition',#2,'design');
#10 = ADVANCED_BREP_SHAPE_REPRESENTATION('',(#11,#15),#4792);
#11 = AXIS2_PLACEMENT_3D('',#12,#13,#14);
#12 = CARTESIAN_POINT('',(0.,0.,0.));
#13 = DIRECTION('',(0.,0.,1.));
#14 = DIRECTION('',(1.,0.,-0.));
#15 = MANIFOLD_SOLID_BREP('',#16);
#16 = CLOSED_SHELL('',(#17,#706,#1020,#1118,#1577,#1745,#1891,#2083,
    #2204,#2236,#2340,#2431,#2485,#2561,#2614,#2668,#2722,#2754,#2809,
    #2834,#2897,#2954,#3007,#3088,#3164,#3226,#3421,#3470,#3497,#3583,
    #3637,#3780,#3835,#3911,#3965,#4020,#4075,#4107,#4309,#4335,#4373,
    #4428,#4454,#4480,#4508,#4563,#4589,#4615,#4641,#4667,#4693,#4700,
    #4735,#4765));
#17 = ADVANCED_FACE('',(#18),#33,.F.);
#18 = FACE_BOUND('',#19,.F.);
#19 = EDGE_LOOP('',(#20,#56,#111,#194,#383,#438,#633,#676));
#20 = ORIENTED_EDGE('',*,*,#21,.T.);
#21 = EDGE_CURVE('',#22,#24,#26,.T.);
#22 = VERTEX_POINT('',#23);
#23 = CARTESIAN_POINT('',(2.,-8.,-7.451484612923));
#24 = VERTEX_POINT('',#25);
#25 = CARTESIAN_POINT('',(-4.5,-8.,-14.6620088163));
#26 = SURFACE_CURVE('',#27,(#32,#44),.PCURVE_S1.);
#27 = CIRCLE('',#28,26.5);
#28 = AXIS2_PLACEMENT_3D('',#29,#30,#31);
#29 = CARTESIAN_POINT('',(18.1,-8.,-28.5));
#30 = DIRECTION('',(-8.520466454352E-16,-1.,-5.673366473835E-16));
#31 = DIRECTION('',(-0.607547169811,6.703233356227E-17,0.794283599512));
#32 = PCURVE('',#33,#38);
#33 = CYLINDRICAL_SURFACE('',#34,26.5);
#34 = AXIS2_PLACEMENT_3D('',#35,#36,#37);
#35 = CARTESIAN_POINT('',(18.1,18.,-28.5));
#36 = DIRECTION('',(0.,-1.,2.22044604925E-16));
#37 = DIRECTION('',(1.,0.,0.));
#38 = DEFINITIONAL_REPRESENTATION('',(#39),#43);
#39 = LINE('',#40,#41);
#40 = CARTESIAN_POINT('',(2.223765153173,26.));
#41 = VECTOR('',#42,1.);
#42 = DIRECTION('',(1.,0.));
#43 = ( GEOMETRIC_REPRESENTATION_CONTEXT(2) 
PARAMETRIC_REPRESENTATION_CONTEXT() REPRESENTATION_CONTEXT('2D SPACE',''
  ) );
#44 = PCURVE('',#45,#50);
#45 = PLANE('',#46);
#46 = AXIS2_PLACEMENT_3D('',#47,#48,#49);
#47 = CARTESIAN_POINT('',(11.060461978941,-8.,-20.72267292046));
#48 = DIRECTION('',(0.,-1.,0.));
#49 = DIRECTION('',(1.,0.,0.));
#50 = DEFINITIONAL_REPRESENTATION('',(#51),#55);
#51 = CIRCLE('',#52,26.5);
#52 = AXIS2_PLACEMENT_2D('',#53,#54);
#53 = CARTESIAN_POINT('',(7.039538021059,-7.777327079539));
#54 = DIRECTION('',(-0.607547169811,0.794283599512));
#55 = ( GEOMETRIC_REPRESENTATION_CONTEXT(2) 
PARAMETRIC_REPRESENTATION_CONTEXT() REPRESENTATION_CONTEXT('2D SPACE',''
  ) );
#56 = ORIENTED_EDGE('',*,*,#57,.T.);
#57 = EDGE_CURVE('',#24,#58,#60,.T.);
#58 = VERTEX_POINT('',#59);
#59 = CARTESIAN_POINT('',(-5.7,-7.6,-16.84624524026));
#60 = SURFACE_CURVE('',#61,(#74,#90),.PCURVE_S1.);
#61 = B_SPLINE_CURVE_WITH_KNOTS('',6,(#62,#63,#64,#65,#66,#67,#68,#69,
    #70,#71,#72,#73),.UNSPECIFIED.,.F.,.F.,(7,5,7),(0.,0.592444623582,1.
    ),.UNSPECIFIED.);
#62 = CARTESIAN_POINT('',(-4.5,-8.,-14.6620088163));
#63 = CARTESIAN_POINT('',(-4.632311269315,-8.,-14.8780976002));
#64 = CARTESIAN_POINT('',(-4.761841719726,-7.98949626433,-15.09521210929
    ));
#65 = CARTESIAN_POINT('',(-4.88828524037,-7.969316330042,-15.31280497599
    ));
#66 = CARTESIAN_POINT('',(-5.011419321006,-7.940009283455,
    -15.53037770556));
#67 = CARTESIAN_POINT('',(-5.131090586255,-7.90194401106,-15.74748404359
    ));
#68 = CARTESIAN_POINT('',(-5.327062047856,-7.82301460462,-16.11245511619
    ));
#69 = CARTESIAN_POINT('',(-5.405230957552,-7.786735660106,
    -16.26076292377));
#70 = CARTESIAN_POINT('',(-5.481663147044,-7.7463697842,-16.40849274607)
  );
#71 = CARTESIAN_POINT('',(-5.556310217106,-7.701879002286,-16.5554687608
    ));
#72 = CARTESIAN_POINT('',(-5.629114079087,-7.653164440685,
    -16.70147774236));
#73 = CARTESIAN_POINT('',(-5.7,-7.6,-16.84624524026));
#74 = PCURVE('',#33,#75);
#75 = DEFINITIONAL_REPRESENTATION('',(#76),#89);
#76 = B_SPLINE_CURVE_WITH_KNOTS('',6,(#77,#78,#79,#80,#81,#82,#83,#84,
    #85,#86,#87,#88),.UNSPECIFIED.,.F.,.F.,(7,5,7),(0.,0.592444623582,1.
    ),.UNSPECIFIED.);
#77 = CARTESIAN_POINT('',(2.592177731121,26.));
#78 = CARTESIAN_POINT('',(2.601739181736,26.));
#79 = CARTESIAN_POINT('',(2.611278845827,25.98949626433));
#80 = CARTESIAN_POINT('',(2.620774649563,25.969316330042));
#81 = CARTESIAN_POINT('',(2.630207702361,25.940009283455));
#82 = CARTESIAN_POINT('',(2.639562002538,25.90194401106));
#83 = CARTESIAN_POINT('',(2.65519433467,25.82301460462));
#84 = CARTESIAN_POINT('',(2.661520456649,25.786735660106));
#85 = CARTESIAN_POINT('',(2.667796825053,25.7463697842));
#86 = CARTESIAN_POINT('',(2.67401716295,25.701879002286));
#87 = CARTESIAN_POINT('',(2.680173734131,25.653164440685));
#88 = CARTESIAN_POINT('',(2.68625640211,25.6));
#89 = ( GEOMETRIC_REPRESENTATION_CONTEXT(2) 
PARAMETRIC_REPRESENTATION_CONTEXT() REPRESENTATION_CONTEXT('2D SPACE',''
  ) );
#90 = PCURVE('',#91,#96);
#91 = CYLINDRICAL_SURFACE('',#92,2.);
#92 = AXIS2_PLACEMENT_3D('',#93,#94,#95);
#93 = CARTESIAN_POINT('',(-4.5,-6.,-15.7359806042));
#94 = DIRECTION('',(-0.,-0.,-1.));
#95 = DIRECTION('',(0.,-1.,0.));
#96 = DEFINITIONAL_REPRESENTATION('',(#97),#110);
#97 = B_SPLINE_CURVE_WITH_KNOTS('',6,(#98,#99,#100,#101,#102,#103,#104,
    #105,#106,#107,#108,#109),.UNSPECIFIED.,.F.,.F.,(7,5,7),(0.,
    0.592444623582,1.),.UNSPECIFIED.);
#98 = CARTESIAN_POINT('',(0.,-1.073971787903));
#99 = CARTESIAN_POINT('',(6.615563465765E-02,-0.857883004002));
#100 = CARTESIAN_POINT('',(0.130921062684,-0.640768494914));
#101 = CARTESIAN_POINT('',(0.194662981111,-0.423175628216));
#102 = CARTESIAN_POINT('',(0.257686779174,-0.205602898649));
#103 = CARTESIAN_POINT('',(0.320300515842,1.150343938207E-02));
#104 = CARTESIAN_POINT('',(0.42593510412,0.376474511987));
#105 = CARTESIAN_POINT('',(0.468966385464,0.524782319567));
#106 = CARTESIAN_POINT('',(0.512099034788,0.672512141866));
#107 = CARTESIAN_POINT('',(0.555461463456,0.819488156596));
#108 = CARTESIAN_POINT('',(0.599197408222,0.965497138155));
#109 = CARTESIAN_POINT('',(0.643501108793,1.110264636058));
#110 = ( GEOMETRIC_REPRESENTATION_CONTEXT(2) 
PARAMETRIC_REPRESENTATION_CONTEXT() REPRESENTATION_CONTEXT('2D SPACE',''
  ) );
#111 = ORIENTED_EDGE('',*,*,#112,.F.);
#112 = EDGE_CURVE('',#113,#58,#115,.T.);
#113 = VERTEX_POINT('',#114);
#114 = CARTESIAN_POINT('',(-4.292331770957,-8.475015514324,
    -14.32842712474));
#115 = SURFACE_CURVE('',#116,(#131,#160),.PCURVE_S1.);
#116 = B_SPLINE_CURVE_WITH_KNOTS('',5,(#117,#118,#119,#120,#121,#122,
    #123,#124,#125,#126,#127,#128,#129,#130),.UNSPECIFIED.,.F.,.F.,(6,4,
    4,6),(0.37268051428,0.417163008389,0.99999924441,1.49015556525),
  .UNSPECIFIED.);
#117 = CARTESIAN_POINT('',(-4.292331775549,-8.475015505324,
    -14.32842712595));
#118 = CARTESIAN_POINT('',(-4.304893711299,-8.46865327755,
    -14.34827609021));
#119 = CARTESIAN_POINT('',(-4.317427494953,-8.46227606308,
    -14.36812924161));
#120 = CARTESIAN_POINT('',(-4.329933175775,-8.455883989112,
    -14.38798656245));
#121 = CARTESIAN_POINT('',(-4.342410802965,-8.449477181813,
    -14.40784803564));
#122 = CARTESIAN_POINT('',(-4.517982826439,-8.358918540719,
    -14.68800473386));
#123 = CARTESIAN_POINT('',(-4.676303088484,-8.272270687823,
    -14.94901490099));
#124 = CARTESIAN_POINT('',(-4.82992089406,-8.183399607931,
    -15.21069139994));
#125 = CARTESIAN_POINT('',(-4.978942438316,-8.092563873002,
    -15.47301036118));
#126 = CARTESIAN_POINT('',(-5.245025369096,-7.922155204791,
    -15.95713453878));
#127 = CARTESIAN_POINT('',(-5.363396280561,-7.843091244942,
    -16.17874094381));
#128 = CARTESIAN_POINT('',(-5.478646571818,-7.762952064417,
    -16.40079394921));
#129 = CARTESIAN_POINT('',(-5.590830875013,-7.681876843741,
    -16.62329347679));
#130 = CARTESIAN_POINT('',(-5.7,-7.6,-16.84624524026));
#131 = PCURVE('',#33,#132);
#132 = DEFINITIONAL_REPRESENTATION('',(#133),#159);
#133 = B_SPLINE_CURVE_WITH_KNOTS('',3,(#134,#135,#136,#137,#138,#139,
    #140,#141,#142,#143,#144,#145,#146,#147,#148,#149,#150,#151,#152,
    #153,#154,#155,#156,#157,#158),.UNSPECIFIED.,.F.,.F.,(4,1,1,1,1,1,1,
    1,1,1,1,1,1,1,1,1,1,1,1,1,1,1,4),(0.37268051428,0.423474834779,
    0.474269155277,0.525063475776,0.575857796274,0.626652116773,
    0.677446437272,0.72824075777,0.779035078269,0.829829398768,
    0.880623719266,0.931418039765,0.982212360263,1.033006680762,
    1.083801001261,1.134595321759,1.185389642258,1.236183962757,
    1.286978283255,1.337772603754,1.388566924252,1.439361244751,
    1.49015556525),.QUASI_UNIFORM_KNOTS.);
#134 = CARTESIAN_POINT('',(2.577349623115,26.475015505324));
#135 = CARTESIAN_POINT('',(2.579036611367,26.462907203617));
#136 = CARTESIAN_POINT('',(2.582406819889,26.438560301692));
#137 = CARTESIAN_POINT('',(2.587450997361,26.401660163425));
#138 = CARTESIAN_POINT('',(2.592484219216,26.364391334988));
#139 = CARTESIAN_POINT('',(2.597506626459,26.326764963881));
#140 = CARTESIAN_POINT('',(2.60251837769,26.288791940474));
#141 = CARTESIAN_POINT('',(2.607519634094,26.250482986094));
#142 = CARTESIAN_POINT('',(2.612510563546,26.211848634602));
#143 = CARTESIAN_POINT('',(2.617491339582,26.172899242515));
#144 = CARTESIAN_POINT('',(2.622462141768,26.133644991459));
#145 = CARTESIAN_POINT('',(2.627423155658,26.09409589276));
#146 = CARTESIAN_POINT('',(2.632374572981,26.054261791144));
#147 = CARTESIAN_POINT('',(2.637316591346,26.014152369853));
#148 = CARTESIAN_POINT('',(2.642249415657,25.973777151004));
#149 = CARTESIAN_POINT('',(2.647173148755,25.933146412526));
#150 = CARTESIAN_POINT('',(2.65208798228,25.892269571344));
#151 = CARTESIAN_POINT('',(2.656994091679,25.851156128924));
#152 = CARTESIAN_POINT('',(2.661891657323,25.809815480525));
#153 = CARTESIAN_POINT('',(2.666780858904,25.768256966164));
#154 = CARTESIAN_POINT('',(2.671661876989,25.726489857512));
#155 = CARTESIAN_POINT('',(2.676534892686,25.684523359333));
#156 = CARTESIAN_POINT('',(2.681400087704,25.642366616848));
#157 = CARTESIAN_POINT('',(2.684638459043,25.61414132883));
#158 = CARTESIAN_POINT('',(2.68625640211,25.6));
#159 = ( GEOMETRIC_REPRESENTATION_CONTEXT(2) 
PARAMETRIC_REPRESENTATION_CONTEXT() REPRESENTATION_CONTEXT('2D SPACE',''
  ) );
#160 = PCURVE('',#161,#166);
#161 = CYLINDRICAL_SURFACE('',#162,9.5);
#162 = AXIS2_PLACEMENT_3D('',#163,#164,#165);
#163 = CARTESIAN_POINT('',(0.,0.,-13.5));
#164 = DIRECTION('',(-0.,-0.,-1.));
#165 = DIRECTION('',(1.,0.,0.));
#166 = DEFINITIONAL_REPRESENTATION('',(#167),#193);
#167 = B_SPLINE_CURVE_WITH_KNOTS('',3,(#168,#169,#170,#171,#172,#173,
    #174,#175,#176,#177,#178,#179,#180,#181,#182,#183,#184,#185,#186,
    #187,#188,#189,#190,#191,#192),.UNSPECIFIED.,.F.,.F.,(4,1,1,1,1,1,1,
    1,1,1,1,1,1,1,1,1,1,1,1,1,1,1,4),(0.37268051428,0.423474834779,
    0.474269155277,0.525063475776,0.575857796274,0.626652116773,
    0.677446437272,0.72824075777,0.779035078269,0.829829398768,
    0.880623719266,0.931418039765,0.982212360263,1.033006680762,
    1.083801001261,1.134595321759,1.185389642258,1.236183962757,
    1.286978283255,1.337772603754,1.388566924252,1.439361244751,
    1.49015556525),.QUASI_UNIFORM_KNOTS.);
#168 = CARTESIAN_POINT('',(-4.243579654061,0.828427125955));
#169 = CARTESIAN_POINT('',(-4.24075874332,0.866202733938));
#170 = CARTESIAN_POINT('',(-4.235133684128,0.941790543218));
#171 = CARTESIAN_POINT('',(-4.226745932516,1.055280611125));
#172 = CARTESIAN_POINT('',(-4.218407543553,1.168877825232));
#173 = CARTESIAN_POINT('',(-4.210118129612,1.282580214181));
#174 = CARTESIAN_POINT('',(-4.201877288932,1.396386270249));
#175 = CARTESIAN_POINT('',(-4.193684632631,1.510294623433));
#176 = CARTESIAN_POINT('',(-4.185539777429,1.624304131704));
#177 = CARTESIAN_POINT('',(-4.177442347579,1.738413859697));
#178 = CARTESIAN_POINT('',(-4.169391974343,1.852623087503));
#179 = CARTESIAN_POINT('',(-4.161388296173,1.966931310616));
#180 = CARTESIAN_POINT('',(-4.153430958609,2.081338245141));
#181 = CARTESIAN_POINT('',(-4.145519614679,2.195843820818));
#182 = CARTESIAN_POINT('',(-4.137653923675,2.310448217524));
#183 = CARTESIAN_POINT('',(-4.129833724611,2.425149311807));
#184 = CARTESIAN_POINT('',(-4.122058727805,2.539947106853));
#185 = CARTESIAN_POINT('',(-4.114328688453,2.654841301848));
#186 = CARTESIAN_POINT('',(-4.10664337133,2.769831779027));
#187 = CARTESIAN_POINT('',(-4.099002559888,2.884918473352));
#188 = CARTESIAN_POINT('',(-4.091406053282,3.000101406753));
#189 = CARTESIAN_POINT('',(-4.083853667234,3.115380681479));
#190 = CARTESIAN_POINT('',(-4.076345231604,3.230756472454));
#191 = CARTESIAN_POINT('',(-4.071368808694,3.307738200494));
#192 = CARTESIAN_POINT('',(-4.068887871591,3.346245240267));
#193 = ( GEOMETRIC_REPRESENTATION_CONTEXT(2) 
PARAMETRIC_REPRESENTATION_CONTEXT() REPRESENTATION_CONTEXT('2D SPACE',''
  ) );
#194 = ORIENTED_EDGE('',*,*,#195,.F.);
#195 = EDGE_CURVE('',#196,#113,#198,.T.);
#196 = VERTEX_POINT('',#197);
#197 = CARTESIAN_POINT('',(-3.332061559654,-9.519477603125,
    -12.91421356196));
#198 = SURFACE_CURVE('',#199,(#217,#238),.PCURVE_S1.);
#199 = B_SPLINE_CURVE_WITH_KNOTS('',6,(#200,#201,#202,#203,#204,#205,
    #206,#207,#208,#209,#210,#211,#212,#213,#214,#215,#216),
  .UNSPECIFIED.,.F.,.F.,(7,5,5,7),(0.,0.259129991795,0.629299416401,1.),
  .UNSPECIFIED.);
#200 = CARTESIAN_POINT('',(-3.332061522585,-9.5194776161,-12.91421356196
    ));
#201 = CARTESIAN_POINT('',(-3.366048122785,-9.458066112293,
    -12.96094863749));
#202 = CARTESIAN_POINT('',(-3.401458925421,-9.397390242298,
    -13.00989924024));
#203 = CARTESIAN_POINT('',(-3.438205829438,-9.337642659114,
    -13.06098808083));
#204 = CARTESIAN_POINT('',(-3.476181143728,-9.279021975076,
    -13.11411092441));
#205 = CARTESIAN_POINT('',(-3.515261286248,-9.221727525858,
    -13.16913872122));
#206 = CARTESIAN_POINT('',(-3.612521105722,-9.086281364643,
    -13.30703190706));
#207 = CARTESIAN_POINT('',(-3.671709163565,-9.009712575604,
    -13.39172144275));
#208 = CARTESIAN_POINT('',(-3.732479927002,-8.936815197297,
    -13.47954865666));
#209 = CARTESIAN_POINT('',(-3.794388689699,-8.86813732208,
    -13.56997747347));
#210 = CARTESIAN_POINT('',(-3.856974774695,-8.804170850885,
    -13.66241232886));
#211 = CARTESIAN_POINT('',(-3.982706448198,-8.686373974623,
    -13.85019243499));
#212 = CARTESIAN_POINT('',(-4.045852666402,-8.632558365014,
    -13.9455418645));
#213 = CARTESIAN_POINT('',(-4.108789435462,-8.584268790405,
    -14.04166362136));
#214 = CARTESIAN_POINT('',(-4.171089063591,-8.541814855048,
    -14.13791737888));
#215 = CARTESIAN_POINT('',(-4.232374672685,-8.505378626087,
    -14.23368963167));
#216 = CARTESIAN_POINT('',(-4.292331773661,-8.475012162668,
    -14.32842712546));
#217 = PCURVE('',#33,#218);
#218 = DEFINITIONAL_REPRESENTATION('',(#219),#237);
#219 = B_SPLINE_CURVE_WITH_KNOTS('',6,(#220,#221,#222,#223,#224,#225,
    #226,#227,#228,#229,#230,#231,#232,#233,#234,#235,#236),
  .UNSPECIFIED.,.F.,.F.,(7,5,5,7),(0.,0.259129991795,0.629299416401,1.),
  .UNSPECIFIED.);
#220 = CARTESIAN_POINT('',(2.512831994183,27.5194776161));
#221 = CARTESIAN_POINT('',(2.515012609216,27.458066112293));
#222 = CARTESIAN_POINT('',(2.517292449123,27.397390242298));
#223 = CARTESIAN_POINT('',(2.519667218188,27.337642659114));
#224 = CARTESIAN_POINT('',(2.522131372791,27.279021975076));
#225 = CARTESIAN_POINT('',(2.524678268083,27.221727525858));
#226 = CARTESIAN_POINT('',(2.531045906448,27.086281364643));
#227 = CARTESIAN_POINT('',(2.534944833638,27.009712575604));
#228 = CARTESIAN_POINT('',(2.5389750347,26.936815197297));
#229 = CARTESIAN_POINT('',(2.543110443689,26.86813732208));
#230 = CARTESIAN_POINT('',(2.547322833592,26.804170850885));
#231 = CARTESIAN_POINT('',(2.555850619682,26.686373974623));
#232 = CARTESIAN_POINT('',(2.560166159692,26.632558365014));
#233 = CARTESIAN_POINT('',(2.564501659024,26.584268790405));
#234 = CARTESIAN_POINT('',(2.568828217029,26.541814855048));
#235 = CARTESIAN_POINT('',(2.573118822324,26.505378626087));
#236 = CARTESIAN_POINT('',(2.577349623062,26.475012162668));
#237 = ( GEOMETRIC_REPRESENTATION_CONTEXT(2) 
PARAMETRIC_REPRESENTATION_CONTEXT() REPRESENTATION_CONTEXT('2D SPACE',''
  ) );
#238 = PCURVE('',#239,#363);
#239 = ( BOUNDED_SURFACE() B_SPLINE_SURFACE(2,14,(
    (#240,#241,#242,#243,#244,#245,#246,#247,#248,#249,#250,#251,#252
      ,#253,#254,#255,#256,#257,#258,#259,#260,#261,#262,#263,#264,#265
      ,#266,#267,#268,#269,#270,#271,#272,#273,#274,#275,#276,#277,#278
      ,#279,#280)
    ,(#281,#282,#283,#284,#285,#286,#287,#288,#289,#290,#291,#292,#293
      ,#294,#295,#296,#297,#298,#299,#300,#301,#302,#303,#304,#305,#306
      ,#307,#308,#309,#310,#311,#312,#313,#314,#315,#316,#317,#318,#319
      ,#320,#321)
    ,(#322,#323,#324,#325,#326,#327,#328,#329,#330,#331,#332,#333,#334
      ,#335,#336,#337,#338,#339,#340,#341,#342,#343,#344,#345,#346,#347
      ,#348,#349,#350,#351,#352,#353,#354,#355,#356,#357,#358,#359,#360
      ,#361,#362
)),.UNSPECIFIED.,.F.,.F.,.F.) B_SPLINE_SURFACE_WITH_KNOTS((3,3),(15,13,
    13,15),(0.,23.447854409998),(-1.77261914599,-0.651989341029,
    22.795865068969,23.916494873931),.UNSPECIFIED.) 
GEOMETRIC_REPRESENTATION_ITEM() RATIONAL_B_SPLINE_SURFACE((
    (1.,1.,1.,1.,1.,1.,1.,1.,1.,1.,1.,1.,1.,1.,1.,1.,1.,1.,1.,1.,1.,1.
      ,1.,1.,1.,1.,1.,1.,1.,1.,1.,1.,1.,1.,1.,1.,1.,1.,1.,1.,1.)
    ,(0.92387953205,0.92387953164,0.923879531294,0.92387953101
      ,0.92387953079,0.923879530633,0.923879530538,0.923879530507
      ,0.923879530538,0.923879530633,0.92387953079,0.92387953101
      ,0.923879531294,0.92387953164,0.923879540615,0.923879484174
      ,0.923879709065,0.923879080249,0.923880393447,0.923878277959
      ,0.923880952689,0.923878277957,0.92388039345,0.923879080246
      ,0.923879709067,0.923879484173,0.923879540615,0.92387953164
      ,0.923879531294,0.92387953101,0.92387953079,0.923879530632
      ,0.923879530538,0.923879530507,0.923879530538,0.923879530632
      ,0.92387953079,0.92387953101,0.923879531294,0.92387953164
      ,0.92387953205)
    ,(1.,1.,1.,1.,1.,1.,1.,1.,1.,1.,1.,1.,1.,1.,1.,1.,1.,1.,1.,1.,1.,1.
      ,1.,1.,1.,1.,1.,1.,1.,1.,1.,1.,1.,1.,1.,1.,1.,1.,1.,1.,1.
))) REPRESENTATION_ITEM('') SURFACE() );
#240 = CARTESIAN_POINT('',(-2.208794359934,9.912649966657,
    -12.91421355685));
#241 = CARTESIAN_POINT('',(-2.289027731339,9.884566226406,
    -12.91421355722));
#242 = CARTESIAN_POINT('',(-2.369261102744,9.856482486155,
    -12.91421355758));
#243 = CARTESIAN_POINT('',(-2.449494474149,9.828398745904,
    -12.91421355795));
#244 = CARTESIAN_POINT('',(-2.529727845554,9.800315005653,
    -12.91421355831));
#245 = CARTESIAN_POINT('',(-2.609961216959,9.772231265402,
    -12.91421355868));
#246 = CARTESIAN_POINT('',(-2.690194588364,9.744147525151,
    -12.91421355904));
#247 = CARTESIAN_POINT('',(-2.770427959769,9.7160637849,-12.91421355941)
  );
#248 = CARTESIAN_POINT('',(-2.850661331174,9.687980044649,
    -12.91421355977));
#249 = CARTESIAN_POINT('',(-2.930894702579,9.659896304398,
    -12.91421356013));
#250 = CARTESIAN_POINT('',(-3.011128073984,9.631812564147,-12.9142135605
    ));
#251 = CARTESIAN_POINT('',(-3.091361445389,9.603728823895,
    -12.91421356086));
#252 = CARTESIAN_POINT('',(-3.171594816794,9.575645083644,
    -12.91421356123));
#253 = CARTESIAN_POINT('',(-3.251828188199,9.547561343393,
    -12.91421356159));
#254 = CARTESIAN_POINT('',(-5.01085004372,8.931858525208,-12.91421356958
    ));
#255 = CARTESIAN_POINT('',(-6.573687350917,8.026980450671,
    -12.91421351933));
#256 = CARTESIAN_POINT('',(-7.979366310702,6.821133949334,
    -12.91421371957));
#257 = CARTESIAN_POINT('',(-9.088254524155,5.369425697248,
    -12.91421315965));
#258 = CARTESIAN_POINT('',(-10.03959543322,3.690852119145,
    -12.91421432902));
#259 = CARTESIAN_POINT('',(-10.43350228898,1.890825051805,
    -12.91421244517));
#260 = CARTESIAN_POINT('',(-10.79148697973,3.327205178031E-11,
    -12.91421482707));
#261 = CARTESIAN_POINT('',(-10.43350228898,-1.890825051759,
    -12.91421244515));
#262 = CARTESIAN_POINT('',(-10.03959543326,-3.690852119088,
    -12.91421432906));
#263 = CARTESIAN_POINT('',(-9.088254524167,-5.369425697203,
    -12.91421315962));
#264 = CARTESIAN_POINT('',(-7.979366310747,-6.821133949292,
    -12.91421371959));
#265 = CARTESIAN_POINT('',(-6.573687350955,-8.026980450637,
    -12.91421351932));
#266 = CARTESIAN_POINT('',(-5.010850043767,-8.931858525182,
    -12.91421356958));
#267 = CARTESIAN_POINT('',(-3.251828188249,-9.547561343376,
    -12.91421356159));
#268 = CARTESIAN_POINT('',(-3.171594816844,-9.575645083628,
    -12.91421356123));
#269 = CARTESIAN_POINT('',(-3.091361445439,-9.603728823879,
    -12.91421356086));
#270 = CARTESIAN_POINT('',(-3.011128074034,-9.631812564131,
    -12.9142135605));
#271 = CARTESIAN_POINT('',(-2.930894702629,-9.659896304382,
    -12.91421356013));
#272 = CARTESIAN_POINT('',(-2.850661331225,-9.687980044634,
    -12.91421355977));
#273 = CARTESIAN_POINT('',(-2.77042795982,-9.716063784886,
    -12.91421355941));
#274 = CARTESIAN_POINT('',(-2.690194588415,-9.744147525137,
    -12.91421355904));
#275 = CARTESIAN_POINT('',(-2.60996121701,-9.772231265389,
    -12.91421355868));
#276 = CARTESIAN_POINT('',(-2.529727845605,-9.80031500564,
    -12.91421355831));
#277 = CARTESIAN_POINT('',(-2.4494944742,-9.828398745892,-12.91421355795
    ));
#278 = CARTESIAN_POINT('',(-2.369261102796,-9.856482486143,
    -12.91421355758));
#279 = CARTESIAN_POINT('',(-2.289027731391,-9.884566226395,
    -12.91421355722));
#280 = CARTESIAN_POINT('',(-2.208794359986,-9.912649966647,
    -12.91421355685));
#281 = CARTESIAN_POINT('',(-2.015210210862,9.359767172067,
    -13.50000000247));
#282 = CARTESIAN_POINT('',(-2.100079667795,9.33006126039,-13.50000000229
    ));
#283 = CARTESIAN_POINT('',(-2.184235907063,9.300604988356,
    -13.50000000212));
#284 = CARTESIAN_POINT('',(-2.267678928647,9.271398355972,
    -13.50000000195));
#285 = CARTESIAN_POINT('',(-2.35040873253,9.242441363244,-13.50000000178
    ));
#286 = CARTESIAN_POINT('',(-2.432425318694,9.213734010178,
    -13.50000000161));
#287 = CARTESIAN_POINT('',(-2.513728687123,9.185276296781,
    -13.50000000145));
#288 = CARTESIAN_POINT('',(-2.594318837799,9.157068223057,
    -13.50000000128));
#289 = CARTESIAN_POINT('',(-2.674195770707,9.129109789013,
    -13.50000000112));
#290 = CARTESIAN_POINT('',(-2.753359485828,9.101400994655,
    -13.50000000096));
#291 = CARTESIAN_POINT('',(-2.831809983149,9.073941839987,-13.5000000008
    ));
#292 = CARTESIAN_POINT('',(-2.909547262653,9.046732325017,
    -13.50000000064));
#293 = CARTESIAN_POINT('',(-2.986571324324,9.019772449748,
    -13.50000000048));
#294 = CARTESIAN_POINT('',(-3.062882168147,8.993062214186,
    -13.50000000032));
#295 = CARTESIAN_POINT('',(-4.720270767556,8.412944924311,
    -13.49999999694));
#296 = CARTESIAN_POINT('',(-6.189636690285,7.56140168813,-13.50000001825
    ));
#297 = CARTESIAN_POINT('',(-7.523549705979,6.423210534173,
    -13.49999993334));
#298 = CARTESIAN_POINT('',(-8.541719513476,5.060774334174,
    -13.50000017073));
#299 = CARTESIAN_POINT('',(-9.491141637918,3.472522536975,
    -13.49999967499));
#300 = CARTESIAN_POINT('',(-9.777686691433,1.783878238131,
    -13.50000047358));
#301 = CARTESIAN_POINT('',(-10.22090353588,7.407196156195E-12,
    -13.49999946389));
#302 = CARTESIAN_POINT('',(-9.777686691454,-1.783878238049,
    -13.50000047358));
#303 = CARTESIAN_POINT('',(-9.491141637921,-3.472522536941,
    -13.49999967499));
#304 = CARTESIAN_POINT('',(-8.541719513512,-5.060774334126,
    -13.50000017073));
#305 = CARTESIAN_POINT('',(-7.523549706009,-6.423210534132,
    -13.49999993334));
#306 = CARTESIAN_POINT('',(-6.189636690324,-7.5614016881,-13.50000001825
    ));
#307 = CARTESIAN_POINT('',(-4.720270767601,-8.412944924286,
    -13.49999999694));
#308 = CARTESIAN_POINT('',(-3.062882168194,-8.99306221417,
    -13.50000000032));
#309 = CARTESIAN_POINT('',(-2.986571324371,-9.019772449732,
    -13.50000000048));
#310 = CARTESIAN_POINT('',(-2.9095472627,-9.046732325002,-13.50000000064
    ));
#311 = CARTESIAN_POINT('',(-2.831809983196,-9.073941839973,
    -13.5000000008));
#312 = CARTESIAN_POINT('',(-2.753359485876,-9.10140099464,
    -13.50000000096));
#313 = CARTESIAN_POINT('',(-2.674195770754,-9.129109788999,
    -13.50000000112));
#314 = CARTESIAN_POINT('',(-2.594318837847,-9.157068223043,
    -13.50000000128));
#315 = CARTESIAN_POINT('',(-2.513728687171,-9.185276296768,
    -13.50000000145));
#316 = CARTESIAN_POINT('',(-2.432425318743,-9.213734010166,
    -13.50000000161));
#317 = CARTESIAN_POINT('',(-2.350408732578,-9.242441363232,
    -13.50000000178));
#318 = CARTESIAN_POINT('',(-2.267678928695,-9.271398355961,
    -13.50000000195));
#319 = CARTESIAN_POINT('',(-2.184235907111,-9.300604988345,
    -13.50000000212));
#320 = CARTESIAN_POINT('',(-2.100079667844,-9.330061260379,
    -13.50000000229));
#321 = CARTESIAN_POINT('',(-2.015210210911,-9.359767172057,
    -13.50000000247));
#322 = CARTESIAN_POINT('',(-2.015210210862,9.359767172067,
    -14.32842716728));
#323 = CARTESIAN_POINT('',(-2.100079668255,9.330061260229,-14.3284271643
    ));
#324 = CARTESIAN_POINT('',(-2.184235907843,9.300604988083,
    -14.32842716133));
#325 = CARTESIAN_POINT('',(-2.267678929626,9.27139835563,-14.3284271584)
  );
#326 = CARTESIAN_POINT('',(-2.350408733604,9.242441362868,
    -14.32842715548));
#327 = CARTESIAN_POINT('',(-2.432425319777,9.2137340098,-14.3284271526)
  );
#328 = CARTESIAN_POINT('',(-2.513728688145,9.185276296423,
    -14.32842714974));
#329 = CARTESIAN_POINT('',(-2.594318838708,9.157068222739,-14.3284271469
    ));
#330 = CARTESIAN_POINT('',(-2.674195771466,9.129109788747,
    -14.32842714409));
#331 = CARTESIAN_POINT('',(-2.753359486419,9.101400994448,-14.3284271413
    ));
#332 = CARTESIAN_POINT('',(-2.831809983567,9.073941839841,
    -14.32842713854));
#333 = CARTESIAN_POINT('',(-2.90954726291,9.046732324927,-14.3284271358)
  );
#334 = CARTESIAN_POINT('',(-2.986571324448,9.019772449705,
    -14.32842713309));
#335 = CARTESIAN_POINT('',(-3.062882168181,8.993062214175,-14.3284271304
    ));
#336 = CARTESIAN_POINT('',(-4.720270782221,8.412944919177,
    -14.32842707206));
#337 = CARTESIAN_POINT('',(-6.189636525242,7.561401693768,
    -14.32842743898));
#338 = CARTESIAN_POINT('',(-7.523550564387,6.423210579635,
    -14.32842597701));
#339 = CARTESIAN_POINT('',(-8.541716816334,5.060774136141,
    -14.32843006474));
#340 = CARTESIAN_POINT('',(-9.491147655874,3.472522874802,
    -14.32842152815));
#341 = CARTESIAN_POINT('',(-9.777677534292,1.783877929266,
    -14.32843528003));
#342 = CARTESIAN_POINT('',(-10.22091458272,1.819788764116E-11,
    -14.32841789283));
#343 = CARTESIAN_POINT('',(-9.777677534292,-1.783877929199,
    -14.32843528001));
#344 = CARTESIAN_POINT('',(-9.491147655906,-3.472522874764,
    -14.32842152819));
#345 = CARTESIAN_POINT('',(-8.541716816348,-5.06077413609,
    -14.32843006471));
#346 = CARTESIAN_POINT('',(-7.523550564428,-6.423210579599,
    -14.32842597703));
#347 = CARTESIAN_POINT('',(-6.189636525278,-7.561401693735,
    -14.32842743897));
#348 = CARTESIAN_POINT('',(-4.720270782265,-8.412944919152,
    -14.32842707206));
#349 = CARTESIAN_POINT('',(-3.062882168228,-8.993062214159,
    -14.3284271304));
#350 = CARTESIAN_POINT('',(-2.986571324495,-9.019772449689,
    -14.32842713309));
#351 = CARTESIAN_POINT('',(-2.909547262957,-9.046732324911,
    -14.3284271358));
#352 = CARTESIAN_POINT('',(-2.831809983615,-9.073941839826,
    -14.32842713854));
#353 = CARTESIAN_POINT('',(-2.753359486467,-9.101400994434,
    -14.3284271413));
#354 = CARTESIAN_POINT('',(-2.674195771514,-9.129109788733,
    -14.32842714409));
#355 = CARTESIAN_POINT('',(-2.594318838756,-9.157068222726,
    -14.3284271469));
#356 = CARTESIAN_POINT('',(-2.513728688193,-9.18527629641,
    -14.32842714974));
#357 = CARTESIAN_POINT('',(-2.432425319826,-9.213734009787,
    -14.3284271526));
#358 = CARTESIAN_POINT('',(-2.350408733653,-9.242441362856,
    -14.32842715548));
#359 = CARTESIAN_POINT('',(-2.267678929675,-9.271398355618,
    -14.3284271584));
#360 = CARTESIAN_POINT('',(-2.184235907892,-9.300604988072,
    -14.32842716133));
#361 = CARTESIAN_POINT('',(-2.100079668304,-9.330061260219,
    -14.3284271643));
#362 = CARTESIAN_POINT('',(-2.015210210911,-9.359767172058,
    -14.32842716728));
#363 = DEFINITIONAL_REPRESENTATION('',(#364),#382);
#364 = B_SPLINE_CURVE_WITH_KNOTS('',6,(#365,#366,#367,#368,#369,#370,
    #371,#372,#373,#374,#375,#376,#377,#378,#379,#380,#381),
  .UNSPECIFIED.,.F.,.F.,(7,5,5,7),(0.,0.259129991795,0.629299416401,1.),
  .UNSPECIFIED.);
#365 = CARTESIAN_POINT('',(0.,22.795865105951));
#366 = CARTESIAN_POINT('',(1.012421598044,22.746550273339));
#367 = CARTESIAN_POINT('',(2.024704802017,22.695648912057));
#368 = CARTESIAN_POINT('',(3.036873126347,22.643295632456));
#369 = CARTESIAN_POINT('',(4.048955555199,22.589660653259));
#370 = CARTESIAN_POINT('',(5.060985438096,22.53494535565));
#371 = CARTESIAN_POINT('',(7.51867002371,22.399999158993));
#372 = CARTESIAN_POINT('',(8.964306161113,22.318881837897));
#373 = CARTESIAN_POINT('',(10.410017175075,22.236686164021));
#374 = CARTESIAN_POINT('',(11.855917906051,22.154186163039));
#375 = CARTESIAN_POINT('',(13.30211713823,22.072196857763));
#376 = CARTESIAN_POINT('',(16.197370743845,21.910690410993));
#377 = CARTESIAN_POINT('',(17.646425403988,21.831176678699));
#378 = CARTESIAN_POINT('',(19.095955656821,21.753744983348));
#379 = CARTESIAN_POINT('',(20.546024515511,21.67914581604));
#380 = CARTESIAN_POINT('',(21.996660832823,21.608006310871));
#381 = CARTESIAN_POINT('',(23.447854409998,21.540795509964));
#382 = ( GEOMETRIC_REPRESENTATION_CONTEXT(2) 
PARAMETRIC_REPRESENTATION_CONTEXT() REPRESENTATION_CONTEXT('2D SPACE',''
  ) );
#383 = ORIENTED_EDGE('',*,*,#384,.T.);
#384 = EDGE_CURVE('',#196,#385,#387,.T.);
#385 = VERTEX_POINT('',#386);
#386 = CARTESIAN_POINT('',(-1.427697059944,-12.33184412313,
    -10.58578643762));
#387 = SURFACE_CURVE('',#388,(#401,#417),.PCURVE_S1.);
#388 = B_SPLINE_CURVE_WITH_KNOTS('',6,(#389,#390,#391,#392,#393,#394,
    #395,#396,#397,#398,#399,#400),.UNSPECIFIED.,.F.,.F.,(7,5,7),(0.,
    0.368694806372,1.),.UNSPECIFIED.);
#389 = CARTESIAN_POINT('',(-3.746052274953,-8.730240108572,-13.5));
#390 = CARTESIAN_POINT('',(-3.605335829105,-9.013629842595,
    -13.29506007787));
#391 = CARTESIAN_POINT('',(-3.45973450688,-9.293490111034,
    -13.08794992993));
#392 = CARTESIAN_POINT('',(-3.309192996614,-9.569951405188,
    -12.87892861591));
#393 = CARTESIAN_POINT('',(-3.153630696201,-9.843094438319,
    -12.66820856123));
#394 = CARTESIAN_POINT('',(-2.992940021316,-10.11296027351,
    -12.45596511131));
#395 = CARTESIAN_POINT('',(-2.542824357111,-10.83605203776,
    -11.87657255726));
#396 = CARTESIAN_POINT('',(-2.24324586915,-11.28294052108,
    -11.50678827914));
#397 = CARTESIAN_POINT('',(-1.927550608211,-11.72030921329,
    -11.13371072287));
#398 = CARTESIAN_POINT('',(-1.594847171245,-12.14784447864,
    -10.7579035707));
#399 = CARTESIAN_POINT('',(-1.244044259141,-12.5649396349,
    -10.37986130313));
#400 = CARTESIAN_POINT('',(-0.87366596101,-12.97060938385,-10.));
#401 = PCURVE('',#33,#402);
#402 = DEFINITIONAL_REPRESENTATION('',(#403),#416);
#403 = B_SPLINE_CURVE_WITH_KNOTS('',6,(#404,#405,#406,#407,#408,#409,
    #410,#411,#412,#413,#414,#415),.UNSPECIFIED.,.F.,.F.,(7,5,7),(0.,
    0.368694806372,1.),.UNSPECIFIED.);
#404 = CARTESIAN_POINT('',(2.539901134549,26.730240108572));
#405 = CARTESIAN_POINT('',(2.530520038159,27.013629842595));
#406 = CARTESIAN_POINT('',(2.520967089126,27.293490111034));
#407 = CARTESIAN_POINT('',(2.511247675608,27.569951405188));
#408 = CARTESIAN_POINT('',(2.501364932333,27.843094438319));
#409 = CARTESIAN_POINT('',(2.491319977799,28.112960273511));
#410 = CARTESIAN_POINT('',(2.463633592876,28.83605203776));
#411 = CARTESIAN_POINT('',(2.445678570297,29.282940521082));
#412 = CARTESIAN_POINT('',(2.427242690929,29.720309213292));
#413 = CARTESIAN_POINT('',(2.408309844893,30.14784447864));
#414 = CARTESIAN_POINT('',(2.388854234245,30.564939634905));
#415 = CARTESIAN_POINT('',(2.368833785698,30.970609383856));
#416 = ( GEOMETRIC_REPRESENTATION_CONTEXT(2) 
PARAMETRIC_REPRESENTATION_CONTEXT() REPRESENTATION_CONTEXT('2D SPACE',''
  ) );
#417 = PCURVE('',#418,#423);
#418 = CONICAL_SURFACE('',#419,13.1,0.785398163397);
#419 = AXIS2_PLACEMENT_3D('',#420,#421,#422);
#420 = CARTESIAN_POINT('',(0.,0.,-9.9));
#421 = DIRECTION('',(0.,0.,1.));
#422 = DIRECTION('',(1.,0.,0.));
#423 = DEFINITIONAL_REPRESENTATION('',(#424),#437);
#424 = B_SPLINE_CURVE_WITH_KNOTS('',6,(#425,#426,#427,#428,#429,#430,
    #431,#432,#433,#434,#435,#436),.UNSPECIFIED.,.F.,.F.,(7,5,7),(0.,
    0.368694806372,1.),.UNSPECIFIED.);
#425 = CARTESIAN_POINT('',(4.307059797168,-3.6));
#426 = CARTESIAN_POINT('',(4.332434657194,-3.39506007787));
#427 = CARTESIAN_POINT('',(4.356821816869,-3.187949929933));
#428 = CARTESIAN_POINT('',(4.380331100157,-2.978928615913));
#429 = CARTESIAN_POINT('',(4.403056752042,-2.768208561239));
#430 = CARTESIAN_POINT('',(4.425081084921,-2.555965111314));
#431 = CARTESIAN_POINT('',(4.483115642786,-1.976572557265));
#432 = CARTESIAN_POINT('',(4.517911728114,-1.606788279144));
#433 = CARTESIAN_POINT('',(4.551239667111,-1.233710722876));
#434 = CARTESIAN_POINT('',(4.583389195625,-0.8579035707));
#435 = CARTESIAN_POINT('',(4.614609829409,-0.479861303132));
#436 = CARTESIAN_POINT('',(4.6451332145,-1.E-01));
#437 = ( GEOMETRIC_REPRESENTATION_CONTEXT(2) 
PARAMETRIC_REPRESENTATION_CONTEXT() REPRESENTATION_CONTEXT('2D SPACE',''
  ) );
#438 = ORIENTED_EDGE('',*,*,#439,.T.);
#439 = EDGE_CURVE('',#385,#440,#442,.T.);
#440 = VERTEX_POINT('',#441);
#441 = CARTESIAN_POINT('',(-2.903485478509E-02,-12.999967576,
    -9.171572872441));
#442 = SURFACE_CURVE('',#443,(#462,#484),.PCURVE_S1.);
#443 = B_SPLINE_CURVE_WITH_KNOTS('',5,(#444,#445,#446,#447,#448,#449,
    #450,#451,#452,#453,#454,#455,#456,#457,#458,#459,#460,#461),
  .UNSPECIFIED.,.F.,.F.,(6,4,4,4,6),(0.,0.249957173427,0.499953551582,
    0.7499732815,1.),.UNSPECIFIED.);
#444 = CARTESIAN_POINT('',(-1.427697059352,-12.3318445165,
    -10.58578643763));
#445 = CARTESIAN_POINT('',(-1.378044250286,-12.39207934449,
    -10.53166153785));
#446 = CARTESIAN_POINT('',(-1.325200939496,-12.45027174377,
    -10.47443523583));
#447 = CARTESIAN_POINT('',(-1.26921149957,-12.50601857747,
    -10.41424684602));
#448 = CARTESIAN_POINT('',(-1.210180409107,-12.55892242434,
    -10.35130737038));
#449 = CARTESIAN_POINT('',(-1.086363679879,-12.65835291181,
    -10.22046053958));
#450 = CARTESIAN_POINT('',(-1.021577139454,-12.70487859138,
    -10.15255237704));
#451 = CARTESIAN_POINT('',(-0.954085787252,-12.74786086011,
    -10.08243611628));
#452 = CARTESIAN_POINT('',(-0.884123084537,-12.78699866287,
    -10.01044405795));
#453 = CARTESIAN_POINT('',(-0.739820106899,-12.85715481319,
    -9.863428734225));
#454 = CARTESIAN_POINT('',(-0.665479384094,-12.88817235535,
    -9.788405118579));
#455 = CARTESIAN_POINT('',(-0.589238065726,-12.91490902822,
    -9.712232302463));
#456 = CARTESIAN_POINT('',(-0.511433292004,-12.93723052979,
    -9.635303656509));
#457 = CARTESIAN_POINT('',(-0.353416295929,-12.97296676419,
    -9.480703351412));
#458 = CARTESIAN_POINT('',(-0.273203944849,-12.98638124168,
    -9.403031605856));
#459 = CARTESIAN_POINT('',(-0.192149422325,-12.99530212413,
    -9.325375074763));
#460 = CARTESIAN_POINT('',(-0.110635872597,-12.99978532372,
    -9.248110279342));
#461 = CARTESIAN_POINT('',(-2.903485502353E-02,-12.999967576,
    -9.171572872441));
#462 = PCURVE('',#33,#463);
#463 = DEFINITIONAL_REPRESENTATION('',(#464),#483);
#464 = B_SPLINE_CURVE_WITH_KNOTS('',5,(#465,#466,#467,#468,#469,#470,
    #471,#472,#473,#474,#475,#476,#477,#478,#479,#480,#481,#482),
  .UNSPECIFIED.,.F.,.F.,(6,4,4,4,6),(0.,0.249957173427,0.499953551582,
    0.7499732815,1.),.UNSPECIFIED.);
#465 = CARTESIAN_POINT('',(2.399260825019,30.331844516501));
#466 = CARTESIAN_POINT('',(2.39648912595,30.392079344497));
#467 = CARTESIAN_POINT('',(2.393549796225,30.450271743777));
#468 = CARTESIAN_POINT('',(2.390447797866,30.506018577478));
#469 = CARTESIAN_POINT('',(2.387191585365,30.558922424349));
#470 = CARTESIAN_POINT('',(2.380393738914,30.658352911815));
#471 = CARTESIAN_POINT('',(2.37685205941,30.704878591387));
#472 = CARTESIAN_POINT('',(2.373179621847,30.74786086011));
#473 = CARTESIAN_POINT('',(2.3693914641,30.786998662878));
#474 = CARTESIAN_POINT('',(2.361617800905,30.857154813199));
#475 = CARTESIAN_POINT('',(2.357632274225,30.888172355354));
#476 = CARTESIAN_POINT('',(2.353565437313,30.914909028227));
#477 = CARTESIAN_POINT('',(2.349436634137,30.937230529794));
#478 = CARTESIAN_POINT('',(2.341094482605,30.97296676419));
#479 = CARTESIAN_POINT('',(2.336881128599,30.986381241687));
#480 = CARTESIAN_POINT('',(2.332645308762,30.995302124133));
#481 = CARTESIAN_POINT('',(2.328407124538,30.999785323727));
#482 = CARTESIAN_POINT('',(2.324185310883,30.999967576005));
#483 = ( GEOMETRIC_REPRESENTATION_CONTEXT(2) 
PARAMETRIC_REPRESENTATION_CONTEXT() REPRESENTATION_CONTEXT('2D SPACE',''
  ) );
#484 = PCURVE('',#485,#612);
#485 = ( BOUNDED_SURFACE() B_SPLINE_SURFACE(2,9,(
    (#486,#487,#488,#489,#490,#491,#492,#493,#494,#495,#496,#497,#498
      ,#499,#500,#501,#502,#503,#504,#505,#506,#507,#508,#509,#510,#511
      ,#512,#513,#514,#515,#516,#517,#518,#519,#520,#521,#522,#523,#524
      ,#525,#526,#527)
    ,(#528,#529,#530,#531,#532,#533,#534,#535,#536,#537,#538,#539,#540
      ,#541,#542,#543,#544,#545,#546,#547,#548,#549,#550,#551,#552,#553
      ,#554,#555,#556,#557,#558,#559,#560,#561,#562,#563,#564,#565,#566
      ,#567,#568,#569)
    ,(#570,#571,#572,#573,#574,#575,#576,#577,#578,#579,#580,#581,#582
      ,#583,#584,#585,#586,#587,#588,#589,#590,#591,#592,#593,#594,#595
      ,#596,#597,#598,#599,#600,#601,#602,#603,#604,#605,#606,#607,#608
      ,#609,#610,#611
)),.UNSPECIFIED.,.F.,.F.,.F.) B_SPLINE_SURFACE_WITH_KNOTS((3,3),(10,8,8,
    8,8,10),(0.,40.782804722109),(-2.812331817144,-0.845375069228,0.,
    39.092054583653,39.937429652881,41.904386400799),.UNSPECIFIED.) 
GEOMETRIC_REPRESENTATION_ITEM() RATIONAL_B_SPLINE_SURFACE((
    (1.,1.,1.,1.,1.,1.,1.,1.,1.,1.,1.,1.,1.,1.,1.,1.,1.,1.,1.,1.,1.,1.
      ,1.,1.,1.,1.,1.,1.,1.,1.,1.,1.,1.,1.,1.,1.,1.,1.,1.,1.,1.,1.)
    ,(0.92387953203,0.923879531112,0.923879530424,0.923879529965
      ,0.923879529735,0.923879529735,0.923879529965,0.923879530424
      ,0.923879531112,0.923879532425,0.923879532662,0.923879532773
      ,0.923879532789,0.923879532739,0.923879532656,0.92387953257
      ,0.923879532511,0.923879532511,0.923879532188,0.923879533058
      ,0.923879532219,0.923879532219,0.923879533058,0.923879532188
      ,0.923879532511,0.923879532511,0.92387953257,0.923879532656
      ,0.923879532739,0.923879532789,0.923879532773,0.923879532662
      ,0.923879532425,0.923879531112,0.923879530424,0.923879529965
      ,0.923879529735,0.923879529735,0.923879529965,0.923879530424
      ,0.923879531112,0.92387953203)
    ,(1.,1.,1.,1.,1.,1.,1.,1.,1.,1.,1.,1.,1.,1.,1.,1.,1.,1.,1.,1.,1.,1.
      ,1.,1.,1.,1.,1.,1.,1.,1.,1.,1.,1.,1.,1.,1.,1.,1.,1.,1.,1.,1.
))) REPRESENTATION_ITEM('') SURFACE() );
#486 = CARTESIAN_POINT('',(1.940087343222,-12.41856871951,
    -10.58578645172));
#487 = CARTESIAN_POINT('',(1.71164910538,-12.41805954651,-10.58578645017
    ));
#488 = CARTESIAN_POINT('',(1.485660488659,-12.41755583355,
    -10.58578644864));
#489 = CARTESIAN_POINT('',(1.262121493062,-12.41705758063,
    -10.58578644712));
#490 = CARTESIAN_POINT('',(1.041032118586,-12.41656478774,
    -10.58578644562));
#491 = CARTESIAN_POINT('',(0.822392365233,-12.41607745488,
    -10.58578644413));
#492 = CARTESIAN_POINT('',(0.606202233002,-12.41559558207,
    -10.58578644267));
#493 = CARTESIAN_POINT('',(0.392461721893,-12.41511916928,
    -10.58578644122));
#494 = CARTESIAN_POINT('',(0.181170831907,-12.41464821654,
    -10.58578643978));
#495 = CARTESIAN_POINT('',(-0.117427978556,-12.41398266049,
    -10.58578643776));
#496 = CARTESIAN_POINT('',(-0.207156736769,-12.41305305955,
    -10.58578643739));
#497 = CARTESIAN_POINT('',(-0.296854878627,-12.41139426033,
    -10.58578643722));
#498 = CARTESIAN_POINT('',(-0.386520571164,-12.40900660211,
    -10.58578643719));
#499 = CARTESIAN_POINT('',(-0.476151981414,-12.40589042422,
    -10.58578643727));
#500 = CARTESIAN_POINT('',(-0.565747276405,-12.40204606595,
    -10.5857864374));
#501 = CARTESIAN_POINT('',(-0.655304623173,-12.39747386661,
    -10.58578643753));
#502 = CARTESIAN_POINT('',(-0.744822188749,-12.39217416551,
    -10.58578643762));
#503 = CARTESIAN_POINT('',(-4.971868437696,-12.10745150414,
    -10.58578643762));
#504 = CARTESIAN_POINT('',(-9.009618623061,-10.27355665193,
    -10.58578643812));
#505 = CARTESIAN_POINT('',(-12.26432234311,-6.924009220046,
    -10.58578643678));
#506 = CARTESIAN_POINT('',(-14.11037102464,-2.458855540432,
    -10.58578643807));
#507 = CARTESIAN_POINT('',(-14.11037102463,2.458855540432,
    -10.58578643807));
#508 = CARTESIAN_POINT('',(-12.26432234311,6.924009220046,
    -10.58578643678));
#509 = CARTESIAN_POINT('',(-9.009618623059,10.273556651936,
    -10.58578643812));
#510 = CARTESIAN_POINT('',(-4.971868437696,12.107451504143,
    -10.58578643762));
#511 = CARTESIAN_POINT('',(-0.744822188749,12.392174165509,
    -10.58578643762));
#512 = CARTESIAN_POINT('',(-0.655304623173,12.397473866614,
    -10.58578643753));
#513 = CARTESIAN_POINT('',(-0.565747276405,12.402046065953,
    -10.5857864374));
#514 = CARTESIAN_POINT('',(-0.476151981413,12.405890424224,
    -10.58578643727));
#515 = CARTESIAN_POINT('',(-0.386520571165,12.409006602117,
    -10.58578643719));
#516 = CARTESIAN_POINT('',(-0.296854878627,12.411394260332,
    -10.58578643722));
#517 = CARTESIAN_POINT('',(-0.207156736769,12.413053059558,
    -10.58578643739));
#518 = CARTESIAN_POINT('',(-0.117427978556,12.413982660494,
    -10.58578643776));
#519 = CARTESIAN_POINT('',(0.181170831907,12.414648216543,
    -10.58578643978));
#520 = CARTESIAN_POINT('',(0.392461721893,12.415119169289,
    -10.58578644122));
#521 = CARTESIAN_POINT('',(0.606202233002,12.415595582071,
    -10.58578644267));
#522 = CARTESIAN_POINT('',(0.822392365233,12.416077454888,
    -10.58578644413));
#523 = CARTESIAN_POINT('',(1.041032118586,12.416564787742,
    -10.58578644562));
#524 = CARTESIAN_POINT('',(1.262121493062,12.417057580631,
    -10.58578644712));
#525 = CARTESIAN_POINT('',(1.48566048866,12.417555833555,-10.58578644864
    ));
#526 = CARTESIAN_POINT('',(1.71164910538,12.418059546516,-10.58578645017
    ));
#527 = CARTESIAN_POINT('',(1.940087343222,12.418568719511,
    -10.58578645172));
#528 = CARTESIAN_POINT('',(1.938722905527,-13.00436247626,
    -10.00000000241));
#529 = CARTESIAN_POINT('',(1.720083156119,-13.00387415401,
    -10.00000000215));
#530 = CARTESIAN_POINT('',(1.501443405896,-13.00338583176,-10.0000000019
    ));
#531 = CARTESIAN_POINT('',(1.282803655022,-13.00289750951,
    -10.00000000165));
#532 = CARTESIAN_POINT('',(1.064163903659,-13.00240918726,
    -10.00000000139));
#533 = CARTESIAN_POINT('',(0.84552415197,-13.00192086501,-10.00000000114
    ));
#534 = CARTESIAN_POINT('',(0.626884400118,-13.00143254276,
    -10.00000000089));
#535 = CARTESIAN_POINT('',(0.408244648267,-13.0009442205,-10.00000000063
    ));
#536 = CARTESIAN_POINT('',(0.189604896578,-13.00045589825,
    -10.00000000038));
#537 = CARTESIAN_POINT('',(-0.123003669746,-12.99975770079,
    -10.00000000002));
#538 = CARTESIAN_POINT('',(-0.216949494928,-12.9987840601,
    -9.999999999958));
#539 = CARTESIAN_POINT('',(-0.31086922801,-12.99704696633,
    -9.999999999928));
#540 = CARTESIAN_POINT('',(-0.404759766663,-12.99454673188,
    -9.999999999923));
#541 = CARTESIAN_POINT('',(-0.498618008541,-12.99128366918,
    -9.999999999937));
#542 = CARTESIAN_POINT('',(-0.592440851291,-12.98725809061,
    -9.99999999996));
#543 = CARTESIAN_POINT('',(-0.686225192542,-12.9824703086,
    -9.999999999984));
#544 = CARTESIAN_POINT('',(-0.779967929913,-12.97692063554,-10.));
#545 = CARTESIAN_POINT('',(-5.206474769046,-12.67876283608,-10.));
#546 = CARTESIAN_POINT('',(-9.434602491829,-10.75835598996,
    -10.00000000008));
#547 = CARTESIAN_POINT('',(-12.84330119373,-7.25082551055,
    -9.999999999849));
#548 = CARTESIAN_POINT('',(-14.77605925483,-2.574545487668,
    -10.00000000008));
#549 = CARTESIAN_POINT('',(-14.77605925482,2.574545487668,
    -10.00000000008));
#550 = CARTESIAN_POINT('',(-12.84330119373,7.25082551055,-9.999999999849
    ));
#551 = CARTESIAN_POINT('',(-9.434602491827,10.758355989964,
    -10.00000000008));
#552 = CARTESIAN_POINT('',(-5.206474769047,12.678762836086,-10.));
#553 = CARTESIAN_POINT('',(-0.779967929913,12.976920635545,-10.));
#554 = CARTESIAN_POINT('',(-0.686225192542,12.982470308601,
    -9.999999999984));
#555 = CARTESIAN_POINT('',(-0.592440851291,12.987258090616,
    -9.99999999996));
#556 = CARTESIAN_POINT('',(-0.498618008542,12.991283669181,
    -9.999999999937));
#557 = CARTESIAN_POINT('',(-0.404759766662,12.994546731889,
    -9.999999999923));
#558 = CARTESIAN_POINT('',(-0.31086922801,12.997046966332,
    -9.999999999928));
#559 = CARTESIAN_POINT('',(-0.216949494927,12.998784060104,
    -9.999999999958));
#560 = CARTESIAN_POINT('',(-0.123003669746,12.999757700798,
    -10.00000000002));
#561 = CARTESIAN_POINT('',(0.189604896578,13.000455898257,
    -10.00000000038));
#562 = CARTESIAN_POINT('',(0.408244648267,13.000944220509,
    -10.00000000063));
#563 = CARTESIAN_POINT('',(0.626884400119,13.001432542761,
    -10.00000000089));
#564 = CARTESIAN_POINT('',(0.845524151971,13.001920865014,
    -10.00000000114));
#565 = CARTESIAN_POINT('',(1.06416390366,13.002409187265,-10.00000000139
    ));
#566 = CARTESIAN_POINT('',(1.282803655023,13.002897509517,
    -10.00000000165));
#567 = CARTESIAN_POINT('',(1.501443405897,13.003385831767,-10.0000000019
    ));
#568 = CARTESIAN_POINT('',(1.720083156119,13.003874154015,
    -10.00000000215));
#569 = CARTESIAN_POINT('',(1.938722905527,13.004362476262,
    -10.00000000241));
#570 = CARTESIAN_POINT('',(1.938722905527,-13.00436247626,
    -9.171572824131));
#571 = CARTESIAN_POINT('',(1.720083154381,-13.00387415401,
    -9.171572829498));
#572 = CARTESIAN_POINT('',(1.501443403235,-13.00338583176,
    -9.171572834866));
#573 = CARTESIAN_POINT('',(1.28280365209,-13.00289750951,-9.171572840234
    ));
#574 = CARTESIAN_POINT('',(1.064163900944,-13.00240918726,
    -9.171572845602));
#575 = CARTESIAN_POINT('',(0.845524149798,-13.00192086501,-9.17157285097
    ));
#576 = CARTESIAN_POINT('',(0.626884398652,-13.00143254275,
    -9.171572856337));
#577 = CARTESIAN_POINT('',(0.408244647506,-13.0009442205,-9.171572861705
    ));
#578 = CARTESIAN_POINT('',(0.189604896361,-13.00045589825,
    -9.171572867073));
#579 = CARTESIAN_POINT('',(-0.123003669787,-12.99975770079,
    -9.171572874749));
#580 = CARTESIAN_POINT('',(-0.216949495031,-12.9987840601,
    -9.171572876136));
#581 = CARTESIAN_POINT('',(-0.310869228169,-12.99704696633,
    -9.171572876786));
#582 = CARTESIAN_POINT('',(-0.404759766844,-12.99454673188,
    -9.171572876875));
#583 = CARTESIAN_POINT('',(-0.498618008711,-12.99128366917,
    -9.171572876588));
#584 = CARTESIAN_POINT('',(-0.59244085141,-12.98725809061,
    -9.171572876101));
#585 = CARTESIAN_POINT('',(-0.686225192596,-12.9824703086,
    -9.171572875596));
#586 = CARTESIAN_POINT('',(-0.779967929913,-12.97692063554,
    -9.171572875254));
#587 = CARTESIAN_POINT('',(-5.206474769046,-12.67876283608,
    -9.171572875254));
#588 = CARTESIAN_POINT('',(-9.434602490331,-10.7583559922,
    -9.171572873367));
#589 = CARTESIAN_POINT('',(-12.8433011985,-7.250825498859,
    -9.171572878452));
#590 = CARTESIAN_POINT('',(-14.77605925171,-2.574545510973,
    -9.171572873545));
#591 = CARTESIAN_POINT('',(-14.7760592517,2.574545510973,-9.171572873544
    ));
#592 = CARTESIAN_POINT('',(-12.84330119851,7.250825498859,
    -9.171572878453));
#593 = CARTESIAN_POINT('',(-9.434602490329,10.758355992203,
    -9.171572873366));
#594 = CARTESIAN_POINT('',(-5.206474769047,12.678762836086,
    -9.171572875254));
#595 = CARTESIAN_POINT('',(-0.779967929913,12.976920635545,
    -9.171572875254));
#596 = CARTESIAN_POINT('',(-0.686225192596,12.9824703086,-9.171572875596
    ));
#597 = CARTESIAN_POINT('',(-0.592440851411,12.987258090614,-9.1715728761
    ));
#598 = CARTESIAN_POINT('',(-0.49861800871,12.991283669179,
    -9.171572876588));
#599 = CARTESIAN_POINT('',(-0.404759766845,12.994546731887,
    -9.171572876875));
#600 = CARTESIAN_POINT('',(-0.310869228168,12.997046966331,
    -9.171572876786));
#601 = CARTESIAN_POINT('',(-0.216949495032,12.998784060104,
    -9.171572876136));
#602 = CARTESIAN_POINT('',(-0.123003669787,12.999757700798,
    -9.171572874749));
#603 = CARTESIAN_POINT('',(0.189604896361,13.000455898257,
    -9.171572867073));
#604 = CARTESIAN_POINT('',(0.408244647506,13.000944220507,
    -9.171572861705));
#605 = CARTESIAN_POINT('',(0.626884398652,13.001432542758,
    -9.171572856337));
#606 = CARTESIAN_POINT('',(0.845524149798,13.001920865009,
    -9.171572850969));
#607 = CARTESIAN_POINT('',(1.064163900944,13.002409187259,
    -9.171572845601));
#608 = CARTESIAN_POINT('',(1.28280365209,13.00289750951,-9.171572840233)
  );
#609 = CARTESIAN_POINT('',(1.501443403235,13.003385831761,
    -9.171572834865));
#610 = CARTESIAN_POINT('',(1.720083154381,13.003874154012,
    -9.171572829497));
#611 = CARTESIAN_POINT('',(1.938722905527,13.004362476262,
    -9.171572824129));
#612 = DEFINITIONAL_REPRESENTATION('',(#613),#632);
#613 = B_SPLINE_CURVE_WITH_KNOTS('',5,(#614,#615,#616,#617,#618,#619,
    #620,#621,#622,#623,#624,#625,#626,#627,#628,#629,#630,#631),
  .UNSPECIFIED.,.F.,.F.,(6,4,4,4,6),(0.,0.249957173427,0.499953551582,
    0.7499732815,1.),.UNSPECIFIED.);
#614 = CARTESIAN_POINT('',(0.,0.624147980189));
#615 = CARTESIAN_POINT('',(2.039339545707,0.565237988197));
#616 = CARTESIAN_POINT('',(4.078569398892,0.50389609073));
#617 = CARTESIAN_POINT('',(6.117698327643,0.440218315207));
#618 = CARTESIAN_POINT('',(8.156737157192,0.374331684435));
#619 = CARTESIAN_POINT('',(12.234975037509,0.238442332688));
#620 = CARTESIAN_POINT('',(14.274174392099,0.168439261985));
#621 = CARTESIAN_POINT('',(16.313304147237,9.653745273648E-02));
#622 = CARTESIAN_POINT('',(18.352376041209,2.292613039399E-02));
#623 = CARTESIAN_POINT('',(22.430614202013,-0.12731829296));
#624 = CARTESIAN_POINT('',(24.469781009039,-0.203950493515));
#625 = CARTESIAN_POINT('',(26.50891029846,-0.281878230767));
#626 = CARTESIAN_POINT('',(28.548014026306,-0.360867648692));
#627 = CARTESIAN_POINT('',(32.62624866509,-0.520480820937));
#628 = CARTESIAN_POINT('',(34.665380094365,-0.601104649026));
#629 = CARTESIAN_POINT('',(36.704507943769,-0.682299110495));
#630 = CARTESIAN_POINT('',(38.743645351479,-0.763807268628));
#631 = CARTESIAN_POINT('',(40.782804722109,-0.84537506899));
#632 = ( GEOMETRIC_REPRESENTATION_CONTEXT(2) 
PARAMETRIC_REPRESENTATION_CONTEXT() REPRESENTATION_CONTEXT('2D SPACE',''
  ) );
#633 = ORIENTED_EDGE('',*,*,#634,.F.);
#634 = EDGE_CURVE('',#635,#440,#637,.T.);
#635 = VERTEX_POINT('',#636);
#636 = CARTESIAN_POINT('',(-1.906243444071E-15,-13.,-9.144380660904));
#637 = SURFACE_CURVE('',#638,(#647,#659),.PCURVE_S1.);
#638 = B_SPLINE_CURVE_WITH_KNOTS('',4,(#639,#640,#641,#642,#643,#644,
    #645,#646),.UNSPECIFIED.,.F.,.F.,(5,3,5),(0.,0.503417282266,1.),
  .UNSPECIFIED.);
#639 = CARTESIAN_POINT('',(-5.440092820663E-15,-13.,-9.144380660904));
#640 = CARTESIAN_POINT('',(-0.113348854834,-13.,-9.250376456572));
#641 = CARTESIAN_POINT('',(-0.225571686622,-12.99868225199,
    -9.356978282883));
#642 = CARTESIAN_POINT('',(-0.336655609726,-12.99610571303,
    -9.464154328227));
#643 = CARTESIAN_POINT('',(-0.555039591443,-12.98859905531,
    -9.678136397834));
#644 = CARTESIAN_POINT('',(-0.662370495916,-12.98370135351,
    -9.784927674022));
#645 = CARTESIAN_POINT('',(-0.768580110089,-12.97768769374,
    -9.892223569797));
#646 = CARTESIAN_POINT('',(-0.873666546032,-12.97060934445,-10.0000006)
  );
#647 = PCURVE('',#33,#648);
#648 = DEFINITIONAL_REPRESENTATION('',(#649),#658);
#649 = B_SPLINE_CURVE_WITH_KNOTS('',4,(#650,#651,#652,#653,#654,#655,
    #656,#657),.UNSPECIFIED.,.F.,.F.,(5,3,5),(0.,0.503417282266,1.),
  .UNSPECIFIED.);
#650 = CARTESIAN_POINT('',(2.322684183042,31.));
#651 = CARTESIAN_POINT('',(2.32854030435,31.));
#652 = CARTESIAN_POINT('',(2.334381009856,30.99868225199));
#653 = CARTESIAN_POINT('',(2.340205660277,30.996105713039));
#654 = CARTESIAN_POINT('',(2.351743200323,30.988599055317));
#655 = CARTESIAN_POINT('',(2.357456531788,30.983701353515));
#656 = CARTESIAN_POINT('',(2.363153469247,30.977687693747));
#657 = CARTESIAN_POINT('',(2.36883381732,30.97060934445));
#658 = ( GEOMETRIC_REPRESENTATION_CONTEXT(2) 
PARAMETRIC_REPRESENTATION_CONTEXT() REPRESENTATION_CONTEXT('2D SPACE',''
  ) );
#659 = PCURVE('',#660,#665);
#660 = CYLINDRICAL_SURFACE('',#661,13.);
#661 = AXIS2_PLACEMENT_3D('',#662,#663,#664);
#662 = CARTESIAN_POINT('',(1.7763568394E-15,0.,-31.12));
#663 = DIRECTION('',(-0.,-0.,-1.));
#664 = DIRECTION('',(-1.366428338E-16,1.,0.));
#665 = DEFINITIONAL_REPRESENTATION('',(#666),#675);
#666 = B_SPLINE_CURVE_WITH_KNOTS('',4,(#667,#668,#669,#670,#671,#672,
    #673,#674),.UNSPECIFIED.,.F.,.F.,(5,3,5),(0.,0.503417282266,1.),
  .UNSPECIFIED.);
#667 = CARTESIAN_POINT('',(-3.14159265359,-21.97561933909));
#668 = CARTESIAN_POINT('',(-3.13287351091,-21.86962354342));
#669 = CARTESIAN_POINT('',(-3.124240984864,-21.76302171711));
#670 = CARTESIAN_POINT('',(-3.115694302168,-21.65584567177));
#671 = CARTESIAN_POINT('',(-3.098885612991,-21.44186360216));
#672 = CARTESIAN_POINT('',(-3.090621319829,-21.33507232597));
#673 = CARTESIAN_POINT('',(-3.082438731506,-21.2277764302));
#674 = CARTESIAN_POINT('',(-3.074336842601,-21.1199994));
#675 = ( GEOMETRIC_REPRESENTATION_CONTEXT(2) 
PARAMETRIC_REPRESENTATION_CONTEXT() REPRESENTATION_CONTEXT('2D SPACE',''
  ) );
#676 = ORIENTED_EDGE('',*,*,#677,.T.);
#677 = EDGE_CURVE('',#635,#22,#678,.T.);
#678 = SURFACE_CURVE('',#679,(#684,#694),.PCURVE_S1.);
#679 = ELLIPSE('',#680,71.353433694532,26.5);
#680 = AXIS2_PLACEMENT_3D('',#681,#682,#683);
#681 = CARTESIAN_POINT('',(18.1,32.25,-28.5));
#682 = DIRECTION('',(-0.928476690885,0.371390676354,0.));
#683 = DIRECTION('',(-0.371390676354,-0.928476690885,2.391493584113E-16)
  );
#684 = PCURVE('',#33,#685);
#685 = DEFINITIONAL_REPRESENTATION('',(#686),#693);
#686 = B_SPLINE_CURVE_WITH_KNOTS('',5,(#687,#688,#689,#690,#691,#692),
  .UNSPECIFIED.,.F.,.F.,(6,6),(0.808524956262,0.917827511819),
  .PIECEWISE_BEZIER_KNOTS.);
#687 = CARTESIAN_POINT('',(2.333067697328,31.5));
#688 = CARTESIAN_POINT('',(2.311207186216,30.452518760013));
#689 = CARTESIAN_POINT('',(2.289346675105,29.377708648485));
#690 = CARTESIAN_POINT('',(2.267486163994,28.276612509708));
#691 = CARTESIAN_POINT('',(2.245625652882,27.150327671272));
#692 = CARTESIAN_POINT('',(2.223765141771,25.9999994));
#693 = ( GEOMETRIC_REPRESENTATION_CONTEXT(2) 
PARAMETRIC_REPRESENTATION_CONTEXT() REPRESENTATION_CONTEXT('2D SPACE',''
  ) );
#694 = PCURVE('',#695,#700);
#695 = PLANE('',#696);
#696 = AXIS2_PLACEMENT_3D('',#697,#698,#699);
#697 = CARTESIAN_POINT('',(0.,-13.,-31.12));
#698 = DIRECTION('',(-0.928476690885,0.371390676354,0.));
#699 = DIRECTION('',(0.371390676354,0.928476690885,0.));
#700 = DEFINITIONAL_REPRESENTATION('',(#701),#705);
#701 = ELLIPSE('',#702,71.353433694532,26.5);
#702 = AXIS2_PLACEMENT_2D('',#703,#704);
#703 = CARTESIAN_POINT('',(48.735741504567,-2.62));
#704 = DIRECTION('',(-1.,-2.391493584113E-16));
#705 = ( GEOMETRIC_REPRESENTATION_CONTEXT(2) 
PARAMETRIC_REPRESENTATION_CONTEXT() REPRESENTATION_CONTEXT('2D SPACE',''
  ) );
#706 = ADVANCED_FACE('',(#707,#989),#45,.T.);
#707 = FACE_BOUND('',#708,.T.);
#708 = EDGE_LOOP('',(#709,#710,#733,#761,#794,#822,#851,#879,#912,#940,
    #968));
#709 = ORIENTED_EDGE('',*,*,#21,.T.);
#710 = ORIENTED_EDGE('',*,*,#711,.T.);
#711 = EDGE_CURVE('',#24,#712,#714,.T.);
#712 = VERTEX_POINT('',#713);
#713 = CARTESIAN_POINT('',(-4.5,-8.,-28.62));
#714 = SURFACE_CURVE('',#715,(#719,#726),.PCURVE_S1.);
#715 = LINE('',#716,#717);
#716 = CARTESIAN_POINT('',(-4.5,-8.,-15.7359806042));
#717 = VECTOR('',#718,1.);
#718 = DIRECTION('',(-0.,-0.,-1.));
#719 = PCURVE('',#45,#720);
#720 = DEFINITIONAL_REPRESENTATION('',(#721),#725);
#721 = LINE('',#722,#723);
#722 = CARTESIAN_POINT('',(-15.56046197894,4.986692316252));
#723 = VECTOR('',#724,1.);
#724 = DIRECTION('',(-0.,-1.));
#725 = ( GEOMETRIC_REPRESENTATION_CONTEXT(2) 
PARAMETRIC_REPRESENTATION_CONTEXT() REPRESENTATION_CONTEXT('2D SPACE',''
  ) );
#726 = PCURVE('',#91,#727);
#727 = DEFINITIONAL_REPRESENTATION('',(#728),#732);
#728 = LINE('',#729,#730);
#729 = CARTESIAN_POINT('',(0.,0.));
#730 = VECTOR('',#731,1.);
#731 = DIRECTION('',(0.,1.));
#732 = ( GEOMETRIC_REPRESENTATION_CONTEXT(2) 
PARAMETRIC_REPRESENTATION_CONTEXT() REPRESENTATION_CONTEXT('2D SPACE',''
  ) );
#733 = ORIENTED_EDGE('',*,*,#734,.T.);
#734 = EDGE_CURVE('',#712,#735,#737,.T.);
#735 = VERTEX_POINT('',#736);
#736 = CARTESIAN_POINT('',(5.070938512812,-8.,-28.62));
#737 = SURFACE_CURVE('',#738,(#742,#749),.PCURVE_S1.);
#738 = LINE('',#739,#740);
#739 = CARTESIAN_POINT('',(-5.12347538298,-8.,-28.62));
#740 = VECTOR('',#741,1.);
#741 = DIRECTION('',(1.,-0.,-3.484961190625E-16));
#742 = PCURVE('',#45,#743);
#743 = DEFINITIONAL_REPRESENTATION('',(#744),#748);
#744 = LINE('',#745,#746);
#745 = CARTESIAN_POINT('',(-16.18393736192,-7.897327079539));
#746 = VECTOR('',#747,1.);
#747 = DIRECTION('',(1.,-3.484961190625E-16));
#748 = ( GEOMETRIC_REPRESENTATION_CONTEXT(2) 
PARAMETRIC_REPRESENTATION_CONTEXT() REPRESENTATION_CONTEXT('2D SPACE',''
  ) );
#749 = PCURVE('',#750,#755);
#750 = CYLINDRICAL_SURFACE('',#751,2.5);
#751 = AXIS2_PLACEMENT_3D('',#752,#753,#754);
#752 = CARTESIAN_POINT('',(-5.12347538298,-5.5,-28.62));
#753 = DIRECTION('',(1.,-0.,-3.484961190625E-16));
#754 = DIRECTION('',(0.,-1.,0.));
#755 = DEFINITIONAL_REPRESENTATION('',(#756),#760);
#756 = LINE('',#757,#758);
#757 = CARTESIAN_POINT('',(0.,0.));
#758 = VECTOR('',#759,1.);
#759 = DIRECTION('',(0.,1.));
#760 = ( GEOMETRIC_REPRESENTATION_CONTEXT(2) 
PARAMETRIC_REPRESENTATION_CONTEXT() REPRESENTATION_CONTEXT('2D SPACE',''
  ) );
#761 = ORIENTED_EDGE('',*,*,#762,.T.);
#762 = EDGE_CURVE('',#735,#763,#765,.T.);
#763 = VERTEX_POINT('',#764);
#764 = CARTESIAN_POINT('',(8.179378794801,-8.,-29.5826440504));
#765 = SURFACE_CURVE('',#766,(#771,#782),.PCURVE_S1.);
#766 = CIRCLE('',#767,5.5);
#767 = AXIS2_PLACEMENT_3D('',#768,#769,#770);
#768 = CARTESIAN_POINT('',(5.070938512812,-8.,-34.12));
#769 = DIRECTION('',(-0.,1.,0.));
#770 = DIRECTION('',(0.,0.,1.));
#771 = PCURVE('',#45,#772);
#772 = DEFINITIONAL_REPRESENTATION('',(#773),#781);
#773 = ( BOUNDED_CURVE() B_SPLINE_CURVE(2,(#774,#775,#776,#777,#778,#779
,#780),.UNSPECIFIED.,.T.,.F.) B_SPLINE_CURVE_WITH_KNOTS((1,2,2,2,2,1),(
    -2.094395102393,0.,2.094395102393,4.188790204786,6.28318530718,
8.377580409573),.UNSPECIFIED.) CURVE() GEOMETRIC_REPRESENTATION_ITEM() 
RATIONAL_B_SPLINE_CURVE((1.,0.5,1.,0.5,1.,0.5,1.)) REPRESENTATION_ITEM(
  '') );
#774 = CARTESIAN_POINT('',(-5.989523466129,-7.897327079539));
#775 = CARTESIAN_POINT('',(3.5367559755,-7.897327079539));
#776 = CARTESIAN_POINT('',(-1.226383745315,-16.14732707953));
#777 = CARTESIAN_POINT('',(-5.989523466129,-24.39732707953));
#778 = CARTESIAN_POINT('',(-10.75266318694,-16.14732707953));
#779 = CARTESIAN_POINT('',(-15.51580290775,-7.897327079539));
#780 = CARTESIAN_POINT('',(-5.989523466129,-7.897327079539));
#781 = ( GEOMETRIC_REPRESENTATION_CONTEXT(2) 
PARAMETRIC_REPRESENTATION_CONTEXT() REPRESENTATION_CONTEXT('2D SPACE',''
  ) );
#782 = PCURVE('',#783,#788);
#783 = TOROIDAL_SURFACE('',#784,5.5,2.5);
#784 = AXIS2_PLACEMENT_3D('',#785,#786,#787);
#785 = CARTESIAN_POINT('',(5.070938512812,-5.5,-34.12));
#786 = DIRECTION('',(0.,-1.,0.));
#787 = DIRECTION('',(0.,0.,1.));
#788 = DEFINITIONAL_REPRESENTATION('',(#789),#793);
#789 = LINE('',#790,#791);
#790 = CARTESIAN_POINT('',(-0.,1.570796326795));
#791 = VECTOR('',#792,1.);
#792 = DIRECTION('',(-1.,0.));
#793 = ( GEOMETRIC_REPRESENTATION_CONTEXT(2) 
PARAMETRIC_REPRESENTATION_CONTEXT() REPRESENTATION_CONTEXT('2D SPACE',''
  ) );
#794 = ORIENTED_EDGE('',*,*,#795,.T.);
#795 = EDGE_CURVE('',#763,#796,#798,.T.);
#796 = VERTEX_POINT('',#797);
#797 = CARTESIAN_POINT('',(14.426388757649,-8.,-33.86232975861));
#798 = SURFACE_CURVE('',#799,(#803,#810),.PCURVE_S1.);
#799 = LINE('',#800,#801);
#800 = CARTESIAN_POINT('',(8.179378794801,-8.,-29.5826440504));
#801 = VECTOR('',#802,1.);
#802 = DIRECTION('',(0.824973809017,0.,-0.565170960362));
#803 = PCURVE('',#45,#804);
#804 = DEFINITIONAL_REPRESENTATION('',(#805),#809);
#805 = LINE('',#806,#807);
#806 = CARTESIAN_POINT('',(-2.88108318414,-8.859971129946));
#807 = VECTOR('',#808,1.);
#808 = DIRECTION('',(0.824973809017,-0.565170960362));
#809 = ( GEOMETRIC_REPRESENTATION_CONTEXT(2) 
PARAMETRIC_REPRESENTATION_CONTEXT() REPRESENTATION_CONTEXT('2D SPACE',''
  ) );
#810 = PCURVE('',#811,#816);
#811 = CYLINDRICAL_SURFACE('',#812,2.5);
#812 = AXIS2_PLACEMENT_3D('',#813,#814,#815);
#813 = CARTESIAN_POINT('',(8.179378794801,-5.5,-29.5826440504));
#814 = DIRECTION('',(0.824973809017,0.,-0.565170960362));
#815 = DIRECTION('',(0.,-1.,0.));
#816 = DEFINITIONAL_REPRESENTATION('',(#817),#821);
#817 = LINE('',#818,#819);
#818 = CARTESIAN_POINT('',(0.,0.));
#819 = VECTOR('',#820,1.);
#820 = DIRECTION('',(0.,1.));
#821 = ( GEOMETRIC_REPRESENTATION_CONTEXT(2) 
PARAMETRIC_REPRESENTATION_CONTEXT() REPRESENTATION_CONTEXT('2D SPACE',''
  ) );
#822 = ORIENTED_EDGE('',*,*,#823,.T.);
#823 = EDGE_CURVE('',#796,#824,#826,.T.);
#824 = VERTEX_POINT('',#825);
#825 = CARTESIAN_POINT('',(22.399897239001,-8.,-23.62548630794));
#826 = SURFACE_CURVE('',#827,(#832,#839),.PCURVE_S1.);
#827 = CIRCLE('',#828,6.5);
#828 = AXIS2_PLACEMENT_3D('',#829,#830,#831);
#829 = CARTESIAN_POINT('',(18.1,-8.,-28.5));
#830 = DIRECTION('',(0.,-1.,0.));
#831 = DIRECTION('',(-0.565170960362,-0.,-0.824973809017));
#832 = PCURVE('',#45,#833);
#833 = DEFINITIONAL_REPRESENTATION('',(#834),#838);
#834 = CIRCLE('',#835,6.5);
#835 = AXIS2_PLACEMENT_2D('',#836,#837);
#836 = CARTESIAN_POINT('',(7.039538021059,-7.777327079539));
#837 = DIRECTION('',(-0.565170960362,-0.824973809017));
#838 = ( GEOMETRIC_REPRESENTATION_CONTEXT(2) 
PARAMETRIC_REPRESENTATION_CONTEXT() REPRESENTATION_CONTEXT('2D SPACE',''
  ) );
#839 = PCURVE('',#840,#845);
#840 = TOROIDAL_SURFACE('',#841,6.5,2.5);
#841 = AXIS2_PLACEMENT_3D('',#842,#843,#844);
#842 = CARTESIAN_POINT('',(18.1,-5.5,-28.5));
#843 = DIRECTION('',(-0.,1.,-0.));
#844 = DIRECTION('',(-0.565170960362,-0.,-0.824973809017));
#845 = DEFINITIONAL_REPRESENTATION('',(#846),#850);
#846 = LINE('',#847,#848);
#847 = CARTESIAN_POINT('',(-0.,4.712388980385));
#848 = VECTOR('',#849,1.);
#849 = DIRECTION('',(-1.,0.));
#850 = ( GEOMETRIC_REPRESENTATION_CONTEXT(2) 
PARAMETRIC_REPRESENTATION_CONTEXT() REPRESENTATION_CONTEXT('2D SPACE',''
  ) );
#851 = ORIENTED_EDGE('',*,*,#852,.T.);
#852 = EDGE_CURVE('',#824,#853,#855,.T.);
#853 = VERTEX_POINT('',#854);
#854 = CARTESIAN_POINT('',(12.361625423321,-8.,-14.77054405289));
#855 = SURFACE_CURVE('',#856,(#860,#867),.PCURVE_S1.);
#856 = LINE('',#857,#858);
#857 = CARTESIAN_POINT('',(22.399897239001,-8.,-23.62548630794));
#858 = VECTOR('',#859,1.);
#859 = DIRECTION('',(-0.749925183393,0.,0.661522652154));
#860 = PCURVE('',#45,#861);
#861 = DEFINITIONAL_REPRESENTATION('',(#862),#866);
#862 = LINE('',#863,#864);
#863 = CARTESIAN_POINT('',(11.33943526006,-2.902813387484));
#864 = VECTOR('',#865,1.);
#865 = DIRECTION('',(-0.749925183393,0.661522652154));
#866 = ( GEOMETRIC_REPRESENTATION_CONTEXT(2) 
PARAMETRIC_REPRESENTATION_CONTEXT() REPRESENTATION_CONTEXT('2D SPACE',''
  ) );
#867 = PCURVE('',#868,#873);
#868 = CYLINDRICAL_SURFACE('',#869,2.5);
#869 = AXIS2_PLACEMENT_3D('',#870,#871,#872);
#870 = CARTESIAN_POINT('',(22.399897239001,-5.5,-23.62548630794));
#871 = DIRECTION('',(-0.749925183393,0.,0.661522652154));
#872 = DIRECTION('',(0.,-1.,0.));
#873 = DEFINITIONAL_REPRESENTATION('',(#874),#878);
#874 = LINE('',#875,#876);
#875 = CARTESIAN_POINT('',(0.,0.));
#876 = VECTOR('',#877,1.);
#877 = DIRECTION('',(0.,1.));
#878 = ( GEOMETRIC_REPRESENTATION_CONTEXT(2) 
PARAMETRIC_REPRESENTATION_CONTEXT() REPRESENTATION_CONTEXT('2D SPACE',''
  ) );
#879 = ORIENTED_EDGE('',*,*,#880,.T.);
#880 = EDGE_CURVE('',#853,#881,#883,.T.);
#881 = VERTEX_POINT('',#882);
#882 = CARTESIAN_POINT('',(10.5,-8.,-10.64595555576));
#883 = SURFACE_CURVE('',#884,(#889,#900),.PCURVE_S1.);
#884 = CIRCLE('',#885,5.5);
#885 = AXIS2_PLACEMENT_3D('',#886,#887,#888);
#886 = CARTESIAN_POINT('',(16.,-8.,-10.64595555576));
#887 = DIRECTION('',(0.,1.,-0.));
#888 = DIRECTION('',(-0.661522652154,-0.,-0.749925183393));
#889 = PCURVE('',#45,#890);
#890 = DEFINITIONAL_REPRESENTATION('',(#891),#899);
#891 = ( BOUNDED_CURVE() B_SPLINE_CURVE(2,(#892,#893,#894,#895,#896,#897
,#898),.UNSPECIFIED.,.T.,.F.) B_SPLINE_CURVE_WITH_KNOTS((1,2,2,2,2,1),(
    -2.094395102393,0.,2.094395102393,4.188790204786,6.28318530718,
8.377580409573),.UNSPECIFIED.) CURVE() GEOMETRIC_REPRESENTATION_ITEM() 
RATIONAL_B_SPLINE_CURVE((1.,0.5,1.,0.5,1.,0.5,1.)) REPRESENTATION_ITEM(
  '') );
#892 = CARTESIAN_POINT('',(1.301163434212,5.952128856036));
#893 = CARTESIAN_POINT('',(-5.842833423105,12.253978497423));
#894 = CARTESIAN_POINT('',(3.186726885824,15.289936439722));
#895 = CARTESIAN_POINT('',(12.216287194753,18.325894382021));
#896 = CARTESIAN_POINT('',(10.330723743141,8.988086798335));
#897 = CARTESIAN_POINT('',(8.445160291529,-0.349720785351));
#898 = CARTESIAN_POINT('',(1.301163434212,5.952128856036));
#899 = ( GEOMETRIC_REPRESENTATION_CONTEXT(2) 
PARAMETRIC_REPRESENTATION_CONTEXT() REPRESENTATION_CONTEXT('2D SPACE',''
  ) );
#900 = PCURVE('',#901,#906);
#901 = TOROIDAL_SURFACE('',#902,5.5,2.5);
#902 = AXIS2_PLACEMENT_3D('',#903,#904,#905);
#903 = CARTESIAN_POINT('',(16.,-5.5,-10.64595555576));
#904 = DIRECTION('',(0.,-1.,0.));
#905 = DIRECTION('',(-0.661522652154,-0.,-0.749925183393));
#906 = DEFINITIONAL_REPRESENTATION('',(#907),#911);
#907 = LINE('',#908,#909);
#908 = CARTESIAN_POINT('',(-0.,1.570796326795));
#909 = VECTOR('',#910,1.);
#910 = DIRECTION('',(-1.,0.));
#911 = ( GEOMETRIC_REPRESENTATION_CONTEXT(2) 
PARAMETRIC_REPRESENTATION_CONTEXT() REPRESENTATION_CONTEXT('2D SPACE',''
  ) );
#912 = ORIENTED_EDGE('',*,*,#913,.T.);
#913 = EDGE_CURVE('',#881,#914,#916,.T.);
#914 = VERTEX_POINT('',#915);
#915 = CARTESIAN_POINT('',(10.5,-8.,-5.125));
#916 = SURFACE_CURVE('',#917,(#921,#928),.PCURVE_S1.);
#917 = LINE('',#918,#919);
#918 = CARTESIAN_POINT('',(10.5,-8.,-10.64595555576));
#919 = VECTOR('',#920,1.);
#920 = DIRECTION('',(0.,0.,1.));
#921 = PCURVE('',#45,#922);
#922 = DEFINITIONAL_REPRESENTATION('',(#923),#927);
#923 = LINE('',#924,#925);
#924 = CARTESIAN_POINT('',(-0.560461978941,10.076717364698));
#925 = VECTOR('',#926,1.);
#926 = DIRECTION('',(0.,1.));
#927 = ( GEOMETRIC_REPRESENTATION_CONTEXT(2) 
PARAMETRIC_REPRESENTATION_CONTEXT() REPRESENTATION_CONTEXT('2D SPACE',''
  ) );
#928 = PCURVE('',#929,#934);
#929 = CYLINDRICAL_SURFACE('',#930,2.5);
#930 = AXIS2_PLACEMENT_3D('',#931,#932,#933);
#931 = CARTESIAN_POINT('',(10.5,-5.5,-10.64595555576));
#932 = DIRECTION('',(0.,0.,1.));
#933 = DIRECTION('',(0.,-1.,0.));
#934 = DEFINITIONAL_REPRESENTATION('',(#935),#939);
#935 = LINE('',#936,#937);
#936 = CARTESIAN_POINT('',(0.,0.));
#937 = VECTOR('',#938,1.);
#938 = DIRECTION('',(0.,1.));
#939 = ( GEOMETRIC_REPRESENTATION_CONTEXT(2) 
PARAMETRIC_REPRESENTATION_CONTEXT() REPRESENTATION_CONTEXT('2D SPACE',''
  ) );
#940 = ORIENTED_EDGE('',*,*,#941,.T.);
#941 = EDGE_CURVE('',#914,#942,#944,.T.);
#942 = VERTEX_POINT('',#943);
#943 = CARTESIAN_POINT('',(2.,-8.,-5.125));
#944 = SURFACE_CURVE('',#945,(#949,#956),.PCURVE_S1.);
#945 = LINE('',#946,#947);
#946 = CARTESIAN_POINT('',(10.5,-8.,-5.125));
#947 = VECTOR('',#948,1.);
#948 = DIRECTION('',(-1.,-0.,-0.));
#949 = PCURVE('',#45,#950);
#950 = DEFINITIONAL_REPRESENTATION('',(#951),#955);
#951 = LINE('',#952,#953);
#952 = CARTESIAN_POINT('',(-0.560461978941,15.597672920461));
#953 = VECTOR('',#954,1.);
#954 = DIRECTION('',(-1.,-0.));
#955 = ( GEOMETRIC_REPRESENTATION_CONTEXT(2) 
PARAMETRIC_REPRESENTATION_CONTEXT() REPRESENTATION_CONTEXT('2D SPACE',''
  ) );
#956 = PCURVE('',#957,#962);
#957 = CYLINDRICAL_SURFACE('',#958,1.125);
#958 = AXIS2_PLACEMENT_3D('',#959,#960,#961);
#959 = CARTESIAN_POINT('',(10.5,-6.875,-5.125));
#960 = DIRECTION('',(-1.,-0.,-0.));
#961 = DIRECTION('',(0.,-1.,0.));
#962 = DEFINITIONAL_REPRESENTATION('',(#963),#967);
#963 = LINE('',#964,#965);
#964 = CARTESIAN_POINT('',(0.,0.));
#965 = VECTOR('',#966,1.);
#966 = DIRECTION('',(0.,1.));
#967 = ( GEOMETRIC_REPRESENTATION_CONTEXT(2) 
PARAMETRIC_REPRESENTATION_CONTEXT() REPRESENTATION_CONTEXT('2D SPACE',''
  ) );
#968 = ORIENTED_EDGE('',*,*,#969,.F.);
#969 = EDGE_CURVE('',#22,#942,#970,.T.);
#970 = SURFACE_CURVE('',#971,(#975,#982),.PCURVE_S1.);
#971 = LINE('',#972,#973);
#972 = CARTESIAN_POINT('',(2.,-8.,-31.12));
#973 = VECTOR('',#974,1.);
#974 = DIRECTION('',(0.,0.,1.));
#975 = PCURVE('',#45,#976);
#976 = DEFINITIONAL_REPRESENTATION('',(#977),#981);
#977 = LINE('',#978,#979);
#978 = CARTESIAN_POINT('',(-9.060461978941,-10.39732707953));
#979 = VECTOR('',#980,1.);
#980 = DIRECTION('',(0.,1.));
#981 = ( GEOMETRIC_REPRESENTATION_CONTEXT(2) 
PARAMETRIC_REPRESENTATION_CONTEXT() REPRESENTATION_CONTEXT('2D SPACE',''
  ) );
#982 = PCURVE('',#695,#983);
#983 = DEFINITIONAL_REPRESENTATION('',(#984),#988);
#984 = LINE('',#985,#986);
#985 = CARTESIAN_POINT('',(5.385164807135,0.));
#986 = VECTOR('',#987,1.);
#987 = DIRECTION('',(0.,-1.));
#988 = ( GEOMETRIC_REPRESENTATION_CONTEXT(2) 
PARAMETRIC_REPRESENTATION_CONTEXT() REPRESENTATION_CONTEXT('2D SPACE',''
  ) );
#989 = FACE_BOUND('',#990,.T.);
#990 = EDGE_LOOP('',(#991));
#991 = ORIENTED_EDGE('',*,*,#992,.F.);
#992 = EDGE_CURVE('',#993,#993,#995,.T.);
#993 = VERTEX_POINT('',#994);
#994 = CARTESIAN_POINT('',(22.1,-8.,-28.5));
#995 = SURFACE_CURVE('',#996,(#1001,#1008),.PCURVE_S1.);
#996 = CIRCLE('',#997,4.);
#997 = AXIS2_PLACEMENT_3D('',#998,#999,#1000);
#998 = CARTESIAN_POINT('',(18.1,-8.,-28.5));
#999 = DIRECTION('',(0.,-1.,2.22044604925E-16));
#1000 = DIRECTION('',(1.,0.,0.));
#1001 = PCURVE('',#45,#1002);
#1002 = DEFINITIONAL_REPRESENTATION('',(#1003),#1007);
#1003 = CIRCLE('',#1004,4.);
#1004 = AXIS2_PLACEMENT_2D('',#1005,#1006);
#1005 = CARTESIAN_POINT('',(7.039538021059,-7.777327079539));
#1006 = DIRECTION('',(1.,0.));
#1007 = ( GEOMETRIC_REPRESENTATION_CONTEXT(2) 
PARAMETRIC_REPRESENTATION_CONTEXT() REPRESENTATION_CONTEXT('2D SPACE',''
  ) );
#1008 = PCURVE('',#1009,#1014);
#1009 = CYLINDRICAL_SURFACE('',#1010,4.);
#1010 = AXIS2_PLACEMENT_3D('',#1011,#1012,#1013);
#1011 = CARTESIAN_POINT('',(18.1,9.,-28.5));
#1012 = DIRECTION('',(0.,-1.,2.22044604925E-16));
#1013 = DIRECTION('',(1.,0.,0.));
#1014 = DEFINITIONAL_REPRESENTATION('',(#1015),#1019);
#1015 = LINE('',#1016,#1017);
#1016 = CARTESIAN_POINT('',(0.,17.));
#1017 = VECTOR('',#1018,1.);
#1018 = DIRECTION('',(1.,0.));
#1019 = ( GEOMETRIC_REPRESENTATION_CONTEXT(2) 
PARAMETRIC_REPRESENTATION_CONTEXT() REPRESENTATION_CONTEXT('2D SPACE',''
  ) );
#1020 = ADVANCED_FACE('',(#1021),#91,.T.);
#1021 = FACE_BOUND('',#1022,.T.);
#1022 = EDGE_LOOP('',(#1023,#1024,#1047,#1117));
#1023 = ORIENTED_EDGE('',*,*,#57,.T.);
#1024 = ORIENTED_EDGE('',*,*,#1025,.T.);
#1025 = EDGE_CURVE('',#58,#1026,#1028,.T.);
#1026 = VERTEX_POINT('',#1027);
#1027 = CARTESIAN_POINT('',(-5.7,-7.6,-28.62));
#1028 = SURFACE_CURVE('',#1029,(#1033,#1040),.PCURVE_S1.);
#1029 = LINE('',#1030,#1031);
#1030 = CARTESIAN_POINT('',(-5.7,-7.6,-15.7359806042));
#1031 = VECTOR('',#1032,1.);
#1032 = DIRECTION('',(-0.,-0.,-1.));
#1033 = PCURVE('',#91,#1034);
#1034 = DEFINITIONAL_REPRESENTATION('',(#1035),#1039);
#1035 = LINE('',#1036,#1037);
#1036 = CARTESIAN_POINT('',(0.643501108793,0.));
#1037 = VECTOR('',#1038,1.);
#1038 = DIRECTION('',(0.,1.));
#1039 = ( GEOMETRIC_REPRESENTATION_CONTEXT(2) 
PARAMETRIC_REPRESENTATION_CONTEXT() REPRESENTATION_CONTEXT('2D SPACE',''
  ) );
#1040 = PCURVE('',#161,#1041);
#1041 = DEFINITIONAL_REPRESENTATION('',(#1042),#1046);
#1042 = LINE('',#1043,#1044);
#1043 = CARTESIAN_POINT('',(-4.068887871591,2.235980604209));
#1044 = VECTOR('',#1045,1.);
#1045 = DIRECTION('',(-0.,1.));
#1046 = ( GEOMETRIC_REPRESENTATION_CONTEXT(2) 
PARAMETRIC_REPRESENTATION_CONTEXT() REPRESENTATION_CONTEXT('2D SPACE',''
  ) );
#1047 = ORIENTED_EDGE('',*,*,#1048,.F.);
#1048 = EDGE_CURVE('',#712,#1026,#1049,.T.);
#1049 = SURFACE_CURVE('',#1050,(#1055,#1061),.PCURVE_S1.);
#1050 = CIRCLE('',#1051,2.);
#1051 = AXIS2_PLACEMENT_3D('',#1052,#1053,#1054);
#1052 = CARTESIAN_POINT('',(-4.5,-6.,-28.62));
#1053 = DIRECTION('',(-0.,-0.,-1.));
#1054 = DIRECTION('',(0.,-1.,0.));
#1055 = PCURVE('',#91,#1056);
#1056 = DEFINITIONAL_REPRESENTATION('',(#1057),#1060);
#1057 = B_SPLINE_CURVE_WITH_KNOTS('',1,(#1058,#1059),.UNSPECIFIED.,.F.,
  .F.,(2,2),(0.,0.643501108793),.PIECEWISE_BEZIER_KNOTS.);
#1058 = CARTESIAN_POINT('',(0.,12.884019395791));
#1059 = CARTESIAN_POINT('',(0.643501108793,12.884019395791));
#1060 = ( GEOMETRIC_REPRESENTATION_CONTEXT(2) 
PARAMETRIC_REPRESENTATION_CONTEXT() REPRESENTATION_CONTEXT('2D SPACE',''
  ) );
#1061 = PCURVE('',#1062,#1108);
#1062 = ( BOUNDED_SURFACE() B_SPLINE_SURFACE(2,14,(
    (#1063,#1064,#1065,#1066,#1067,#1068,#1069,#1070,#1071,#1072,#1073
      ,#1074,#1075,#1076,#1077)
    ,(#1078,#1079,#1080,#1081,#1082,#1083,#1084,#1085,#1086,#1087,#1088
      ,#1089,#1090,#1091,#1092)
    ,(#1093,#1094,#1095,#1096,#1097,#1098,#1099,#1100,#1101,#1102,#1103
      ,#1104,#1105,#1106,#1107
)),.UNSPECIFIED.,.F.,.F.,.F.) B_SPLINE_SURFACE_WITH_KNOTS((3,3),(15,15),
  (0.,3.095664785943),(12.884019395791,15.979684181734),
.PIECEWISE_BEZIER_KNOTS.) GEOMETRIC_REPRESENTATION_ITEM() 
RATIONAL_B_SPLINE_SURFACE((
    (1.,1.,1.,0.999999999999,1.000000000001,0.999999999998
      ,1.000000000001,1.,0.999999999999,1.000000000002,0.999999999998
      ,1.000000000001,1.,1.,1.)
    ,(0.948683298051,0.94868329805,0.94536585229,0.93846785718
      ,0.929391913121,0.914037926284,0.901222741023,0.879052210657
      ,0.860770499055,0.835948493069,0.811500114575,0.784641075854
      ,0.756389552095,0.727068378363,0.697183399776)
    ,(1.,1.,1.,0.999999999999,1.000000000001,0.999999999998
      ,1.000000000001,1.,0.999999999999,1.000000000002,0.999999999998
,1.000000000001,1.,1.,1.))) REPRESENTATION_ITEM('') SURFACE() );
#1063 = CARTESIAN_POINT('',(-4.5,-8.,-28.62));
#1064 = CARTESIAN_POINT('',(-4.5,-8.,-28.89982575009));
#1065 = CARTESIAN_POINT('',(-4.509737928933,-7.966513511772,
    -29.17945803594));
#1066 = CARTESIAN_POINT('',(-4.529617378459,-7.896931372796,
    -29.45812915714));
#1067 = CARTESIAN_POINT('',(-4.557468674781,-7.804677473269,
    -29.71404175771));
#1068 = CARTESIAN_POINT('',(-4.59962859824,-7.649273555573,
    -30.01007936756));
#1069 = CARTESIAN_POINT('',(-4.643293506754,-7.513756437199,
    -30.18341424202));
#1070 = CARTESIAN_POINT('',(-4.69681071462,-7.291467005924,
    -30.4691588315));
#1071 = CARTESIAN_POINT('',(-4.753230865609,-7.097842858583,
    -30.60263062978));
#1072 = CARTESIAN_POINT('',(-4.808782850792,-6.849717977931,
    -30.79731540948));
#1073 = CARTESIAN_POINT('',(-4.867225943255,-6.601269955907,
    -30.91495208917));
#1074 = CARTESIAN_POINT('',(-4.922781126793,-6.334609149327,
    -31.01976248578));
#1075 = CARTESIAN_POINT('',(-4.97587579777,-6.058877003443,
    -31.08643313817));
#1076 = CARTESIAN_POINT('',(-5.024981277184,-5.778843478337,-31.12));
#1077 = CARTESIAN_POINT('',(-5.06952590447,-5.5,-31.12));
#1078 = CARTESIAN_POINT('',(-5.166666666667,-8.,-28.62));
#1079 = CARTESIAN_POINT('',(-5.166666666667,-8.,-28.81596750805));
#1080 = CARTESIAN_POINT('',(-5.188592969477,-7.986471222884,
    -29.0132561322));
#1081 = CARTESIAN_POINT('',(-5.233535424867,-7.958730442556,
    -29.21168080847));
#1082 = CARTESIAN_POINT('',(-5.296872786473,-7.919223811156,
    -29.40018356304));
#1083 = CARTESIAN_POINT('',(-5.388423998552,-7.861366316024,
    -29.61588979074));
#1084 = CARTESIAN_POINT('',(-5.478140758379,-7.801128779206,
    -29.76007387192));
#1085 = CARTESIAN_POINT('',(-5.593371894684,-7.724521007105,
    -29.98738153389));
#1086 = CARTESIAN_POINT('',(-5.7082065584,-7.640979898848,
    -30.12418236315));
#1087 = CARTESIAN_POINT('',(-5.830584809472,-7.551931405659,
    -30.31731283388));
#1088 = CARTESIAN_POINT('',(-5.959230291161,-7.45190335481,
    -30.4740963764));
#1089 = CARTESIAN_POINT('',(-6.090023584785,-7.346104281619,
    -30.64055138137));
#1090 = CARTESIAN_POINT('',(-6.223738861142,-7.232386535828,
    -30.80161484155));
#1091 = CARTESIAN_POINT('',(-6.359462158691,-7.110751500774,
    -30.96170317926));
#1092 = CARTESIAN_POINT('',(-6.49738216962,-6.980062068445,-31.12));
#1093 = CARTESIAN_POINT('',(-5.7,-7.6,-28.62));
#1094 = CARTESIAN_POINT('',(-5.7,-7.6,-28.71665683004));
#1095 = CARTESIAN_POINT('',(-5.726505788562,-7.580121936301,
    -28.81345503474));
#1096 = CARTESIAN_POINT('',(-5.780050318931,-7.539956620419,
    -28.90589398541));
#1097 = CARTESIAN_POINT('',(-5.854807056451,-7.483292106253,
    -28.99486557503));
#1098 = CARTESIAN_POINT('',(-5.958471668199,-7.403253581681,
    -29.07017446005));
#1099 = CARTESIAN_POINT('',(-6.05649401235,-7.323627247313,
    -29.13356561596));
#1100 = CARTESIAN_POINT('',(-6.18289511506,-7.219851196179,-29.191984514
    ));
#1101 = CARTESIAN_POINT('',(-6.299656503121,-7.117525276813,
    -29.23044499981));
#1102 = CARTESIAN_POINT('',(-6.428807110508,-7.002129082662,
    -29.26574279937));
#1103 = CARTESIAN_POINT('',(-6.555976679854,-6.88226238123,
    -29.28367146941));
#1104 = CARTESIAN_POINT('',(-6.684043890994,-6.757002161209,
    -29.2923772505));
#1105 = CARTESIAN_POINT('',(-6.810615650205,-6.627639822486,
    -29.28722783495));
#1106 = CARTESIAN_POINT('',(-6.934002323964,-6.496232996044,
    -29.26921931589));
#1107 = CARTESIAN_POINT('',(-7.052778710674,-6.364614085572,
    -29.23794907004));
#1108 = DEFINITIONAL_REPRESENTATION('',(#1109),#1116);
#1109 = B_SPLINE_CURVE_WITH_KNOTS('',5,(#1110,#1111,#1112,#1113,#1114,
    #1115),.UNSPECIFIED.,.F.,.F.,(6,6),(0.,0.643501108793),
  .PIECEWISE_BEZIER_KNOTS.);
#1110 = CARTESIAN_POINT('',(2.22044604925E-16,12.884019395791));
#1111 = CARTESIAN_POINT('',(0.629945860637,12.884019395791));
#1112 = CARTESIAN_POINT('',(1.243447893992,12.884019395791));
#1113 = CARTESIAN_POINT('',(1.852216891951,12.884019395791));
#1114 = CARTESIAN_POINT('',(2.465718925307,12.884019395791));
#1115 = CARTESIAN_POINT('',(3.095664785943,12.884019395791));
#1116 = ( GEOMETRIC_REPRESENTATION_CONTEXT(2) 
PARAMETRIC_REPRESENTATION_CONTEXT() REPRESENTATION_CONTEXT('2D SPACE',''
  ) );
#1117 = ORIENTED_EDGE('',*,*,#711,.F.);
#1118 = ADVANCED_FACE('',(#1119),#161,.T.);
#1119 = FACE_BOUND('',#1120,.F.);
#1120 = EDGE_LOOP('',(#1121,#1122,#1123,#1170,#1223,#1252,#1300,#1390,
    #1418,#1501));
#1121 = ORIENTED_EDGE('',*,*,#112,.T.);
#1122 = ORIENTED_EDGE('',*,*,#1025,.T.);
#1123 = ORIENTED_EDGE('',*,*,#1124,.T.);
#1124 = EDGE_CURVE('',#1026,#1125,#1127,.T.);
#1125 = VERTEX_POINT('',#1126);
#1126 = CARTESIAN_POINT('',(-7.052778710674,-6.364614085572,
    -29.23794907004));
#1127 = SURFACE_CURVE('',#1128,(#1144,#1163),.PCURVE_S1.);
#1128 = ( BOUNDED_CURVE() B_SPLINE_CURVE(14,(#1129,#1130,#1131,#1132,
    #1133,#1134,#1135,#1136,#1137,#1138,#1139,#1140,#1141,#1142,#1143),
.UNSPECIFIED.,.F.,.F.) B_SPLINE_CURVE_WITH_KNOTS((15,15),(
12.884019395791,15.979684181734),.PIECEWISE_BEZIER_KNOTS.) CURVE() 
GEOMETRIC_REPRESENTATION_ITEM() RATIONAL_B_SPLINE_CURVE((1.,1.,1.,
    0.999999999999,1.000000000001,0.999999999998,1.000000000001,1.,
    0.999999999999,1.000000000002,0.999999999998,1.000000000001,1.,1.,1.
)) REPRESENTATION_ITEM('') );
#1129 = CARTESIAN_POINT('',(-5.7,-7.6,-28.62));
#1130 = CARTESIAN_POINT('',(-5.7,-7.6,-28.71665683004));
#1131 = CARTESIAN_POINT('',(-5.726505788562,-7.580121936301,
    -28.81345503474));
#1132 = CARTESIAN_POINT('',(-5.780050318931,-7.539956620419,
    -28.90589398541));
#1133 = CARTESIAN_POINT('',(-5.854807056451,-7.483292106253,
    -28.99486557503));
#1134 = CARTESIAN_POINT('',(-5.958471668199,-7.403253581681,
    -29.07017446005));
#1135 = CARTESIAN_POINT('',(-6.05649401235,-7.323627247313,
    -29.13356561596));
#1136 = CARTESIAN_POINT('',(-6.18289511506,-7.219851196179,-29.191984514
    ));
#1137 = CARTESIAN_POINT('',(-6.299656503121,-7.117525276813,
    -29.23044499981));
#1138 = CARTESIAN_POINT('',(-6.428807110508,-7.002129082662,
    -29.26574279937));
#1139 = CARTESIAN_POINT('',(-6.555976679854,-6.88226238123,
    -29.28367146941));
#1140 = CARTESIAN_POINT('',(-6.684043890994,-6.757002161209,
    -29.2923772505));
#1141 = CARTESIAN_POINT('',(-6.810615650205,-6.627639822486,
    -29.28722783495));
#1142 = CARTESIAN_POINT('',(-6.934002323964,-6.496232996044,
    -29.26921931589));
#1143 = CARTESIAN_POINT('',(-7.052778710674,-6.364614085572,
    -29.23794907004));
#1144 = PCURVE('',#161,#1145);
#1145 = DEFINITIONAL_REPRESENTATION('',(#1146),#1162);
#1146 = B_SPLINE_CURVE_WITH_KNOTS('',14,(#1147,#1148,#1149,#1150,#1151,
    #1152,#1153,#1154,#1155,#1156,#1157,#1158,#1159,#1160,#1161),
  .UNSPECIFIED.,.F.,.F.,(15,15),(12.884019395791,15.979684181734),
  .PIECEWISE_BEZIER_KNOTS.);
#1147 = CARTESIAN_POINT('',(-4.068887871591,15.12));
#1148 = CARTESIAN_POINT('',(-4.068887871591,15.216656830041));
#1149 = CARTESIAN_POINT('',(-4.065400353129,15.313455034762));
#1150 = CARTESIAN_POINT('',(-4.058354551296,15.405893985372));
#1151 = CARTESIAN_POINT('',(-4.048480544192,15.494865575133));
#1152 = CARTESIAN_POINT('',(-4.034695560009,15.570174459904));
#1153 = CARTESIAN_POINT('',(-4.021410921896,15.633565616166));
#1154 = CARTESIAN_POINT('',(-4.004199893642,15.691984513798));
#1155 = CARTESIAN_POINT('',(-3.987874470573,15.730444999993));
#1156 = CARTESIAN_POINT('',(-3.969650844282,15.76574279925));
#1157 = CARTESIAN_POINT('',(-3.951270147894,15.783671469487));
#1158 = CARTESIAN_POINT('',(-3.932422463537,15.792377250475));
#1159 = CARTESIAN_POINT('',(-3.913379304027,15.787227834967));
#1160 = CARTESIAN_POINT('',(-3.894408715126,15.769219315892));
#1161 = CARTESIAN_POINT('',(-3.875746721624,15.737949070046));
#1162 = ( GEOMETRIC_REPRESENTATION_CONTEXT(2) 
PARAMETRIC_REPRESENTATION_CONTEXT() REPRESENTATION_CONTEXT('2D SPACE',''
  ) );
#1163 = PCURVE('',#1062,#1164);
#1164 = DEFINITIONAL_REPRESENTATION('',(#1165),#1169);
#1165 = LINE('',#1166,#1167);
#1166 = CARTESIAN_POINT('',(3.095664785943,0.));
#1167 = VECTOR('',#1168,1.);
#1168 = DIRECTION('',(0.,1.));
#1169 = ( GEOMETRIC_REPRESENTATION_CONTEXT(2) 
PARAMETRIC_REPRESENTATION_CONTEXT() REPRESENTATION_CONTEXT('2D SPACE',''
  ) );
#1170 = ORIENTED_EDGE('',*,*,#1171,.T.);
#1171 = EDGE_CURVE('',#1125,#1172,#1174,.T.);
#1172 = VERTEX_POINT('',#1173);
#1173 = CARTESIAN_POINT('',(-7.745966692415,-5.5,-29.12));
#1174 = SURFACE_CURVE('',#1175,(#1183,#1194),.PCURVE_S1.);
#1175 = ( BOUNDED_CURVE() B_SPLINE_CURVE(6,(#1176,#1177,#1178,#1179,
#1180,#1181,#1182),.UNSPECIFIED.,.F.,.F.) B_SPLINE_CURVE_WITH_KNOTS((7,7
),(15.979684181734,17.682201453513),.PIECEWISE_BEZIER_KNOTS.) CURVE() 
GEOMETRIC_REPRESENTATION_ITEM() RATIONAL_B_SPLINE_CURVE((1.,1.,1.,1.,1.,
1.,1.)) REPRESENTATION_ITEM('') );
#1176 = CARTESIAN_POINT('',(-7.052778710674,-6.364614085572,
    -29.23794907004));
#1177 = CARTESIAN_POINT('',(-7.205199601053,-6.19571290849,
    -29.19782123953));
#1178 = CARTESIAN_POINT('',(-7.33888175732,-6.037825911791,
    -29.16824696598));
#1179 = CARTESIAN_POINT('',(-7.458766991807,-5.888753297595,
    -29.14572430632));
#1180 = CARTESIAN_POINT('',(-7.565671993936,-5.749169577606,
    -29.12975248761));
#1181 = CARTESIAN_POINT('',(-7.660618552312,-5.62020070009,-29.12));
#1182 = CARTESIAN_POINT('',(-7.745966692415,-5.5,-29.12));
#1183 = PCURVE('',#161,#1184);
#1184 = DEFINITIONAL_REPRESENTATION('',(#1185),#1193);
#1185 = B_SPLINE_CURVE_WITH_KNOTS('',6,(#1186,#1187,#1188,#1189,#1190,
    #1191,#1192),.UNSPECIFIED.,.F.,.F.,(7,7),(15.979684181734,
    17.682201453513),.PIECEWISE_BEZIER_KNOTS.);
#1186 = CARTESIAN_POINT('',(-3.875746721624,15.737949070046));
#1187 = CARTESIAN_POINT('',(-3.851798546867,15.697821239536));
#1188 = CARTESIAN_POINT('',(-3.830032454487,15.668246981079));
#1189 = CARTESIAN_POINT('',(-3.809904316332,15.645724278644));
#1190 = CARTESIAN_POINT('',(-3.791403085092,15.629752503979));
#1191 = CARTESIAN_POINT('',(-3.77454760086,15.62));
#1192 = CARTESIAN_POINT('',(-3.759029757205,15.62));
#1193 = ( GEOMETRIC_REPRESENTATION_CONTEXT(2) 
PARAMETRIC_REPRESENTATION_CONTEXT() REPRESENTATION_CONTEXT('2D SPACE',''
  ) );
#1194 = PCURVE('',#1195,#1217);
#1195 = ( BOUNDED_SURFACE() B_SPLINE_SURFACE(2,6,(
    (#1196,#1197,#1198,#1199,#1200,#1201,#1202)
    ,(#1203,#1204,#1205,#1206,#1207,#1208,#1209)
    ,(#1210,#1211,#1212,#1213,#1214,#1215,#1216
)),.UNSPECIFIED.,.F.,.F.,.F.) B_SPLINE_SURFACE_WITH_KNOTS((3,3),(7,7),(
    0.,1.702517271779),(15.979684181734,17.682201453513),
.PIECEWISE_BEZIER_KNOTS.) GEOMETRIC_REPRESENTATION_ITEM() 
RATIONAL_B_SPLINE_SURFACE((
    (1.,1.,1.,1.,1.,1.,1.)
    ,(0.697183399776,0.699164219386,0.701508851377,0.703801796167
      ,0.705852850088,0.707106781187,0.707106781187)
,(1.,1.,1.,1.,1.,1.,1.))) REPRESENTATION_ITEM('') SURFACE() );
#1196 = CARTESIAN_POINT('',(-5.06952590447,-5.5,-31.12));
#1197 = CARTESIAN_POINT('',(-5.282928119615,-5.304123955953,-31.12));
#1198 = CARTESIAN_POINT('',(-5.47540628394,-5.114483016472,-31.12));
#1199 = CARTESIAN_POINT('',(-5.653089264076,-4.926306287594,-31.12));
#1200 = CARTESIAN_POINT('',(-5.817909650616,-4.737625408484,-31.12));
#1201 = CARTESIAN_POINT('',(-5.971299628089,-4.544820358254,-31.12));
#1202 = CARTESIAN_POINT('',(-6.115236862487,-4.342105263196,-31.12));
#1203 = CARTESIAN_POINT('',(-6.49738216962,-6.980062068445,-31.12));
#1204 = CARTESIAN_POINT('',(-6.743771204112,-6.736581830583,-31.12));
#1205 = CARTESIAN_POINT('',(-6.968128802106,-6.494969025231,-31.12));
#1206 = CARTESIAN_POINT('',(-7.177754523841,-6.252158126486,-31.12));
#1207 = CARTESIAN_POINT('',(-7.375266017687,-6.006526112253,-31.12));
#1208 = CARTESIAN_POINT('',(-7.563644593719,-5.75677470978,-31.12));
#1209 = CARTESIAN_POINT('',(-7.745966692415,-5.5,-31.12));
#1210 = CARTESIAN_POINT('',(-7.052778710674,-6.364614085572,
    -29.23794907004));
#1211 = CARTESIAN_POINT('',(-7.205199601053,-6.19571290849,
    -29.19782123953));
#1212 = CARTESIAN_POINT('',(-7.33888175732,-6.037825911791,
    -29.16824696598));
#1213 = CARTESIAN_POINT('',(-7.458766991807,-5.888753297595,
    -29.14572430632));
#1214 = CARTESIAN_POINT('',(-7.565671993936,-5.749169577606,
    -29.12975248761));
#1215 = CARTESIAN_POINT('',(-7.660618552312,-5.62020070009,-29.12));
#1216 = CARTESIAN_POINT('',(-7.745966692415,-5.5,-29.12));
#1217 = DEFINITIONAL_REPRESENTATION('',(#1218),#1222);
#1218 = LINE('',#1219,#1220);
#1219 = CARTESIAN_POINT('',(1.702517271779,0.));
#1220 = VECTOR('',#1221,1.);
#1221 = DIRECTION('',(0.,1.));
#1222 = ( GEOMETRIC_REPRESENTATION_CONTEXT(2) 
PARAMETRIC_REPRESENTATION_CONTEXT() REPRESENTATION_CONTEXT('2D SPACE',''
  ) );
#1223 = ORIENTED_EDGE('',*,*,#1224,.T.);
#1224 = EDGE_CURVE('',#1172,#1225,#1227,.T.);
#1225 = VERTEX_POINT('',#1226);
#1226 = CARTESIAN_POINT('',(-7.745966692415,5.5,-29.12));
#1227 = SURFACE_CURVE('',#1228,(#1233,#1240),.PCURVE_S1.);
#1228 = CIRCLE('',#1229,9.5);
#1229 = AXIS2_PLACEMENT_3D('',#1230,#1231,#1232);
#1230 = CARTESIAN_POINT('',(0.,0.,-29.12));
#1231 = DIRECTION('',(0.,0.,-1.));
#1232 = DIRECTION('',(-0.815364914991,-0.578947368421,-0.));
#1233 = PCURVE('',#161,#1234);
#1234 = DEFINITIONAL_REPRESENTATION('',(#1235),#1239);
#1235 = LINE('',#1236,#1237);
#1236 = CARTESIAN_POINT('',(-3.759029757205,15.62));
#1237 = VECTOR('',#1238,1.);
#1238 = DIRECTION('',(1.,-0.));
#1239 = ( GEOMETRIC_REPRESENTATION_CONTEXT(2) 
PARAMETRIC_REPRESENTATION_CONTEXT() REPRESENTATION_CONTEXT('2D SPACE',''
  ) );
#1240 = PCURVE('',#1241,#1246);
#1241 = TOROIDAL_SURFACE('',#1242,7.5,2.);
#1242 = AXIS2_PLACEMENT_3D('',#1243,#1244,#1245);
#1243 = CARTESIAN_POINT('',(0.,0.,-29.12));
#1244 = DIRECTION('',(-0.,-0.,1.));
#1245 = DIRECTION('',(-0.815364914991,-0.578947368421,-0.));
#1246 = DEFINITIONAL_REPRESENTATION('',(#1247),#1251);
#1247 = LINE('',#1248,#1249);
#1248 = CARTESIAN_POINT('',(-0.,6.28318530718));
#1249 = VECTOR('',#1250,1.);
#1250 = DIRECTION('',(-1.,0.));
#1251 = ( GEOMETRIC_REPRESENTATION_CONTEXT(2) 
PARAMETRIC_REPRESENTATION_CONTEXT() REPRESENTATION_CONTEXT('2D SPACE',''
  ) );
#1252 = ORIENTED_EDGE('',*,*,#1253,.T.);
#1253 = EDGE_CURVE('',#1225,#1254,#1256,.T.);
#1254 = VERTEX_POINT('',#1255);
#1255 = CARTESIAN_POINT('',(-7.052783014927,6.364609315925,
    -29.23794903986));
#1256 = SURFACE_CURVE('',#1257,(#1264,#1274),.PCURVE_S1.);
#1257 = ( BOUNDED_CURVE() B_SPLINE_CURVE(5,(#1258,#1259,#1260,#1261,
#1262,#1263),.UNSPECIFIED.,.F.,.F.) B_SPLINE_CURVE_WITH_KNOTS((6,6),(
29.413506422205,31.11602244962),.PIECEWISE_BEZIER_KNOTS.) CURVE() 
GEOMETRIC_REPRESENTATION_ITEM() RATIONAL_B_SPLINE_CURVE((1.,1.,1.,1.,1.,
1.)) REPRESENTATION_ITEM('') );
#1258 = CARTESIAN_POINT('',(-7.745966692415,5.5,-29.12));
#1259 = CARTESIAN_POINT('',(-7.64355067711,5.644238371513,-29.12));
#1260 = CARTESIAN_POINT('',(-7.526830392284,5.801624022818,
    -29.13448240723));
#1261 = CARTESIAN_POINT('',(-7.390537900776,5.975816036488,
    -29.15731824309));
#1262 = CARTESIAN_POINT('',(-7.235691134566,6.161924246748,
    -29.18979491232));
#1263 = CARTESIAN_POINT('',(-7.052783014927,6.364609315925,
    -29.23794903986));
#1264 = PCURVE('',#161,#1265);
#1265 = DEFINITIONAL_REPRESENTATION('',(#1266),#1273);
#1266 = B_SPLINE_CURVE_WITH_KNOTS('',5,(#1267,#1268,#1269,#1270,#1271,
    #1272),.UNSPECIFIED.,.F.,.F.,(6,6),(29.413506422205,31.11602244962),
  .PIECEWISE_BEZIER_KNOTS.);
#1267 = CARTESIAN_POINT('',(-2.524155549974,15.62));
#1268 = CARTESIAN_POINT('',(-2.505534456283,15.62));
#1269 = CARTESIAN_POINT('',(-2.48491380178,15.634482417977));
#1270 = CARTESIAN_POINT('',(-2.46164175045,15.657318219812));
#1271 = CARTESIAN_POINT('',(-2.436177572477,15.68979491232));
#1272 = CARTESIAN_POINT('',(-2.407439261835,15.737949039866));
#1273 = ( GEOMETRIC_REPRESENTATION_CONTEXT(2) 
PARAMETRIC_REPRESENTATION_CONTEXT() REPRESENTATION_CONTEXT('2D SPACE',''
  ) );
#1274 = PCURVE('',#1275,#1294);
#1275 = ( BOUNDED_SURFACE() B_SPLINE_SURFACE(2,5,(
    (#1276,#1277,#1278,#1279,#1280,#1281)
    ,(#1282,#1283,#1284,#1285,#1286,#1287)
    ,(#1288,#1289,#1290,#1291,#1292,#1293
)),.UNSPECIFIED.,.F.,.F.,.F.) B_SPLINE_SURFACE_WITH_KNOTS((3,3),(6,6),(
    0.,1.702516027415),(29.413506422205,31.11602244962),
.PIECEWISE_BEZIER_KNOTS.) GEOMETRIC_REPRESENTATION_ITEM() 
RATIONAL_B_SPLINE_SURFACE((
    (1.,1.,1.,1.,1.,1.)
    ,(0.707106781187,0.707106781187,0.705204680058,0.702455402348
      ,0.699559059241,0.697185110593)
,(1.,1.,1.,1.,1.,1.))) REPRESENTATION_ITEM('') SURFACE() );
#1276 = CARTESIAN_POINT('',(-6.115236862433,4.342105263158,-31.12));
#1277 = CARTESIAN_POINT('',(-5.942515136922,4.585359214588,-31.12));
#1278 = CARTESIAN_POINT('',(-5.755704138466,4.81364156897,-31.12));
#1279 = CARTESIAN_POINT('',(-5.550342568958,5.039162319665,-31.12));
#1280 = CARTESIAN_POINT('',(-5.325610780137,5.264937219405,-31.12));
#1281 = CARTESIAN_POINT('',(-5.069537780634,5.5,-31.12));
#1282 = CARTESIAN_POINT('',(-7.745966692415,5.5,-31.12));
#1283 = CARTESIAN_POINT('',(-7.527183917784,5.808124379121,-31.12));
#1284 = CARTESIAN_POINT('',(-7.299289519507,6.105928116042,-31.12));
#1285 = CARTESIAN_POINT('',(-7.055452263337,6.398918310617,-31.12));
#1286 = CARTESIAN_POINT('',(-6.792881619119,6.6880513389,-31.12));
#1287 = CARTESIAN_POINT('',(-6.497403256015,6.980039538906,-31.12));
#1288 = CARTESIAN_POINT('',(-7.745966692415,5.5,-29.12));
#1289 = CARTESIAN_POINT('',(-7.64355067711,5.644238371513,-29.12));
#1290 = CARTESIAN_POINT('',(-7.526830392284,5.801624022818,
    -29.13448240723));
#1291 = CARTESIAN_POINT('',(-7.390537900776,5.975816036488,
    -29.15731824309));
#1292 = CARTESIAN_POINT('',(-7.235691134566,6.161924246748,
    -29.18979491232));
#1293 = CARTESIAN_POINT('',(-7.052783014927,6.364609315925,
    -29.23794903986));
#1294 = DEFINITIONAL_REPRESENTATION('',(#1295),#1299);
#1295 = LINE('',#1296,#1297);
#1296 = CARTESIAN_POINT('',(1.702516027415,0.));
#1297 = VECTOR('',#1298,1.);
#1298 = DIRECTION('',(0.,1.));
#1299 = ( GEOMETRIC_REPRESENTATION_CONTEXT(2) 
PARAMETRIC_REPRESENTATION_CONTEXT() REPRESENTATION_CONTEXT('2D SPACE',''
  ) );
#1300 = ORIENTED_EDGE('',*,*,#1301,.T.);
#1301 = EDGE_CURVE('',#1254,#1302,#1304,.T.);
#1302 = VERTEX_POINT('',#1303);
#1303 = CARTESIAN_POINT('',(-5.7,7.6,-28.62));
#1304 = SURFACE_CURVE('',#1305,(#1319,#1343),.PCURVE_S1.);
#1305 = ( BOUNDED_CURVE() B_SPLINE_CURVE(12,(#1306,#1307,#1308,#1309,
    #1310,#1311,#1312,#1313,#1314,#1315,#1316,#1317,#1318),
.UNSPECIFIED.,.F.,.F.) B_SPLINE_CURVE_WITH_KNOTS((13,13),(31.11602244962
,34.211688480065),.PIECEWISE_BEZIER_KNOTS.) CURVE() 
GEOMETRIC_REPRESENTATION_ITEM() RATIONAL_B_SPLINE_CURVE((1.,1.,
    0.999999999999,1.000000000003,0.999999999995,1.000000000007,
    0.999999999992,1.000000000007,0.999999999995,1.000000000002,
0.999999999999,1.,1.)) REPRESENTATION_ITEM('') );
#1306 = CARTESIAN_POINT('',(-7.052783014927,6.364609315925,
    -29.23794903986));
#1307 = CARTESIAN_POINT('',(-6.914208095137,6.518167655813,
    -29.27443158845));
#1308 = CARTESIAN_POINT('',(-6.76929598524,6.671424610732,-29.2928096753
    ));
#1309 = CARTESIAN_POINT('',(-6.620187919368,6.821424790844,
    -29.29178692242));
#1310 = CARTESIAN_POINT('',(-6.471860796689,6.96344907963,-29.2790719247
    ));
#1311 = CARTESIAN_POINT('',(-6.318681134559,7.102690050554,
    -29.23548586641));
#1312 = CARTESIAN_POINT('',(-6.181536866954,7.221476116859,
    -29.20248521812));
#1313 = CARTESIAN_POINT('',(-6.035847440612,7.342183907056,
    -29.11944366989));
#1314 = CARTESIAN_POINT('',(-5.919242800017,7.434253083382,
    -29.05480040825));
#1315 = CARTESIAN_POINT('',(-5.808294761292,7.51882436995,
    -28.95171584838));
#1316 = CARTESIAN_POINT('',(-5.736814689393,7.572380583038,
    -28.84554699331));
#1317 = CARTESIAN_POINT('',(-5.7,7.6,-28.73277281191));
#1318 = CARTESIAN_POINT('',(-5.7,7.6,-28.62));
#1319 = PCURVE('',#161,#1320);
#1320 = DEFINITIONAL_REPRESENTATION('',(#1321),#1342);
#1321 = B_SPLINE_CURVE_WITH_KNOTS('',10,(#1322,#1323,#1324,#1325,#1326,
    #1327,#1328,#1329,#1330,#1331,#1332,#1333,#1334,#1335,#1336,#1337,
    #1338,#1339,#1340,#1341),.UNSPECIFIED.,.F.,.F.,(11,9,11),(
    31.11602244962,32.663855464842,34.211688480065),.UNSPECIFIED.);
#1322 = CARTESIAN_POINT('',(-2.407439261835,15.737949039866));
#1323 = CARTESIAN_POINT('',(-2.394375623873,15.759838569023));
#1324 = CARTESIAN_POINT('',(-2.38115665469,15.775088131306));
#1325 = CARTESIAN_POINT('',(-2.367867729833,15.783416047428));
#1326 = CARTESIAN_POINT('',(-2.354638344371,15.785780801545));
#1327 = CARTESIAN_POINT('',(-2.341483532754,15.781234612976));
#1328 = CARTESIAN_POINT('',(-2.328538393098,15.770826543433));
#1329 = CARTESIAN_POINT('',(-2.315860119796,15.754307507825));
#1330 = CARTESIAN_POINT('',(-2.303546724964,15.731942347316));
#1331 = CARTESIAN_POINT('',(-2.29169999462,15.703771248829));
#1332 = CARTESIAN_POINT('',(-2.269198766266,15.636128111849));
#1333 = CARTESIAN_POINT('',(-2.258544299941,15.596656300647));
#1334 = CARTESIAN_POINT('',(-2.248613511129,15.551661099141));
#1335 = CARTESIAN_POINT('',(-2.23956311715,15.501395809238));
#1336 = CARTESIAN_POINT('',(-2.231558666235,15.445923707312));
#1337 = CARTESIAN_POINT('',(-2.224838634004,15.386054547673));
#1338 = CARTESIAN_POINT('',(-2.219561397414,15.321490356468));
#1339 = CARTESIAN_POINT('',(-2.216073664597,15.25532595789));
#1340 = CARTESIAN_POINT('',(-2.214297435588,15.187663687148));
#1341 = CARTESIAN_POINT('',(-2.214297435588,15.12));
#1342 = ( GEOMETRIC_REPRESENTATION_CONTEXT(2) 
PARAMETRIC_REPRESENTATION_CONTEXT() REPRESENTATION_CONTEXT('2D SPACE',''
  ) );
#1343 = PCURVE('',#1344,#1384);
#1344 = ( BOUNDED_SURFACE() B_SPLINE_SURFACE(2,12,(
    (#1345,#1346,#1347,#1348,#1349,#1350,#1351,#1352,#1353,#1354,#1355
      ,#1356,#1357)
    ,(#1358,#1359,#1360,#1361,#1362,#1363,#1364,#1365,#1366,#1367,#1368
      ,#1369,#1370)
    ,(#1371,#1372,#1373,#1374,#1375,#1376,#1377,#1378,#1379,#1380,#1381
      ,#1382,#1383
)),.UNSPECIFIED.,.F.,.F.,.F.) B_SPLINE_SURFACE_WITH_KNOTS((3,3),(13,13),
  (0.,3.095666030445),(31.11602244962,34.211688480065),
.PIECEWISE_BEZIER_KNOTS.) GEOMETRIC_REPRESENTATION_ITEM() 
RATIONAL_B_SPLINE_SURFACE((
    (1.,1.,0.999999999999,1.000000000003,0.999999999995,1.000000000007
      ,0.999999999992,1.000000000007,0.999999999995,1.000000000002
      ,0.999999999999,1.,1.)
    ,(0.697185110593,0.732053642363,0.766145971126,0.798541042333
      ,0.828787818139,0.856691458983,0.881210499417,0.903371237791
      ,0.920839789368,0.934986900276,0.944051873376,0.948683298051
      ,0.948683298051)
    ,(1.,1.,0.999999999999,1.000000000003,0.999999999995,1.000000000007
      ,0.999999999992,1.000000000007,0.999999999995,1.000000000002
,0.999999999999,1.,1.))) REPRESENTATION_ITEM('') SURFACE() );
#1345 = CARTESIAN_POINT('',(-5.069537780634,5.5,-31.12));
#1346 = CARTESIAN_POINT('',(-5.017579721714,5.825326841549,-31.12));
#1347 = CARTESIAN_POINT('',(-4.959289827404,6.15235947919,-31.073833719)
  );
#1348 = CARTESIAN_POINT('',(-4.895902395549,6.470988845833,
    -30.98041503673));
#1349 = CARTESIAN_POINT('',(-4.82870472863,6.77544492947,-30.84418610091
    ));
#1350 = CARTESIAN_POINT('',(-4.761699605192,7.057423308892,
    -30.65836649252));
#1351 = CARTESIAN_POINT('',(-4.695737450086,7.31146057439,
    -30.45148429931));
#1352 = CARTESIAN_POINT('',(-4.634424040299,7.537333846317,
    -30.17934039018));
#1353 = CARTESIAN_POINT('',(-4.581392388963,7.718832204437,
    -29.91216002399));
#1354 = CARTESIAN_POINT('',(-4.540122980901,7.861597506091,
    -29.5899499441));
#1355 = CARTESIAN_POINT('',(-4.513532173006,7.95327322963,-29.2736038289
    ));
#1356 = CARTESIAN_POINT('',(-4.5,8.,-28.94648302523));
#1357 = CARTESIAN_POINT('',(-4.5,8.,-28.62));
#1358 = CARTESIAN_POINT('',(-6.497403256015,6.980039538906,-31.12));
#1359 = CARTESIAN_POINT('',(-6.337606987178,7.131456434736,
    -30.93657505247));
#1360 = CARTESIAN_POINT('',(-6.180406174059,7.270927999787,
    -30.75046264549));
#1361 = CARTESIAN_POINT('',(-6.025850999432,7.399849549896,
    -30.56147063189));
#1362 = CARTESIAN_POINT('',(-5.874467881365,7.519578226213,
    -30.37175808326));
#1363 = CARTESIAN_POINT('',(-5.728030320237,7.628273774307,
    -30.16712464644));
#1364 = CARTESIAN_POINT('',(-5.591938830783,7.725819040761,
    -29.97752294299));
#1365 = CARTESIAN_POINT('',(-5.461058967793,7.813836397444,
    -29.74793284795));
#1366 = CARTESIAN_POINT('',(-5.351982293789,7.884985071996,
    -29.54606183126));
#1367 = CARTESIAN_POINT('',(-5.257633071951,7.943831028342,
    -29.3076573181));
#1368 = CARTESIAN_POINT('',(-5.197153327771,7.981189536782,
    -29.07986389256));
#1369 = CARTESIAN_POINT('',(-5.166666666667,8.,-28.84864234362));
#1370 = CARTESIAN_POINT('',(-5.166666666667,8.,-28.62));
#1371 = CARTESIAN_POINT('',(-7.052783014927,6.364609315925,
    -29.23794903986));
#1372 = CARTESIAN_POINT('',(-6.914208095137,6.518167655813,
    -29.27443158845));
#1373 = CARTESIAN_POINT('',(-6.76929598524,6.671424610732,-29.2928096753
    ));
#1374 = CARTESIAN_POINT('',(-6.620187919368,6.821424790844,
    -29.29178692242));
#1375 = CARTESIAN_POINT('',(-6.471860796689,6.96344907963,-29.2790719247
    ));
#1376 = CARTESIAN_POINT('',(-6.318681134559,7.102690050554,
    -29.23548586641));
#1377 = CARTESIAN_POINT('',(-6.181536866954,7.221476116859,
    -29.20248521812));
#1378 = CARTESIAN_POINT('',(-6.035847440612,7.342183907056,
    -29.11944366989));
#1379 = CARTESIAN_POINT('',(-5.919242800017,7.434253083382,
    -29.05480040825));
#1380 = CARTESIAN_POINT('',(-5.808294761292,7.51882436995,
    -28.95171584838));
#1381 = CARTESIAN_POINT('',(-5.736814689393,7.572380583038,
    -28.84554699331));
#1382 = CARTESIAN_POINT('',(-5.7,7.6,-28.73277281191));
#1383 = CARTESIAN_POINT('',(-5.7,7.6,-28.62));
#1384 = DEFINITIONAL_REPRESENTATION('',(#1385),#1389);
#1385 = LINE('',#1386,#1387);
#1386 = CARTESIAN_POINT('',(3.095666030445,0.));
#1387 = VECTOR('',#1388,1.);
#1388 = DIRECTION('',(0.,1.));
#1389 = ( GEOMETRIC_REPRESENTATION_CONTEXT(2) 
PARAMETRIC_REPRESENTATION_CONTEXT() REPRESENTATION_CONTEXT('2D SPACE',''
  ) );
#1390 = ORIENTED_EDGE('',*,*,#1391,.T.);
#1391 = EDGE_CURVE('',#1302,#1392,#1394,.T.);
#1392 = VERTEX_POINT('',#1393);
#1393 = CARTESIAN_POINT('',(-5.7,7.6,-16.84624524026));
#1394 = SURFACE_CURVE('',#1395,(#1399,#1406),.PCURVE_S1.);
#1395 = LINE('',#1396,#1397);
#1396 = CARTESIAN_POINT('',(-5.7,7.6,-28.62));
#1397 = VECTOR('',#1398,1.);
#1398 = DIRECTION('',(0.,0.,1.));
#1399 = PCURVE('',#161,#1400);
#1400 = DEFINITIONAL_REPRESENTATION('',(#1401),#1405);
#1401 = LINE('',#1402,#1403);
#1402 = CARTESIAN_POINT('',(-2.214297435588,15.12));
#1403 = VECTOR('',#1404,1.);
#1404 = DIRECTION('',(-0.,-1.));
#1405 = ( GEOMETRIC_REPRESENTATION_CONTEXT(2) 
PARAMETRIC_REPRESENTATION_CONTEXT() REPRESENTATION_CONTEXT('2D SPACE',''
  ) );
#1406 = PCURVE('',#1407,#1412);
#1407 = CYLINDRICAL_SURFACE('',#1408,2.);
#1408 = AXIS2_PLACEMENT_3D('',#1409,#1410,#1411);
#1409 = CARTESIAN_POINT('',(-4.5,6.,-28.62));
#1410 = DIRECTION('',(0.,0.,1.));
#1411 = DIRECTION('',(-0.,1.,0.));
#1412 = DEFINITIONAL_REPRESENTATION('',(#1413),#1417);
#1413 = LINE('',#1414,#1415);
#1414 = CARTESIAN_POINT('',(0.643501108793,0.));
#1415 = VECTOR('',#1416,1.);
#1416 = DIRECTION('',(0.,1.));
#1417 = ( GEOMETRIC_REPRESENTATION_CONTEXT(2) 
PARAMETRIC_REPRESENTATION_CONTEXT() REPRESENTATION_CONTEXT('2D SPACE',''
  ) );
#1418 = ORIENTED_EDGE('',*,*,#1419,.F.);
#1419 = EDGE_CURVE('',#1420,#1392,#1422,.T.);
#1420 = VERTEX_POINT('',#1421);
#1421 = CARTESIAN_POINT('',(-4.292331770957,8.475015514324,
    -14.32842712474));
#1422 = SURFACE_CURVE('',#1423,(#1438,#1467),.PCURVE_S1.);
#1423 = B_SPLINE_CURVE_WITH_KNOTS('',5,(#1424,#1425,#1426,#1427,#1428,
    #1429,#1430,#1431,#1432,#1433,#1434,#1435,#1436,#1437),
  .UNSPECIFIED.,.F.,.F.,(6,4,4,6),(0.37268051428,0.417163008389,
    0.99999924441,1.490155799145),.UNSPECIFIED.);
#1424 = CARTESIAN_POINT('',(-4.292331775549,8.475015505324,
    -14.32842712595));
#1425 = CARTESIAN_POINT('',(-4.304893711299,8.46865327755,
    -14.34827609021));
#1426 = CARTESIAN_POINT('',(-4.317427494953,8.46227606308,
    -14.36812924161));
#1427 = CARTESIAN_POINT('',(-4.329933175775,8.455883989113,
    -14.38798656245));
#1428 = CARTESIAN_POINT('',(-4.342410802965,8.449477181813,
    -14.40784803564));
#1429 = CARTESIAN_POINT('',(-4.517982826439,8.358918540719,
    -14.68800473386));
#1430 = CARTESIAN_POINT('',(-4.676303088484,8.272270687823,
    -14.94901490099));
#1431 = CARTESIAN_POINT('',(-4.82992089406,8.183399607931,
    -15.21069139994));
#1432 = CARTESIAN_POINT('',(-4.978942438316,8.092563873002,
    -15.47301036118));
#1433 = CARTESIAN_POINT('',(-5.245025427098,7.922155167645,
    -15.95713464431));
#1434 = CARTESIAN_POINT('',(-5.363396280214,7.843091249503,
    -16.17874093347));
#1435 = CARTESIAN_POINT('',(-5.478646638397,7.762952015605,
    -16.40079408202));
#1436 = CARTESIAN_POINT('',(-5.59083106687,7.681876699848,
    -16.62329386862));
#1437 = CARTESIAN_POINT('',(-5.7,7.6,-16.84624524026));
#1438 = PCURVE('',#161,#1439);
#1439 = DEFINITIONAL_REPRESENTATION('',(#1440),#1466);
#1440 = B_SPLINE_CURVE_WITH_KNOTS('',3,(#1441,#1442,#1443,#1444,#1445,
    #1446,#1447,#1448,#1449,#1450,#1451,#1452,#1453,#1454,#1455,#1456,
    #1457,#1458,#1459,#1460,#1461,#1462,#1463,#1464,#1465),
  .UNSPECIFIED.,.F.,.F.,(4,1,1,1,1,1,1,1,1,1,1,1,1,1,1,1,1,1,1,1,1,1,4),
  (0.37268051428,0.42347484541,0.47426917654,0.525063507671,
    0.575857838801,0.626652169931,0.677446501061,0.728240832191,
    0.779035163322,0.829829494452,0.880623825582,0.931418156712,
    0.982212487843,1.033006818973,1.083801150103,1.134595481233,
    1.185389812364,1.236184143494,1.286978474624,1.337772805754,
    1.388567136884,1.439361468015,1.490155799145),
  .QUASI_UNIFORM_KNOTS.);
#1441 = CARTESIAN_POINT('',(-2.039605653119,0.828427125955));
#1442 = CARTESIAN_POINT('',(-2.04242656445,0.866202741845));
#1443 = CARTESIAN_POINT('',(-2.048051624816,0.941790566953));
#1444 = CARTESIAN_POINT('',(-2.056439378168,1.055280658649));
#1445 = CARTESIAN_POINT('',(-2.064777768851,1.168877896588));
#1446 = CARTESIAN_POINT('',(-2.073067184491,1.282580309412));
#1447 = CARTESIAN_POINT('',(-2.08130802685,1.396386389398));
#1448 = CARTESIAN_POINT('',(-2.089500684811,1.510294766541));
#1449 = CARTESIAN_POINT('',(-2.097645541652,1.62430429881));
#1450 = CARTESIAN_POINT('',(-2.105742973123,1.738414050849));
#1451 = CARTESIAN_POINT('',(-2.11379334796,1.85262330272));
#1452 = CARTESIAN_POINT('',(-2.121797027717,1.966931550014));
#1453 = CARTESIAN_POINT('',(-2.12975436683,2.081338508483));
#1454 = CARTESIAN_POINT('',(-2.137665712359,2.195844109181));
#1455 = CARTESIAN_POINT('',(-2.145531404691,2.310448527082));
#1456 = CARTESIAN_POINT('',(-2.153351602585,2.425149605081));
#1457 = CARTESIAN_POINT('',(-2.161126597976,2.539947380714));
#1458 = CARTESIAN_POINT('',(-2.168856636344,2.654841563425));
#1459 = CARTESIAN_POINT('',(-2.176541953308,2.769832041225));
#1460 = CARTESIAN_POINT('',(-2.184182765179,2.884918745096));
#1461 = CARTESIAN_POINT('',(-2.191779272026,3.000101684718));
#1462 = CARTESIAN_POINT('',(-2.199331656772,3.115380941151));
#1463 = CARTESIAN_POINT('',(-2.206840087702,3.230756660381));
#1464 = CARTESIAN_POINT('',(-2.211816503464,3.307738277764));
#1465 = CARTESIAN_POINT('',(-2.214297435588,3.346245240267));
#1466 = ( GEOMETRIC_REPRESENTATION_CONTEXT(2) 
PARAMETRIC_REPRESENTATION_CONTEXT() REPRESENTATION_CONTEXT('2D SPACE',''
  ) );
#1467 = PCURVE('',#1468,#1473);
#1468 = CYLINDRICAL_SURFACE('',#1469,26.5);
#1469 = AXIS2_PLACEMENT_3D('',#1470,#1471,#1472);
#1470 = CARTESIAN_POINT('',(18.1,18.,-28.5));
#1471 = DIRECTION('',(0.,-1.,2.22044604925E-16));
#1472 = DIRECTION('',(1.,0.,0.));
#1473 = DEFINITIONAL_REPRESENTATION('',(#1474),#1500);
#1474 = B_SPLINE_CURVE_WITH_KNOTS('',3,(#1475,#1476,#1477,#1478,#1479,
    #1480,#1481,#1482,#1483,#1484,#1485,#1486,#1487,#1488,#1489,#1490,
    #1491,#1492,#1493,#1494,#1495,#1496,#1497,#1498,#1499),
  .UNSPECIFIED.,.F.,.F.,(4,1,1,1,1,1,1,1,1,1,1,1,1,1,1,1,1,1,1,1,1,1,4),
  (0.37268051428,0.42347484541,0.47426917654,0.525063507671,
    0.575857838801,0.626652169931,0.677446501061,0.728240832191,
    0.779035163322,0.829829494452,0.880623825582,0.931418156712,
    0.982212487843,1.033006818973,1.083801150103,1.134595481233,
    1.185389812364,1.236184143494,1.286978474624,1.337772805754,
    1.388567136884,1.439361468015,1.490155799145),
  .QUASI_UNIFORM_KNOTS.);
#1475 = CARTESIAN_POINT('',(2.577349623115,9.524984494676));
#1476 = CARTESIAN_POINT('',(2.57903661172,9.537092798918));
#1477 = CARTESIAN_POINT('',(2.582406820946,9.561439705966));
#1478 = CARTESIAN_POINT('',(2.587450999471,9.598339852074));
#1479 = CARTESIAN_POINT('',(2.592484222374,9.635608688503));
#1480 = CARTESIAN_POINT('',(2.59750663066,9.673235067743));
#1481 = CARTESIAN_POINT('',(2.60251838293,9.71120809942));
#1482 = CARTESIAN_POINT('',(2.607519640369,9.7495170622));
#1483 = CARTESIAN_POINT('',(2.612510570851,9.788151422214));
#1484 = CARTESIAN_POINT('',(2.617491347915,9.827100822942));
#1485 = CARTESIAN_POINT('',(2.622462151123,9.866355082742));
#1486 = CARTESIAN_POINT('',(2.627423166034,9.905904190317));
#1487 = CARTESIAN_POINT('',(2.632374584364,9.945738300808));
#1488 = CARTESIAN_POINT('',(2.637316603775,9.985847731442));
#1489 = CARTESIAN_POINT('',(2.642249428966,10.026222958321));
#1490 = CARTESIAN_POINT('',(2.647173161348,10.066853691406));
#1491 = CARTESIAN_POINT('',(2.652087994015,10.107730526179));
#1492 = CARTESIAN_POINT('',(2.65699410285,10.148843964853));
#1493 = CARTESIAN_POINT('',(2.661891668472,10.190184614199));
#1494 = CARTESIAN_POINT('',(2.666780870409,10.23174313268));
#1495 = CARTESIAN_POINT('',(2.671661888717,10.273510244084));
#1496 = CARTESIAN_POINT('',(2.676534903618,10.315476735853));
#1497 = CARTESIAN_POINT('',(2.681400095604,10.357633452144));
#1498 = CARTESIAN_POINT('',(2.684638462289,10.385858699548));
#1499 = CARTESIAN_POINT('',(2.68625640211,10.4));
#1500 = ( GEOMETRIC_REPRESENTATION_CONTEXT(2) 
PARAMETRIC_REPRESENTATION_CONTEXT() REPRESENTATION_CONTEXT('2D SPACE',''
  ) );
#1501 = ORIENTED_EDGE('',*,*,#1502,.T.);
#1502 = EDGE_CURVE('',#1420,#113,#1503,.T.);
#1503 = SURFACE_CURVE('',#1504,(#1546,#1570),.PCURVE_S1.);
#1504 = B_SPLINE_CURVE_WITH_KNOTS('',14,(#1505,#1506,#1507,#1508,#1509,
    #1510,#1511,#1512,#1513,#1514,#1515,#1516,#1517,#1518,#1519,#1520,
    #1521,#1522,#1523,#1524,#1525,#1526,#1527,#1528,#1529,#1530,#1531,
    #1532,#1533,#1534,#1535,#1536,#1537,#1538,#1539,#1540,#1541,#1542,
    #1543,#1544,#1545),.UNSPECIFIED.,.F.,.F.,(15,13,13,15),(
    -1.77261914599,-0.651989341029,22.795865068969,23.916494873931),
  .UNSPECIFIED.);
#1505 = CARTESIAN_POINT('',(-2.015210210862,9.359767172067,
    -14.32842716728));
#1506 = CARTESIAN_POINT('',(-2.100079668255,9.330061260229,
    -14.3284271643));
#1507 = CARTESIAN_POINT('',(-2.184235907843,9.300604988083,
    -14.32842716133));
#1508 = CARTESIAN_POINT('',(-2.267678929626,9.27139835563,-14.3284271584
    ));
#1509 = CARTESIAN_POINT('',(-2.350408733604,9.242441362868,
    -14.32842715548));
#1510 = CARTESIAN_POINT('',(-2.432425319777,9.2137340098,-14.3284271526)
  );
#1511 = CARTESIAN_POINT('',(-2.513728688145,9.185276296423,
    -14.32842714974));
#1512 = CARTESIAN_POINT('',(-2.594318838708,9.157068222739,
    -14.3284271469));
#1513 = CARTESIAN_POINT('',(-2.674195771466,9.129109788747,
    -14.32842714409));
#1514 = CARTESIAN_POINT('',(-2.753359486419,9.101400994448,
    -14.3284271413));
#1515 = CARTESIAN_POINT('',(-2.831809983567,9.073941839841,
    -14.32842713854));
#1516 = CARTESIAN_POINT('',(-2.90954726291,9.046732324927,-14.3284271358
    ));
#1517 = CARTESIAN_POINT('',(-2.986571324448,9.019772449705,
    -14.32842713309));
#1518 = CARTESIAN_POINT('',(-3.062882168181,8.993062214175,
    -14.3284271304));
#1519 = CARTESIAN_POINT('',(-4.720270782221,8.412944919177,
    -14.32842707206));
#1520 = CARTESIAN_POINT('',(-6.189636525242,7.561401693768,
    -14.32842743898));
#1521 = CARTESIAN_POINT('',(-7.523550564387,6.423210579635,
    -14.32842597701));
#1522 = CARTESIAN_POINT('',(-8.541716816334,5.060774136141,
    -14.32843006474));
#1523 = CARTESIAN_POINT('',(-9.491147655874,3.472522874802,
    -14.32842152815));
#1524 = CARTESIAN_POINT('',(-9.777677534292,1.783877929266,
    -14.32843528003));
#1525 = CARTESIAN_POINT('',(-10.22091458272,1.819788764116E-11,
    -14.32841789283));
#1526 = CARTESIAN_POINT('',(-9.777677534292,-1.783877929199,
    -14.32843528001));
#1527 = CARTESIAN_POINT('',(-9.491147655906,-3.472522874764,
    -14.32842152819));
#1528 = CARTESIAN_POINT('',(-8.541716816348,-5.06077413609,
    -14.32843006471));
#1529 = CARTESIAN_POINT('',(-7.523550564428,-6.423210579599,
    -14.32842597703));
#1530 = CARTESIAN_POINT('',(-6.189636525278,-7.561401693735,
    -14.32842743897));
#1531 = CARTESIAN_POINT('',(-4.720270782265,-8.412944919152,
    -14.32842707206));
#1532 = CARTESIAN_POINT('',(-3.062882168228,-8.993062214159,
    -14.3284271304));
#1533 = CARTESIAN_POINT('',(-2.986571324495,-9.019772449689,
    -14.32842713309));
#1534 = CARTESIAN_POINT('',(-2.909547262957,-9.046732324911,
    -14.3284271358));
#1535 = CARTESIAN_POINT('',(-2.831809983615,-9.073941839826,
    -14.32842713854));
#1536 = CARTESIAN_POINT('',(-2.753359486467,-9.101400994434,
    -14.3284271413));
#1537 = CARTESIAN_POINT('',(-2.674195771514,-9.129109788733,
    -14.32842714409));
#1538 = CARTESIAN_POINT('',(-2.594318838756,-9.157068222726,
    -14.3284271469));
#1539 = CARTESIAN_POINT('',(-2.513728688193,-9.18527629641,
    -14.32842714974));
#1540 = CARTESIAN_POINT('',(-2.432425319826,-9.213734009787,
    -14.3284271526));
#1541 = CARTESIAN_POINT('',(-2.350408733653,-9.242441362856,
    -14.32842715548));
#1542 = CARTESIAN_POINT('',(-2.267678929675,-9.271398355618,
    -14.3284271584));
#1543 = CARTESIAN_POINT('',(-2.184235907892,-9.300604988072,
    -14.32842716133));
#1544 = CARTESIAN_POINT('',(-2.100079668304,-9.330061260219,
    -14.3284271643));
#1545 = CARTESIAN_POINT('',(-2.015210210911,-9.359767172058,
    -14.32842716728));
#1546 = PCURVE('',#161,#1547);
#1547 = DEFINITIONAL_REPRESENTATION('',(#1548),#1569);
#1548 = B_SPLINE_CURVE_WITH_KNOTS('',10,(#1549,#1550,#1551,#1552,#1553,
    #1554,#1555,#1556,#1557,#1558,#1559,#1560,#1561,#1562,#1563,#1564,
    #1565,#1566,#1567,#1568),.UNSPECIFIED.,.F.,.F.,(11,9,11),(
    0.603078707681,11.071937863993,21.540797020306),.UNSPECIFIED.);
#1549 = CARTESIAN_POINT('',(-2.039606161173,0.828427125464));
#1550 = CARTESIAN_POINT('',(-2.149800827768,0.828427127818));
#1551 = CARTESIAN_POINT('',(-2.260016152139,0.828427117732));
#1552 = CARTESIAN_POINT('',(-2.370247963182,0.828427117894));
#1553 = CARTESIAN_POINT('',(-2.480338486683,0.828427159693));
#1554 = CARTESIAN_POINT('',(-2.590693602371,0.828427082451));
#1555 = CARTESIAN_POINT('',(-2.700758967135,0.828427146954));
#1556 = CARTESIAN_POINT('',(-2.811019984632,0.828427119528));
#1557 = CARTESIAN_POINT('',(-2.921195472784,0.82842712638));
#1558 = CARTESIAN_POINT('',(-3.031395683412,0.828427124382));
#1559 = CARTESIAN_POINT('',(-3.251789623768,0.828427124382));
#1560 = CARTESIAN_POINT('',(-3.361989834397,0.82842712638));
#1561 = CARTESIAN_POINT('',(-3.472165322542,0.828427119528));
#1562 = CARTESIAN_POINT('',(-3.582426340058,0.828427146954));
#1563 = CARTESIAN_POINT('',(-3.692491704789,0.82842708245));
#1564 = CARTESIAN_POINT('',(-3.802846820515,0.828427159694));
#1565 = CARTESIAN_POINT('',(-3.912937343985,0.828427117893));
#1566 = CARTESIAN_POINT('',(-4.023169155045,0.828427117732));
#1567 = CARTESIAN_POINT('',(-4.133384479411,0.828427127818));
#1568 = CARTESIAN_POINT('',(-4.243579146006,0.828427125464));
#1569 = ( GEOMETRIC_REPRESENTATION_CONTEXT(2) 
PARAMETRIC_REPRESENTATION_CONTEXT() REPRESENTATION_CONTEXT('2D SPACE',''
  ) );
#1570 = PCURVE('',#239,#1571);
#1571 = DEFINITIONAL_REPRESENTATION('',(#1572),#1576);
#1572 = LINE('',#1573,#1574);
#1573 = CARTESIAN_POINT('',(23.447854409998,0.));
#1574 = VECTOR('',#1575,1.);
#1575 = DIRECTION('',(0.,1.));
#1576 = ( GEOMETRIC_REPRESENTATION_CONTEXT(2) 
PARAMETRIC_REPRESENTATION_CONTEXT() REPRESENTATION_CONTEXT('2D SPACE',''
  ) );
#1577 = ADVANCED_FACE('',(#1578),#239,.T.);
#1578 = FACE_BOUND('',#1579,.T.);
#1579 = EDGE_LOOP('',(#1580,#1645,#1646,#1647));
#1580 = ORIENTED_EDGE('',*,*,#1581,.T.);
#1581 = EDGE_CURVE('',#1582,#1420,#1584,.T.);
#1582 = VERTEX_POINT('',#1583);
#1583 = CARTESIAN_POINT('',(-3.332061559604,9.519477603142,
    -12.91421356196));
#1584 = SURFACE_CURVE('',#1585,(#1603,#1624),.PCURVE_S1.);
#1585 = B_SPLINE_CURVE_WITH_KNOTS('',6,(#1586,#1587,#1588,#1589,#1590,
    #1591,#1592,#1593,#1594,#1595,#1596,#1597,#1598,#1599,#1600,#1601,
    #1602),.UNSPECIFIED.,.F.,.F.,(7,5,5,7),(0.,0.259129991795,
    0.6292994164,1.),.UNSPECIFIED.);
#1586 = CARTESIAN_POINT('',(-3.332061522585,9.5194776161,-12.91421356196
    ));
#1587 = CARTESIAN_POINT('',(-3.366048122785,9.458066112293,
    -12.96094863749));
#1588 = CARTESIAN_POINT('',(-3.401458925421,9.397390242294,
    -13.00989924024));
#1589 = CARTESIAN_POINT('',(-3.438205829438,9.337642659111,
    -13.06098808083));
#1590 = CARTESIAN_POINT('',(-3.476181143728,9.279021975076,
    -13.11411092441));
#1591 = CARTESIAN_POINT('',(-3.515261286248,9.221727525856,
    -13.16913872122));
#1592 = CARTESIAN_POINT('',(-3.612521105722,9.086281364641,
    -13.30703190706));
#1593 = CARTESIAN_POINT('',(-3.671709163565,9.009712575602,
    -13.39172144275));
#1594 = CARTESIAN_POINT('',(-3.732479927002,8.936815197295,
    -13.47954865666));
#1595 = CARTESIAN_POINT('',(-3.794388689699,8.868137322078,
    -13.56997747347));
#1596 = CARTESIAN_POINT('',(-3.856974774695,8.804170850883,
    -13.66241232886));
#1597 = CARTESIAN_POINT('',(-3.982706448198,8.686373974621,
    -13.85019243499));
#1598 = CARTESIAN_POINT('',(-4.045852666401,8.632558365012,
    -13.9455418645));
#1599 = CARTESIAN_POINT('',(-4.108789435462,8.584268790403,
    -14.04166362136));
#1600 = CARTESIAN_POINT('',(-4.17108906359,8.541814855046,
    -14.13791737888));
#1601 = CARTESIAN_POINT('',(-4.232374672685,8.505378626086,
    -14.23368963167));
#1602 = CARTESIAN_POINT('',(-4.292331773661,8.475012162667,
    -14.32842712546));
#1603 = PCURVE('',#239,#1604);
#1604 = DEFINITIONAL_REPRESENTATION('',(#1605),#1623);
#1605 = B_SPLINE_CURVE_WITH_KNOTS('',6,(#1606,#1607,#1608,#1609,#1610,
    #1611,#1612,#1613,#1614,#1615,#1616,#1617,#1618,#1619,#1620,#1621,
    #1622),.UNSPECIFIED.,.F.,.F.,(7,5,5,7),(0.,0.259129991795,
    0.6292994164,1.),.UNSPECIFIED.);
#1606 = CARTESIAN_POINT('',(0.,-0.651989377961));
#1607 = CARTESIAN_POINT('',(1.012421598044,-0.602674545348));
#1608 = CARTESIAN_POINT('',(2.024704802017,-0.551773184053));
#1609 = CARTESIAN_POINT('',(3.036873126346,-0.499419904457));
#1610 = CARTESIAN_POINT('',(4.048955555199,-0.445784925269));
#1611 = CARTESIAN_POINT('',(5.060985438096,-0.391069627654));
#1612 = CARTESIAN_POINT('',(7.51867002371,-0.256123430997));
#1613 = CARTESIAN_POINT('',(8.964306161113,-0.175006109901));
#1614 = CARTESIAN_POINT('',(10.410017175075,-9.281043602511E-02));
#1615 = CARTESIAN_POINT('',(11.855917906051,-1.031043504376E-02));
#1616 = CARTESIAN_POINT('',(13.30211713823,7.167887023238E-02));
#1617 = CARTESIAN_POINT('',(16.197370743847,0.233185317003));
#1618 = CARTESIAN_POINT('',(17.646425403982,0.312699049296));
#1619 = CARTESIAN_POINT('',(19.09595565683,0.390130744647));
#1620 = CARTESIAN_POINT('',(20.546024515504,0.464729911955));
#1621 = CARTESIAN_POINT('',(21.996660832826,0.535869417123));
#1622 = CARTESIAN_POINT('',(23.447854409998,0.60308021803));
#1623 = ( GEOMETRIC_REPRESENTATION_CONTEXT(2) 
PARAMETRIC_REPRESENTATION_CONTEXT() REPRESENTATION_CONTEXT('2D SPACE',''
  ) );
#1624 = PCURVE('',#1468,#1625);
#1625 = DEFINITIONAL_REPRESENTATION('',(#1626),#1644);
#1626 = B_SPLINE_CURVE_WITH_KNOTS('',6,(#1627,#1628,#1629,#1630,#1631,
    #1632,#1633,#1634,#1635,#1636,#1637,#1638,#1639,#1640,#1641,#1642,
    #1643),.UNSPECIFIED.,.F.,.F.,(7,5,5,7),(0.,0.259129991795,
    0.6292994164,1.),.UNSPECIFIED.);
#1627 = CARTESIAN_POINT('',(2.512831994183,8.4805223839));
#1628 = CARTESIAN_POINT('',(2.515012609216,8.541933887707));
#1629 = CARTESIAN_POINT('',(2.517292449123,8.602609757706));
#1630 = CARTESIAN_POINT('',(2.519667218188,8.662357340889));
#1631 = CARTESIAN_POINT('',(2.522131372791,8.720978024924));
#1632 = CARTESIAN_POINT('',(2.524678268083,8.778272474144));
#1633 = CARTESIAN_POINT('',(2.531045906448,8.913718635359));
#1634 = CARTESIAN_POINT('',(2.534944833638,8.990287424398));
#1635 = CARTESIAN_POINT('',(2.5389750347,9.063184802705));
#1636 = CARTESIAN_POINT('',(2.543110443689,9.131862677922));
#1637 = CARTESIAN_POINT('',(2.547322833592,9.195829149117));
#1638 = CARTESIAN_POINT('',(2.555850619682,9.313626025379));
#1639 = CARTESIAN_POINT('',(2.560166159692,9.367441634988));
#1640 = CARTESIAN_POINT('',(2.564501659024,9.415731209597));
#1641 = CARTESIAN_POINT('',(2.568828217029,9.458185144954));
#1642 = CARTESIAN_POINT('',(2.573118822324,9.494621373914));
#1643 = CARTESIAN_POINT('',(2.577349623062,9.524987837333));
#1644 = ( GEOMETRIC_REPRESENTATION_CONTEXT(2) 
PARAMETRIC_REPRESENTATION_CONTEXT() REPRESENTATION_CONTEXT('2D SPACE',''
  ) );
#1645 = ORIENTED_EDGE('',*,*,#1502,.T.);
#1646 = ORIENTED_EDGE('',*,*,#195,.F.);
#1647 = ORIENTED_EDGE('',*,*,#1648,.F.);
#1648 = EDGE_CURVE('',#1582,#196,#1649,.T.);
#1649 = SURFACE_CURVE('',#1650,(#1692,#1699),.PCURVE_S1.);
#1650 = B_SPLINE_CURVE_WITH_KNOTS('',14,(#1651,#1652,#1653,#1654,#1655,
    #1656,#1657,#1658,#1659,#1660,#1661,#1662,#1663,#1664,#1665,#1666,
    #1667,#1668,#1669,#1670,#1671,#1672,#1673,#1674,#1675,#1676,#1677,
    #1678,#1679,#1680,#1681,#1682,#1683,#1684,#1685,#1686,#1687,#1688,
    #1689,#1690,#1691),.UNSPECIFIED.,.F.,.F.,(15,13,13,15),(
    -1.77261914599,-0.651989341029,22.795865068969,23.916494873931),
  .UNSPECIFIED.);
#1651 = CARTESIAN_POINT('',(-2.208794359934,9.912649966657,
    -12.91421355685));
#1652 = CARTESIAN_POINT('',(-2.289027731339,9.884566226406,
    -12.91421355722));
#1653 = CARTESIAN_POINT('',(-2.369261102744,9.856482486155,
    -12.91421355758));
#1654 = CARTESIAN_POINT('',(-2.449494474149,9.828398745904,
    -12.91421355795));
#1655 = CARTESIAN_POINT('',(-2.529727845554,9.800315005653,
    -12.91421355831));
#1656 = CARTESIAN_POINT('',(-2.609961216959,9.772231265402,
    -12.91421355868));
#1657 = CARTESIAN_POINT('',(-2.690194588364,9.744147525151,
    -12.91421355904));
#1658 = CARTESIAN_POINT('',(-2.770427959769,9.7160637849,-12.91421355941
    ));
#1659 = CARTESIAN_POINT('',(-2.850661331174,9.687980044649,
    -12.91421355977));
#1660 = CARTESIAN_POINT('',(-2.930894702579,9.659896304398,
    -12.91421356013));
#1661 = CARTESIAN_POINT('',(-3.011128073984,9.631812564147,
    -12.9142135605));
#1662 = CARTESIAN_POINT('',(-3.091361445389,9.603728823895,
    -12.91421356086));
#1663 = CARTESIAN_POINT('',(-3.171594816794,9.575645083644,
    -12.91421356123));
#1664 = CARTESIAN_POINT('',(-3.251828188199,9.547561343393,
    -12.91421356159));
#1665 = CARTESIAN_POINT('',(-5.01085004372,8.931858525208,
    -12.91421356958));
#1666 = CARTESIAN_POINT('',(-6.573687350917,8.026980450671,
    -12.91421351933));
#1667 = CARTESIAN_POINT('',(-7.979366310702,6.821133949334,
    -12.91421371957));
#1668 = CARTESIAN_POINT('',(-9.088254524155,5.369425697248,
    -12.91421315965));
#1669 = CARTESIAN_POINT('',(-10.03959543322,3.690852119145,
    -12.91421432902));
#1670 = CARTESIAN_POINT('',(-10.43350228898,1.890825051805,
    -12.91421244517));
#1671 = CARTESIAN_POINT('',(-10.79148697973,3.327205178031E-11,
    -12.91421482707));
#1672 = CARTESIAN_POINT('',(-10.43350228898,-1.890825051759,
    -12.91421244515));
#1673 = CARTESIAN_POINT('',(-10.03959543326,-3.690852119088,
    -12.91421432906));
#1674 = CARTESIAN_POINT('',(-9.088254524167,-5.369425697203,
    -12.91421315962));
#1675 = CARTESIAN_POINT('',(-7.979366310747,-6.821133949292,
    -12.91421371959));
#1676 = CARTESIAN_POINT('',(-6.573687350955,-8.026980450637,
    -12.91421351932));
#1677 = CARTESIAN_POINT('',(-5.010850043767,-8.931858525182,
    -12.91421356958));
#1678 = CARTESIAN_POINT('',(-3.251828188249,-9.547561343376,
    -12.91421356159));
#1679 = CARTESIAN_POINT('',(-3.171594816844,-9.575645083628,
    -12.91421356123));
#1680 = CARTESIAN_POINT('',(-3.091361445439,-9.603728823879,
    -12.91421356086));
#1681 = CARTESIAN_POINT('',(-3.011128074034,-9.631812564131,
    -12.9142135605));
#1682 = CARTESIAN_POINT('',(-2.930894702629,-9.659896304382,
    -12.91421356013));
#1683 = CARTESIAN_POINT('',(-2.850661331225,-9.687980044634,
    -12.91421355977));
#1684 = CARTESIAN_POINT('',(-2.77042795982,-9.716063784886,
    -12.91421355941));
#1685 = CARTESIAN_POINT('',(-2.690194588415,-9.744147525137,
    -12.91421355904));
#1686 = CARTESIAN_POINT('',(-2.60996121701,-9.772231265389,
    -12.91421355868));
#1687 = CARTESIAN_POINT('',(-2.529727845605,-9.80031500564,
    -12.91421355831));
#1688 = CARTESIAN_POINT('',(-2.4494944742,-9.828398745892,
    -12.91421355795));
#1689 = CARTESIAN_POINT('',(-2.369261102796,-9.856482486143,
    -12.91421355758));
#1690 = CARTESIAN_POINT('',(-2.289027731391,-9.884566226395,
    -12.91421355722));
#1691 = CARTESIAN_POINT('',(-2.208794359986,-9.912649966647,
    -12.91421355685));
#1692 = PCURVE('',#239,#1693);
#1693 = DEFINITIONAL_REPRESENTATION('',(#1694),#1698);
#1694 = LINE('',#1695,#1696);
#1695 = CARTESIAN_POINT('',(0.,0.));
#1696 = VECTOR('',#1697,1.);
#1697 = DIRECTION('',(0.,1.));
#1698 = ( GEOMETRIC_REPRESENTATION_CONTEXT(2) 
PARAMETRIC_REPRESENTATION_CONTEXT() REPRESENTATION_CONTEXT('2D SPACE',''
  ) );
#1699 = PCURVE('',#418,#1700);
#1700 = DEFINITIONAL_REPRESENTATION('',(#1701),#1744);
#1701 = B_SPLINE_CURVE_WITH_KNOTS('',11,(#1702,#1703,#1704,#1705,#1706,
    #1707,#1708,#1709,#1710,#1711,#1712,#1713,#1714,#1715,#1716,#1717,
    #1718,#1719,#1720,#1721,#1722,#1723,#1724,#1725,#1726,#1727,#1728,
    #1729,#1730,#1731,#1732,#1733,#1734,#1735,#1736,#1737,#1738,#1739,
    #1740,#1741,#1742,#1743),.UNSPECIFIED.,.F.,.F.,(12,10,10,10,12),(
    -0.651989341029,5.209974261471,11.07193786397,16.93390146647,
    22.795865068969),.UNSPECIFIED.);
#1702 = CARTESIAN_POINT('',(1.907494017732,-3.014213561962));
#1703 = CARTESIAN_POINT('',(1.963606337682,-3.014213564389));
#1704 = CARTESIAN_POINT('',(2.019671568291,-3.014213560829));
#1705 = CARTESIAN_POINT('',(2.075773353907,-3.014213561917));
#1706 = CARTESIAN_POINT('',(2.1318813717,-3.014213562645));
#1707 = CARTESIAN_POINT('',(2.187974168742,-3.014213562782));
#1708 = CARTESIAN_POINT('',(2.24407801073,-3.014213562528));
#1709 = CARTESIAN_POINT('',(2.30016921437,-3.014213562342));
#1710 = CARTESIAN_POINT('',(2.356267869078,-3.01421356225));
#1711 = CARTESIAN_POINT('',(2.41236312623,-3.014213562264));
#1712 = CARTESIAN_POINT('',(2.468458985346,-3.014213562315));
#1713 = CARTESIAN_POINT('',(2.58064970984,-3.014213562415));
#1714 = CARTESIAN_POINT('',(2.636744715452,-3.014213562474));
#1715 = CARTESIAN_POINT('',(2.692839165961,-3.014213562464));
#1716 = CARTESIAN_POINT('',(2.748933190232,-3.014213562391));
#1717 = CARTESIAN_POINT('',(2.805027042771,-3.014213562316));
#1718 = CARTESIAN_POINT('',(2.861120960074,-3.014213562268));
#1719 = CARTESIAN_POINT('',(2.917215075248,-3.014213562285));
#1720 = CARTESIAN_POINT('',(2.973309390599,-3.014213562338));
#1721 = CARTESIAN_POINT('',(3.029403808517,-3.014213562398));
#1722 = CARTESIAN_POINT('',(3.085498220365,-3.014213562423));
#1723 = CARTESIAN_POINT('',(3.197687086809,-3.014213562423));
#1724 = CARTESIAN_POINT('',(3.253781498657,-3.014213562397));
#1725 = CARTESIAN_POINT('',(3.309875916576,-3.01421356234));
#1726 = CARTESIAN_POINT('',(3.365970231925,-3.014213562281));
#1727 = CARTESIAN_POINT('',(3.422064347102,-3.014213562273));
#1728 = CARTESIAN_POINT('',(3.478158264403,-3.01421356231));
#1729 = CARTESIAN_POINT('',(3.534252116943,-3.014213562395));
#1730 = CARTESIAN_POINT('',(3.590346141213,-3.014213562462));
#1731 = CARTESIAN_POINT('',(3.646440591722,-3.014213562475));
#1732 = CARTESIAN_POINT('',(3.702535597334,-3.014213562415));
#1733 = CARTESIAN_POINT('',(3.814726321828,-3.014213562315));
#1734 = CARTESIAN_POINT('',(3.870822180947,-3.014213562265));
#1735 = CARTESIAN_POINT('',(3.926917438089,-3.014213562249));
#1736 = CARTESIAN_POINT('',(3.983016092817,-3.014213562343));
#1737 = CARTESIAN_POINT('',(4.039107296435,-3.014213562528));
#1738 = CARTESIAN_POINT('',(4.095211138431,-3.014213562782));
#1739 = CARTESIAN_POINT('',(4.15130393548,-3.014213562645));
#1740 = CARTESIAN_POINT('',(4.207411953264,-3.014213561916));
#1741 = CARTESIAN_POINT('',(4.263513738882,-3.014213560829));
#1742 = CARTESIAN_POINT('',(4.319578969493,-3.014213564389));
#1743 = CARTESIAN_POINT('',(4.375691289443,-3.014213561962));
#1744 = ( GEOMETRIC_REPRESENTATION_CONTEXT(2) 
PARAMETRIC_REPRESENTATION_CONTEXT() REPRESENTATION_CONTEXT('2D SPACE',''
  ) );
#1745 = ADVANCED_FACE('',(#1746),#418,.T.);
#1746 = FACE_BOUND('',#1747,.F.);
#1747 = EDGE_LOOP('',(#1748,#1749,#1750,#1800));
#1748 = ORIENTED_EDGE('',*,*,#384,.F.);
#1749 = ORIENTED_EDGE('',*,*,#1648,.F.);
#1750 = ORIENTED_EDGE('',*,*,#1751,.F.);
#1751 = EDGE_CURVE('',#1752,#1582,#1754,.T.);
#1752 = VERTEX_POINT('',#1753);
#1753 = CARTESIAN_POINT('',(-1.427697059963,12.33184412313,
    -10.58578643762));
#1754 = SURFACE_CURVE('',#1755,(#1768,#1784),.PCURVE_S1.);
#1755 = B_SPLINE_CURVE_WITH_KNOTS('',6,(#1756,#1757,#1758,#1759,#1760,
    #1761,#1762,#1763,#1764,#1765,#1766,#1767),.UNSPECIFIED.,.F.,.F.,(7,
    5,7),(0.,0.6314177735,1.),.UNSPECIFIED.);
#1756 = CARTESIAN_POINT('',(-0.87366596101,12.970609383856,-10.));
#1757 = CARTESIAN_POINT('',(-1.244110310562,12.564867289783,
    -10.3799290457));
#1758 = CARTESIAN_POINT('',(-1.594972282186,12.147695723312,
    -10.7580383972));
#1759 = CARTESIAN_POINT('',(-1.927728591105,11.720080496144,
    -11.13391176647));
#1760 = CARTESIAN_POINT('',(-2.243471053557,11.282628542526,
    -11.5070543964));
#1761 = CARTESIAN_POINT('',(-2.543091468596,10.835653569188,
    -11.87690227195));
#1762 = CARTESIAN_POINT('',(-2.993185340821,10.112548269507,
    -12.45628913906));
#1763 = CARTESIAN_POINT('',(-3.153820688621,9.84276083497,
    -12.66846592223));
#1764 = CARTESIAN_POINT('',(-3.309330891681,9.569698165066,
    -12.87912007953));
#1765 = CARTESIAN_POINT('',(-3.459823420341,9.293319208937,
    -13.08807640502));
#1766 = CARTESIAN_POINT('',(-3.605378795016,9.013543313278,
    -13.29512265357));
#1767 = CARTESIAN_POINT('',(-3.746052274953,8.730240108572,-13.5));
#1768 = PCURVE('',#418,#1769);
#1769 = DEFINITIONAL_REPRESENTATION('',(#1770),#1783);
#1770 = B_SPLINE_CURVE_WITH_KNOTS('',6,(#1771,#1772,#1773,#1774,#1775,
    #1776,#1777,#1778,#1779,#1780,#1781,#1782),.UNSPECIFIED.,.F.,.F.,(7,
    5,7),(0.,0.6314177735,1.),.UNSPECIFIED.);
#1771 = CARTESIAN_POINT('',(1.63805209268,-1.E-01));
#1772 = CARTESIAN_POINT('',(1.668580921159,-0.479929045705));
#1773 = CARTESIAN_POINT('',(1.699807246298,-0.858038397204));
#1774 = CARTESIAN_POINT('',(1.731962838929,-1.233911766477));
#1775 = CARTESIAN_POINT('',(1.765297352288,-1.607054396402));
#1776 = CARTESIAN_POINT('',(1.800100690585,-1.976902271952));
#1777 = CARTESIAN_POINT('',(1.858137847216,-2.556289139062));
#1778 = CARTESIAN_POINT('',(1.880156311391,-2.768465922239));
#1779 = CARTESIAN_POINT('',(1.902875741819,-2.979120079534));
#1780 = CARTESIAN_POINT('',(1.926378382878,-3.188076405021));
#1781 = CARTESIAN_POINT('',(1.950758397864,-3.395122653572));
#1782 = CARTESIAN_POINT('',(1.976125510011,-3.6));
#1783 = ( GEOMETRIC_REPRESENTATION_CONTEXT(2) 
PARAMETRIC_REPRESENTATION_CONTEXT() REPRESENTATION_CONTEXT('2D SPACE',''
  ) );
#1784 = PCURVE('',#1468,#1785);
#1785 = DEFINITIONAL_REPRESENTATION('',(#1786),#1799);
#1786 = B_SPLINE_CURVE_WITH_KNOTS('',6,(#1787,#1788,#1789,#1790,#1791,
    #1792,#1793,#1794,#1795,#1796,#1797,#1798),.UNSPECIFIED.,.F.,.F.,(7,
    5,7),(0.,0.6314177735,1.),.UNSPECIFIED.);
#1787 = CARTESIAN_POINT('',(2.368833785698,5.029390616144));
#1788 = CARTESIAN_POINT('',(2.388857804592,5.435132710217));
#1789 = CARTESIAN_POINT('',(2.408316783599,5.852304276688));
#1790 = CARTESIAN_POINT('',(2.427252819289,6.279919503856));
#1791 = CARTESIAN_POINT('',(2.445691720616,6.717371457474));
#1792 = CARTESIAN_POINT('',(2.463649602187,7.164346430812));
#1793 = CARTESIAN_POINT('',(2.491335313142,7.887451730493));
#1794 = CARTESIAN_POINT('',(2.501377002484,8.15723916503));
#1795 = CARTESIAN_POINT('',(2.511256578574,8.430301834934));
#1796 = CARTESIAN_POINT('',(2.520972922779,8.706680791063));
#1797 = CARTESIAN_POINT('',(2.530522902553,8.986456686722));
#1798 = CARTESIAN_POINT('',(2.539901134549,9.269759891428));
#1799 = ( GEOMETRIC_REPRESENTATION_CONTEXT(2) 
PARAMETRIC_REPRESENTATION_CONTEXT() REPRESENTATION_CONTEXT('2D SPACE',''
  ) );
#1800 = ORIENTED_EDGE('',*,*,#1801,.F.);
#1801 = EDGE_CURVE('',#385,#1752,#1802,.T.);
#1802 = SURFACE_CURVE('',#1803,(#1846,#1884),.PCURVE_S1.);
#1803 = B_SPLINE_CURVE_WITH_KNOTS('',9,(#1804,#1805,#1806,#1807,#1808,
    #1809,#1810,#1811,#1812,#1813,#1814,#1815,#1816,#1817,#1818,#1819,
    #1820,#1821,#1822,#1823,#1824,#1825,#1826,#1827,#1828,#1829,#1830,
    #1831,#1832,#1833,#1834,#1835,#1836,#1837,#1838,#1839,#1840,#1841,
    #1842,#1843,#1844,#1845),.UNSPECIFIED.,.F.,.F.,(10,8,8,8,8,10),(
    -2.812331817144,-0.845375069228,0.,39.092054583653,39.937429652881,
    41.904386400799),.UNSPECIFIED.);
#1804 = CARTESIAN_POINT('',(1.940087343222,-12.41856871951,
    -10.58578645172));
#1805 = CARTESIAN_POINT('',(1.71164910538,-12.41805954651,
    -10.58578645017));
#1806 = CARTESIAN_POINT('',(1.485660488659,-12.41755583355,
    -10.58578644864));
#1807 = CARTESIAN_POINT('',(1.262121493062,-12.41705758063,
    -10.58578644712));
#1808 = CARTESIAN_POINT('',(1.041032118586,-12.41656478774,
    -10.58578644562));
#1809 = CARTESIAN_POINT('',(0.822392365233,-12.41607745488,
    -10.58578644413));
#1810 = CARTESIAN_POINT('',(0.606202233002,-12.41559558207,
    -10.58578644267));
#1811 = CARTESIAN_POINT('',(0.392461721893,-12.41511916928,
    -10.58578644122));
#1812 = CARTESIAN_POINT('',(0.181170831907,-12.41464821654,
    -10.58578643978));
#1813 = CARTESIAN_POINT('',(-0.117427978556,-12.41398266049,
    -10.58578643776));
#1814 = CARTESIAN_POINT('',(-0.207156736769,-12.41305305955,
    -10.58578643739));
#1815 = CARTESIAN_POINT('',(-0.296854878627,-12.41139426033,
    -10.58578643722));
#1816 = CARTESIAN_POINT('',(-0.386520571164,-12.40900660211,
    -10.58578643719));
#1817 = CARTESIAN_POINT('',(-0.476151981414,-12.40589042422,
    -10.58578643727));
#1818 = CARTESIAN_POINT('',(-0.565747276405,-12.40204606595,
    -10.5857864374));
#1819 = CARTESIAN_POINT('',(-0.655304623173,-12.39747386661,
    -10.58578643753));
#1820 = CARTESIAN_POINT('',(-0.744822188749,-12.39217416551,
    -10.58578643762));
#1821 = CARTESIAN_POINT('',(-4.971868437696,-12.10745150414,
    -10.58578643762));
#1822 = CARTESIAN_POINT('',(-9.009618623061,-10.27355665193,
    -10.58578643812));
#1823 = CARTESIAN_POINT('',(-12.26432234311,-6.924009220046,
    -10.58578643678));
#1824 = CARTESIAN_POINT('',(-14.11037102464,-2.458855540432,
    -10.58578643807));
#1825 = CARTESIAN_POINT('',(-14.11037102463,2.458855540432,
    -10.58578643807));
#1826 = CARTESIAN_POINT('',(-12.26432234311,6.924009220046,
    -10.58578643678));
#1827 = CARTESIAN_POINT('',(-9.009618623059,10.273556651936,
    -10.58578643812));
#1828 = CARTESIAN_POINT('',(-4.971868437696,12.107451504143,
    -10.58578643762));
#1829 = CARTESIAN_POINT('',(-0.744822188749,12.392174165509,
    -10.58578643762));
#1830 = CARTESIAN_POINT('',(-0.655304623173,12.397473866614,
    -10.58578643753));
#1831 = CARTESIAN_POINT('',(-0.565747276405,12.402046065953,
    -10.5857864374));
#1832 = CARTESIAN_POINT('',(-0.476151981413,12.405890424224,
    -10.58578643727));
#1833 = CARTESIAN_POINT('',(-0.386520571165,12.409006602117,
    -10.58578643719));
#1834 = CARTESIAN_POINT('',(-0.296854878627,12.411394260332,
    -10.58578643722));
#1835 = CARTESIAN_POINT('',(-0.207156736769,12.413053059558,
    -10.58578643739));
#1836 = CARTESIAN_POINT('',(-0.117427978556,12.413982660494,
    -10.58578643776));
#1837 = CARTESIAN_POINT('',(0.181170831907,12.414648216543,
    -10.58578643978));
#1838 = CARTESIAN_POINT('',(0.392461721893,12.415119169289,
    -10.58578644122));
#1839 = CARTESIAN_POINT('',(0.606202233002,12.415595582071,
    -10.58578644267));
#1840 = CARTESIAN_POINT('',(0.822392365233,12.416077454888,
    -10.58578644413));
#1841 = CARTESIAN_POINT('',(1.041032118586,12.416564787742,
    -10.58578644562));
#1842 = CARTESIAN_POINT('',(1.262121493062,12.417057580631,
    -10.58578644712));
#1843 = CARTESIAN_POINT('',(1.48566048866,12.417555833555,
    -10.58578644864));
#1844 = CARTESIAN_POINT('',(1.71164910538,12.418059546516,
    -10.58578645017));
#1845 = CARTESIAN_POINT('',(1.940087343222,12.418568719511,
    -10.58578645172));
#1846 = PCURVE('',#418,#1847);
#1847 = DEFINITIONAL_REPRESENTATION('',(#1848),#1883);
#1848 = B_SPLINE_CURVE_WITH_KNOTS('',9,(#1849,#1850,#1851,#1852,#1853,
    #1854,#1855,#1856,#1857,#1858,#1859,#1860,#1861,#1862,#1863,#1864,
    #1865,#1866,#1867,#1868,#1869,#1870,#1871,#1872,#1873,#1874,#1875,
    #1876,#1877,#1878,#1879,#1880,#1881,#1882),.UNSPECIFIED.,.F.,.F.,(10
    ,8,8,8,10),(0.624147814515,10.085087553171,19.546027291826,
    29.006967030482,38.467906769137),.UNSPECIFIED.);
#1849 = CARTESIAN_POINT('',(4.59712908379,-0.685786437631));
#1850 = CARTESIAN_POINT('',(4.516273423815,-0.685786437642));
#1851 = CARTESIAN_POINT('',(4.435400222813,-0.68578643767));
#1852 = CARTESIAN_POINT('',(4.354529050772,-0.685786437689));
#1853 = CARTESIAN_POINT('',(4.273650190155,-0.685786437693));
#1854 = CARTESIAN_POINT('',(4.19278485533,-0.685786437687));
#1855 = CARTESIAN_POINT('',(4.111914220652,-0.685786437675));
#1856 = CARTESIAN_POINT('',(4.031050830335,-0.685786437661));
#1857 = CARTESIAN_POINT('',(3.950188225232,-0.685786437649));
#1858 = CARTESIAN_POINT('',(3.788466528357,-0.685786437631));
#1859 = CARTESIAN_POINT('',(3.707607302739,-0.685786437626));
#1860 = CARTESIAN_POINT('',(3.626748841506,-0.685786437624));
#1861 = CARTESIAN_POINT('',(3.54589049733,-0.685786437626));
#1862 = CARTESIAN_POINT('',(3.465031833997,-0.685786437629));
#1863 = CARTESIAN_POINT('',(3.384172626398,-0.685786437634));
#1864 = CARTESIAN_POINT('',(3.303312860538,-0.685786437639));
#1865 = CARTESIAN_POINT('',(3.222452733527,-0.685786437642));
#1866 = CARTESIAN_POINT('',(3.060732573652,-0.685786437642));
#1867 = CARTESIAN_POINT('',(2.979872446642,-0.685786437639));
#1868 = CARTESIAN_POINT('',(2.899012680782,-0.685786437634));
#1869 = CARTESIAN_POINT('',(2.818153473183,-0.685786437629));
#1870 = CARTESIAN_POINT('',(2.737294809849,-0.685786437626));
#1871 = CARTESIAN_POINT('',(2.656436465674,-0.685786437624));
#1872 = CARTESIAN_POINT('',(2.57557800444,-0.685786437626));
#1873 = CARTESIAN_POINT('',(2.494718778822,-0.685786437631));
#1874 = CARTESIAN_POINT('',(2.332997081948,-0.685786437649));
#1875 = CARTESIAN_POINT('',(2.252134476846,-0.685786437661));
#1876 = CARTESIAN_POINT('',(2.171271086526,-0.685786437675));
#1877 = CARTESIAN_POINT('',(2.090400451851,-0.685786437688));
#1878 = CARTESIAN_POINT('',(2.009535117023,-0.685786437693));
#1879 = CARTESIAN_POINT('',(1.928656256409,-0.685786437689));
#1880 = CARTESIAN_POINT('',(1.847785084366,-0.68578643767));
#1881 = CARTESIAN_POINT('',(1.766911883365,-0.685786437642));
#1882 = CARTESIAN_POINT('',(1.68605622339,-0.685786437631));
#1883 = ( GEOMETRIC_REPRESENTATION_CONTEXT(2) 
PARAMETRIC_REPRESENTATION_CONTEXT() REPRESENTATION_CONTEXT('2D SPACE',''
  ) );
#1884 = PCURVE('',#485,#1885);
#1885 = DEFINITIONAL_REPRESENTATION('',(#1886),#1890);
#1886 = LINE('',#1887,#1888);
#1887 = CARTESIAN_POINT('',(0.,0.));
#1888 = VECTOR('',#1889,1.);
#1889 = DIRECTION('',(0.,1.));
#1890 = ( GEOMETRIC_REPRESENTATION_CONTEXT(2) 
PARAMETRIC_REPRESENTATION_CONTEXT() REPRESENTATION_CONTEXT('2D SPACE',''
  ) );
#1891 = ADVANCED_FACE('',(#1892),#485,.T.);
#1892 = FACE_BOUND('',#1893,.T.);
#1893 = EDGE_LOOP('',(#1894,#1895,#2016,#2082));
#1894 = ORIENTED_EDGE('',*,*,#439,.T.);
#1895 = ORIENTED_EDGE('',*,*,#1896,.T.);
#1896 = EDGE_CURVE('',#440,#1897,#1899,.T.);
#1897 = VERTEX_POINT('',#1898);
#1898 = CARTESIAN_POINT('',(-2.903485478508E-02,12.999967576006,
    -9.171572872441));
#1899 = SURFACE_CURVE('',#1900,(#1943,#1950),.PCURVE_S1.);
#1900 = B_SPLINE_CURVE_WITH_KNOTS('',9,(#1901,#1902,#1903,#1904,#1905,
    #1906,#1907,#1908,#1909,#1910,#1911,#1912,#1913,#1914,#1915,#1916,
    #1917,#1918,#1919,#1920,#1921,#1922,#1923,#1924,#1925,#1926,#1927,
    #1928,#1929,#1930,#1931,#1932,#1933,#1934,#1935,#1936,#1937,#1938,
    #1939,#1940,#1941,#1942),.UNSPECIFIED.,.F.,.F.,(10,8,8,8,8,10),(
    -2.812331817144,-0.845375069228,0.,39.092054583653,39.937429652881,
    41.904386400799),.UNSPECIFIED.);
#1901 = CARTESIAN_POINT('',(1.938722905527,-13.00436247626,
    -9.171572824131));
#1902 = CARTESIAN_POINT('',(1.720083154381,-13.00387415401,
    -9.171572829498));
#1903 = CARTESIAN_POINT('',(1.501443403235,-13.00338583176,
    -9.171572834866));
#1904 = CARTESIAN_POINT('',(1.28280365209,-13.00289750951,
    -9.171572840234));
#1905 = CARTESIAN_POINT('',(1.064163900944,-13.00240918726,
    -9.171572845602));
#1906 = CARTESIAN_POINT('',(0.845524149798,-13.00192086501,
    -9.17157285097));
#1907 = CARTESIAN_POINT('',(0.626884398652,-13.00143254275,
    -9.171572856337));
#1908 = CARTESIAN_POINT('',(0.408244647506,-13.0009442205,
    -9.171572861705));
#1909 = CARTESIAN_POINT('',(0.189604896361,-13.00045589825,
    -9.171572867073));
#1910 = CARTESIAN_POINT('',(-0.123003669787,-12.99975770079,
    -9.171572874749));
#1911 = CARTESIAN_POINT('',(-0.216949495031,-12.9987840601,
    -9.171572876136));
#1912 = CARTESIAN_POINT('',(-0.310869228169,-12.99704696633,
    -9.171572876786));
#1913 = CARTESIAN_POINT('',(-0.404759766844,-12.99454673188,
    -9.171572876875));
#1914 = CARTESIAN_POINT('',(-0.498618008711,-12.99128366917,
    -9.171572876588));
#1915 = CARTESIAN_POINT('',(-0.59244085141,-12.98725809061,
    -9.171572876101));
#1916 = CARTESIAN_POINT('',(-0.686225192596,-12.9824703086,
    -9.171572875596));
#1917 = CARTESIAN_POINT('',(-0.779967929913,-12.97692063554,
    -9.171572875254));
#1918 = CARTESIAN_POINT('',(-5.206474769046,-12.67876283608,
    -9.171572875254));
#1919 = CARTESIAN_POINT('',(-9.434602490331,-10.7583559922,
    -9.171572873367));
#1920 = CARTESIAN_POINT('',(-12.8433011985,-7.250825498859,
    -9.171572878452));
#1921 = CARTESIAN_POINT('',(-14.77605925171,-2.574545510973,
    -9.171572873545));
#1922 = CARTESIAN_POINT('',(-14.7760592517,2.574545510973,
    -9.171572873544));
#1923 = CARTESIAN_POINT('',(-12.84330119851,7.250825498859,
    -9.171572878453));
#1924 = CARTESIAN_POINT('',(-9.434602490329,10.758355992203,
    -9.171572873366));
#1925 = CARTESIAN_POINT('',(-5.206474769047,12.678762836086,
    -9.171572875254));
#1926 = CARTESIAN_POINT('',(-0.779967929913,12.976920635545,
    -9.171572875254));
#1927 = CARTESIAN_POINT('',(-0.686225192596,12.9824703086,
    -9.171572875596));
#1928 = CARTESIAN_POINT('',(-0.592440851411,12.987258090614,
    -9.1715728761));
#1929 = CARTESIAN_POINT('',(-0.49861800871,12.991283669179,
    -9.171572876588));
#1930 = CARTESIAN_POINT('',(-0.404759766845,12.994546731887,
    -9.171572876875));
#1931 = CARTESIAN_POINT('',(-0.310869228168,12.997046966331,
    -9.171572876786));
#1932 = CARTESIAN_POINT('',(-0.216949495032,12.998784060104,
    -9.171572876136));
#1933 = CARTESIAN_POINT('',(-0.123003669787,12.999757700798,
    -9.171572874749));
#1934 = CARTESIAN_POINT('',(0.189604896361,13.000455898257,
    -9.171572867073));
#1935 = CARTESIAN_POINT('',(0.408244647506,13.000944220507,
    -9.171572861705));
#1936 = CARTESIAN_POINT('',(0.626884398652,13.001432542758,
    -9.171572856337));
#1937 = CARTESIAN_POINT('',(0.845524149798,13.001920865009,
    -9.171572850969));
#1938 = CARTESIAN_POINT('',(1.064163900944,13.002409187259,
    -9.171572845601));
#1939 = CARTESIAN_POINT('',(1.28280365209,13.00289750951,-9.171572840233
    ));
#1940 = CARTESIAN_POINT('',(1.501443403235,13.003385831761,
    -9.171572834865));
#1941 = CARTESIAN_POINT('',(1.720083154381,13.003874154012,
    -9.171572829497));
#1942 = CARTESIAN_POINT('',(1.938722905527,13.004362476262,
    -9.171572824129));
#1943 = PCURVE('',#485,#1944);
#1944 = DEFINITIONAL_REPRESENTATION('',(#1945),#1949);
#1945 = LINE('',#1946,#1947);
#1946 = CARTESIAN_POINT('',(40.782804722109,0.));
#1947 = VECTOR('',#1948,1.);
#1948 = DIRECTION('',(0.,1.));
#1949 = ( GEOMETRIC_REPRESENTATION_CONTEXT(2) 
PARAMETRIC_REPRESENTATION_CONTEXT() REPRESENTATION_CONTEXT('2D SPACE',''
  ) );
#1950 = PCURVE('',#660,#1951);
#1951 = DEFINITIONAL_REPRESENTATION('',(#1952),#2015);
#1952 = B_SPLINE_CURVE_WITH_KNOTS('',11,(#1953,#1954,#1955,#1956,#1957,
    #1958,#1959,#1960,#1961,#1962,#1963,#1964,#1965,#1966,#1967,#1968,
    #1969,#1970,#1971,#1972,#1973,#1974,#1975,#1976,#1977,#1978,#1979,
    #1980,#1981,#1982,#1983,#1984,#1985,#1986,#1987,#1988,#1989,#1990,
    #1991,#1992,#1993,#1994,#1995,#1996,#1997,#1998,#1999,#2000,#2001,
    #2002,#2003,#2004,#2005,#2006,#2007,#2008,#2009,#2010,#2011,#2012,
    #2013,#2014),.UNSPECIFIED.,.F.,.F.,(12,10,10,10,10,10,12),(
    -0.84537506899,4.252475521214,9.350326111418,19.546027291826,
    29.741728472234,34.839579062438,39.937429652642),.UNSPECIFIED.);
#1953 = CARTESIAN_POINT('',(-3.139359201346,-21.94842712755));
#1954 = CARTESIAN_POINT('',(-3.103695289946,-21.94842711617));
#1955 = CARTESIAN_POINT('',(-3.068068312731,-21.94842712701));
#1956 = CARTESIAN_POINT('',(-3.032478163385,-21.9484271493));
#1957 = CARTESIAN_POINT('',(-2.99667944591,-21.94842706393));
#1958 = CARTESIAN_POINT('',(-2.961251881838,-21.94842720472));
#1959 = CARTESIAN_POINT('',(-2.925382231471,-21.94842705713));
#1960 = CARTESIAN_POINT('',(-2.889879039558,-21.94842716271));
#1961 = CARTESIAN_POINT('',(-2.854156253756,-21.94842711178));
#1962 = CARTESIAN_POINT('',(-2.818523539991,-21.94842712716));
#1963 = CARTESIAN_POINT('',(-2.782867318478,-21.94842712494));
#1964 = CARTESIAN_POINT('',(-2.711561068371,-21.94842712496));
#1965 = CARTESIAN_POINT('',(-2.675908129155,-21.94842712495));
#1966 = CARTESIAN_POINT('',(-2.640255487114,-21.94842712497));
#1967 = CARTESIAN_POINT('',(-2.604603229863,-21.94842712492));
#1968 = CARTESIAN_POINT('',(-2.568951421333,-21.94842712497));
#1969 = CARTESIAN_POINT('',(-2.533300101695,-21.94842712488));
#1970 = CARTESIAN_POINT('',(-2.497649287468,-21.94842712492));
#1971 = CARTESIAN_POINT('',(-2.461998971403,-21.94842712486));
#1972 = CARTESIAN_POINT('',(-2.426349122582,-21.94842712486));
#1973 = CARTESIAN_POINT('',(-2.390699686347,-21.94842712483));
#1974 = CARTESIAN_POINT('',(-2.283752380339,-21.94842712478));
#1975 = CARTESIAN_POINT('',(-2.21245574056,-21.94842712474));
#1976 = CARTESIAN_POINT('',(-2.141160109943,-21.94842712477));
#1977 = CARTESIAN_POINT('',(-2.06986502898,-21.94842712469));
#1978 = CARTESIAN_POINT('',(-1.998570133778,-21.94842712479));
#1979 = CARTESIAN_POINT('',(-1.927275155972,-21.94842712469));
#1980 = CARTESIAN_POINT('',(-1.855979922831,-21.94842712479));
#1981 = CARTESIAN_POINT('',(-1.784684357149,-21.94842712476));
#1982 = CARTESIAN_POINT('',(-1.71338847734,-21.9484271248));
#1983 = CARTESIAN_POINT('',(-1.64209239737,-21.9484271248));
#1984 = CARTESIAN_POINT('',(-1.49950025622,-21.9484271248));
#1985 = CARTESIAN_POINT('',(-1.42820417625,-21.94842712479));
#1986 = CARTESIAN_POINT('',(-1.356908296439,-21.94842712476));
#1987 = CARTESIAN_POINT('',(-1.285612730763,-21.94842712478));
#1988 = CARTESIAN_POINT('',(-1.214317497613,-21.94842712471));
#1989 = CARTESIAN_POINT('',(-1.143022519817,-21.94842712476));
#1990 = CARTESIAN_POINT('',(-1.071727624606,-21.94842712471));
#1991 = CARTESIAN_POINT('',(-1.00043254365,-21.94842712475));
#1992 = CARTESIAN_POINT('',(-0.929136913028,-21.94842712475));
#1993 = CARTESIAN_POINT('',(-0.857840273251,-21.94842712478));
#1994 = CARTESIAN_POINT('',(-0.750892967242,-21.94842712484));
#1995 = CARTESIAN_POINT('',(-0.715243531009,-21.94842712486));
#1996 = CARTESIAN_POINT('',(-0.679593682185,-21.94842712487));
#1997 = CARTESIAN_POINT('',(-0.643943366124,-21.9484271249));
#1998 = CARTESIAN_POINT('',(-0.608292551891,-21.94842712491));
#1999 = CARTESIAN_POINT('',(-0.572641232261,-21.94842712494));
#2000 = CARTESIAN_POINT('',(-0.536989423723,-21.94842712494));
#2001 = CARTESIAN_POINT('',(-0.501337166477,-21.94842712496));
#2002 = CARTESIAN_POINT('',(-0.465684524435,-21.94842712496));
#2003 = CARTESIAN_POINT('',(-0.430031585219,-21.94842712496));
#2004 = CARTESIAN_POINT('',(-0.358725335112,-21.94842712494));
#2005 = CARTESIAN_POINT('',(-0.323069113598,-21.94842712717));
#2006 = CARTESIAN_POINT('',(-0.287436399835,-21.94842711177));
#2007 = CARTESIAN_POINT('',(-0.25171361403,-21.94842716273));
#2008 = CARTESIAN_POINT('',(-0.21621042212,-21.94842705709));
#2009 = CARTESIAN_POINT('',(-0.180340771751,-21.94842720476));
#2010 = CARTESIAN_POINT('',(-0.144913207681,-21.9484270639));
#2011 = CARTESIAN_POINT('',(-0.109114490205,-21.94842714932));
#2012 = CARTESIAN_POINT('',(-7.352434085891E-02,-21.948427127));
#2013 = CARTESIAN_POINT('',(-3.789736364339E-02,-21.94842711617));
#2014 = CARTESIAN_POINT('',(-2.23345224331E-03,-21.94842712755));
#2015 = ( GEOMETRIC_REPRESENTATION_CONTEXT(2) 
PARAMETRIC_REPRESENTATION_CONTEXT() REPRESENTATION_CONTEXT('2D SPACE',''
  ) );
#2016 = ORIENTED_EDGE('',*,*,#2017,.F.);
#2017 = EDGE_CURVE('',#1752,#1897,#2018,.T.);
#2018 = SURFACE_CURVE('',#2019,(#2038,#2060),.PCURVE_S1.);
#2019 = B_SPLINE_CURVE_WITH_KNOTS('',5,(#2020,#2021,#2022,#2023,#2024,
    #2025,#2026,#2027,#2028,#2029,#2030,#2031,#2032,#2033,#2034,#2035,
    #2036,#2037),.UNSPECIFIED.,.F.,.F.,(6,4,4,4,6),(0.,0.249957173427,
    0.499953551582,0.7499732815,1.),.UNSPECIFIED.);
#2020 = CARTESIAN_POINT('',(-1.427697059352,12.331844516501,
    -10.58578643763));
#2021 = CARTESIAN_POINT('',(-1.378044250286,12.392079344497,
    -10.53166153785));
#2022 = CARTESIAN_POINT('',(-1.325200939496,12.450271743777,
    -10.47443523583));
#2023 = CARTESIAN_POINT('',(-1.26921149957,12.506018577478,
    -10.41424684602));
#2024 = CARTESIAN_POINT('',(-1.210180409107,12.558922424349,
    -10.35130737038));
#2025 = CARTESIAN_POINT('',(-1.086363679879,12.658352911815,
    -10.22046053958));
#2026 = CARTESIAN_POINT('',(-1.021577139454,12.704878591387,
    -10.15255237704));
#2027 = CARTESIAN_POINT('',(-0.954085787252,12.74786086011,
    -10.08243611628));
#2028 = CARTESIAN_POINT('',(-0.884123084537,12.786998662877,
    -10.01044405795));
#2029 = CARTESIAN_POINT('',(-0.739820106899,12.857154813199,
    -9.863428734225));
#2030 = CARTESIAN_POINT('',(-0.665479384094,12.888172355354,
    -9.788405118579));
#2031 = CARTESIAN_POINT('',(-0.589238065726,12.914909028227,
    -9.712232302463));
#2032 = CARTESIAN_POINT('',(-0.511433292004,12.937230529794,
    -9.635303656509));
#2033 = CARTESIAN_POINT('',(-0.353416295929,12.97296676419,
    -9.480703351412));
#2034 = CARTESIAN_POINT('',(-0.273203944849,12.986381241688,
    -9.403031605856));
#2035 = CARTESIAN_POINT('',(-0.192149422325,12.995302124131,
    -9.325375074763));
#2036 = CARTESIAN_POINT('',(-0.110635872597,12.999785323728,
    -9.248110279342));
#2037 = CARTESIAN_POINT('',(-2.903485502353E-02,12.999967576005,
    -9.171572872441));
#2038 = PCURVE('',#485,#2039);
#2039 = DEFINITIONAL_REPRESENTATION('',(#2040),#2059);
#2040 = B_SPLINE_CURVE_WITH_KNOTS('',5,(#2041,#2042,#2043,#2044,#2045,
    #2046,#2047,#2048,#2049,#2050,#2051,#2052,#2053,#2054,#2055,#2056,
    #2057,#2058),.UNSPECIFIED.,.F.,.F.,(6,4,4,4,6),(0.,0.249957173427,
    0.499953551582,0.7499732815,1.),.UNSPECIFIED.);
#2041 = CARTESIAN_POINT('',(0.,38.467906603464));
#2042 = CARTESIAN_POINT('',(2.039339545707,38.526816595456));
#2043 = CARTESIAN_POINT('',(4.078569398892,38.588158492923));
#2044 = CARTESIAN_POINT('',(6.117698327644,38.651836268446));
#2045 = CARTESIAN_POINT('',(8.156737157192,38.717722899218));
#2046 = CARTESIAN_POINT('',(12.234975037509,38.853612250965));
#2047 = CARTESIAN_POINT('',(14.274174392099,38.923615321668));
#2048 = CARTESIAN_POINT('',(16.313304147237,38.995517130916));
#2049 = CARTESIAN_POINT('',(18.352376041209,39.069128453259));
#2050 = CARTESIAN_POINT('',(22.430614202013,39.219372876612));
#2051 = CARTESIAN_POINT('',(24.469781009039,39.296005077168));
#2052 = CARTESIAN_POINT('',(26.50891029846,39.37393281442));
#2053 = CARTESIAN_POINT('',(28.548014026306,39.452922232345));
#2054 = CARTESIAN_POINT('',(32.62624866509,39.61253540459));
#2055 = CARTESIAN_POINT('',(34.665380094366,39.693159232679));
#2056 = CARTESIAN_POINT('',(36.704507943769,39.774353694148));
#2057 = CARTESIAN_POINT('',(38.743645351479,39.855861852281));
#2058 = CARTESIAN_POINT('',(40.782804722109,39.937429652643));
#2059 = ( GEOMETRIC_REPRESENTATION_CONTEXT(2) 
PARAMETRIC_REPRESENTATION_CONTEXT() REPRESENTATION_CONTEXT('2D SPACE',''
  ) );
#2060 = PCURVE('',#1468,#2061);
#2061 = DEFINITIONAL_REPRESENTATION('',(#2062),#2081);
#2062 = B_SPLINE_CURVE_WITH_KNOTS('',5,(#2063,#2064,#2065,#2066,#2067,
    #2068,#2069,#2070,#2071,#2072,#2073,#2074,#2075,#2076,#2077,#2078,
    #2079,#2080),.UNSPECIFIED.,.F.,.F.,(6,4,4,4,6),(0.,0.249957173427,
    0.499953551582,0.7499732815,1.),.UNSPECIFIED.);
#2063 = CARTESIAN_POINT('',(2.399260825019,5.668155483499));
#2064 = CARTESIAN_POINT('',(2.39648912595,5.607920655503));
#2065 = CARTESIAN_POINT('',(2.393549796225,5.549728256223));
#2066 = CARTESIAN_POINT('',(2.390447797866,5.493981422522));
#2067 = CARTESIAN_POINT('',(2.387191585365,5.441077575651));
#2068 = CARTESIAN_POINT('',(2.380393738914,5.341647088185));
#2069 = CARTESIAN_POINT('',(2.37685205941,5.295121408613));
#2070 = CARTESIAN_POINT('',(2.373179621847,5.25213913989));
#2071 = CARTESIAN_POINT('',(2.3693914641,5.213001337123));
#2072 = CARTESIAN_POINT('',(2.361617800905,5.142845186801));
#2073 = CARTESIAN_POINT('',(2.357632274225,5.111827644646));
#2074 = CARTESIAN_POINT('',(2.353565437313,5.085090971773));
#2075 = CARTESIAN_POINT('',(2.349436634137,5.062769470206));
#2076 = CARTESIAN_POINT('',(2.341094482605,5.02703323581));
#2077 = CARTESIAN_POINT('',(2.336881128599,5.013618758312));
#2078 = CARTESIAN_POINT('',(2.332645308762,5.004697875869));
#2079 = CARTESIAN_POINT('',(2.328407124538,5.000214676272));
#2080 = CARTESIAN_POINT('',(2.324185310883,5.000032423995));
#2081 = ( GEOMETRIC_REPRESENTATION_CONTEXT(2) 
PARAMETRIC_REPRESENTATION_CONTEXT() REPRESENTATION_CONTEXT('2D SPACE',''
  ) );
#2082 = ORIENTED_EDGE('',*,*,#1801,.F.);
#2083 = ADVANCED_FACE('',(#2084),#660,.T.);
#2084 = FACE_BOUND('',#2085,.F.);
#2085 = EDGE_LOOP('',(#2086,#2109,#2110,#2111,#2149,#2177));
#2086 = ORIENTED_EDGE('',*,*,#2087,.F.);
#2087 = EDGE_CURVE('',#635,#2088,#2090,.T.);
#2088 = VERTEX_POINT('',#2089);
#2089 = CARTESIAN_POINT('',(3.552713678801E-15,-13.,-5.125));
#2090 = SURFACE_CURVE('',#2091,(#2095,#2102),.PCURVE_S1.);
#2091 = LINE('',#2092,#2093);
#2092 = CARTESIAN_POINT('',(-1.906243444071E-15,-13.,-31.12));
#2093 = VECTOR('',#2094,1.);
#2094 = DIRECTION('',(0.,0.,1.));
#2095 = PCURVE('',#660,#2096);
#2096 = DEFINITIONAL_REPRESENTATION('',(#2097),#2101);
#2097 = LINE('',#2098,#2099);
#2098 = CARTESIAN_POINT('',(-3.14159265359,0.));
#2099 = VECTOR('',#2100,1.);
#2100 = DIRECTION('',(-0.,-1.));
#2101 = ( GEOMETRIC_REPRESENTATION_CONTEXT(2) 
PARAMETRIC_REPRESENTATION_CONTEXT() REPRESENTATION_CONTEXT('2D SPACE',''
  ) );
#2102 = PCURVE('',#695,#2103);
#2103 = DEFINITIONAL_REPRESENTATION('',(#2104),#2108);
#2104 = LINE('',#2105,#2106);
#2105 = CARTESIAN_POINT('',(-9.764979889505E-17,0.));
#2106 = VECTOR('',#2107,1.);
#2107 = DIRECTION('',(0.,-1.));
#2108 = ( GEOMETRIC_REPRESENTATION_CONTEXT(2) 
PARAMETRIC_REPRESENTATION_CONTEXT() REPRESENTATION_CONTEXT('2D SPACE',''
  ) );
#2109 = ORIENTED_EDGE('',*,*,#634,.T.);
#2110 = ORIENTED_EDGE('',*,*,#1896,.T.);
#2111 = ORIENTED_EDGE('',*,*,#2112,.F.);
#2112 = EDGE_CURVE('',#2113,#1897,#2115,.T.);
#2113 = VERTEX_POINT('',#2114);
#2114 = CARTESIAN_POINT('',(0.,13.,-9.144380660904));
#2115 = SURFACE_CURVE('',#2116,(#2125,#2137),.PCURVE_S1.);
#2116 = B_SPLINE_CURVE_WITH_KNOTS('',4,(#2117,#2118,#2119,#2120,#2121,
    #2122,#2123,#2124),.UNSPECIFIED.,.F.,.F.,(5,3,5),(0.,0.503417282266,
    1.),.UNSPECIFIED.);
#2117 = CARTESIAN_POINT('',(-3.552713678801E-15,13.,-9.144380660904));
#2118 = CARTESIAN_POINT('',(-0.113348854834,13.,-9.250376456572));
#2119 = CARTESIAN_POINT('',(-0.225571686622,12.99868225199,
    -9.356978282883));
#2120 = CARTESIAN_POINT('',(-0.336655609726,12.996105713039,
    -9.464154328227));
#2121 = CARTESIAN_POINT('',(-0.555039591443,12.988599055317,
    -9.678136397834));
#2122 = CARTESIAN_POINT('',(-0.662370495916,12.983701353515,
    -9.784927674022));
#2123 = CARTESIAN_POINT('',(-0.768580110089,12.977687693747,
    -9.892223569797));
#2124 = CARTESIAN_POINT('',(-0.873666546032,12.97060934445,-10.0000006)
  );
#2125 = PCURVE('',#660,#2126);
#2126 = DEFINITIONAL_REPRESENTATION('',(#2127),#2136);
#2127 = B_SPLINE_CURVE_WITH_KNOTS('',4,(#2128,#2129,#2130,#2131,#2132,
    #2133,#2134,#2135),.UNSPECIFIED.,.F.,.F.,(5,3,5),(0.,0.503417282266,
    1.),.UNSPECIFIED.);
#2128 = CARTESIAN_POINT('',(0.,-21.97561933909));
#2129 = CARTESIAN_POINT('',(-8.719142679537E-03,-21.86962354342));
#2130 = CARTESIAN_POINT('',(-1.735166872628E-02,-21.76302171711));
#2131 = CARTESIAN_POINT('',(-2.589835142221E-02,-21.65584567177));
#2132 = CARTESIAN_POINT('',(-4.27070405989E-02,-21.44186360216));
#2133 = CARTESIAN_POINT('',(-5.097133376042E-02,-21.33507232597));
#2134 = CARTESIAN_POINT('',(-5.915392208343E-02,-21.2277764302));
#2135 = CARTESIAN_POINT('',(-6.725581098871E-02,-21.1199994));
#2136 = ( GEOMETRIC_REPRESENTATION_CONTEXT(2) 
PARAMETRIC_REPRESENTATION_CONTEXT() REPRESENTATION_CONTEXT('2D SPACE',''
  ) );
#2137 = PCURVE('',#1468,#2138);
#2138 = DEFINITIONAL_REPRESENTATION('',(#2139),#2148);
#2139 = B_SPLINE_CURVE_WITH_KNOTS('',4,(#2140,#2141,#2142,#2143,#2144,
    #2145,#2146,#2147),.UNSPECIFIED.,.F.,.F.,(5,3,5),(0.,0.503417282266,
    1.),.UNSPECIFIED.);
#2140 = CARTESIAN_POINT('',(2.322684183042,5.));
#2141 = CARTESIAN_POINT('',(2.32854030435,5.));
#2142 = CARTESIAN_POINT('',(2.334381009856,5.00131774801));
#2143 = CARTESIAN_POINT('',(2.340205660277,5.003894286961));
#2144 = CARTESIAN_POINT('',(2.351743200323,5.011400944683));
#2145 = CARTESIAN_POINT('',(2.357456531788,5.016298646485));
#2146 = CARTESIAN_POINT('',(2.363153469247,5.022312306253));
#2147 = CARTESIAN_POINT('',(2.36883381732,5.02939065555));
#2148 = ( GEOMETRIC_REPRESENTATION_CONTEXT(2) 
PARAMETRIC_REPRESENTATION_CONTEXT() REPRESENTATION_CONTEXT('2D SPACE',''
  ) );
#2149 = ORIENTED_EDGE('',*,*,#2150,.T.);
#2150 = EDGE_CURVE('',#2113,#2151,#2153,.T.);
#2151 = VERTEX_POINT('',#2152);
#2152 = CARTESIAN_POINT('',(0.,13.,-5.125));
#2153 = SURFACE_CURVE('',#2154,(#2158,#2165),.PCURVE_S1.);
#2154 = LINE('',#2155,#2156);
#2155 = CARTESIAN_POINT('',(0.,13.,-31.12));
#2156 = VECTOR('',#2157,1.);
#2157 = DIRECTION('',(0.,0.,1.));
#2158 = PCURVE('',#660,#2159);
#2159 = DEFINITIONAL_REPRESENTATION('',(#2160),#2164);
#2160 = LINE('',#2161,#2162);
#2161 = CARTESIAN_POINT('',(-0.,0.));
#2162 = VECTOR('',#2163,1.);
#2163 = DIRECTION('',(-0.,-1.));
#2164 = ( GEOMETRIC_REPRESENTATION_CONTEXT(2) 
PARAMETRIC_REPRESENTATION_CONTEXT() REPRESENTATION_CONTEXT('2D SPACE',''
  ) );
#2165 = PCURVE('',#2166,#2171);
#2166 = PLANE('',#2167);
#2167 = AXIS2_PLACEMENT_3D('',#2168,#2169,#2170);
#2168 = CARTESIAN_POINT('',(2.,8.,-31.12));
#2169 = DIRECTION('',(-0.928476690885,-0.371390676354,0.));
#2170 = DIRECTION('',(-0.371390676354,0.928476690885,0.));
#2171 = DEFINITIONAL_REPRESENTATION('',(#2172),#2176);
#2172 = LINE('',#2173,#2174);
#2173 = CARTESIAN_POINT('',(5.385164807135,0.));
#2174 = VECTOR('',#2175,1.);
#2175 = DIRECTION('',(0.,-1.));
#2176 = ( GEOMETRIC_REPRESENTATION_CONTEXT(2) 
PARAMETRIC_REPRESENTATION_CONTEXT() REPRESENTATION_CONTEXT('2D SPACE',''
  ) );
#2177 = ORIENTED_EDGE('',*,*,#2178,.T.);
#2178 = EDGE_CURVE('',#2151,#2088,#2179,.T.);
#2179 = SURFACE_CURVE('',#2180,(#2185,#2192),.PCURVE_S1.);
#2180 = CIRCLE('',#2181,13.);
#2181 = AXIS2_PLACEMENT_3D('',#2182,#2183,#2184);
#2182 = CARTESIAN_POINT('',(1.7763568394E-15,0.,-5.125));
#2183 = DIRECTION('',(0.,-0.,1.));
#2184 = DIRECTION('',(-1.366428338E-16,1.,0.));
#2185 = PCURVE('',#660,#2186);
#2186 = DEFINITIONAL_REPRESENTATION('',(#2187),#2191);
#2187 = LINE('',#2188,#2189);
#2188 = CARTESIAN_POINT('',(-0.,-25.995));
#2189 = VECTOR('',#2190,1.);
#2190 = DIRECTION('',(-1.,0.));
#2191 = ( GEOMETRIC_REPRESENTATION_CONTEXT(2) 
PARAMETRIC_REPRESENTATION_CONTEXT() REPRESENTATION_CONTEXT('2D SPACE',''
  ) );
#2192 = PCURVE('',#2193,#2198);
#2193 = TOROIDAL_SURFACE('',#2194,11.875,1.125);
#2194 = AXIS2_PLACEMENT_3D('',#2195,#2196,#2197);
#2195 = CARTESIAN_POINT('',(1.7763568394E-15,0.,-5.125));
#2196 = DIRECTION('',(-0.,-0.,1.));
#2197 = DIRECTION('',(-1.366428338E-16,1.,0.));
#2198 = DEFINITIONAL_REPRESENTATION('',(#2199),#2203);
#2199 = LINE('',#2200,#2201);
#2200 = CARTESIAN_POINT('',(0.,0.));
#2201 = VECTOR('',#2202,1.);
#2202 = DIRECTION('',(1.,0.));
#2203 = ( GEOMETRIC_REPRESENTATION_CONTEXT(2) 
PARAMETRIC_REPRESENTATION_CONTEXT() REPRESENTATION_CONTEXT('2D SPACE',''
  ) );
#2204 = ADVANCED_FACE('',(#2205),#695,.F.);
#2205 = FACE_BOUND('',#2206,.F.);
#2206 = EDGE_LOOP('',(#2207,#2208,#2209,#2210));
#2207 = ORIENTED_EDGE('',*,*,#969,.F.);
#2208 = ORIENTED_EDGE('',*,*,#677,.F.);
#2209 = ORIENTED_EDGE('',*,*,#2087,.T.);
#2210 = ORIENTED_EDGE('',*,*,#2211,.T.);
#2211 = EDGE_CURVE('',#2088,#942,#2212,.T.);
#2212 = SURFACE_CURVE('',#2213,(#2217,#2224),.PCURVE_S1.);
#2213 = LINE('',#2214,#2215);
#2214 = CARTESIAN_POINT('',(-4.440892098501E-16,-13.,-5.125));
#2215 = VECTOR('',#2216,1.);
#2216 = DIRECTION('',(0.371390676354,0.928476690885,0.));
#2217 = PCURVE('',#695,#2218);
#2218 = DEFINITIONAL_REPRESENTATION('',(#2219),#2223);
#2219 = LINE('',#2220,#2221);
#2220 = CARTESIAN_POINT('',(0.,-25.995));
#2221 = VECTOR('',#2222,1.);
#2222 = DIRECTION('',(1.,0.));
#2223 = ( GEOMETRIC_REPRESENTATION_CONTEXT(2) 
PARAMETRIC_REPRESENTATION_CONTEXT() REPRESENTATION_CONTEXT('2D SPACE',''
  ) );
#2224 = PCURVE('',#2225,#2230);
#2225 = CYLINDRICAL_SURFACE('',#2226,1.125);
#2226 = AXIS2_PLACEMENT_3D('',#2227,#2228,#2229);
#2227 = CARTESIAN_POINT('',(-1.044536277246,-12.5821854891,-5.125));
#2228 = DIRECTION('',(0.371390676354,0.928476690885,0.));
#2229 = DIRECTION('',(0.928476690885,-0.371390676354,-0.));
#2230 = DEFINITIONAL_REPRESENTATION('',(#2231),#2235);
#2231 = LINE('',#2232,#2233);
#2232 = CARTESIAN_POINT('',(-0.,0.));
#2233 = VECTOR('',#2234,1.);
#2234 = DIRECTION('',(-0.,1.));
#2235 = ( GEOMETRIC_REPRESENTATION_CONTEXT(2) 
PARAMETRIC_REPRESENTATION_CONTEXT() REPRESENTATION_CONTEXT('2D SPACE',''
  ) );
#2236 = ADVANCED_FACE('',(#2237),#750,.T.);
#2237 = FACE_BOUND('',#2238,.T.);
#2238 = EDGE_LOOP('',(#2239,#2240,#2292,#2320));
#2239 = ORIENTED_EDGE('',*,*,#734,.F.);
#2240 = ORIENTED_EDGE('',*,*,#2241,.T.);
#2241 = EDGE_CURVE('',#712,#2242,#2244,.T.);
#2242 = VERTEX_POINT('',#2243);
#2243 = CARTESIAN_POINT('',(-5.06952590447,-5.5,-31.12));
#2244 = SURFACE_CURVE('',#2245,(#2261,#2285),.PCURVE_S1.);
#2245 = ( BOUNDED_CURVE() B_SPLINE_CURVE(14,(#2246,#2247,#2248,#2249,
    #2250,#2251,#2252,#2253,#2254,#2255,#2256,#2257,#2258,#2259,#2260),
.UNSPECIFIED.,.F.,.F.) B_SPLINE_CURVE_WITH_KNOTS((15,15),(
12.884019395791,15.979684181734),.PIECEWISE_BEZIER_KNOTS.) CURVE() 
GEOMETRIC_REPRESENTATION_ITEM() RATIONAL_B_SPLINE_CURVE((1.,1.,1.,
    0.999999999999,1.000000000001,0.999999999998,1.000000000001,1.,
    0.999999999999,1.000000000002,0.999999999998,1.000000000001,1.,1.,1.
)) REPRESENTATION_ITEM('') );
#2246 = CARTESIAN_POINT('',(-4.5,-8.,-28.62));
#2247 = CARTESIAN_POINT('',(-4.5,-8.,-28.89982575009));
#2248 = CARTESIAN_POINT('',(-4.509737928933,-7.966513511772,
    -29.17945803594));
#2249 = CARTESIAN_POINT('',(-4.529617378459,-7.896931372796,
    -29.45812915714));
#2250 = CARTESIAN_POINT('',(-4.557468674781,-7.804677473269,
    -29.71404175771));
#2251 = CARTESIAN_POINT('',(-4.59962859824,-7.649273555573,
    -30.01007936756));
#2252 = CARTESIAN_POINT('',(-4.643293506754,-7.513756437199,
    -30.18341424202));
#2253 = CARTESIAN_POINT('',(-4.69681071462,-7.291467005924,
    -30.4691588315));
#2254 = CARTESIAN_POINT('',(-4.753230865609,-7.097842858583,
    -30.60263062978));
#2255 = CARTESIAN_POINT('',(-4.808782850792,-6.849717977931,
    -30.79731540948));
#2256 = CARTESIAN_POINT('',(-4.867225943255,-6.601269955907,
    -30.91495208917));
#2257 = CARTESIAN_POINT('',(-4.922781126793,-6.334609149327,
    -31.01976248578));
#2258 = CARTESIAN_POINT('',(-4.97587579777,-6.058877003443,
    -31.08643313817));
#2259 = CARTESIAN_POINT('',(-5.024981277184,-5.778843478337,-31.12));
#2260 = CARTESIAN_POINT('',(-5.06952590447,-5.5,-31.12));
#2261 = PCURVE('',#750,#2262);
#2262 = DEFINITIONAL_REPRESENTATION('',(#2263),#2284);
#2263 = B_SPLINE_CURVE_WITH_KNOTS('',10,(#2264,#2265,#2266,#2267,#2268,
    #2269,#2270,#2271,#2272,#2273,#2274,#2275,#2276,#2277,#2278,#2279,
    #2280,#2281,#2282,#2283),.UNSPECIFIED.,.F.,.F.,(11,9,11),(
    12.884019395791,14.431851788763,15.979684181734),.UNSPECIFIED.);
#2264 = CARTESIAN_POINT('',(7.753646789697E-17,0.62347538298));
#2265 = CARTESIAN_POINT('',(7.835121002605E-02,0.62347538298));
#2266 = CARTESIAN_POINT('',(0.15667887813,0.618548692038));
#2267 = CARTESIAN_POINT('',(0.235376393453,0.608575355687));
#2268 = CARTESIAN_POINT('',(0.313310837458,0.594018208574));
#2269 = CARTESIAN_POINT('',(0.393588448244,0.573976926844));
#2270 = CARTESIAN_POINT('',(0.47200221228,0.549810504233));
#2271 = CARTESIAN_POINT('',(0.551306782102,0.521577802909));
#2272 = CARTESIAN_POINT('',(0.630120782633,0.490190059877));
#2273 = CARTESIAN_POINT('',(0.708899350521,0.456258826896));
#2274 = CARTESIAN_POINT('',(0.866160418106,0.384715486479));
#2275 = CARTESIAN_POINT('',(0.944661795952,0.347101755696));
#2276 = CARTESIAN_POINT('',(1.022996200568,0.308323641075));
#2277 = CARTESIAN_POINT('',(1.101278250305,0.269073679553));
#2278 = CARTESIAN_POINT('',(1.179509913236,0.229924838104));
#2279 = CARTESIAN_POINT('',(1.257714706433,0.191428822412));
#2280 = CARTESIAN_POINT('',(1.335999964987,0.154161078689));
#2281 = CARTESIAN_POINT('',(1.414404794851,0.118625479127));
#2282 = CARTESIAN_POINT('',(1.49272015286,8.513071761026E-02));
#2283 = CARTESIAN_POINT('',(1.570796326795,5.394947851014E-02));
#2284 = ( GEOMETRIC_REPRESENTATION_CONTEXT(2) 
PARAMETRIC_REPRESENTATION_CONTEXT() REPRESENTATION_CONTEXT('2D SPACE',''
  ) );
#2285 = PCURVE('',#1062,#2286);
#2286 = DEFINITIONAL_REPRESENTATION('',(#2287),#2291);
#2287 = LINE('',#2288,#2289);
#2288 = CARTESIAN_POINT('',(0.,0.));
#2289 = VECTOR('',#2290,1.);
#2290 = DIRECTION('',(0.,1.));
#2291 = ( GEOMETRIC_REPRESENTATION_CONTEXT(2) 
PARAMETRIC_REPRESENTATION_CONTEXT() REPRESENTATION_CONTEXT('2D SPACE',''
  ) );
#2292 = ORIENTED_EDGE('',*,*,#2293,.T.);
#2293 = EDGE_CURVE('',#2242,#2294,#2296,.T.);
#2294 = VERTEX_POINT('',#2295);
#2295 = CARTESIAN_POINT('',(5.070938512812,-5.5,-31.12));
#2296 = SURFACE_CURVE('',#2297,(#2301,#2308),.PCURVE_S1.);
#2297 = LINE('',#2298,#2299);
#2298 = CARTESIAN_POINT('',(-5.12347538298,-5.5,-31.12));
#2299 = VECTOR('',#2300,1.);
#2300 = DIRECTION('',(1.,-0.,-3.484961190625E-16));
#2301 = PCURVE('',#750,#2302);
#2302 = DEFINITIONAL_REPRESENTATION('',(#2303),#2307);
#2303 = LINE('',#2304,#2305);
#2304 = CARTESIAN_POINT('',(1.570796326795,0.));
#2305 = VECTOR('',#2306,1.);
#2306 = DIRECTION('',(0.,1.));
#2307 = ( GEOMETRIC_REPRESENTATION_CONTEXT(2) 
PARAMETRIC_REPRESENTATION_CONTEXT() REPRESENTATION_CONTEXT('2D SPACE',''
  ) );
#2308 = PCURVE('',#2309,#2314);
#2309 = PLANE('',#2310);
#2310 = AXIS2_PLACEMENT_3D('',#2311,#2312,#2313);
#2311 = CARTESIAN_POINT('',(0.,0.,-31.12));
#2312 = DIRECTION('',(0.,0.,-1.));
#2313 = DIRECTION('',(1.,0.,0.));
#2314 = DEFINITIONAL_REPRESENTATION('',(#2315),#2319);
#2315 = LINE('',#2316,#2317);
#2316 = CARTESIAN_POINT('',(-5.12347538298,5.5));
#2317 = VECTOR('',#2318,1.);
#2318 = DIRECTION('',(1.,0.));
#2319 = ( GEOMETRIC_REPRESENTATION_CONTEXT(2) 
PARAMETRIC_REPRESENTATION_CONTEXT() REPRESENTATION_CONTEXT('2D SPACE',''
  ) );
#2320 = ORIENTED_EDGE('',*,*,#2321,.F.);
#2321 = EDGE_CURVE('',#735,#2294,#2322,.T.);
#2322 = SURFACE_CURVE('',#2323,(#2328,#2334),.PCURVE_S1.);
#2323 = CIRCLE('',#2324,2.5);
#2324 = AXIS2_PLACEMENT_3D('',#2325,#2326,#2327);
#2325 = CARTESIAN_POINT('',(5.070938512812,-5.5,-28.62));
#2326 = DIRECTION('',(1.,0.,-3.484961190625E-16));
#2327 = DIRECTION('',(0.,-1.,0.));
#2328 = PCURVE('',#750,#2329);
#2329 = DEFINITIONAL_REPRESENTATION('',(#2330),#2333);
#2330 = B_SPLINE_CURVE_WITH_KNOTS('',1,(#2331,#2332),.UNSPECIFIED.,.F.,
  .F.,(2,2),(0.,1.570796326795),.PIECEWISE_BEZIER_KNOTS.);
#2331 = CARTESIAN_POINT('',(0.,10.194413895792));
#2332 = CARTESIAN_POINT('',(1.570796326795,10.194413895792));
#2333 = ( GEOMETRIC_REPRESENTATION_CONTEXT(2) 
PARAMETRIC_REPRESENTATION_CONTEXT() REPRESENTATION_CONTEXT('2D SPACE',''
  ) );
#2334 = PCURVE('',#783,#2335);
#2335 = DEFINITIONAL_REPRESENTATION('',(#2336),#2339);
#2336 = B_SPLINE_CURVE_WITH_KNOTS('',1,(#2337,#2338),.UNSPECIFIED.,.F.,
  .F.,(2,2),(0.,1.570796326795),.PIECEWISE_BEZIER_KNOTS.);
#2337 = CARTESIAN_POINT('',(0.,1.570796326795));
#2338 = CARTESIAN_POINT('',(0.,3.14159265359));
#2339 = ( GEOMETRIC_REPRESENTATION_CONTEXT(2) 
PARAMETRIC_REPRESENTATION_CONTEXT() REPRESENTATION_CONTEXT('2D SPACE',''
  ) );
#2340 = ADVANCED_FACE('',(#2341),#957,.T.);
#2341 = FACE_BOUND('',#2342,.T.);
#2342 = EDGE_LOOP('',(#2343,#2370,#2398,#2430));
#2343 = ORIENTED_EDGE('',*,*,#2344,.T.);
#2344 = EDGE_CURVE('',#914,#2345,#2347,.T.);
#2345 = VERTEX_POINT('',#2346);
#2346 = CARTESIAN_POINT('',(10.5,-6.875,-4.));
#2347 = SURFACE_CURVE('',#2348,(#2353,#2359),.PCURVE_S1.);
#2348 = CIRCLE('',#2349,1.125);
#2349 = AXIS2_PLACEMENT_3D('',#2350,#2351,#2352);
#2350 = CARTESIAN_POINT('',(10.5,-6.875,-5.125));
#2351 = DIRECTION('',(-1.,-6.123233995737E-17,0.));
#2352 = DIRECTION('',(6.123233995737E-17,-1.,0.));
#2353 = PCURVE('',#957,#2354);
#2354 = DEFINITIONAL_REPRESENTATION('',(#2355),#2358);
#2355 = B_SPLINE_CURVE_WITH_KNOTS('',1,(#2356,#2357),.UNSPECIFIED.,.F.,
  .F.,(2,2),(0.,1.570796326795),.PIECEWISE_BEZIER_KNOTS.);
#2356 = CARTESIAN_POINT('',(0.,0.));
#2357 = CARTESIAN_POINT('',(1.570796326795,0.));
#2358 = ( GEOMETRIC_REPRESENTATION_CONTEXT(2) 
PARAMETRIC_REPRESENTATION_CONTEXT() REPRESENTATION_CONTEXT('2D SPACE',''
  ) );
#2359 = PCURVE('',#2360,#2365);
#2360 = TOROIDAL_SURFACE('',#2361,1.375,1.125);
#2361 = AXIS2_PLACEMENT_3D('',#2362,#2363,#2364);
#2362 = CARTESIAN_POINT('',(10.5,-5.5,-5.125));
#2363 = DIRECTION('',(-0.,-0.,1.));
#2364 = DIRECTION('',(1.,0.,0.));
#2365 = DEFINITIONAL_REPRESENTATION('',(#2366),#2369);
#2366 = B_SPLINE_CURVE_WITH_KNOTS('',1,(#2367,#2368),.UNSPECIFIED.,.F.,
  .F.,(2,2),(0.,1.570796326795),.PIECEWISE_BEZIER_KNOTS.);
#2367 = CARTESIAN_POINT('',(-1.570796326795,0.));
#2368 = CARTESIAN_POINT('',(-1.570796326795,1.570796326795));
#2369 = ( GEOMETRIC_REPRESENTATION_CONTEXT(2) 
PARAMETRIC_REPRESENTATION_CONTEXT() REPRESENTATION_CONTEXT('2D SPACE',''
  ) );
#2370 = ORIENTED_EDGE('',*,*,#2371,.T.);
#2371 = EDGE_CURVE('',#2345,#2372,#2374,.T.);
#2372 = VERTEX_POINT('',#2373);
#2373 = CARTESIAN_POINT('',(1.238337918395,-6.875,-4.));
#2374 = SURFACE_CURVE('',#2375,(#2379,#2386),.PCURVE_S1.);
#2375 = LINE('',#2376,#2377);
#2376 = CARTESIAN_POINT('',(10.5,-6.875,-4.));
#2377 = VECTOR('',#2378,1.);
#2378 = DIRECTION('',(-1.,-0.,-0.));
#2379 = PCURVE('',#957,#2380);
#2380 = DEFINITIONAL_REPRESENTATION('',(#2381),#2385);
#2381 = LINE('',#2382,#2383);
#2382 = CARTESIAN_POINT('',(1.570796326795,0.));
#2383 = VECTOR('',#2384,1.);
#2384 = DIRECTION('',(0.,1.));
#2385 = ( GEOMETRIC_REPRESENTATION_CONTEXT(2) 
PARAMETRIC_REPRESENTATION_CONTEXT() REPRESENTATION_CONTEXT('2D SPACE',''
  ) );
#2386 = PCURVE('',#2387,#2392);
#2387 = PLANE('',#2388);
#2388 = AXIS2_PLACEMENT_3D('',#2389,#2390,#2391);
#2389 = CARTESIAN_POINT('',(0.,0.,-4.));
#2390 = DIRECTION('',(0.,0.,-1.));
#2391 = DIRECTION('',(1.,0.,0.));
#2392 = DEFINITIONAL_REPRESENTATION('',(#2393),#2397);
#2393 = LINE('',#2394,#2395);
#2394 = CARTESIAN_POINT('',(10.5,6.875));
#2395 = VECTOR('',#2396,1.);
#2396 = DIRECTION('',(-1.,0.));
#2397 = ( GEOMETRIC_REPRESENTATION_CONTEXT(2) 
PARAMETRIC_REPRESENTATION_CONTEXT() REPRESENTATION_CONTEXT('2D SPACE',''
  ) );
#2398 = ORIENTED_EDGE('',*,*,#2399,.F.);
#2399 = EDGE_CURVE('',#942,#2372,#2400,.T.);
#2400 = SURFACE_CURVE('',#2401,(#2406,#2418),.PCURVE_S1.);
#2401 = ELLIPSE('',#2402,1.358585340181,1.125);
#2402 = AXIS2_PLACEMENT_3D('',#2403,#2404,#2405);
#2403 = CARTESIAN_POINT('',(1.238337918395,-6.875,-5.125));
#2404 = DIRECTION('',(-0.828067230469,-0.560628809305,-0.));
#2405 = DIRECTION('',(-0.560628809305,0.828067230469,0.));
#2406 = PCURVE('',#957,#2407);
#2407 = DEFINITIONAL_REPRESENTATION('',(#2408),#2417);
#2408 = B_SPLINE_CURVE_WITH_KNOTS('',7,(#2409,#2410,#2411,#2412,#2413,
    #2414,#2415,#2416),.UNSPECIFIED.,.F.,.F.,(8,8),(3.14159265359,
    4.712388980385),.PIECEWISE_BEZIER_KNOTS.);
#2409 = CARTESIAN_POINT('',(0.,8.5));
#2410 = CARTESIAN_POINT('',(0.224399475256,8.5));
#2411 = CARTESIAN_POINT('',(0.448798950513,8.544746636272));
#2412 = CARTESIAN_POINT('',(0.673198425769,8.634233417585));
#2413 = CARTESIAN_POINT('',(0.897597901026,8.762966251362));
#2414 = CARTESIAN_POINT('',(1.121997376282,8.919829632757));
#2415 = CARTESIAN_POINT('',(1.346396851538,9.09074551017));
#2416 = CARTESIAN_POINT('',(1.570796326795,9.261662081605));
#2417 = ( GEOMETRIC_REPRESENTATION_CONTEXT(2) 
PARAMETRIC_REPRESENTATION_CONTEXT() REPRESENTATION_CONTEXT('2D SPACE',''
  ) );
#2418 = PCURVE('',#2225,#2419);
#2419 = DEFINITIONAL_REPRESENTATION('',(#2420),#2429);
#2420 = B_SPLINE_CURVE_WITH_KNOTS('',7,(#2421,#2422,#2423,#2424,#2425,
    #2426,#2427,#2428),.UNSPECIFIED.,.F.,.F.,(8,8),(3.14159265359,
    4.712388980385),.PIECEWISE_BEZIER_KNOTS.);
#2421 = CARTESIAN_POINT('',(3.552713678801E-15,5.385164807135));
#2422 = CARTESIAN_POINT('',(-0.224399475256,5.385164807135));
#2423 = CARTESIAN_POINT('',(-0.448798950513,5.429911443406));
#2424 = CARTESIAN_POINT('',(-0.673198425769,5.519398224718));
#2425 = CARTESIAN_POINT('',(-0.897597901026,5.648131058499));
#2426 = CARTESIAN_POINT('',(-1.121997376282,5.804994439891));
#2427 = CARTESIAN_POINT('',(-1.346396851538,5.975910317305));
#2428 = CARTESIAN_POINT('',(-1.570796326795,6.14682688874));
#2429 = ( GEOMETRIC_REPRESENTATION_CONTEXT(2) 
PARAMETRIC_REPRESENTATION_CONTEXT() REPRESENTATION_CONTEXT('2D SPACE',''
  ) );
#2430 = ORIENTED_EDGE('',*,*,#941,.F.);
#2431 = ADVANCED_FACE('',(#2432),#783,.T.);
#2432 = FACE_BOUND('',#2433,.F.);
#2433 = EDGE_LOOP('',(#2434,#2435,#2436,#2458));
#2434 = ORIENTED_EDGE('',*,*,#2321,.F.);
#2435 = ORIENTED_EDGE('',*,*,#762,.T.);
#2436 = ORIENTED_EDGE('',*,*,#2437,.T.);
#2437 = EDGE_CURVE('',#763,#2438,#2440,.T.);
#2438 = VERTEX_POINT('',#2439);
#2439 = CARTESIAN_POINT('',(6.766451393897,-5.5,-31.64507857294));
#2440 = SURFACE_CURVE('',#2441,(#2446,#2452),.PCURVE_S1.);
#2441 = CIRCLE('',#2442,2.5);
#2442 = AXIS2_PLACEMENT_3D('',#2443,#2444,#2445);
#2443 = CARTESIAN_POINT('',(8.179378794801,-5.5,-29.5826440504));
#2444 = DIRECTION('',(0.824973809017,0.,-0.565170960362));
#2445 = DIRECTION('',(0.565170960362,0.,0.824973809017));
#2446 = PCURVE('',#783,#2447);
#2447 = DEFINITIONAL_REPRESENTATION('',(#2448),#2451);
#2448 = B_SPLINE_CURVE_WITH_KNOTS('',1,(#2449,#2450),.UNSPECIFIED.,.F.,
  .F.,(2,2),(1.570796326795,3.14159265359),.PIECEWISE_BEZIER_KNOTS.);
#2449 = CARTESIAN_POINT('',(-0.600640470133,1.570796326795));
#2450 = CARTESIAN_POINT('',(-0.600640470133,3.14159265359));
#2451 = ( GEOMETRIC_REPRESENTATION_CONTEXT(2) 
PARAMETRIC_REPRESENTATION_CONTEXT() REPRESENTATION_CONTEXT('2D SPACE',''
  ) );
#2452 = PCURVE('',#811,#2453);
#2453 = DEFINITIONAL_REPRESENTATION('',(#2454),#2457);
#2454 = B_SPLINE_CURVE_WITH_KNOTS('',1,(#2455,#2456),.UNSPECIFIED.,.F.,
  .F.,(2,2),(1.570796326795,3.14159265359),.PIECEWISE_BEZIER_KNOTS.);
#2455 = CARTESIAN_POINT('',(0.,-1.465447867973E-15));
#2456 = CARTESIAN_POINT('',(1.570796326795,-1.465447867973E-15));
#2457 = ( GEOMETRIC_REPRESENTATION_CONTEXT(2) 
PARAMETRIC_REPRESENTATION_CONTEXT() REPRESENTATION_CONTEXT('2D SPACE',''
  ) );
#2458 = ORIENTED_EDGE('',*,*,#2459,.F.);
#2459 = EDGE_CURVE('',#2294,#2438,#2460,.T.);
#2460 = SURFACE_CURVE('',#2461,(#2466,#2473),.PCURVE_S1.);
#2461 = CIRCLE('',#2462,3.);
#2462 = AXIS2_PLACEMENT_3D('',#2463,#2464,#2465);
#2463 = CARTESIAN_POINT('',(5.070938512812,-5.5,-34.12));
#2464 = DIRECTION('',(-0.,1.,0.));
#2465 = DIRECTION('',(0.,0.,1.));
#2466 = PCURVE('',#783,#2467);
#2467 = DEFINITIONAL_REPRESENTATION('',(#2468),#2472);
#2468 = LINE('',#2469,#2470);
#2469 = CARTESIAN_POINT('',(-0.,3.14159265359));
#2470 = VECTOR('',#2471,1.);
#2471 = DIRECTION('',(-1.,0.));
#2472 = ( GEOMETRIC_REPRESENTATION_CONTEXT(2) 
PARAMETRIC_REPRESENTATION_CONTEXT() REPRESENTATION_CONTEXT('2D SPACE',''
  ) );
#2473 = PCURVE('',#2474,#2479);
#2474 = CYLINDRICAL_SURFACE('',#2475,3.);
#2475 = AXIS2_PLACEMENT_3D('',#2476,#2477,#2478);
#2476 = CARTESIAN_POINT('',(5.070938512812,0.,-34.12));
#2477 = DIRECTION('',(-0.,-1.,0.));
#2478 = DIRECTION('',(-1.,0.,0.));
#2479 = DEFINITIONAL_REPRESENTATION('',(#2480),#2484);
#2480 = LINE('',#2481,#2482);
#2481 = CARTESIAN_POINT('',(-1.570796326795,5.5));
#2482 = VECTOR('',#2483,1.);
#2483 = DIRECTION('',(-1.,0.));
#2484 = ( GEOMETRIC_REPRESENTATION_CONTEXT(2) 
PARAMETRIC_REPRESENTATION_CONTEXT() REPRESENTATION_CONTEXT('2D SPACE',''
  ) );
#2485 = ADVANCED_FACE('',(#2486),#929,.T.);
#2486 = FACE_BOUND('',#2487,.T.);
#2487 = EDGE_LOOP('',(#2488,#2489,#2511,#2539));
#2488 = ORIENTED_EDGE('',*,*,#913,.F.);
#2489 = ORIENTED_EDGE('',*,*,#2490,.T.);
#2490 = EDGE_CURVE('',#881,#2491,#2493,.T.);
#2491 = VERTEX_POINT('',#2492);
#2492 = CARTESIAN_POINT('',(13.,-5.5,-10.64595555576));
#2493 = SURFACE_CURVE('',#2494,(#2499,#2505),.PCURVE_S1.);
#2494 = CIRCLE('',#2495,2.5);
#2495 = AXIS2_PLACEMENT_3D('',#2496,#2497,#2498);
#2496 = CARTESIAN_POINT('',(10.5,-5.5,-10.64595555576));
#2497 = DIRECTION('',(-1.110223024625E-16,0.,1.));
#2498 = DIRECTION('',(-1.,0.,-1.110223024625E-16));
#2499 = PCURVE('',#929,#2500);
#2500 = DEFINITIONAL_REPRESENTATION('',(#2501),#2504);
#2501 = B_SPLINE_CURVE_WITH_KNOTS('',1,(#2502,#2503),.UNSPECIFIED.,.F.,
  .F.,(2,2),(1.570796326795,3.14159265359),.PIECEWISE_BEZIER_KNOTS.);
#2502 = CARTESIAN_POINT('',(0.,0.));
#2503 = CARTESIAN_POINT('',(1.570796326795,0.));
#2504 = ( GEOMETRIC_REPRESENTATION_CONTEXT(2) 
PARAMETRIC_REPRESENTATION_CONTEXT() REPRESENTATION_CONTEXT('2D SPACE',''
  ) );
#2505 = PCURVE('',#901,#2506);
#2506 = DEFINITIONAL_REPRESENTATION('',(#2507),#2510);
#2507 = B_SPLINE_CURVE_WITH_KNOTS('',1,(#2508,#2509),.UNSPECIFIED.,.F.,
  .F.,(2,2),(1.570796326795,3.14159265359),.PIECEWISE_BEZIER_KNOTS.);
#2508 = CARTESIAN_POINT('',(-0.847948974156,1.570796326795));
#2509 = CARTESIAN_POINT('',(-0.847948974156,3.14159265359));
#2510 = ( GEOMETRIC_REPRESENTATION_CONTEXT(2) 
PARAMETRIC_REPRESENTATION_CONTEXT() REPRESENTATION_CONTEXT('2D SPACE',''
  ) );
#2511 = ORIENTED_EDGE('',*,*,#2512,.T.);
#2512 = EDGE_CURVE('',#2491,#2513,#2515,.T.);
#2513 = VERTEX_POINT('',#2514);
#2514 = CARTESIAN_POINT('',(13.,-5.5,-5.125));
#2515 = SURFACE_CURVE('',#2516,(#2520,#2527),.PCURVE_S1.);
#2516 = LINE('',#2517,#2518);
#2517 = CARTESIAN_POINT('',(13.,-5.5,-10.64595555576));
#2518 = VECTOR('',#2519,1.);
#2519 = DIRECTION('',(0.,0.,1.));
#2520 = PCURVE('',#929,#2521);
#2521 = DEFINITIONAL_REPRESENTATION('',(#2522),#2526);
#2522 = LINE('',#2523,#2524);
#2523 = CARTESIAN_POINT('',(1.570796326795,0.));
#2524 = VECTOR('',#2525,1.);
#2525 = DIRECTION('',(0.,1.));
#2526 = ( GEOMETRIC_REPRESENTATION_CONTEXT(2) 
PARAMETRIC_REPRESENTATION_CONTEXT() REPRESENTATION_CONTEXT('2D SPACE',''
  ) );
#2527 = PCURVE('',#2528,#2533);
#2528 = PLANE('',#2529);
#2529 = AXIS2_PLACEMENT_3D('',#2530,#2531,#2532);
#2530 = CARTESIAN_POINT('',(13.,0.,-10.64595555576));
#2531 = DIRECTION('',(1.,0.,-0.));
#2532 = DIRECTION('',(0.,0.,1.));
#2533 = DEFINITIONAL_REPRESENTATION('',(#2534),#2538);
#2534 = LINE('',#2535,#2536);
#2535 = CARTESIAN_POINT('',(0.,5.5));
#2536 = VECTOR('',#2537,1.);
#2537 = DIRECTION('',(1.,0.));
#2538 = ( GEOMETRIC_REPRESENTATION_CONTEXT(2) 
PARAMETRIC_REPRESENTATION_CONTEXT() REPRESENTATION_CONTEXT('2D SPACE',''
  ) );
#2539 = ORIENTED_EDGE('',*,*,#2540,.T.);
#2540 = EDGE_CURVE('',#2513,#914,#2541,.T.);
#2541 = SURFACE_CURVE('',#2542,(#2547,#2554),.PCURVE_S1.);
#2542 = CIRCLE('',#2543,2.5);
#2543 = AXIS2_PLACEMENT_3D('',#2544,#2545,#2546);
#2544 = CARTESIAN_POINT('',(10.5,-5.5,-5.125));
#2545 = DIRECTION('',(0.,0.,-1.));
#2546 = DIRECTION('',(1.,0.,0.));
#2547 = PCURVE('',#929,#2548);
#2548 = DEFINITIONAL_REPRESENTATION('',(#2549),#2553);
#2549 = LINE('',#2550,#2551);
#2550 = CARTESIAN_POINT('',(1.570796326795,5.520955555763));
#2551 = VECTOR('',#2552,1.);
#2552 = DIRECTION('',(-1.,-0.));
#2553 = ( GEOMETRIC_REPRESENTATION_CONTEXT(2) 
PARAMETRIC_REPRESENTATION_CONTEXT() REPRESENTATION_CONTEXT('2D SPACE',''
  ) );
#2554 = PCURVE('',#2360,#2555);
#2555 = DEFINITIONAL_REPRESENTATION('',(#2556),#2560);
#2556 = LINE('',#2557,#2558);
#2557 = CARTESIAN_POINT('',(-0.,0.));
#2558 = VECTOR('',#2559,1.);
#2559 = DIRECTION('',(-1.,0.));
#2560 = ( GEOMETRIC_REPRESENTATION_CONTEXT(2) 
PARAMETRIC_REPRESENTATION_CONTEXT() REPRESENTATION_CONTEXT('2D SPACE',''
  ) );
#2561 = ADVANCED_FACE('',(#2562),#811,.T.);
#2562 = FACE_BOUND('',#2563,.T.);
#2563 = EDGE_LOOP('',(#2564,#2565,#2593,#2613));
#2564 = ORIENTED_EDGE('',*,*,#2437,.T.);
#2565 = ORIENTED_EDGE('',*,*,#2566,.T.);
#2566 = EDGE_CURVE('',#2438,#2567,#2569,.T.);
#2567 = VERTEX_POINT('',#2568);
#2568 = CARTESIAN_POINT('',(13.013461356745,-5.5,-35.92476428115));
#2569 = SURFACE_CURVE('',#2570,(#2574,#2581),.PCURVE_S1.);
#2570 = LINE('',#2571,#2572);
#2571 = CARTESIAN_POINT('',(6.766451393897,-5.5,-31.64507857294));
#2572 = VECTOR('',#2573,1.);
#2573 = DIRECTION('',(0.824973809017,0.,-0.565170960362));
#2574 = PCURVE('',#811,#2575);
#2575 = DEFINITIONAL_REPRESENTATION('',(#2576),#2580);
#2576 = LINE('',#2577,#2578);
#2577 = CARTESIAN_POINT('',(1.570796326795,0.));
#2578 = VECTOR('',#2579,1.);
#2579 = DIRECTION('',(0.,1.));
#2580 = ( GEOMETRIC_REPRESENTATION_CONTEXT(2) 
PARAMETRIC_REPRESENTATION_CONTEXT() REPRESENTATION_CONTEXT('2D SPACE',''
  ) );
#2581 = PCURVE('',#2582,#2587);
#2582 = PLANE('',#2583);
#2583 = AXIS2_PLACEMENT_3D('',#2584,#2585,#2586);
#2584 = CARTESIAN_POINT('',(6.766451393897,0.,-31.64507857294));
#2585 = DIRECTION('',(-0.565170960362,-0.,-0.824973809017));
#2586 = DIRECTION('',(0.824973809017,0.,-0.565170960362));
#2587 = DEFINITIONAL_REPRESENTATION('',(#2588),#2592);
#2588 = LINE('',#2589,#2590);
#2589 = CARTESIAN_POINT('',(0.,5.5));
#2590 = VECTOR('',#2591,1.);
#2591 = DIRECTION('',(1.,0.));
#2592 = ( GEOMETRIC_REPRESENTATION_CONTEXT(2) 
PARAMETRIC_REPRESENTATION_CONTEXT() REPRESENTATION_CONTEXT('2D SPACE',''
  ) );
#2593 = ORIENTED_EDGE('',*,*,#2594,.F.);
#2594 = EDGE_CURVE('',#796,#2567,#2595,.T.);
#2595 = SURFACE_CURVE('',#2596,(#2601,#2607),.PCURVE_S1.);
#2596 = CIRCLE('',#2597,2.5);
#2597 = AXIS2_PLACEMENT_3D('',#2598,#2599,#2600);
#2598 = CARTESIAN_POINT('',(14.426388757649,-5.5,-33.86232975861));
#2599 = DIRECTION('',(0.824973809017,0.,-0.565170960362));
#2600 = DIRECTION('',(0.,-1.,0.));
#2601 = PCURVE('',#811,#2602);
#2602 = DEFINITIONAL_REPRESENTATION('',(#2603),#2606);
#2603 = B_SPLINE_CURVE_WITH_KNOTS('',1,(#2604,#2605),.UNSPECIFIED.,.F.,
  .F.,(2,2),(0.,1.570796326795),.PIECEWISE_BEZIER_KNOTS.);
#2604 = CARTESIAN_POINT('',(0.,7.572373685769));
#2605 = CARTESIAN_POINT('',(1.570796326795,7.572373685769));
#2606 = ( GEOMETRIC_REPRESENTATION_CONTEXT(2) 
PARAMETRIC_REPRESENTATION_CONTEXT() REPRESENTATION_CONTEXT('2D SPACE',''
  ) );
#2607 = PCURVE('',#840,#2608);
#2608 = DEFINITIONAL_REPRESENTATION('',(#2609),#2612);
#2609 = B_SPLINE_CURVE_WITH_KNOTS('',1,(#2610,#2611),.UNSPECIFIED.,.F.,
  .F.,(2,2),(0.,1.570796326795),.PIECEWISE_BEZIER_KNOTS.);
#2610 = CARTESIAN_POINT('',(0.,4.712388980385));
#2611 = CARTESIAN_POINT('',(0.,6.28318530718));
#2612 = ( GEOMETRIC_REPRESENTATION_CONTEXT(2) 
PARAMETRIC_REPRESENTATION_CONTEXT() REPRESENTATION_CONTEXT('2D SPACE',''
  ) );
#2613 = ORIENTED_EDGE('',*,*,#795,.F.);
#2614 = ADVANCED_FACE('',(#2615),#901,.T.);
#2615 = FACE_BOUND('',#2616,.F.);
#2616 = EDGE_LOOP('',(#2617,#2639,#2640,#2641));
#2617 = ORIENTED_EDGE('',*,*,#2618,.F.);
#2618 = EDGE_CURVE('',#853,#2619,#2621,.T.);
#2619 = VERTEX_POINT('',#2620);
#2620 = CARTESIAN_POINT('',(14.015432053706,-5.5,-12.89573109441));
#2621 = SURFACE_CURVE('',#2622,(#2627,#2633),.PCURVE_S1.);
#2622 = CIRCLE('',#2623,2.5);
#2623 = AXIS2_PLACEMENT_3D('',#2624,#2625,#2626);
#2624 = CARTESIAN_POINT('',(12.361625423321,-5.5,-14.77054405289));
#2625 = DIRECTION('',(-0.749925183393,0.,0.661522652154));
#2626 = DIRECTION('',(0.,-1.,0.));
#2627 = PCURVE('',#901,#2628);
#2628 = DEFINITIONAL_REPRESENTATION('',(#2629),#2632);
#2629 = B_SPLINE_CURVE_WITH_KNOTS('',1,(#2630,#2631),.UNSPECIFIED.,.F.,
  .F.,(2,2),(0.,1.570796326795),.PIECEWISE_BEZIER_KNOTS.);
#2630 = CARTESIAN_POINT('',(0.,1.570796326795));
#2631 = CARTESIAN_POINT('',(0.,3.14159265359));
#2632 = ( GEOMETRIC_REPRESENTATION_CONTEXT(2) 
PARAMETRIC_REPRESENTATION_CONTEXT() REPRESENTATION_CONTEXT('2D SPACE',''
  ) );
#2633 = PCURVE('',#868,#2634);
#2634 = DEFINITIONAL_REPRESENTATION('',(#2635),#2638);
#2635 = B_SPLINE_CURVE_WITH_KNOTS('',1,(#2636,#2637),.UNSPECIFIED.,.F.,
  .F.,(2,2),(0.,1.570796326795),.PIECEWISE_BEZIER_KNOTS.);
#2636 = CARTESIAN_POINT('',(0.,13.385697717553));
#2637 = CARTESIAN_POINT('',(1.570796326795,13.385697717553));
#2638 = ( GEOMETRIC_REPRESENTATION_CONTEXT(2) 
PARAMETRIC_REPRESENTATION_CONTEXT() REPRESENTATION_CONTEXT('2D SPACE',''
  ) );
#2639 = ORIENTED_EDGE('',*,*,#880,.T.);
#2640 = ORIENTED_EDGE('',*,*,#2490,.T.);
#2641 = ORIENTED_EDGE('',*,*,#2642,.F.);
#2642 = EDGE_CURVE('',#2619,#2491,#2643,.T.);
#2643 = SURFACE_CURVE('',#2644,(#2649,#2656),.PCURVE_S1.);
#2644 = CIRCLE('',#2645,3.);
#2645 = AXIS2_PLACEMENT_3D('',#2646,#2647,#2648);
#2646 = CARTESIAN_POINT('',(16.,-5.5,-10.64595555576));
#2647 = DIRECTION('',(0.,1.,-0.));
#2648 = DIRECTION('',(-0.661522652154,-0.,-0.749925183393));
#2649 = PCURVE('',#901,#2650);
#2650 = DEFINITIONAL_REPRESENTATION('',(#2651),#2655);
#2651 = LINE('',#2652,#2653);
#2652 = CARTESIAN_POINT('',(-0.,3.14159265359));
#2653 = VECTOR('',#2654,1.);
#2654 = DIRECTION('',(-1.,0.));
#2655 = ( GEOMETRIC_REPRESENTATION_CONTEXT(2) 
PARAMETRIC_REPRESENTATION_CONTEXT() REPRESENTATION_CONTEXT('2D SPACE',''
  ) );
#2656 = PCURVE('',#2657,#2662);
#2657 = CYLINDRICAL_SURFACE('',#2658,3.);
#2658 = AXIS2_PLACEMENT_3D('',#2659,#2660,#2661);
#2659 = CARTESIAN_POINT('',(16.,0.,-10.64595555576));
#2660 = DIRECTION('',(-0.,-1.,0.));
#2661 = DIRECTION('',(-1.,0.,0.));
#2662 = DEFINITIONAL_REPRESENTATION('',(#2663),#2667);
#2663 = LINE('',#2664,#2665);
#2664 = CARTESIAN_POINT('',(-5.435236333023,5.5));
#2665 = VECTOR('',#2666,1.);
#2666 = DIRECTION('',(-1.,0.));
#2667 = ( GEOMETRIC_REPRESENTATION_CONTEXT(2) 
PARAMETRIC_REPRESENTATION_CONTEXT() REPRESENTATION_CONTEXT('2D SPACE',''
  ) );
#2668 = ADVANCED_FACE('',(#2669),#840,.T.);
#2669 = FACE_BOUND('',#2670,.F.);
#2670 = EDGE_LOOP('',(#2671,#2672,#2673,#2695));
#2671 = ORIENTED_EDGE('',*,*,#2594,.F.);
#2672 = ORIENTED_EDGE('',*,*,#823,.T.);
#2673 = ORIENTED_EDGE('',*,*,#2674,.T.);
#2674 = EDGE_CURVE('',#824,#2675,#2677,.T.);
#2675 = VERTEX_POINT('',#2676);
#2676 = CARTESIAN_POINT('',(24.053703869386,-5.5,-21.75067334946));
#2677 = SURFACE_CURVE('',#2678,(#2683,#2689),.PCURVE_S1.);
#2678 = CIRCLE('',#2679,2.5);
#2679 = AXIS2_PLACEMENT_3D('',#2680,#2681,#2682);
#2680 = CARTESIAN_POINT('',(22.399897239001,-5.5,-23.62548630794));
#2681 = DIRECTION('',(-0.749925183393,0.,0.661522652154));
#2682 = DIRECTION('',(0.661522652154,0.,0.749925183393));
#2683 = PCURVE('',#840,#2684);
#2684 = DEFINITIONAL_REPRESENTATION('',(#2685),#2688);
#2685 = B_SPLINE_CURVE_WITH_KNOTS('',1,(#2686,#2687),.UNSPECIFIED.,.F.,
  .F.,(2,2),(4.712388980385,6.28318530718),.PIECEWISE_BEZIER_KNOTS.);
#2686 = CARTESIAN_POINT('',(-3.019385771085,4.712388980385));
#2687 = CARTESIAN_POINT('',(-3.019385771085,6.28318530718));
#2688 = ( GEOMETRIC_REPRESENTATION_CONTEXT(2) 
PARAMETRIC_REPRESENTATION_CONTEXT() REPRESENTATION_CONTEXT('2D SPACE',''
  ) );
#2689 = PCURVE('',#868,#2690);
#2690 = DEFINITIONAL_REPRESENTATION('',(#2691),#2694);
#2691 = B_SPLINE_CURVE_WITH_KNOTS('',1,(#2692,#2693),.UNSPECIFIED.,.F.,
  .F.,(2,2),(4.712388980385,6.28318530718),.PIECEWISE_BEZIER_KNOTS.);
#2692 = CARTESIAN_POINT('',(0.,0.));
#2693 = CARTESIAN_POINT('',(1.570796326795,0.));
#2694 = ( GEOMETRIC_REPRESENTATION_CONTEXT(2) 
PARAMETRIC_REPRESENTATION_CONTEXT() REPRESENTATION_CONTEXT('2D SPACE',''
  ) );
#2695 = ORIENTED_EDGE('',*,*,#2696,.F.);
#2696 = EDGE_CURVE('',#2567,#2675,#2697,.T.);
#2697 = SURFACE_CURVE('',#2698,(#2703,#2710),.PCURVE_S1.);
#2698 = CIRCLE('',#2699,9.);
#2699 = AXIS2_PLACEMENT_3D('',#2700,#2701,#2702);
#2700 = CARTESIAN_POINT('',(18.1,-5.5,-28.5));
#2701 = DIRECTION('',(0.,-1.,0.));
#2702 = DIRECTION('',(-0.565170960362,-0.,-0.824973809017));
#2703 = PCURVE('',#840,#2704);
#2704 = DEFINITIONAL_REPRESENTATION('',(#2705),#2709);
#2705 = LINE('',#2706,#2707);
#2706 = CARTESIAN_POINT('',(-0.,6.28318530718));
#2707 = VECTOR('',#2708,1.);
#2708 = DIRECTION('',(-1.,0.));
#2709 = ( GEOMETRIC_REPRESENTATION_CONTEXT(2) 
PARAMETRIC_REPRESENTATION_CONTEXT() REPRESENTATION_CONTEXT('2D SPACE',''
  ) );
#2710 = PCURVE('',#2711,#2716);
#2711 = CYLINDRICAL_SURFACE('',#2712,9.);
#2712 = AXIS2_PLACEMENT_3D('',#2713,#2714,#2715);
#2713 = CARTESIAN_POINT('',(18.1,0.,-28.5));
#2714 = DIRECTION('',(0.,-1.,-0.));
#2715 = DIRECTION('',(-0.565170960362,0.,-0.824973809017));
#2716 = DEFINITIONAL_REPRESENTATION('',(#2717),#2721);
#2717 = LINE('',#2718,#2719);
#2718 = CARTESIAN_POINT('',(0.,5.5));
#2719 = VECTOR('',#2720,1.);
#2720 = DIRECTION('',(1.,0.));
#2721 = ( GEOMETRIC_REPRESENTATION_CONTEXT(2) 
PARAMETRIC_REPRESENTATION_CONTEXT() REPRESENTATION_CONTEXT('2D SPACE',''
  ) );
#2722 = ADVANCED_FACE('',(#2723),#868,.T.);
#2723 = FACE_BOUND('',#2724,.T.);
#2724 = EDGE_LOOP('',(#2725,#2726,#2752,#2753));
#2725 = ORIENTED_EDGE('',*,*,#2674,.T.);
#2726 = ORIENTED_EDGE('',*,*,#2727,.T.);
#2727 = EDGE_CURVE('',#2675,#2619,#2728,.T.);
#2728 = SURFACE_CURVE('',#2729,(#2733,#2740),.PCURVE_S1.);
#2729 = LINE('',#2730,#2731);
#2730 = CARTESIAN_POINT('',(24.053703869386,-5.5,-21.75067334946));
#2731 = VECTOR('',#2732,1.);
#2732 = DIRECTION('',(-0.749925183393,0.,0.661522652154));
#2733 = PCURVE('',#868,#2734);
#2734 = DEFINITIONAL_REPRESENTATION('',(#2735),#2739);
#2735 = LINE('',#2736,#2737);
#2736 = CARTESIAN_POINT('',(1.570796326795,0.));
#2737 = VECTOR('',#2738,1.);
#2738 = DIRECTION('',(0.,1.));
#2739 = ( GEOMETRIC_REPRESENTATION_CONTEXT(2) 
PARAMETRIC_REPRESENTATION_CONTEXT() REPRESENTATION_CONTEXT('2D SPACE',''
  ) );
#2740 = PCURVE('',#2741,#2746);
#2741 = PLANE('',#2742);
#2742 = AXIS2_PLACEMENT_3D('',#2743,#2744,#2745);
#2743 = CARTESIAN_POINT('',(24.053703869386,0.,-21.75067334946));
#2744 = DIRECTION('',(0.661522652154,0.,0.749925183393));
#2745 = DIRECTION('',(-0.749925183393,0.,0.661522652154));
#2746 = DEFINITIONAL_REPRESENTATION('',(#2747),#2751);
#2747 = LINE('',#2748,#2749);
#2748 = CARTESIAN_POINT('',(0.,5.5));
#2749 = VECTOR('',#2750,1.);
#2750 = DIRECTION('',(1.,0.));
#2751 = ( GEOMETRIC_REPRESENTATION_CONTEXT(2) 
PARAMETRIC_REPRESENTATION_CONTEXT() REPRESENTATION_CONTEXT('2D SPACE',''
  ) );
#2752 = ORIENTED_EDGE('',*,*,#2618,.F.);
#2753 = ORIENTED_EDGE('',*,*,#852,.F.);
#2754 = ADVANCED_FACE('',(#2755),#1009,.F.);
#2755 = FACE_BOUND('',#2756,.F.);
#2756 = EDGE_LOOP('',(#2757,#2758,#2781,#2808));
#2757 = ORIENTED_EDGE('',*,*,#992,.F.);
#2758 = ORIENTED_EDGE('',*,*,#2759,.F.);
#2759 = EDGE_CURVE('',#2760,#993,#2762,.T.);
#2760 = VERTEX_POINT('',#2761);
#2761 = CARTESIAN_POINT('',(22.1,8.,-28.5));
#2762 = SEAM_CURVE('',#2763,(#2767,#2774),.PCURVE_S1.);
#2763 = LINE('',#2764,#2765);
#2764 = CARTESIAN_POINT('',(22.1,9.,-28.5));
#2765 = VECTOR('',#2766,1.);
#2766 = DIRECTION('',(0.,-1.,2.22044604925E-16));
#2767 = PCURVE('',#1009,#2768);
#2768 = DEFINITIONAL_REPRESENTATION('',(#2769),#2773);
#2769 = LINE('',#2770,#2771);
#2770 = CARTESIAN_POINT('',(6.28318530718,-0.));
#2771 = VECTOR('',#2772,1.);
#2772 = DIRECTION('',(0.,1.));
#2773 = ( GEOMETRIC_REPRESENTATION_CONTEXT(2) 
PARAMETRIC_REPRESENTATION_CONTEXT() REPRESENTATION_CONTEXT('2D SPACE',''
  ) );
#2774 = PCURVE('',#1009,#2775);
#2775 = DEFINITIONAL_REPRESENTATION('',(#2776),#2780);
#2776 = LINE('',#2777,#2778);
#2777 = CARTESIAN_POINT('',(0.,-0.));
#2778 = VECTOR('',#2779,1.);
#2779 = DIRECTION('',(0.,1.));
#2780 = ( GEOMETRIC_REPRESENTATION_CONTEXT(2) 
PARAMETRIC_REPRESENTATION_CONTEXT() REPRESENTATION_CONTEXT('2D SPACE',''
  ) );
#2781 = ORIENTED_EDGE('',*,*,#2782,.T.);
#2782 = EDGE_CURVE('',#2760,#2760,#2783,.T.);
#2783 = SURFACE_CURVE('',#2784,(#2789,#2796),.PCURVE_S1.);
#2784 = CIRCLE('',#2785,4.);
#2785 = AXIS2_PLACEMENT_3D('',#2786,#2787,#2788);
#2786 = CARTESIAN_POINT('',(18.1,8.,-28.5));
#2787 = DIRECTION('',(0.,-1.,2.22044604925E-16));
#2788 = DIRECTION('',(1.,0.,0.));
#2789 = PCURVE('',#1009,#2790);
#2790 = DEFINITIONAL_REPRESENTATION('',(#2791),#2795);
#2791 = LINE('',#2792,#2793);
#2792 = CARTESIAN_POINT('',(0.,1.));
#2793 = VECTOR('',#2794,1.);
#2794 = DIRECTION('',(1.,0.));
#2795 = ( GEOMETRIC_REPRESENTATION_CONTEXT(2) 
PARAMETRIC_REPRESENTATION_CONTEXT() REPRESENTATION_CONTEXT('2D SPACE',''
  ) );
#2796 = PCURVE('',#2797,#2802);
#2797 = PLANE('',#2798);
#2798 = AXIS2_PLACEMENT_3D('',#2799,#2800,#2801);
#2799 = CARTESIAN_POINT('',(11.060461978941,8.,-20.72267292046));
#2800 = DIRECTION('',(0.,-1.,0.));
#2801 = DIRECTION('',(1.,0.,0.));
#2802 = DEFINITIONAL_REPRESENTATION('',(#2803),#2807);
#2803 = CIRCLE('',#2804,4.);
#2804 = AXIS2_PLACEMENT_2D('',#2805,#2806);
#2805 = CARTESIAN_POINT('',(7.039538021059,-7.777327079539));
#2806 = DIRECTION('',(1.,0.));
#2807 = ( GEOMETRIC_REPRESENTATION_CONTEXT(2) 
PARAMETRIC_REPRESENTATION_CONTEXT() REPRESENTATION_CONTEXT('2D SPACE',''
  ) );
#2808 = ORIENTED_EDGE('',*,*,#2759,.T.);
#2809 = ADVANCED_FACE('',(#2810),#1062,.T.);
#2810 = FACE_BOUND('',#2811,.T.);
#2811 = EDGE_LOOP('',(#2812,#2813,#2814,#2833));
#2812 = ORIENTED_EDGE('',*,*,#1048,.T.);
#2813 = ORIENTED_EDGE('',*,*,#1124,.T.);
#2814 = ORIENTED_EDGE('',*,*,#2815,.F.);
#2815 = EDGE_CURVE('',#2242,#1125,#2816,.T.);
#2816 = SURFACE_CURVE('',#2817,(#2821,#2827),.PCURVE_S1.);
#2817 = ( BOUNDED_CURVE() B_SPLINE_CURVE(2,(#2818,#2819,#2820),
.UNSPECIFIED.,.F.,.F.) B_SPLINE_CURVE_WITH_KNOTS((3,3),(0.,
3.095664785943),.PIECEWISE_BEZIER_KNOTS.) CURVE() 
GEOMETRIC_REPRESENTATION_ITEM() RATIONAL_B_SPLINE_CURVE((1.,
0.697183399776,1.)) REPRESENTATION_ITEM('') );
#2818 = CARTESIAN_POINT('',(-5.06952590447,-5.5,-31.12));
#2819 = CARTESIAN_POINT('',(-6.49738216962,-6.980062068445,-31.12));
#2820 = CARTESIAN_POINT('',(-7.052778710674,-6.364614085572,
    -29.23794907004));
#2821 = PCURVE('',#1062,#2822);
#2822 = DEFINITIONAL_REPRESENTATION('',(#2823),#2826);
#2823 = B_SPLINE_CURVE_WITH_KNOTS('',1,(#2824,#2825),.UNSPECIFIED.,.F.,
  .F.,(2,2),(0.,3.095664785943),.PIECEWISE_BEZIER_KNOTS.);
#2824 = CARTESIAN_POINT('',(0.,15.979684181734));
#2825 = CARTESIAN_POINT('',(3.095664785943,15.979684181734));
#2826 = ( GEOMETRIC_REPRESENTATION_CONTEXT(2) 
PARAMETRIC_REPRESENTATION_CONTEXT() REPRESENTATION_CONTEXT('2D SPACE',''
  ) );
#2827 = PCURVE('',#1195,#2828);
#2828 = DEFINITIONAL_REPRESENTATION('',(#2829),#2832);
#2829 = B_SPLINE_CURVE_WITH_KNOTS('',1,(#2830,#2831),.UNSPECIFIED.,.F.,
  .F.,(2,2),(0.,3.095664785943),.PIECEWISE_BEZIER_KNOTS.);
#2830 = CARTESIAN_POINT('',(0.,15.979684181734));
#2831 = CARTESIAN_POINT('',(1.702517271779,15.979684181734));
#2832 = ( GEOMETRIC_REPRESENTATION_CONTEXT(2) 
PARAMETRIC_REPRESENTATION_CONTEXT() REPRESENTATION_CONTEXT('2D SPACE',''
  ) );
#2833 = ORIENTED_EDGE('',*,*,#2241,.F.);
#2834 = ADVANCED_FACE('',(#2835),#1195,.T.);
#2835 = FACE_BOUND('',#2836,.T.);
#2836 = EDGE_LOOP('',(#2837,#2838,#2839,#2868));
#2837 = ORIENTED_EDGE('',*,*,#2815,.T.);
#2838 = ORIENTED_EDGE('',*,*,#1171,.T.);
#2839 = ORIENTED_EDGE('',*,*,#2840,.F.);
#2840 = EDGE_CURVE('',#2841,#1172,#2843,.T.);
#2841 = VERTEX_POINT('',#2842);
#2842 = CARTESIAN_POINT('',(-6.115236862487,-4.342105263196,-31.12));
#2843 = SURFACE_CURVE('',#2844,(#2848,#2854),.PCURVE_S1.);
#2844 = ( BOUNDED_CURVE() B_SPLINE_CURVE(2,(#2845,#2846,#2847),
.UNSPECIFIED.,.F.,.F.) B_SPLINE_CURVE_WITH_KNOTS((3,3),(0.,
1.702517271779),.PIECEWISE_BEZIER_KNOTS.) CURVE() 
GEOMETRIC_REPRESENTATION_ITEM() RATIONAL_B_SPLINE_CURVE((1.,
0.707106781187,1.)) REPRESENTATION_ITEM('') );
#2845 = CARTESIAN_POINT('',(-6.115236862487,-4.342105263196,-31.12));
#2846 = CARTESIAN_POINT('',(-7.745966692415,-5.5,-31.12));
#2847 = CARTESIAN_POINT('',(-7.745966692415,-5.5,-29.12));
#2848 = PCURVE('',#1195,#2849);
#2849 = DEFINITIONAL_REPRESENTATION('',(#2850),#2853);
#2850 = B_SPLINE_CURVE_WITH_KNOTS('',1,(#2851,#2852),.UNSPECIFIED.,.F.,
  .F.,(2,2),(0.,1.702517271779),.PIECEWISE_BEZIER_KNOTS.);
#2851 = CARTESIAN_POINT('',(0.,17.682201453513));
#2852 = CARTESIAN_POINT('',(1.702517271779,17.682201453513));
#2853 = ( GEOMETRIC_REPRESENTATION_CONTEXT(2) 
PARAMETRIC_REPRESENTATION_CONTEXT() REPRESENTATION_CONTEXT('2D SPACE',''
  ) );
#2854 = PCURVE('',#1241,#2855);
#2855 = DEFINITIONAL_REPRESENTATION('',(#2856),#2867);
#2856 = B_SPLINE_CURVE_WITH_KNOTS('',9,(#2857,#2858,#2859,#2860,#2861,
    #2862,#2863,#2864,#2865,#2866),.UNSPECIFIED.,.F.,.F.,(10,10),(0.,
    1.702517271779),.PIECEWISE_BEZIER_KNOTS.);
#2857 = CARTESIAN_POINT('',(0.,4.712388980385));
#2858 = CARTESIAN_POINT('',(0.,4.869523820643));
#2859 = CARTESIAN_POINT('',(0.,5.038163697578));
#2860 = CARTESIAN_POINT('',(0.,5.216955366426));
#2861 = CARTESIAN_POINT('',(0.,5.403133832996));
#2862 = CARTESIAN_POINT('',(0.,5.592440455017));
#2863 = CARTESIAN_POINT('',(0.,5.77861892046));
#2864 = CARTESIAN_POINT('',(0.,5.957410590344));
#2865 = CARTESIAN_POINT('',(0.,6.126050466916));
#2866 = CARTESIAN_POINT('',(0.,6.28318530718));
#2867 = ( GEOMETRIC_REPRESENTATION_CONTEXT(2) 
PARAMETRIC_REPRESENTATION_CONTEXT() REPRESENTATION_CONTEXT('2D SPACE',''
  ) );
#2868 = ORIENTED_EDGE('',*,*,#2869,.F.);
#2869 = EDGE_CURVE('',#2242,#2841,#2870,.T.);
#2870 = SURFACE_CURVE('',#2871,(#2879,#2886),.PCURVE_S1.);
#2871 = ( BOUNDED_CURVE() B_SPLINE_CURVE(6,(#2872,#2873,#2874,#2875,
#2876,#2877,#2878),.UNSPECIFIED.,.F.,.F.) B_SPLINE_CURVE_WITH_KNOTS((7,7
),(15.979684181734,17.682201453513),.PIECEWISE_BEZIER_KNOTS.) CURVE() 
GEOMETRIC_REPRESENTATION_ITEM() RATIONAL_B_SPLINE_CURVE((1.,1.,1.,1.,1.,
1.,1.)) REPRESENTATION_ITEM('') );
#2872 = CARTESIAN_POINT('',(-5.06952590447,-5.5,-31.12));
#2873 = CARTESIAN_POINT('',(-5.282928119615,-5.304123955953,-31.12));
#2874 = CARTESIAN_POINT('',(-5.47540628394,-5.114483016472,-31.12));
#2875 = CARTESIAN_POINT('',(-5.653089264076,-4.926306287594,-31.12));
#2876 = CARTESIAN_POINT('',(-5.817909650616,-4.737625408484,-31.12));
#2877 = CARTESIAN_POINT('',(-5.971299628089,-4.544820358254,-31.12));
#2878 = CARTESIAN_POINT('',(-6.115236862487,-4.342105263196,-31.12));
#2879 = PCURVE('',#1195,#2880);
#2880 = DEFINITIONAL_REPRESENTATION('',(#2881),#2885);
#2881 = LINE('',#2882,#2883);
#2882 = CARTESIAN_POINT('',(0.,0.));
#2883 = VECTOR('',#2884,1.);
#2884 = DIRECTION('',(0.,1.));
#2885 = ( GEOMETRIC_REPRESENTATION_CONTEXT(2) 
PARAMETRIC_REPRESENTATION_CONTEXT() REPRESENTATION_CONTEXT('2D SPACE',''
  ) );
#2886 = PCURVE('',#2309,#2887);
#2887 = DEFINITIONAL_REPRESENTATION('',(#2888),#2896);
#2888 = B_SPLINE_CURVE_WITH_KNOTS('',6,(#2889,#2890,#2891,#2892,#2893,
    #2894,#2895),.UNSPECIFIED.,.F.,.F.,(7,7),(15.979684181734,
    17.682201453513),.PIECEWISE_BEZIER_KNOTS.);
#2889 = CARTESIAN_POINT('',(-5.06952590447,5.5));
#2890 = CARTESIAN_POINT('',(-5.282928119615,5.304123955953));
#2891 = CARTESIAN_POINT('',(-5.47540628394,5.114483016472));
#2892 = CARTESIAN_POINT('',(-5.653089264076,4.926306287594));
#2893 = CARTESIAN_POINT('',(-5.817909650616,4.737625408484));
#2894 = CARTESIAN_POINT('',(-5.971299628089,4.544820358254));
#2895 = CARTESIAN_POINT('',(-6.115236862433,4.342105263158));
#2896 = ( GEOMETRIC_REPRESENTATION_CONTEXT(2) 
PARAMETRIC_REPRESENTATION_CONTEXT() REPRESENTATION_CONTEXT('2D SPACE',''
  ) );
#2897 = ADVANCED_FACE('',(#2898),#1241,.T.);
#2898 = FACE_BOUND('',#2899,.F.);
#2899 = EDGE_LOOP('',(#2900,#2901,#2925,#2953));
#2900 = ORIENTED_EDGE('',*,*,#2840,.F.);
#2901 = ORIENTED_EDGE('',*,*,#2902,.T.);
#2902 = EDGE_CURVE('',#2841,#2903,#2905,.T.);
#2903 = VERTEX_POINT('',#2904);
#2904 = CARTESIAN_POINT('',(-6.115236862433,4.342105263158,-31.12));
#2905 = SURFACE_CURVE('',#2906,(#2911,#2918),.PCURVE_S1.);
#2906 = CIRCLE('',#2907,7.5);
#2907 = AXIS2_PLACEMENT_3D('',#2908,#2909,#2910);
#2908 = CARTESIAN_POINT('',(0.,0.,-31.12));
#2909 = DIRECTION('',(0.,0.,-1.));
#2910 = DIRECTION('',(-0.815364914991,-0.578947368421,-0.));
#2911 = PCURVE('',#1241,#2912);
#2912 = DEFINITIONAL_REPRESENTATION('',(#2913),#2917);
#2913 = LINE('',#2914,#2915);
#2914 = CARTESIAN_POINT('',(-0.,4.712388980385));
#2915 = VECTOR('',#2916,1.);
#2916 = DIRECTION('',(-1.,0.));
#2917 = ( GEOMETRIC_REPRESENTATION_CONTEXT(2) 
PARAMETRIC_REPRESENTATION_CONTEXT() REPRESENTATION_CONTEXT('2D SPACE',''
  ) );
#2918 = PCURVE('',#2309,#2919);
#2919 = DEFINITIONAL_REPRESENTATION('',(#2920),#2924);
#2920 = CIRCLE('',#2921,7.5);
#2921 = AXIS2_PLACEMENT_2D('',#2922,#2923);
#2922 = CARTESIAN_POINT('',(0.,0.));
#2923 = DIRECTION('',(-0.815364914991,0.578947368421));
#2924 = ( GEOMETRIC_REPRESENTATION_CONTEXT(2) 
PARAMETRIC_REPRESENTATION_CONTEXT() REPRESENTATION_CONTEXT('2D SPACE',''
  ) );
#2925 = ORIENTED_EDGE('',*,*,#2926,.T.);
#2926 = EDGE_CURVE('',#2903,#1225,#2927,.T.);
#2927 = SURFACE_CURVE('',#2928,(#2933,#2939),.PCURVE_S1.);
#2928 = CIRCLE('',#2929,2.);
#2929 = AXIS2_PLACEMENT_3D('',#2930,#2931,#2932);
#2930 = CARTESIAN_POINT('',(-6.115236862433,4.342105263158,-29.12));
#2931 = DIRECTION('',(0.578947368421,0.815364914991,0.));
#2932 = DIRECTION('',(-0.815364914991,0.578947368421,0.));
#2933 = PCURVE('',#1241,#2934);
#2934 = DEFINITIONAL_REPRESENTATION('',(#2935),#2938);
#2935 = B_SPLINE_CURVE_WITH_KNOTS('',1,(#2936,#2937),.UNSPECIFIED.,.F.,
  .F.,(2,2),(4.712388980385,6.28318530718),.PIECEWISE_BEZIER_KNOTS.);
#2936 = CARTESIAN_POINT('',(-1.234874207231,4.712388980385));
#2937 = CARTESIAN_POINT('',(-1.234874207231,6.28318530718));
#2938 = ( GEOMETRIC_REPRESENTATION_CONTEXT(2) 
PARAMETRIC_REPRESENTATION_CONTEXT() REPRESENTATION_CONTEXT('2D SPACE',''
  ) );
#2939 = PCURVE('',#1275,#2940);
#2940 = DEFINITIONAL_REPRESENTATION('',(#2941),#2952);
#2941 = B_SPLINE_CURVE_WITH_KNOTS('',9,(#2942,#2943,#2944,#2945,#2946,
    #2947,#2948,#2949,#2950,#2951),.UNSPECIFIED.,.F.,.F.,(10,10),(
    4.712388980385,6.28318530718),.PIECEWISE_BEZIER_KNOTS.);
#2942 = CARTESIAN_POINT('',(7.004230801021E-17,29.413506422205));
#2943 = CARTESIAN_POINT('',(0.210113316948,29.413506422204));
#2944 = CARTESIAN_POINT('',(0.403138147737,29.413506422206));
#2945 = CARTESIAN_POINT('',(0.586084529336,29.413506422202));
#2946 = CARTESIAN_POINT('',(0.763445871749,29.413506422208));
#2947 = CARTESIAN_POINT('',(0.939070155665,29.413506422201));
#2948 = CARTESIAN_POINT('',(1.116431498079,29.413506422207));
#2949 = CARTESIAN_POINT('',(1.299377879678,29.413506422204));
#2950 = CARTESIAN_POINT('',(1.492402710466,29.413506422205));
#2951 = CARTESIAN_POINT('',(1.702516027415,29.413506422205));
#2952 = ( GEOMETRIC_REPRESENTATION_CONTEXT(2) 
PARAMETRIC_REPRESENTATION_CONTEXT() REPRESENTATION_CONTEXT('2D SPACE',''
  ) );
#2953 = ORIENTED_EDGE('',*,*,#1224,.F.);
#2954 = ADVANCED_FACE('',(#2955),#1275,.T.);
#2955 = FACE_BOUND('',#2956,.T.);
#2956 = EDGE_LOOP('',(#2957,#2958,#2959,#2980));
#2957 = ORIENTED_EDGE('',*,*,#2926,.T.);
#2958 = ORIENTED_EDGE('',*,*,#1253,.T.);
#2959 = ORIENTED_EDGE('',*,*,#2960,.F.);
#2960 = EDGE_CURVE('',#2961,#1254,#2963,.T.);
#2961 = VERTEX_POINT('',#2962);
#2962 = CARTESIAN_POINT('',(-5.069537780634,5.5,-31.12));
#2963 = SURFACE_CURVE('',#2964,(#2968,#2974),.PCURVE_S1.);
#2964 = ( BOUNDED_CURVE() B_SPLINE_CURVE(2,(#2965,#2966,#2967),
.UNSPECIFIED.,.F.,.F.) B_SPLINE_CURVE_WITH_KNOTS((3,3),(0.,
1.702516027415),.PIECEWISE_BEZIER_KNOTS.) CURVE() 
GEOMETRIC_REPRESENTATION_ITEM() RATIONAL_B_SPLINE_CURVE((1.,
0.697185110593,1.)) REPRESENTATION_ITEM('') );
#2965 = CARTESIAN_POINT('',(-5.069537780634,5.5,-31.12));
#2966 = CARTESIAN_POINT('',(-6.497403256015,6.980039538906,-31.12));
#2967 = CARTESIAN_POINT('',(-7.052783014927,6.364609315925,
    -29.23794903986));
#2968 = PCURVE('',#1275,#2969);
#2969 = DEFINITIONAL_REPRESENTATION('',(#2970),#2973);
#2970 = B_SPLINE_CURVE_WITH_KNOTS('',1,(#2971,#2972),.UNSPECIFIED.,.F.,
  .F.,(2,2),(0.,1.702516027415),.PIECEWISE_BEZIER_KNOTS.);
#2971 = CARTESIAN_POINT('',(0.,31.11602244962));
#2972 = CARTESIAN_POINT('',(1.702516027415,31.11602244962));
#2973 = ( GEOMETRIC_REPRESENTATION_CONTEXT(2) 
PARAMETRIC_REPRESENTATION_CONTEXT() REPRESENTATION_CONTEXT('2D SPACE',''
  ) );
#2974 = PCURVE('',#1344,#2975);
#2975 = DEFINITIONAL_REPRESENTATION('',(#2976),#2979);
#2976 = B_SPLINE_CURVE_WITH_KNOTS('',1,(#2977,#2978),.UNSPECIFIED.,.F.,
  .F.,(2,2),(0.,1.702516027415),.PIECEWISE_BEZIER_KNOTS.);
#2977 = CARTESIAN_POINT('',(0.,31.11602244962));
#2978 = CARTESIAN_POINT('',(3.095666030445,31.11602244962));
#2979 = ( GEOMETRIC_REPRESENTATION_CONTEXT(2) 
PARAMETRIC_REPRESENTATION_CONTEXT() REPRESENTATION_CONTEXT('2D SPACE',''
  ) );
#2980 = ORIENTED_EDGE('',*,*,#2981,.F.);
#2981 = EDGE_CURVE('',#2903,#2961,#2982,.T.);
#2982 = SURFACE_CURVE('',#2983,(#2990,#2997),.PCURVE_S1.);
#2983 = ( BOUNDED_CURVE() B_SPLINE_CURVE(5,(#2984,#2985,#2986,#2987,
#2988,#2989),.UNSPECIFIED.,.F.,.F.) B_SPLINE_CURVE_WITH_KNOTS((6,6),(
29.413506422205,31.11602244962),.PIECEWISE_BEZIER_KNOTS.) CURVE() 
GEOMETRIC_REPRESENTATION_ITEM() RATIONAL_B_SPLINE_CURVE((1.,1.,1.,1.,1.,
1.)) REPRESENTATION_ITEM('') );
#2984 = CARTESIAN_POINT('',(-6.115236862433,4.342105263158,-31.12));
#2985 = CARTESIAN_POINT('',(-5.942515136922,4.585359214588,-31.12));
#2986 = CARTESIAN_POINT('',(-5.755704138466,4.81364156897,-31.12));
#2987 = CARTESIAN_POINT('',(-5.550342568958,5.039162319665,-31.12));
#2988 = CARTESIAN_POINT('',(-5.325610780137,5.264937219405,-31.12));
#2989 = CARTESIAN_POINT('',(-5.069537780634,5.5,-31.12));
#2990 = PCURVE('',#1275,#2991);
#2991 = DEFINITIONAL_REPRESENTATION('',(#2992),#2996);
#2992 = LINE('',#2993,#2994);
#2993 = CARTESIAN_POINT('',(0.,0.));
#2994 = VECTOR('',#2995,1.);
#2995 = DIRECTION('',(0.,1.));
#2996 = ( GEOMETRIC_REPRESENTATION_CONTEXT(2) 
PARAMETRIC_REPRESENTATION_CONTEXT() REPRESENTATION_CONTEXT('2D SPACE',''
  ) );
#2997 = PCURVE('',#2309,#2998);
#2998 = DEFINITIONAL_REPRESENTATION('',(#2999),#3006);
#2999 = B_SPLINE_CURVE_WITH_KNOTS('',5,(#3000,#3001,#3002,#3003,#3004,
    #3005),.UNSPECIFIED.,.F.,.F.,(6,6),(29.413506422205,31.11602244962),
  .PIECEWISE_BEZIER_KNOTS.);
#3000 = CARTESIAN_POINT('',(-6.115236862433,-4.342105263158));
#3001 = CARTESIAN_POINT('',(-5.942515136922,-4.585359214588));
#3002 = CARTESIAN_POINT('',(-5.755704138466,-4.81364156897));
#3003 = CARTESIAN_POINT('',(-5.550342568958,-5.039162319665));
#3004 = CARTESIAN_POINT('',(-5.325610780137,-5.264937219405));
#3005 = CARTESIAN_POINT('',(-5.069537780634,-5.5));
#3006 = ( GEOMETRIC_REPRESENTATION_CONTEXT(2) 
PARAMETRIC_REPRESENTATION_CONTEXT() REPRESENTATION_CONTEXT('2D SPACE',''
  ) );
#3007 = ADVANCED_FACE('',(#3008),#1344,.T.);
#3008 = FACE_BOUND('',#3009,.T.);
#3009 = EDGE_LOOP('',(#3010,#3011,#3012,#3037));
#3010 = ORIENTED_EDGE('',*,*,#2960,.T.);
#3011 = ORIENTED_EDGE('',*,*,#1301,.T.);
#3012 = ORIENTED_EDGE('',*,*,#3013,.F.);
#3013 = EDGE_CURVE('',#3014,#1302,#3016,.T.);
#3014 = VERTEX_POINT('',#3015);
#3015 = CARTESIAN_POINT('',(-4.5,8.,-28.62));
#3016 = SURFACE_CURVE('',#3017,(#3021,#3027),.PCURVE_S1.);
#3017 = ( BOUNDED_CURVE() B_SPLINE_CURVE(2,(#3018,#3019,#3020),
.UNSPECIFIED.,.F.,.F.) B_SPLINE_CURVE_WITH_KNOTS((3,3),(0.,
3.095666030445),.PIECEWISE_BEZIER_KNOTS.) CURVE() 
GEOMETRIC_REPRESENTATION_ITEM() RATIONAL_B_SPLINE_CURVE((1.,
0.948683298051,1.)) REPRESENTATION_ITEM('') );
#3018 = CARTESIAN_POINT('',(-4.5,8.,-28.62));
#3019 = CARTESIAN_POINT('',(-5.166666666667,8.,-28.62));
#3020 = CARTESIAN_POINT('',(-5.7,7.6,-28.62));
#3021 = PCURVE('',#1344,#3022);
#3022 = DEFINITIONAL_REPRESENTATION('',(#3023),#3026);
#3023 = B_SPLINE_CURVE_WITH_KNOTS('',1,(#3024,#3025),.UNSPECIFIED.,.F.,
  .F.,(2,2),(0.,3.095666030445),.PIECEWISE_BEZIER_KNOTS.);
#3024 = CARTESIAN_POINT('',(0.,34.211688480065));
#3025 = CARTESIAN_POINT('',(3.095666030445,34.211688480065));
#3026 = ( GEOMETRIC_REPRESENTATION_CONTEXT(2) 
PARAMETRIC_REPRESENTATION_CONTEXT() REPRESENTATION_CONTEXT('2D SPACE',''
  ) );
#3027 = PCURVE('',#1407,#3028);
#3028 = DEFINITIONAL_REPRESENTATION('',(#3029),#3036);
#3029 = B_SPLINE_CURVE_WITH_KNOTS('',5,(#3030,#3031,#3032,#3033,#3034,
    #3035),.UNSPECIFIED.,.F.,.F.,(6,6),(0.,3.095666030445),
  .PIECEWISE_BEZIER_KNOTS.);
#3030 = CARTESIAN_POINT('',(5.551115123126E-17,-2.172787512995E-16));
#3031 = CARTESIAN_POINT('',(0.126491106407,-2.172787512995E-16));
#3032 = CARTESIAN_POINT('',(0.256226790255,-2.172787512995E-16));
#3033 = CARTESIAN_POINT('',(0.387274318538,-2.172787512995E-16));
#3034 = CARTESIAN_POINT('',(0.517010002387,-2.172787512995E-16));
#3035 = CARTESIAN_POINT('',(0.643501108793,-2.172787512995E-16));
#3036 = ( GEOMETRIC_REPRESENTATION_CONTEXT(2) 
PARAMETRIC_REPRESENTATION_CONTEXT() REPRESENTATION_CONTEXT('2D SPACE',''
  ) );
#3037 = ORIENTED_EDGE('',*,*,#3038,.F.);
#3038 = EDGE_CURVE('',#2961,#3014,#3039,.T.);
#3039 = SURFACE_CURVE('',#3040,(#3054,#3061),.PCURVE_S1.);
#3040 = ( BOUNDED_CURVE() B_SPLINE_CURVE(12,(#3041,#3042,#3043,#3044,
    #3045,#3046,#3047,#3048,#3049,#3050,#3051,#3052,#3053),
.UNSPECIFIED.,.F.,.F.) B_SPLINE_CURVE_WITH_KNOTS((13,13),(31.11602244962
,34.211688480065),.PIECEWISE_BEZIER_KNOTS.) CURVE() 
GEOMETRIC_REPRESENTATION_ITEM() RATIONAL_B_SPLINE_CURVE((1.,1.,
    0.999999999999,1.000000000003,0.999999999995,1.000000000007,
    0.999999999992,1.000000000007,0.999999999995,1.000000000002,
0.999999999999,1.,1.)) REPRESENTATION_ITEM('') );
#3041 = CARTESIAN_POINT('',(-5.069537780634,5.5,-31.12));
#3042 = CARTESIAN_POINT('',(-5.017579721714,5.825326841549,-31.12));
#3043 = CARTESIAN_POINT('',(-4.959289827404,6.15235947919,-31.073833719)
  );
#3044 = CARTESIAN_POINT('',(-4.895902395549,6.470988845833,
    -30.98041503673));
#3045 = CARTESIAN_POINT('',(-4.82870472863,6.77544492947,-30.84418610091
    ));
#3046 = CARTESIAN_POINT('',(-4.761699605192,7.057423308892,
    -30.65836649252));
#3047 = CARTESIAN_POINT('',(-4.695737450086,7.31146057439,
    -30.45148429931));
#3048 = CARTESIAN_POINT('',(-4.634424040299,7.537333846317,
    -30.17934039018));
#3049 = CARTESIAN_POINT('',(-4.581392388963,7.718832204437,
    -29.91216002399));
#3050 = CARTESIAN_POINT('',(-4.540122980901,7.861597506091,
    -29.5899499441));
#3051 = CARTESIAN_POINT('',(-4.513532173006,7.95327322963,-29.2736038289
    ));
#3052 = CARTESIAN_POINT('',(-4.5,8.,-28.94648302523));
#3053 = CARTESIAN_POINT('',(-4.5,8.,-28.62));
#3054 = PCURVE('',#1344,#3055);
#3055 = DEFINITIONAL_REPRESENTATION('',(#3056),#3060);
#3056 = LINE('',#3057,#3058);
#3057 = CARTESIAN_POINT('',(0.,0.));
#3058 = VECTOR('',#3059,1.);
#3059 = DIRECTION('',(0.,1.));
#3060 = ( GEOMETRIC_REPRESENTATION_CONTEXT(2) 
PARAMETRIC_REPRESENTATION_CONTEXT() REPRESENTATION_CONTEXT('2D SPACE',''
  ) );
#3061 = PCURVE('',#3062,#3067);
#3062 = CYLINDRICAL_SURFACE('',#3063,2.5);
#3063 = AXIS2_PLACEMENT_3D('',#3064,#3065,#3066);
#3064 = CARTESIAN_POINT('',(-5.12347538298,5.5,-28.62));
#3065 = DIRECTION('',(1.,1.742480595313E-16,-3.484961190625E-16));
#3066 = DIRECTION('',(-3.484961190625E-16,-6.072477250082E-32,-1.));
#3067 = DEFINITIONAL_REPRESENTATION('',(#3068),#3087);
#3068 = B_SPLINE_CURVE_WITH_KNOTS('',9,(#3069,#3070,#3071,#3072,#3073,
    #3074,#3075,#3076,#3077,#3078,#3079,#3080,#3081,#3082,#3083,#3084,
    #3085,#3086),.UNSPECIFIED.,.F.,.F.,(10,8,10),(31.11602244962,
    32.663855464842,34.211688480065),.UNSPECIFIED.);
#3069 = CARTESIAN_POINT('',(1.665334536938E-16,5.393760234541E-02));
#3070 = CARTESIAN_POINT('',(8.675382441319E-02,8.857630829242E-02));
#3071 = CARTESIAN_POINT('',(0.173813455003,0.126106336809));
#3072 = CARTESIAN_POINT('',(0.260839715173,0.166185712256));
#3073 = CARTESIAN_POINT('',(0.347806389032,0.208240187472));
#3074 = CARTESIAN_POINT('',(0.434738447583,0.251550313516));
#3075 = CARTESIAN_POINT('',(0.521667039711,0.295312986324));
#3076 = CARTESIAN_POINT('',(0.608669832164,0.338673686594));
#3077 = CARTESIAN_POINT('',(0.695865282756,0.380725629279));
#3078 = CARTESIAN_POINT('',(0.870593579225,0.460218448755));
#3079 = CARTESIAN_POINT('',(0.958138291641,0.497664292428));
#3080 = CARTESIAN_POINT('',(1.045820100851,0.531834860603));
#3081 = CARTESIAN_POINT('',(1.13380175954,0.561729186524));
#3082 = CARTESIAN_POINT('',(1.221420149946,0.586371475592));
#3083 = CARTESIAN_POINT('',(1.309753729087,0.605021905617));
#3084 = CARTESIAN_POINT('',(1.396561045091,0.617273618712));
#3085 = CARTESIAN_POINT('',(1.483734186733,0.62347538298));
#3086 = CARTESIAN_POINT('',(1.570796326795,0.62347538298));
#3087 = ( GEOMETRIC_REPRESENTATION_CONTEXT(2) 
PARAMETRIC_REPRESENTATION_CONTEXT() REPRESENTATION_CONTEXT('2D SPACE',''
  ) );
#3088 = ADVANCED_FACE('',(#3089),#1407,.T.);
#3089 = FACE_BOUND('',#3090,.T.);
#3090 = EDGE_LOOP('',(#3091,#3092,#3093,#3143));
#3091 = ORIENTED_EDGE('',*,*,#3013,.T.);
#3092 = ORIENTED_EDGE('',*,*,#1391,.T.);
#3093 = ORIENTED_EDGE('',*,*,#3094,.F.);
#3094 = EDGE_CURVE('',#3095,#1392,#3097,.T.);
#3095 = VERTEX_POINT('',#3096);
#3096 = CARTESIAN_POINT('',(-4.5,8.,-14.6620088163));
#3097 = SURFACE_CURVE('',#3098,(#3111,#3127),.PCURVE_S1.);
#3098 = B_SPLINE_CURVE_WITH_KNOTS('',6,(#3099,#3100,#3101,#3102,#3103,
    #3104,#3105,#3106,#3107,#3108,#3109,#3110),.UNSPECIFIED.,.F.,.F.,(7,
    5,7),(0.,0.592444623582,1.),.UNSPECIFIED.);
#3099 = CARTESIAN_POINT('',(-4.5,8.,-14.6620088163));
#3100 = CARTESIAN_POINT('',(-4.632311269315,8.,-14.8780976002));
#3101 = CARTESIAN_POINT('',(-4.761841719726,7.98949626433,
    -15.09521210929));
#3102 = CARTESIAN_POINT('',(-4.88828524037,7.969316330042,
    -15.31280497599));
#3103 = CARTESIAN_POINT('',(-5.011419321006,7.940009283455,
    -15.53037770556));
#3104 = CARTESIAN_POINT('',(-5.131090586255,7.90194401106,
    -15.74748404359));
#3105 = CARTESIAN_POINT('',(-5.327062047855,7.82301460462,
    -16.11245511619));
#3106 = CARTESIAN_POINT('',(-5.405230957552,7.786735660106,
    -16.26076292377));
#3107 = CARTESIAN_POINT('',(-5.481663147044,7.7463697842,-16.40849274607
    ));
#3108 = CARTESIAN_POINT('',(-5.556310217106,7.701879002286,
    -16.5554687608));
#3109 = CARTESIAN_POINT('',(-5.629114079087,7.653164440685,
    -16.70147774236));
#3110 = CARTESIAN_POINT('',(-5.7,7.6,-16.84624524026));
#3111 = PCURVE('',#1407,#3112);
#3112 = DEFINITIONAL_REPRESENTATION('',(#3113),#3126);
#3113 = B_SPLINE_CURVE_WITH_KNOTS('',6,(#3114,#3115,#3116,#3117,#3118,
    #3119,#3120,#3121,#3122,#3123,#3124,#3125),.UNSPECIFIED.,.F.,.F.,(7,
    5,7),(0.,0.592444623582,1.),.UNSPECIFIED.);
#3114 = CARTESIAN_POINT('',(0.,13.957991183694));
#3115 = CARTESIAN_POINT('',(6.615563465768E-02,13.741902399793));
#3116 = CARTESIAN_POINT('',(0.130921062684,13.524787890706));
#3117 = CARTESIAN_POINT('',(0.194662981111,13.307195024006));
#3118 = CARTESIAN_POINT('',(0.257686779174,13.08962229444));
#3119 = CARTESIAN_POINT('',(0.320300515842,12.872515956409));
#3120 = CARTESIAN_POINT('',(0.42593510412,12.507544883804));
#3121 = CARTESIAN_POINT('',(0.468966385464,12.359237076224));
#3122 = CARTESIAN_POINT('',(0.512099034787,12.211507253926));
#3123 = CARTESIAN_POINT('',(0.555461463456,12.064531239195));
#3124 = CARTESIAN_POINT('',(0.599197408222,11.918522257636));
#3125 = CARTESIAN_POINT('',(0.643501108793,11.773754759733));
#3126 = ( GEOMETRIC_REPRESENTATION_CONTEXT(2) 
PARAMETRIC_REPRESENTATION_CONTEXT() REPRESENTATION_CONTEXT('2D SPACE',''
  ) );
#3127 = PCURVE('',#1468,#3128);
#3128 = DEFINITIONAL_REPRESENTATION('',(#3129),#3142);
#3129 = B_SPLINE_CURVE_WITH_KNOTS('',6,(#3130,#3131,#3132,#3133,#3134,
    #3135,#3136,#3137,#3138,#3139,#3140,#3141),.UNSPECIFIED.,.F.,.F.,(7,
    5,7),(0.,0.592444623582,1.),.UNSPECIFIED.);
#3130 = CARTESIAN_POINT('',(2.592177731121,10.));
#3131 = CARTESIAN_POINT('',(2.601739181736,10.));
#3132 = CARTESIAN_POINT('',(2.611278845827,10.01050373567));
#3133 = CARTESIAN_POINT('',(2.620774649563,10.030683669958));
#3134 = CARTESIAN_POINT('',(2.630207702361,10.059990716545));
#3135 = CARTESIAN_POINT('',(2.639562002538,10.09805598894));
#3136 = CARTESIAN_POINT('',(2.65519433467,10.17698539538));
#3137 = CARTESIAN_POINT('',(2.661520456649,10.213264339894));
#3138 = CARTESIAN_POINT('',(2.667796825053,10.2536302158));
#3139 = CARTESIAN_POINT('',(2.67401716295,10.298120997714));
#3140 = CARTESIAN_POINT('',(2.680173734131,10.346835559315));
#3141 = CARTESIAN_POINT('',(2.68625640211,10.4));
#3142 = ( GEOMETRIC_REPRESENTATION_CONTEXT(2) 
PARAMETRIC_REPRESENTATION_CONTEXT() REPRESENTATION_CONTEXT('2D SPACE',''
  ) );
#3143 = ORIENTED_EDGE('',*,*,#3144,.F.);
#3144 = EDGE_CURVE('',#3014,#3095,#3145,.T.);
#3145 = SURFACE_CURVE('',#3146,(#3150,#3157),.PCURVE_S1.);
#3146 = LINE('',#3147,#3148);
#3147 = CARTESIAN_POINT('',(-4.5,8.,-28.62));
#3148 = VECTOR('',#3149,1.);
#3149 = DIRECTION('',(0.,0.,1.));
#3150 = PCURVE('',#1407,#3151);
#3151 = DEFINITIONAL_REPRESENTATION('',(#3152),#3156);
#3152 = LINE('',#3153,#3154);
#3153 = CARTESIAN_POINT('',(0.,0.));
#3154 = VECTOR('',#3155,1.);
#3155 = DIRECTION('',(0.,1.));
#3156 = ( GEOMETRIC_REPRESENTATION_CONTEXT(2) 
PARAMETRIC_REPRESENTATION_CONTEXT() REPRESENTATION_CONTEXT('2D SPACE',''
  ) );
#3157 = PCURVE('',#2797,#3158);
#3158 = DEFINITIONAL_REPRESENTATION('',(#3159),#3163);
#3159 = LINE('',#3160,#3161);
#3160 = CARTESIAN_POINT('',(-15.56046197894,-7.897327079539));
#3161 = VECTOR('',#3162,1.);
#3162 = DIRECTION('',(0.,1.));
#3163 = ( GEOMETRIC_REPRESENTATION_CONTEXT(2) 
PARAMETRIC_REPRESENTATION_CONTEXT() REPRESENTATION_CONTEXT('2D SPACE',''
  ) );
#3164 = ADVANCED_FACE('',(#3165),#1468,.F.);
#3165 = FACE_BOUND('',#3166,.F.);
#3166 = EDGE_LOOP('',(#3167,#3195,#3220,#3221,#3222,#3223,#3224,#3225));
#3167 = ORIENTED_EDGE('',*,*,#3168,.T.);
#3168 = EDGE_CURVE('',#3095,#3169,#3171,.T.);
#3169 = VERTEX_POINT('',#3170);
#3170 = CARTESIAN_POINT('',(2.,8.,-7.451484612923));
#3171 = SURFACE_CURVE('',#3172,(#3177,#3184),.PCURVE_S1.);
#3172 = CIRCLE('',#3173,26.5);
#3173 = AXIS2_PLACEMENT_3D('',#3174,#3175,#3176);
#3174 = CARTESIAN_POINT('',(18.1,8.,-28.5));
#3175 = DIRECTION('',(1.071882837421E-16,1.,-8.331460310396E-17));
#3176 = DIRECTION('',(-0.876357561622,1.340646671245E-16,0.481661109275)
  );
#3177 = PCURVE('',#1468,#3178);
#3178 = DEFINITIONAL_REPRESENTATION('',(#3179),#3183);
#3179 = LINE('',#3180,#3181);
#3180 = CARTESIAN_POINT('',(2.639043456579,10.));
#3181 = VECTOR('',#3182,1.);
#3182 = DIRECTION('',(-1.,-0.));
#3183 = ( GEOMETRIC_REPRESENTATION_CONTEXT(2) 
PARAMETRIC_REPRESENTATION_CONTEXT() REPRESENTATION_CONTEXT('2D SPACE',''
  ) );
#3184 = PCURVE('',#2797,#3185);
#3185 = DEFINITIONAL_REPRESENTATION('',(#3186),#3194);
#3186 = ( BOUNDED_CURVE() B_SPLINE_CURVE(2,(#3187,#3188,#3189,#3190,
#3191,#3192,#3193),.UNSPECIFIED.,.T.,.F.) B_SPLINE_CURVE_WITH_KNOTS((1,2
    ,2,2,2,1),(-2.094395102393,0.,2.094395102393,4.188790204786,
6.28318530718,8.377580409573),.UNSPECIFIED.) CURVE() 
GEOMETRIC_REPRESENTATION_ITEM() RATIONAL_B_SPLINE_CURVE((1.,0.5,1.,0.5,
1.,0.5,1.)) REPRESENTATION_ITEM('') );
#3187 = CARTESIAN_POINT('',(-16.18393736192,4.986692316252));
#3188 = CARTESIAN_POINT('',(5.923992740384,45.210931607898));
#3189 = CARTESIAN_POINT('',(29.705240763701,5.952782868388));
#3190 = CARTESIAN_POINT('',(53.486488787019,-33.30536587112));
#3191 = CARTESIAN_POINT('',(7.597310661397,-34.27145642325));
#3192 = CARTESIAN_POINT('',(-38.29186746422,-35.23754697539));
#3193 = CARTESIAN_POINT('',(-16.18393736192,4.986692316252));
#3194 = ( GEOMETRIC_REPRESENTATION_CONTEXT(2) 
PARAMETRIC_REPRESENTATION_CONTEXT() REPRESENTATION_CONTEXT('2D SPACE',''
  ) );
#3195 = ORIENTED_EDGE('',*,*,#3196,.T.);
#3196 = EDGE_CURVE('',#3169,#2113,#3197,.T.);
#3197 = SURFACE_CURVE('',#3198,(#3203,#3213),.PCURVE_S1.);
#3198 = ELLIPSE('',#3199,71.353433694532,26.5);
#3199 = AXIS2_PLACEMENT_3D('',#3200,#3201,#3202);
#3200 = CARTESIAN_POINT('',(18.1,-32.25,-28.5));
#3201 = DIRECTION('',(-0.928476690885,-0.371390676354,0.));
#3202 = DIRECTION('',(0.371390676354,-0.928476690885,2.391493584113E-16)
  );
#3203 = PCURVE('',#1468,#3204);
#3204 = DEFINITIONAL_REPRESENTATION('',(#3205),#3212);
#3205 = B_SPLINE_CURVE_WITH_KNOTS('',5,(#3206,#3207,#3208,#3209,#3210,
    #3211),.UNSPECIFIED.,.F.,.F.,(6,6),(2.223765141771,2.333067697328),
  .PIECEWISE_BEZIER_KNOTS.);
#3206 = CARTESIAN_POINT('',(2.223765141771,10.0000006));
#3207 = CARTESIAN_POINT('',(2.245625652882,8.849672328728));
#3208 = CARTESIAN_POINT('',(2.267486163994,7.723387490292));
#3209 = CARTESIAN_POINT('',(2.289346675105,6.622291351515));
#3210 = CARTESIAN_POINT('',(2.311207186216,5.547481239987));
#3211 = CARTESIAN_POINT('',(2.333067697328,4.5));
#3212 = ( GEOMETRIC_REPRESENTATION_CONTEXT(2) 
PARAMETRIC_REPRESENTATION_CONTEXT() REPRESENTATION_CONTEXT('2D SPACE',''
  ) );
#3213 = PCURVE('',#2166,#3214);
#3214 = DEFINITIONAL_REPRESENTATION('',(#3215),#3219);
#3215 = ELLIPSE('',#3216,71.353433694532,26.5);
#3216 = AXIS2_PLACEMENT_2D('',#3217,#3218);
#3217 = CARTESIAN_POINT('',(-43.35057669743,-2.62));
#3218 = DIRECTION('',(-1.,-2.391493584113E-16));
#3219 = ( GEOMETRIC_REPRESENTATION_CONTEXT(2) 
PARAMETRIC_REPRESENTATION_CONTEXT() REPRESENTATION_CONTEXT('2D SPACE',''
  ) );
#3220 = ORIENTED_EDGE('',*,*,#2112,.T.);
#3221 = ORIENTED_EDGE('',*,*,#2017,.F.);
#3222 = ORIENTED_EDGE('',*,*,#1751,.T.);
#3223 = ORIENTED_EDGE('',*,*,#1581,.T.);
#3224 = ORIENTED_EDGE('',*,*,#1419,.T.);
#3225 = ORIENTED_EDGE('',*,*,#3094,.F.);
#3226 = ADVANCED_FACE('',(#3227),#2193,.T.);
#3227 = FACE_BOUND('',#3228,.T.);
#3228 = EDGE_LOOP('',(#3229,#3314,#3315,#3395));
#3229 = ORIENTED_EDGE('',*,*,#3230,.F.);
#3230 = EDGE_CURVE('',#2151,#3231,#3233,.T.);
#3231 = VERTEX_POINT('',#3232);
#3232 = CARTESIAN_POINT('',(-0.752125061392,11.851157449466,-4.));
#3233 = SURFACE_CURVE('',#3234,(#3257,#3283),.PCURVE_S1.);
#3234 = B_SPLINE_CURVE_WITH_KNOTS('',6,(#3235,#3236,#3237,#3238,#3239,
    #3240,#3241,#3242,#3243,#3244,#3245,#3246,#3247,#3248,#3249,#3250,
    #3251,#3252,#3253,#3254,#3255,#3256),.UNSPECIFIED.,.F.,.F.,(7,5,5,5,
    7),(0.,0.215033383273,0.438272995382,0.712484227078,1.),
  .UNSPECIFIED.);
#3235 = CARTESIAN_POINT('',(0.,13.,-5.125));
#3236 = CARTESIAN_POINT('',(2.775557561563E-16,13.,-5.055957902706));
#3237 = CARTESIAN_POINT('',(-3.442556798627E-03,12.994915141683,
    -4.986905444115));
#3238 = CARTESIAN_POINT('',(-1.032899930522E-02,12.984743900705,
    -4.918504107299));
#3239 = CARTESIAN_POINT('',(-2.055682827134E-02,12.969625867072,
    -4.851367214432));
#3240 = CARTESIAN_POINT('',(-3.394358258802E-02,12.949809963281,
    -4.786041776565));
#3241 = CARTESIAN_POINT('',(-6.718015047477E-02,12.900512311847,
    -4.657532704809));
#3242 = CARTESIAN_POINT('',(-8.726012203966E-02,12.870686167124,
    -4.594514177889));
#3243 = CARTESIAN_POINT('',(-0.110231054184,12.836498998151,
    -4.534432329399));
#3244 = CARTESIAN_POINT('',(-0.135785957274,12.798370182868,
    -4.477650323485));
#3245 = CARTESIAN_POINT('',(-0.163614868262,12.756724309996,
    -4.424418419525));
#3246 = CARTESIAN_POINT('',(-0.230038230918,12.656988819813,
    -4.31407948599));
#3247 = CARTESIAN_POINT('',(-0.269637593001,12.597319303836,
    -4.258866819889));
#3248 = CARTESIAN_POINT('',(-0.311687312219,12.533691419983,
    -4.209548970895));
#3249 = CARTESIAN_POINT('',(-0.355686286669,12.466797405828,
    -4.16624935296));
#3250 = CARTESIAN_POINT('',(-0.401196914707,12.397249890033,
    -4.128993842004));
#3251 = CARTESIAN_POINT('',(-0.496761739827,12.250423274418,
    -4.065021581097));
#3252 = CARTESIAN_POINT('',(-0.546921667354,12.172944447102,
    -4.038908913095));
#3253 = CARTESIAN_POINT('',(-0.597898710184,12.093746480931,
    -4.01940418343));
#3254 = CARTESIAN_POINT('',(-0.649312796085,12.013381518683,
    -4.006454309944));
#3255 = CARTESIAN_POINT('',(-0.700824161457,11.932358842056,
    -4.000000082595));
#3256 = CARTESIAN_POINT('',(-0.752125062135,11.851157449419,-4.));
#3257 = PCURVE('',#2193,#3258);
#3258 = DEFINITIONAL_REPRESENTATION('',(#3259),#3282);
#3259 = B_SPLINE_CURVE_WITH_KNOTS('',6,(#3260,#3261,#3262,#3263,#3264,
    #3265,#3266,#3267,#3268,#3269,#3270,#3271,#3272,#3273,#3274,#3275,
    #3276,#3277,#3278,#3279,#3280,#3281),.UNSPECIFIED.,.F.,.F.,(7,5,5,5,
    7),(0.,0.215033383273,0.438272995382,0.712484227078,1.),
  .UNSPECIFIED.);
#3260 = CARTESIAN_POINT('',(-8.881784197001E-16,0.));
#3261 = CARTESIAN_POINT('',(-8.881784197001E-16,6.137075314995E-02));
#3262 = CARTESIAN_POINT('',(2.648244264476E-04,0.122750294314));
#3263 = CARTESIAN_POINT('',(7.945142359658E-04,0.183968776636));
#3264 = CARTESIAN_POINT('',(1.582868072552E-03,0.244893364226));
#3265 = CARTESIAN_POINT('',(2.618794132385E-03,0.305412528546));
#3266 = CARTESIAN_POINT('',(5.204953198295E-03,0.427718214163));
#3267 = CARTESIAN_POINT('',(6.773527919696E-03,0.48947655758));
#3268 = CARTESIAN_POINT('',(8.577534119178E-03,0.550599369672));
#3269 = CARTESIAN_POINT('',(1.059827223665E-02,0.611041650027));
#3270 = CARTESIAN_POINT('',(1.281674014874E-02,0.670786579306));
#3271 = CARTESIAN_POINT('',(1.816014620265E-02,0.802387204258));
#3272 = CARTESIAN_POINT('',(2.137621152278E-02,0.873888612932));
#3273 = CARTESIAN_POINT('',(2.482995299838E-02,0.944391872025));
#3274 = CARTESIAN_POINT('',(2.849000934924E-02,1.013974859656));
#3275 = CARTESIAN_POINT('',(3.232795498029E-02,1.082738135435));
#3276 = CARTESIAN_POINT('',(4.050337129199E-02,1.222199691194));
#3277 = CARTESIAN_POINT('',(4.485539079412E-02,1.292818794023));
#3278 = CARTESIAN_POINT('',(4.934609705798E-02,1.362831931807));
#3279 = CARTESIAN_POINT('',(5.394812164665E-02,1.43238961592));
#3280 = CARTESIAN_POINT('',(5.86347722862E-02,1.501650504644));
#3281 = CARTESIAN_POINT('',(6.337927051879E-02,1.570796326795));
#3282 = ( GEOMETRIC_REPRESENTATION_CONTEXT(2) 
PARAMETRIC_REPRESENTATION_CONTEXT() REPRESENTATION_CONTEXT('2D SPACE',''
  ) );
#3283 = PCURVE('',#3284,#3289);
#3284 = CYLINDRICAL_SURFACE('',#3285,1.125);
#3285 = AXIS2_PLACEMENT_3D('',#3286,#3287,#3288);
#3286 = CARTESIAN_POINT('',(0.955463722754,7.582185489102,-5.125));
#3287 = DIRECTION('',(-0.371390676354,0.928476690885,0.));
#3288 = DIRECTION('',(0.928476690885,0.371390676354,-0.));
#3289 = DEFINITIONAL_REPRESENTATION('',(#3290),#3313);
#3290 = B_SPLINE_CURVE_WITH_KNOTS('',6,(#3291,#3292,#3293,#3294,#3295,
    #3296,#3297,#3298,#3299,#3300,#3301,#3302,#3303,#3304,#3305,#3306,
    #3307,#3308,#3309,#3310,#3311,#3312),.UNSPECIFIED.,.F.,.F.,(7,5,5,5,
    7),(0.,0.215033383273,0.438272995382,0.712484227078,1.),
  .UNSPECIFIED.);
#3291 = CARTESIAN_POINT('',(3.552713678801E-15,5.385164807135));
#3292 = CARTESIAN_POINT('',(-6.137075314994E-02,5.385164807135));
#3293 = CARTESIAN_POINT('',(-0.122750294314,5.381722168208));
#3294 = CARTESIAN_POINT('',(-0.183968776636,5.374835968584));
#3295 = CARTESIAN_POINT('',(-0.244893364226,5.36459774706));
#3296 = CARTESIAN_POINT('',(-0.305412528546,5.351170858021));
#3297 = CARTESIAN_POINT('',(-0.427718214163,5.317742889177));
#3298 = CARTESIAN_POINT('',(-0.48947655758,5.297507523243));
#3299 = CARTESIAN_POINT('',(-0.550599369672,5.27429672375));
#3300 = CARTESIAN_POINT('',(-0.611041650027,5.248385860251));
#3301 = CARTESIAN_POINT('',(-0.670786579306,5.220054036092));
#3302 = CARTESIAN_POINT('',(-0.802387204258,5.152120975786));
#3303 = CARTESIAN_POINT('',(-0.873888612932,5.111426054912));
#3304 = CARTESIAN_POINT('',(-0.944391872025,5.067965921525));
#3305 = CARTESIAN_POINT('',(-1.013974859656,5.022197197502));
#3306 = CARTESIAN_POINT('',(-1.082738135435,4.974526173106));
#3307 = CARTESIAN_POINT('',(-1.222199691194,4.873692967942));
#3308 = CARTESIAN_POINT('',(-1.292818794023,4.820384612153));
#3309 = CARTESIAN_POINT('',(-1.362831931807,4.765783545013));
#3310 = CARTESIAN_POINT('',(-1.43238961592,4.710261262939));
#3311 = CARTESIAN_POINT('',(-1.501650504644,4.654164437082));
#3312 = CARTESIAN_POINT('',(-1.570796326795,4.597823512951));
#3313 = ( GEOMETRIC_REPRESENTATION_CONTEXT(2) 
PARAMETRIC_REPRESENTATION_CONTEXT() REPRESENTATION_CONTEXT('2D SPACE',''
  ) );
#3314 = ORIENTED_EDGE('',*,*,#2178,.T.);
#3315 = ORIENTED_EDGE('',*,*,#3316,.T.);
#3316 = EDGE_CURVE('',#2088,#3317,#3319,.T.);
#3317 = VERTEX_POINT('',#3318);
#3318 = CARTESIAN_POINT('',(-0.752125061392,-11.85115744946,-4.));
#3319 = SURFACE_CURVE('',#3320,(#3343,#3369),.PCURVE_S1.);
#3320 = B_SPLINE_CURVE_WITH_KNOTS('',6,(#3321,#3322,#3323,#3324,#3325,
    #3326,#3327,#3328,#3329,#3330,#3331,#3332,#3333,#3334,#3335,#3336,
    #3337,#3338,#3339,#3340,#3341,#3342),.UNSPECIFIED.,.F.,.F.,(7,5,5,5,
    7),(0.,0.215033383276,0.438272995397,0.71248422711,1.),
  .UNSPECIFIED.);
#3321 = CARTESIAN_POINT('',(3.552713678801E-15,-13.,-5.125));
#3322 = CARTESIAN_POINT('',(3.830269434957E-15,-13.,-5.055957902709));
#3323 = CARTESIAN_POINT('',(-3.442556798312E-03,-12.99491514168,
    -4.986905444122));
#3324 = CARTESIAN_POINT('',(-1.032899930428E-02,-12.9847439007,
    -4.918504107308));
#3325 = CARTESIAN_POINT('',(-2.055682826947E-02,-12.96962586707,
    -4.851367214444));
#3326 = CARTESIAN_POINT('',(-3.394358258494E-02,-12.94980996328,
    -4.78604177658));
#3327 = CARTESIAN_POINT('',(-6.718015046953E-02,-12.90051231185,
    -4.657532704826));
#3328 = CARTESIAN_POINT('',(-8.726012203375E-02,-12.87068616713,
    -4.594514177906));
#3329 = CARTESIAN_POINT('',(-0.110231054177,-12.83649899816,
    -4.534432329415));
#3330 = CARTESIAN_POINT('',(-0.135785957266,-12.79837018287,
    -4.4776503235));
#3331 = CARTESIAN_POINT('',(-0.163614868254,-12.75672431,-4.42441841954)
  );
#3332 = CARTESIAN_POINT('',(-0.230038230909,-12.65698881982,
    -4.314079486003));
#3333 = CARTESIAN_POINT('',(-0.269637592991,-12.59731930385,
    -4.258866819901));
#3334 = CARTESIAN_POINT('',(-0.311687312209,-12.53369141999,
    -4.209548970906));
#3335 = CARTESIAN_POINT('',(-0.355686286658,-12.46679740584,
    -4.16624935297));
#3336 = CARTESIAN_POINT('',(-0.401196914696,-12.39724989005,
    -4.128993842013));
#3337 = CARTESIAN_POINT('',(-0.496761739807,-12.25042327444,
    -4.065021581109));
#3338 = CARTESIAN_POINT('',(-0.546921667713,-12.17294444718,
    -4.038908913111));
#3339 = CARTESIAN_POINT('',(-0.597898709733,-12.09374648095,
    -4.019404183445));
#3340 = CARTESIAN_POINT('',(-0.649312795568,-12.01338151871,
    -4.006454309955));
#3341 = CARTESIAN_POINT('',(-0.700824162462,-11.93235884224,
    -4.000000082602));
#3342 = CARTESIAN_POINT('',(-0.752125061392,-11.85115744946,-4.));
#3343 = PCURVE('',#2193,#3344);
#3344 = DEFINITIONAL_REPRESENTATION('',(#3345),#3368);
#3345 = B_SPLINE_CURVE_WITH_KNOTS('',6,(#3346,#3347,#3348,#3349,#3350,
    #3351,#3352,#3353,#3354,#3355,#3356,#3357,#3358,#3359,#3360,#3361,
    #3362,#3363,#3364,#3365,#3366,#3367),.UNSPECIFIED.,.F.,.F.,(7,5,5,5,
    7),(0.,0.215033383276,0.438272995397,0.71248422711,1.),
  .UNSPECIFIED.);
#3346 = CARTESIAN_POINT('',(3.14159265359,0.));
#3347 = CARTESIAN_POINT('',(3.14159265359,6.137075314713E-02));
#3348 = CARTESIAN_POINT('',(3.141327829163,0.122750294309));
#3349 = CARTESIAN_POINT('',(3.140798139354,0.183968776628));
#3350 = CARTESIAN_POINT('',(3.140009785517,0.244893364215));
#3351 = CARTESIAN_POINT('',(3.138973859458,0.305412528532));
#3352 = CARTESIAN_POINT('',(3.136387700392,0.427718214147));
#3353 = CARTESIAN_POINT('',(3.134819125671,0.489476557564));
#3354 = CARTESIAN_POINT('',(3.133015119471,0.550599369655));
#3355 = CARTESIAN_POINT('',(3.130994381354,0.61104165001));
#3356 = CARTESIAN_POINT('',(3.128775913442,0.67078657929));
#3357 = CARTESIAN_POINT('',(3.123432507388,0.802387204241));
#3358 = CARTESIAN_POINT('',(3.120216442068,0.873888612915));
#3359 = CARTESIAN_POINT('',(3.116762700592,0.944391872009));
#3360 = CARTESIAN_POINT('',(3.113102644241,1.01397485964));
#3361 = CARTESIAN_POINT('',(3.10926469861,1.082738135418));
#3362 = CARTESIAN_POINT('',(3.1010892823,1.222199691166));
#3363 = CARTESIAN_POINT('',(3.096737262766,1.292818793927));
#3364 = CARTESIAN_POINT('',(3.09224655657,1.362831931809));
#3365 = CARTESIAN_POINT('',(3.087644531987,1.432389615918));
#3366 = CARTESIAN_POINT('',(3.08295788122,1.501650504419));
#3367 = CARTESIAN_POINT('',(3.078213383134,1.570796326795));
#3368 = ( GEOMETRIC_REPRESENTATION_CONTEXT(2) 
PARAMETRIC_REPRESENTATION_CONTEXT() REPRESENTATION_CONTEXT('2D SPACE',''
  ) );
#3369 = PCURVE('',#2225,#3370);
#3370 = DEFINITIONAL_REPRESENTATION('',(#3371),#3394);
#3371 = B_SPLINE_CURVE_WITH_KNOTS('',6,(#3372,#3373,#3374,#3375,#3376,
    #3377,#3378,#3379,#3380,#3381,#3382,#3383,#3384,#3385,#3386,#3387,
    #3388,#3389,#3390,#3391,#3392,#3393),.UNSPECIFIED.,.F.,.F.,(7,5,5,5,
    7),(0.,0.215033383276,0.438272995397,0.71248422711,1.),
  .UNSPECIFIED.);
#3372 = CARTESIAN_POINT('',(3.552713678801E-15,0.));
#3373 = CARTESIAN_POINT('',(-6.137075314712E-02,9.137235738897E-17));
#3374 = CARTESIAN_POINT('',(-0.122750294309,3.442638926063E-03));
#3375 = CARTESIAN_POINT('',(-0.183968776628,1.03288385499E-02));
#3376 = CARTESIAN_POINT('',(-0.244893364215,2.056706007213E-02));
#3377 = CARTESIAN_POINT('',(-0.305412528532,3.399394911009E-02));
#3378 = CARTESIAN_POINT('',(-0.427718214147,6.742191795242E-02));
#3379 = CARTESIAN_POINT('',(-0.489476557564,8.765728388505E-02));
#3380 = CARTESIAN_POINT('',(-0.550599369655,0.110868083378));
#3381 = CARTESIAN_POINT('',(-0.61104165001,0.136778946876));
#3382 = CARTESIAN_POINT('',(-0.67078657929,0.165110771035));
#3383 = CARTESIAN_POINT('',(-0.802387204241,0.23304383134));
#3384 = CARTESIAN_POINT('',(-0.873888612915,0.273738752212));
#3385 = CARTESIAN_POINT('',(-0.944391872009,0.317198885599));
#3386 = CARTESIAN_POINT('',(-1.01397485964,0.362967609621));
#3387 = CARTESIAN_POINT('',(-1.082738135418,0.410638634017));
#3388 = CARTESIAN_POINT('',(-1.222199691166,0.511471839171));
#3389 = CARTESIAN_POINT('',(-1.292818793926,0.564780194771));
#3390 = CARTESIAN_POINT('',(-1.362831931809,0.619381262266));
#3391 = CARTESIAN_POINT('',(-1.432389615918,0.674903544356));
#3392 = CARTESIAN_POINT('',(-1.501650504419,0.731000369503));
#3393 = CARTESIAN_POINT('',(-1.570796326795,0.787341294415));
#3394 = ( GEOMETRIC_REPRESENTATION_CONTEXT(2) 
PARAMETRIC_REPRESENTATION_CONTEXT() REPRESENTATION_CONTEXT('2D SPACE',''
  ) );
#3395 = ORIENTED_EDGE('',*,*,#3396,.F.);
#3396 = EDGE_CURVE('',#3231,#3317,#3397,.T.);
#3397 = SURFACE_CURVE('',#3398,(#3403,#3410),.PCURVE_S1.);
#3398 = CIRCLE('',#3399,11.875);
#3399 = AXIS2_PLACEMENT_3D('',#3400,#3401,#3402);
#3400 = CARTESIAN_POINT('',(1.7763568394E-15,0.,-4.));
#3401 = DIRECTION('',(0.,-0.,1.));
#3402 = DIRECTION('',(-1.366428338E-16,1.,0.));
#3403 = PCURVE('',#2193,#3404);
#3404 = DEFINITIONAL_REPRESENTATION('',(#3405),#3409);
#3405 = LINE('',#3406,#3407);
#3406 = CARTESIAN_POINT('',(0.,1.570796326795));
#3407 = VECTOR('',#3408,1.);
#3408 = DIRECTION('',(1.,0.));
#3409 = ( GEOMETRIC_REPRESENTATION_CONTEXT(2) 
PARAMETRIC_REPRESENTATION_CONTEXT() REPRESENTATION_CONTEXT('2D SPACE',''
  ) );
#3410 = PCURVE('',#2387,#3411);
#3411 = DEFINITIONAL_REPRESENTATION('',(#3412),#3420);
#3412 = ( BOUNDED_CURVE() B_SPLINE_CURVE(2,(#3413,#3414,#3415,#3416,
#3417,#3418,#3419),.UNSPECIFIED.,.T.,.F.) B_SPLINE_CURVE_WITH_KNOTS((1,2
    ,2,2,2,1),(-2.094395102393,0.,2.094395102393,4.188790204786,
6.28318530718,8.377580409573),.UNSPECIFIED.) CURVE() 
GEOMETRIC_REPRESENTATION_ITEM() RATIONAL_B_SPLINE_CURVE((1.,0.5,1.,0.5,
1.,0.5,1.)) REPRESENTATION_ITEM('') );
#3413 = CARTESIAN_POINT('',(1.53723188025E-16,-11.875));
#3414 = CARTESIAN_POINT('',(-20.56810333988,-11.875));
#3415 = CARTESIAN_POINT('',(-10.28405166994,5.9375));
#3416 = CARTESIAN_POINT('',(2.113087994176E-15,23.75));
#3417 = CARTESIAN_POINT('',(10.28405166994,5.9375));
#3418 = CARTESIAN_POINT('',(20.56810333988,-11.875));
#3419 = CARTESIAN_POINT('',(1.53723188025E-16,-11.875));
#3420 = ( GEOMETRIC_REPRESENTATION_CONTEXT(2) 
PARAMETRIC_REPRESENTATION_CONTEXT() REPRESENTATION_CONTEXT('2D SPACE',''
  ) );
#3421 = ADVANCED_FACE('',(#3422),#2166,.F.);
#3422 = FACE_BOUND('',#3423,.F.);
#3423 = EDGE_LOOP('',(#3424,#3425,#3426,#3449));
#3424 = ORIENTED_EDGE('',*,*,#2150,.F.);
#3425 = ORIENTED_EDGE('',*,*,#3196,.F.);
#3426 = ORIENTED_EDGE('',*,*,#3427,.T.);
#3427 = EDGE_CURVE('',#3169,#3428,#3430,.T.);
#3428 = VERTEX_POINT('',#3429);
#3429 = CARTESIAN_POINT('',(2.,8.,-5.125));
#3430 = SURFACE_CURVE('',#3431,(#3435,#3442),.PCURVE_S1.);
#3431 = LINE('',#3432,#3433);
#3432 = CARTESIAN_POINT('',(2.,8.,-31.12));
#3433 = VECTOR('',#3434,1.);
#3434 = DIRECTION('',(0.,0.,1.));
#3435 = PCURVE('',#2166,#3436);
#3436 = DEFINITIONAL_REPRESENTATION('',(#3437),#3441);
#3437 = LINE('',#3438,#3439);
#3438 = CARTESIAN_POINT('',(0.,0.));
#3439 = VECTOR('',#3440,1.);
#3440 = DIRECTION('',(0.,-1.));
#3441 = ( GEOMETRIC_REPRESENTATION_CONTEXT(2) 
PARAMETRIC_REPRESENTATION_CONTEXT() REPRESENTATION_CONTEXT('2D SPACE',''
  ) );
#3442 = PCURVE('',#2797,#3443);
#3443 = DEFINITIONAL_REPRESENTATION('',(#3444),#3448);
#3444 = LINE('',#3445,#3446);
#3445 = CARTESIAN_POINT('',(-9.060461978941,-10.39732707953));
#3446 = VECTOR('',#3447,1.);
#3447 = DIRECTION('',(0.,1.));
#3448 = ( GEOMETRIC_REPRESENTATION_CONTEXT(2) 
PARAMETRIC_REPRESENTATION_CONTEXT() REPRESENTATION_CONTEXT('2D SPACE',''
  ) );
#3449 = ORIENTED_EDGE('',*,*,#3450,.T.);
#3450 = EDGE_CURVE('',#3428,#2151,#3451,.T.);
#3451 = SURFACE_CURVE('',#3452,(#3456,#3463),.PCURVE_S1.);
#3452 = LINE('',#3453,#3454);
#3453 = CARTESIAN_POINT('',(2.,8.,-5.125));
#3454 = VECTOR('',#3455,1.);
#3455 = DIRECTION('',(-0.371390676354,0.928476690885,0.));
#3456 = PCURVE('',#2166,#3457);
#3457 = DEFINITIONAL_REPRESENTATION('',(#3458),#3462);
#3458 = LINE('',#3459,#3460);
#3459 = CARTESIAN_POINT('',(0.,-25.995));
#3460 = VECTOR('',#3461,1.);
#3461 = DIRECTION('',(1.,0.));
#3462 = ( GEOMETRIC_REPRESENTATION_CONTEXT(2) 
PARAMETRIC_REPRESENTATION_CONTEXT() REPRESENTATION_CONTEXT('2D SPACE',''
  ) );
#3463 = PCURVE('',#3284,#3464);
#3464 = DEFINITIONAL_REPRESENTATION('',(#3465),#3469);
#3465 = LINE('',#3466,#3467);
#3466 = CARTESIAN_POINT('',(-0.,0.));
#3467 = VECTOR('',#3468,1.);
#3468 = DIRECTION('',(-0.,1.));
#3469 = ( GEOMETRIC_REPRESENTATION_CONTEXT(2) 
PARAMETRIC_REPRESENTATION_CONTEXT() REPRESENTATION_CONTEXT('2D SPACE',''
  ) );
#3470 = ADVANCED_FACE('',(#3471),#2225,.T.);
#3471 = FACE_BOUND('',#3472,.F.);
#3472 = EDGE_LOOP('',(#3473,#3474,#3495,#3496));
#3473 = ORIENTED_EDGE('',*,*,#3316,.T.);
#3474 = ORIENTED_EDGE('',*,*,#3475,.T.);
#3475 = EDGE_CURVE('',#3317,#2372,#3476,.T.);
#3476 = SURFACE_CURVE('',#3477,(#3481,#3488),.PCURVE_S1.);
#3477 = LINE('',#3478,#3479);
#3478 = CARTESIAN_POINT('',(-1.044536277246,-12.5821854891,-4.));
#3479 = VECTOR('',#3480,1.);
#3480 = DIRECTION('',(0.371390676354,0.928476690885,0.));
#3481 = PCURVE('',#2225,#3482);
#3482 = DEFINITIONAL_REPRESENTATION('',(#3483),#3487);
#3483 = LINE('',#3484,#3485);
#3484 = CARTESIAN_POINT('',(-1.570796326795,0.));
#3485 = VECTOR('',#3486,1.);
#3486 = DIRECTION('',(-0.,1.));
#3487 = ( GEOMETRIC_REPRESENTATION_CONTEXT(2) 
PARAMETRIC_REPRESENTATION_CONTEXT() REPRESENTATION_CONTEXT('2D SPACE',''
  ) );
#3488 = PCURVE('',#2387,#3489);
#3489 = DEFINITIONAL_REPRESENTATION('',(#3490),#3494);
#3490 = LINE('',#3491,#3492);
#3491 = CARTESIAN_POINT('',(-1.044536277246,12.582185489102));
#3492 = VECTOR('',#3493,1.);
#3493 = DIRECTION('',(0.371390676354,-0.928476690885));
#3494 = ( GEOMETRIC_REPRESENTATION_CONTEXT(2) 
PARAMETRIC_REPRESENTATION_CONTEXT() REPRESENTATION_CONTEXT('2D SPACE',''
  ) );
#3495 = ORIENTED_EDGE('',*,*,#2399,.F.);
#3496 = ORIENTED_EDGE('',*,*,#2211,.F.);
#3497 = ADVANCED_FACE('',(#3498,#3548),#2309,.T.);
#3498 = FACE_BOUND('',#3499,.T.);
#3499 = EDGE_LOOP('',(#3500,#3501,#3502,#3503,#3504,#3527));
#3500 = ORIENTED_EDGE('',*,*,#2293,.F.);
#3501 = ORIENTED_EDGE('',*,*,#2869,.T.);
#3502 = ORIENTED_EDGE('',*,*,#2902,.T.);
#3503 = ORIENTED_EDGE('',*,*,#2981,.T.);
#3504 = ORIENTED_EDGE('',*,*,#3505,.T.);
#3505 = EDGE_CURVE('',#2961,#3506,#3508,.T.);
#3506 = VERTEX_POINT('',#3507);
#3507 = CARTESIAN_POINT('',(5.070938512812,5.5,-31.12));
#3508 = SURFACE_CURVE('',#3509,(#3513,#3520),.PCURVE_S1.);
#3509 = LINE('',#3510,#3511);
#3510 = CARTESIAN_POINT('',(-5.12347538298,5.5,-31.12));
#3511 = VECTOR('',#3512,1.);
#3512 = DIRECTION('',(1.,1.742480595313E-16,-3.484961190625E-16));
#3513 = PCURVE('',#2309,#3514);
#3514 = DEFINITIONAL_REPRESENTATION('',(#3515),#3519);
#3515 = LINE('',#3516,#3517);
#3516 = CARTESIAN_POINT('',(-5.12347538298,-5.5));
#3517 = VECTOR('',#3518,1.);
#3518 = DIRECTION('',(1.,-1.742480595313E-16));
#3519 = ( GEOMETRIC_REPRESENTATION_CONTEXT(2) 
PARAMETRIC_REPRESENTATION_CONTEXT() REPRESENTATION_CONTEXT('2D SPACE',''
  ) );
#3520 = PCURVE('',#3062,#3521);
#3521 = DEFINITIONAL_REPRESENTATION('',(#3522),#3526);
#3522 = LINE('',#3523,#3524);
#3523 = CARTESIAN_POINT('',(0.,0.));
#3524 = VECTOR('',#3525,1.);
#3525 = DIRECTION('',(0.,1.));
#3526 = ( GEOMETRIC_REPRESENTATION_CONTEXT(2) 
PARAMETRIC_REPRESENTATION_CONTEXT() REPRESENTATION_CONTEXT('2D SPACE',''
  ) );
#3527 = ORIENTED_EDGE('',*,*,#3528,.T.);
#3528 = EDGE_CURVE('',#3506,#2294,#3529,.T.);
#3529 = SURFACE_CURVE('',#3530,(#3534,#3541),.PCURVE_S1.);
#3530 = LINE('',#3531,#3532);
#3531 = CARTESIAN_POINT('',(5.070938512812,8.,-31.12));
#3532 = VECTOR('',#3533,1.);
#3533 = DIRECTION('',(0.,-1.,0.));
#3534 = PCURVE('',#2309,#3535);
#3535 = DEFINITIONAL_REPRESENTATION('',(#3536),#3540);
#3536 = LINE('',#3537,#3538);
#3537 = CARTESIAN_POINT('',(5.070938512812,-8.));
#3538 = VECTOR('',#3539,1.);
#3539 = DIRECTION('',(0.,1.));
#3540 = ( GEOMETRIC_REPRESENTATION_CONTEXT(2) 
PARAMETRIC_REPRESENTATION_CONTEXT() REPRESENTATION_CONTEXT('2D SPACE',''
  ) );
#3541 = PCURVE('',#2474,#3542);
#3542 = DEFINITIONAL_REPRESENTATION('',(#3543),#3547);
#3543 = LINE('',#3544,#3545);
#3544 = CARTESIAN_POINT('',(-1.570796326795,-8.));
#3545 = VECTOR('',#3546,1.);
#3546 = DIRECTION('',(0.,1.));
#3547 = ( GEOMETRIC_REPRESENTATION_CONTEXT(2) 
PARAMETRIC_REPRESENTATION_CONTEXT() REPRESENTATION_CONTEXT('2D SPACE',''
  ) );
#3548 = FACE_BOUND('',#3549,.T.);
#3549 = EDGE_LOOP('',(#3550));
#3550 = ORIENTED_EDGE('',*,*,#3551,.T.);
#3551 = EDGE_CURVE('',#3552,#3552,#3554,.T.);
#3552 = VERTEX_POINT('',#3553);
#3553 = CARTESIAN_POINT('',(2.75,-6.73555739531E-16,-31.12));
#3554 = SURFACE_CURVE('',#3555,(#3560,#3571),.PCURVE_S1.);
#3555 = CIRCLE('',#3556,2.75);
#3556 = AXIS2_PLACEMENT_3D('',#3557,#3558,#3559);
#3557 = CARTESIAN_POINT('',(0.,0.,-31.12));
#3558 = DIRECTION('',(0.,0.,1.));
#3559 = DIRECTION('',(1.,0.,-0.));
#3560 = PCURVE('',#2309,#3561);
#3561 = DEFINITIONAL_REPRESENTATION('',(#3562),#3570);
#3562 = ( BOUNDED_CURVE() B_SPLINE_CURVE(2,(#3563,#3564,#3565,#3566,
#3567,#3568,#3569),.UNSPECIFIED.,.T.,.F.) B_SPLINE_CURVE_WITH_KNOTS((1,2
    ,2,2,2,1),(-2.094395102393,0.,2.094395102393,4.188790204786,
6.28318530718,8.377580409573),.UNSPECIFIED.) CURVE() 
GEOMETRIC_REPRESENTATION_ITEM() RATIONAL_B_SPLINE_CURVE((1.,0.5,1.,0.5,
1.,0.5,1.)) REPRESENTATION_ITEM('') );
#3563 = CARTESIAN_POINT('',(2.75,0.));
#3564 = CARTESIAN_POINT('',(2.75,-4.763139720814));
#3565 = CARTESIAN_POINT('',(-1.375,-2.381569860407));
#3566 = CARTESIAN_POINT('',(-5.5,-6.73555739531E-16));
#3567 = CARTESIAN_POINT('',(-1.375,2.381569860407));
#3568 = CARTESIAN_POINT('',(2.75,4.763139720814));
#3569 = CARTESIAN_POINT('',(2.75,0.));
#3570 = ( GEOMETRIC_REPRESENTATION_CONTEXT(2) 
PARAMETRIC_REPRESENTATION_CONTEXT() REPRESENTATION_CONTEXT('2D SPACE',''
  ) );
#3571 = PCURVE('',#3572,#3577);
#3572 = CYLINDRICAL_SURFACE('',#3573,2.75);
#3573 = AXIS2_PLACEMENT_3D('',#3574,#3575,#3576);
#3574 = CARTESIAN_POINT('',(0.,0.,-32.12));
#3575 = DIRECTION('',(0.,0.,1.));
#3576 = DIRECTION('',(1.,0.,-0.));
#3577 = DEFINITIONAL_REPRESENTATION('',(#3578),#3582);
#3578 = LINE('',#3579,#3580);
#3579 = CARTESIAN_POINT('',(0.,1.));
#3580 = VECTOR('',#3581,1.);
#3581 = DIRECTION('',(1.,0.));
#3582 = ( GEOMETRIC_REPRESENTATION_CONTEXT(2) 
PARAMETRIC_REPRESENTATION_CONTEXT() REPRESENTATION_CONTEXT('2D SPACE',''
  ) );
#3583 = ADVANCED_FACE('',(#3584),#2360,.T.);
#3584 = FACE_BOUND('',#3585,.F.);
#3585 = EDGE_LOOP('',(#3586,#3613,#3614,#3615));
#3586 = ORIENTED_EDGE('',*,*,#3587,.F.);
#3587 = EDGE_CURVE('',#2513,#3588,#3590,.T.);
#3588 = VERTEX_POINT('',#3589);
#3589 = CARTESIAN_POINT('',(11.875,-5.5,-4.));
#3590 = SURFACE_CURVE('',#3591,(#3596,#3602),.PCURVE_S1.);
#3591 = CIRCLE('',#3592,1.125);
#3592 = AXIS2_PLACEMENT_3D('',#3593,#3594,#3595);
#3593 = CARTESIAN_POINT('',(11.875,-5.5,-5.125));
#3594 = DIRECTION('',(0.,-1.,-0.));
#3595 = DIRECTION('',(1.,0.,-0.));
#3596 = PCURVE('',#2360,#3597);
#3597 = DEFINITIONAL_REPRESENTATION('',(#3598),#3601);
#3598 = B_SPLINE_CURVE_WITH_KNOTS('',1,(#3599,#3600),.UNSPECIFIED.,.F.,
  .F.,(2,2),(0.,1.570796326795),.PIECEWISE_BEZIER_KNOTS.);
#3599 = CARTESIAN_POINT('',(0.,0.));
#3600 = CARTESIAN_POINT('',(0.,1.570796326795));
#3601 = ( GEOMETRIC_REPRESENTATION_CONTEXT(2) 
PARAMETRIC_REPRESENTATION_CONTEXT() REPRESENTATION_CONTEXT('2D SPACE',''
  ) );
#3602 = PCURVE('',#3603,#3608);
#3603 = CYLINDRICAL_SURFACE('',#3604,1.125);
#3604 = AXIS2_PLACEMENT_3D('',#3605,#3606,#3607);
#3605 = CARTESIAN_POINT('',(11.875,5.5,-5.125));
#3606 = DIRECTION('',(-0.,-1.,-0.));
#3607 = DIRECTION('',(1.,0.,-0.));
#3608 = DEFINITIONAL_REPRESENTATION('',(#3609),#3612);
#3609 = B_SPLINE_CURVE_WITH_KNOTS('',1,(#3610,#3611),.UNSPECIFIED.,.F.,
  .F.,(2,2),(0.,1.570796326795),.PIECEWISE_BEZIER_KNOTS.);
#3610 = CARTESIAN_POINT('',(0.,11.));
#3611 = CARTESIAN_POINT('',(1.570796326795,11.));
#3612 = ( GEOMETRIC_REPRESENTATION_CONTEXT(2) 
PARAMETRIC_REPRESENTATION_CONTEXT() REPRESENTATION_CONTEXT('2D SPACE',''
  ) );
#3613 = ORIENTED_EDGE('',*,*,#2540,.T.);
#3614 = ORIENTED_EDGE('',*,*,#2344,.T.);
#3615 = ORIENTED_EDGE('',*,*,#3616,.F.);
#3616 = EDGE_CURVE('',#3588,#2345,#3617,.T.);
#3617 = SURFACE_CURVE('',#3618,(#3623,#3630),.PCURVE_S1.);
#3618 = CIRCLE('',#3619,1.375);
#3619 = AXIS2_PLACEMENT_3D('',#3620,#3621,#3622);
#3620 = CARTESIAN_POINT('',(10.5,-5.5,-4.));
#3621 = DIRECTION('',(0.,0.,-1.));
#3622 = DIRECTION('',(1.,0.,0.));
#3623 = PCURVE('',#2360,#3624);
#3624 = DEFINITIONAL_REPRESENTATION('',(#3625),#3629);
#3625 = LINE('',#3626,#3627);
#3626 = CARTESIAN_POINT('',(-0.,1.570796326795));
#3627 = VECTOR('',#3628,1.);
#3628 = DIRECTION('',(-1.,0.));
#3629 = ( GEOMETRIC_REPRESENTATION_CONTEXT(2) 
PARAMETRIC_REPRESENTATION_CONTEXT() REPRESENTATION_CONTEXT('2D SPACE',''
  ) );
#3630 = PCURVE('',#2387,#3631);
#3631 = DEFINITIONAL_REPRESENTATION('',(#3632),#3636);
#3632 = CIRCLE('',#3633,1.375);
#3633 = AXIS2_PLACEMENT_2D('',#3634,#3635);
#3634 = CARTESIAN_POINT('',(10.5,5.5));
#3635 = DIRECTION('',(1.,0.));
#3636 = ( GEOMETRIC_REPRESENTATION_CONTEXT(2) 
PARAMETRIC_REPRESENTATION_CONTEXT() REPRESENTATION_CONTEXT('2D SPACE',''
  ) );
#3637 = ADVANCED_FACE('',(#3638,#3745),#2387,.F.);
#3638 = FACE_BOUND('',#3639,.F.);
#3639 = EDGE_LOOP('',(#3640,#3641,#3664,#3692,#3721,#3742,#3743,#3744));
#3640 = ORIENTED_EDGE('',*,*,#3396,.F.);
#3641 = ORIENTED_EDGE('',*,*,#3642,.F.);
#3642 = EDGE_CURVE('',#3643,#3231,#3645,.T.);
#3643 = VERTEX_POINT('',#3644);
#3644 = CARTESIAN_POINT('',(1.238337918395,6.875,-4.));
#3645 = SURFACE_CURVE('',#3646,(#3650,#3657),.PCURVE_S1.);
#3646 = LINE('',#3647,#3648);
#3647 = CARTESIAN_POINT('',(0.955463722754,7.582185489102,-4.));
#3648 = VECTOR('',#3649,1.);
#3649 = DIRECTION('',(-0.371390676354,0.928476690885,0.));
#3650 = PCURVE('',#2387,#3651);
#3651 = DEFINITIONAL_REPRESENTATION('',(#3652),#3656);
#3652 = LINE('',#3653,#3654);
#3653 = CARTESIAN_POINT('',(0.955463722754,-7.582185489102));
#3654 = VECTOR('',#3655,1.);
#3655 = DIRECTION('',(-0.371390676354,-0.928476690885));
#3656 = ( GEOMETRIC_REPRESENTATION_CONTEXT(2) 
PARAMETRIC_REPRESENTATION_CONTEXT() REPRESENTATION_CONTEXT('2D SPACE',''
  ) );
#3657 = PCURVE('',#3284,#3658);
#3658 = DEFINITIONAL_REPRESENTATION('',(#3659),#3663);
#3659 = LINE('',#3660,#3661);
#3660 = CARTESIAN_POINT('',(-1.570796326795,0.));
#3661 = VECTOR('',#3662,1.);
#3662 = DIRECTION('',(-0.,1.));
#3663 = ( GEOMETRIC_REPRESENTATION_CONTEXT(2) 
PARAMETRIC_REPRESENTATION_CONTEXT() REPRESENTATION_CONTEXT('2D SPACE',''
  ) );
#3664 = ORIENTED_EDGE('',*,*,#3665,.T.);
#3665 = EDGE_CURVE('',#3643,#3666,#3668,.T.);
#3666 = VERTEX_POINT('',#3667);
#3667 = CARTESIAN_POINT('',(10.5,6.875,-4.));
#3668 = SURFACE_CURVE('',#3669,(#3673,#3680),.PCURVE_S1.);
#3669 = LINE('',#3670,#3671);
#3670 = CARTESIAN_POINT('',(2.,6.875,-4.));
#3671 = VECTOR('',#3672,1.);
#3672 = DIRECTION('',(1.,0.,0.));
#3673 = PCURVE('',#2387,#3674);
#3674 = DEFINITIONAL_REPRESENTATION('',(#3675),#3679);
#3675 = LINE('',#3676,#3677);
#3676 = CARTESIAN_POINT('',(2.,-6.875));
#3677 = VECTOR('',#3678,1.);
#3678 = DIRECTION('',(1.,0.));
#3679 = ( GEOMETRIC_REPRESENTATION_CONTEXT(2) 
PARAMETRIC_REPRESENTATION_CONTEXT() REPRESENTATION_CONTEXT('2D SPACE',''
  ) );
#3680 = PCURVE('',#3681,#3686);
#3681 = CYLINDRICAL_SURFACE('',#3682,1.125);
#3682 = AXIS2_PLACEMENT_3D('',#3683,#3684,#3685);
#3683 = CARTESIAN_POINT('',(2.,6.875,-5.125));
#3684 = DIRECTION('',(1.,0.,0.));
#3685 = DIRECTION('',(-0.,1.,0.));
#3686 = DEFINITIONAL_REPRESENTATION('',(#3687),#3691);
#3687 = LINE('',#3688,#3689);
#3688 = CARTESIAN_POINT('',(1.570796326795,0.));
#3689 = VECTOR('',#3690,1.);
#3690 = DIRECTION('',(0.,1.));
#3691 = ( GEOMETRIC_REPRESENTATION_CONTEXT(2) 
PARAMETRIC_REPRESENTATION_CONTEXT() REPRESENTATION_CONTEXT('2D SPACE',''
  ) );
#3692 = ORIENTED_EDGE('',*,*,#3693,.T.);
#3693 = EDGE_CURVE('',#3666,#3694,#3696,.T.);
#3694 = VERTEX_POINT('',#3695);
#3695 = CARTESIAN_POINT('',(11.875,5.5,-4.));
#3696 = SURFACE_CURVE('',#3697,(#3702,#3709),.PCURVE_S1.);
#3697 = CIRCLE('',#3698,1.375);
#3698 = AXIS2_PLACEMENT_3D('',#3699,#3700,#3701);
#3699 = CARTESIAN_POINT('',(10.5,5.5,-4.));
#3700 = DIRECTION('',(0.,0.,-1.));
#3701 = DIRECTION('',(0.,1.,0.));
#3702 = PCURVE('',#2387,#3703);
#3703 = DEFINITIONAL_REPRESENTATION('',(#3704),#3708);
#3704 = CIRCLE('',#3705,1.375);
#3705 = AXIS2_PLACEMENT_2D('',#3706,#3707);
#3706 = CARTESIAN_POINT('',(10.5,-5.5));
#3707 = DIRECTION('',(0.,-1.));
#3708 = ( GEOMETRIC_REPRESENTATION_CONTEXT(2) 
PARAMETRIC_REPRESENTATION_CONTEXT() REPRESENTATION_CONTEXT('2D SPACE',''
  ) );
#3709 = PCURVE('',#3710,#3715);
#3710 = TOROIDAL_SURFACE('',#3711,1.375,1.125);
#3711 = AXIS2_PLACEMENT_3D('',#3712,#3713,#3714);
#3712 = CARTESIAN_POINT('',(10.5,5.5,-5.125));
#3713 = DIRECTION('',(-0.,-0.,1.));
#3714 = DIRECTION('',(0.,1.,0.));
#3715 = DEFINITIONAL_REPRESENTATION('',(#3716),#3720);
#3716 = LINE('',#3717,#3718);
#3717 = CARTESIAN_POINT('',(-0.,1.570796326795));
#3718 = VECTOR('',#3719,1.);
#3719 = DIRECTION('',(-1.,0.));
#3720 = ( GEOMETRIC_REPRESENTATION_CONTEXT(2) 
PARAMETRIC_REPRESENTATION_CONTEXT() REPRESENTATION_CONTEXT('2D SPACE',''
  ) );
#3721 = ORIENTED_EDGE('',*,*,#3722,.T.);
#3722 = EDGE_CURVE('',#3694,#3588,#3723,.T.);
#3723 = SURFACE_CURVE('',#3724,(#3728,#3735),.PCURVE_S1.);
#3724 = LINE('',#3725,#3726);
#3725 = CARTESIAN_POINT('',(11.875,5.5,-4.));
#3726 = VECTOR('',#3727,1.);
#3727 = DIRECTION('',(-0.,-1.,-0.));
#3728 = PCURVE('',#2387,#3729);
#3729 = DEFINITIONAL_REPRESENTATION('',(#3730),#3734);
#3730 = LINE('',#3731,#3732);
#3731 = CARTESIAN_POINT('',(11.875,-5.5));
#3732 = VECTOR('',#3733,1.);
#3733 = DIRECTION('',(-0.,1.));
#3734 = ( GEOMETRIC_REPRESENTATION_CONTEXT(2) 
PARAMETRIC_REPRESENTATION_CONTEXT() REPRESENTATION_CONTEXT('2D SPACE',''
  ) );
#3735 = PCURVE('',#3603,#3736);
#3736 = DEFINITIONAL_REPRESENTATION('',(#3737),#3741);
#3737 = LINE('',#3738,#3739);
#3738 = CARTESIAN_POINT('',(1.570796326795,0.));
#3739 = VECTOR('',#3740,1.);
#3740 = DIRECTION('',(0.,1.));
#3741 = ( GEOMETRIC_REPRESENTATION_CONTEXT(2) 
PARAMETRIC_REPRESENTATION_CONTEXT() REPRESENTATION_CONTEXT('2D SPACE',''
  ) );
#3742 = ORIENTED_EDGE('',*,*,#3616,.T.);
#3743 = ORIENTED_EDGE('',*,*,#2371,.T.);
#3744 = ORIENTED_EDGE('',*,*,#3475,.F.);
#3745 = FACE_BOUND('',#3746,.F.);
#3746 = EDGE_LOOP('',(#3747));
#3747 = ORIENTED_EDGE('',*,*,#3748,.T.);
#3748 = EDGE_CURVE('',#3749,#3749,#3751,.T.);
#3749 = VERTEX_POINT('',#3750);
#3750 = CARTESIAN_POINT('',(6.,-1.469576158977E-15,-4.));
#3751 = SURFACE_CURVE('',#3752,(#3757,#3768),.PCURVE_S1.);
#3752 = CIRCLE('',#3753,6.);
#3753 = AXIS2_PLACEMENT_3D('',#3754,#3755,#3756);
#3754 = CARTESIAN_POINT('',(0.,0.,-4.));
#3755 = DIRECTION('',(0.,0.,1.));
#3756 = DIRECTION('',(1.,0.,-0.));
#3757 = PCURVE('',#2387,#3758);
#3758 = DEFINITIONAL_REPRESENTATION('',(#3759),#3767);
#3759 = ( BOUNDED_CURVE() B_SPLINE_CURVE(2,(#3760,#3761,#3762,#3763,
#3764,#3765,#3766),.UNSPECIFIED.,.T.,.F.) B_SPLINE_CURVE_WITH_KNOTS((1,2
    ,2,2,2,1),(-2.094395102393,0.,2.094395102393,4.188790204786,
6.28318530718,8.377580409573),.UNSPECIFIED.) CURVE() 
GEOMETRIC_REPRESENTATION_ITEM() RATIONAL_B_SPLINE_CURVE((1.,0.5,1.,0.5,
1.,0.5,1.)) REPRESENTATION_ITEM('') );
#3760 = CARTESIAN_POINT('',(6.,0.));
#3761 = CARTESIAN_POINT('',(6.,-10.39230484541));
#3762 = CARTESIAN_POINT('',(-3.,-5.196152422707));
#3763 = CARTESIAN_POINT('',(-12.,-1.469576158977E-15));
#3764 = CARTESIAN_POINT('',(-3.,5.196152422707));
#3765 = CARTESIAN_POINT('',(6.,10.392304845413));
#3766 = CARTESIAN_POINT('',(6.,0.));
#3767 = ( GEOMETRIC_REPRESENTATION_CONTEXT(2) 
PARAMETRIC_REPRESENTATION_CONTEXT() REPRESENTATION_CONTEXT('2D SPACE',''
  ) );
#3768 = PCURVE('',#3769,#3774);
#3769 = CYLINDRICAL_SURFACE('',#3770,6.);
#3770 = AXIS2_PLACEMENT_3D('',#3771,#3772,#3773);
#3771 = CARTESIAN_POINT('',(0.,0.,-19.));
#3772 = DIRECTION('',(0.,0.,1.));
#3773 = DIRECTION('',(1.,0.,-0.));
#3774 = DEFINITIONAL_REPRESENTATION('',(#3775),#3779);
#3775 = LINE('',#3776,#3777);
#3776 = CARTESIAN_POINT('',(0.,15.));
#3777 = VECTOR('',#3778,1.);
#3778 = DIRECTION('',(1.,0.));
#3779 = ( GEOMETRIC_REPRESENTATION_CONTEXT(2) 
PARAMETRIC_REPRESENTATION_CONTEXT() REPRESENTATION_CONTEXT('2D SPACE',''
  ) );
#3780 = ADVANCED_FACE('',(#3781),#2474,.F.);
#3781 = FACE_BOUND('',#3782,.T.);
#3782 = EDGE_LOOP('',(#3783,#3784,#3813,#3834));
#3783 = ORIENTED_EDGE('',*,*,#3528,.F.);
#3784 = ORIENTED_EDGE('',*,*,#3785,.T.);
#3785 = EDGE_CURVE('',#3506,#3786,#3788,.T.);
#3786 = VERTEX_POINT('',#3787);
#3787 = CARTESIAN_POINT('',(6.766451393897,5.5,-31.64507857294));
#3788 = SURFACE_CURVE('',#3789,(#3794,#3801),.PCURVE_S1.);
#3789 = CIRCLE('',#3790,3.);
#3790 = AXIS2_PLACEMENT_3D('',#3791,#3792,#3793);
#3791 = CARTESIAN_POINT('',(5.070938512812,5.5,-34.12));
#3792 = DIRECTION('',(-0.,1.,0.));
#3793 = DIRECTION('',(0.,0.,1.));
#3794 = PCURVE('',#2474,#3795);
#3795 = DEFINITIONAL_REPRESENTATION('',(#3796),#3800);
#3796 = LINE('',#3797,#3798);
#3797 = CARTESIAN_POINT('',(-1.570796326795,-5.5));
#3798 = VECTOR('',#3799,1.);
#3799 = DIRECTION('',(-1.,0.));
#3800 = ( GEOMETRIC_REPRESENTATION_CONTEXT(2) 
PARAMETRIC_REPRESENTATION_CONTEXT() REPRESENTATION_CONTEXT('2D SPACE',''
  ) );
#3801 = PCURVE('',#3802,#3807);
#3802 = TOROIDAL_SURFACE('',#3803,5.5,2.5);
#3803 = AXIS2_PLACEMENT_3D('',#3804,#3805,#3806);
#3804 = CARTESIAN_POINT('',(5.070938512812,5.5,-34.12));
#3805 = DIRECTION('',(0.,-1.,0.));
#3806 = DIRECTION('',(0.,0.,1.));
#3807 = DEFINITIONAL_REPRESENTATION('',(#3808),#3812);
#3808 = LINE('',#3809,#3810);
#3809 = CARTESIAN_POINT('',(-0.,3.14159265359));
#3810 = VECTOR('',#3811,1.);
#3811 = DIRECTION('',(-1.,0.));
#3812 = ( GEOMETRIC_REPRESENTATION_CONTEXT(2) 
PARAMETRIC_REPRESENTATION_CONTEXT() REPRESENTATION_CONTEXT('2D SPACE',''
  ) );
#3813 = ORIENTED_EDGE('',*,*,#3814,.T.);
#3814 = EDGE_CURVE('',#3786,#2438,#3815,.T.);
#3815 = SURFACE_CURVE('',#3816,(#3820,#3827),.PCURVE_S1.);
#3816 = LINE('',#3817,#3818);
#3817 = CARTESIAN_POINT('',(6.766451393897,8.,-31.64507857294));
#3818 = VECTOR('',#3819,1.);
#3819 = DIRECTION('',(0.,-1.,0.));
#3820 = PCURVE('',#2474,#3821);
#3821 = DEFINITIONAL_REPRESENTATION('',(#3822),#3826);
#3822 = LINE('',#3823,#3824);
#3823 = CARTESIAN_POINT('',(-2.171436796928,-8.));
#3824 = VECTOR('',#3825,1.);
#3825 = DIRECTION('',(0.,1.));
#3826 = ( GEOMETRIC_REPRESENTATION_CONTEXT(2) 
PARAMETRIC_REPRESENTATION_CONTEXT() REPRESENTATION_CONTEXT('2D SPACE',''
  ) );
#3827 = PCURVE('',#2582,#3828);
#3828 = DEFINITIONAL_REPRESENTATION('',(#3829),#3833);
#3829 = LINE('',#3830,#3831);
#3830 = CARTESIAN_POINT('',(-1.465447867973E-15,-8.));
#3831 = VECTOR('',#3832,1.);
#3832 = DIRECTION('',(0.,1.));
#3833 = ( GEOMETRIC_REPRESENTATION_CONTEXT(2) 
PARAMETRIC_REPRESENTATION_CONTEXT() REPRESENTATION_CONTEXT('2D SPACE',''
  ) );
#3834 = ORIENTED_EDGE('',*,*,#2459,.F.);
#3835 = ADVANCED_FACE('',(#3836),#2528,.T.);
#3836 = FACE_BOUND('',#3837,.T.);
#3837 = EDGE_LOOP('',(#3838,#3839,#3862,#3890));
#3838 = ORIENTED_EDGE('',*,*,#2512,.F.);
#3839 = ORIENTED_EDGE('',*,*,#3840,.T.);
#3840 = EDGE_CURVE('',#2491,#3841,#3843,.T.);
#3841 = VERTEX_POINT('',#3842);
#3842 = CARTESIAN_POINT('',(13.,5.5,-10.64595555576));
#3843 = SURFACE_CURVE('',#3844,(#3848,#3855),.PCURVE_S1.);
#3844 = LINE('',#3845,#3846);
#3845 = CARTESIAN_POINT('',(13.,-8.,-10.64595555576));
#3846 = VECTOR('',#3847,1.);
#3847 = DIRECTION('',(0.,1.,0.));
#3848 = PCURVE('',#2528,#3849);
#3849 = DEFINITIONAL_REPRESENTATION('',(#3850),#3854);
#3850 = LINE('',#3851,#3852);
#3851 = CARTESIAN_POINT('',(0.,8.));
#3852 = VECTOR('',#3853,1.);
#3853 = DIRECTION('',(0.,-1.));
#3854 = ( GEOMETRIC_REPRESENTATION_CONTEXT(2) 
PARAMETRIC_REPRESENTATION_CONTEXT() REPRESENTATION_CONTEXT('2D SPACE',''
  ) );
#3855 = PCURVE('',#2657,#3856);
#3856 = DEFINITIONAL_REPRESENTATION('',(#3857),#3861);
#3857 = LINE('',#3858,#3859);
#3858 = CARTESIAN_POINT('',(-6.28318530718,8.));
#3859 = VECTOR('',#3860,1.);
#3860 = DIRECTION('',(-0.,-1.));
#3861 = ( GEOMETRIC_REPRESENTATION_CONTEXT(2) 
PARAMETRIC_REPRESENTATION_CONTEXT() REPRESENTATION_CONTEXT('2D SPACE',''
  ) );
#3862 = ORIENTED_EDGE('',*,*,#3863,.T.);
#3863 = EDGE_CURVE('',#3841,#3864,#3866,.T.);
#3864 = VERTEX_POINT('',#3865);
#3865 = CARTESIAN_POINT('',(13.,5.5,-5.125));
#3866 = SURFACE_CURVE('',#3867,(#3871,#3878),.PCURVE_S1.);
#3867 = LINE('',#3868,#3869);
#3868 = CARTESIAN_POINT('',(13.,5.5,-10.64595555576));
#3869 = VECTOR('',#3870,1.);
#3870 = DIRECTION('',(0.,0.,1.));
#3871 = PCURVE('',#2528,#3872);
#3872 = DEFINITIONAL_REPRESENTATION('',(#3873),#3877);
#3873 = LINE('',#3874,#3875);
#3874 = CARTESIAN_POINT('',(0.,-5.5));
#3875 = VECTOR('',#3876,1.);
#3876 = DIRECTION('',(1.,0.));
#3877 = ( GEOMETRIC_REPRESENTATION_CONTEXT(2) 
PARAMETRIC_REPRESENTATION_CONTEXT() REPRESENTATION_CONTEXT('2D SPACE',''
  ) );
#3878 = PCURVE('',#3879,#3884);
#3879 = CYLINDRICAL_SURFACE('',#3880,2.5);
#3880 = AXIS2_PLACEMENT_3D('',#3881,#3882,#3883);
#3881 = CARTESIAN_POINT('',(10.5,5.5,-10.64595555576));
#3882 = DIRECTION('',(0.,0.,1.));
#3883 = DIRECTION('',(1.,0.,-0.));
#3884 = DEFINITIONAL_REPRESENTATION('',(#3885),#3889);
#3885 = LINE('',#3886,#3887);
#3886 = CARTESIAN_POINT('',(0.,0.));
#3887 = VECTOR('',#3888,1.);
#3888 = DIRECTION('',(0.,1.));
#3889 = ( GEOMETRIC_REPRESENTATION_CONTEXT(2) 
PARAMETRIC_REPRESENTATION_CONTEXT() REPRESENTATION_CONTEXT('2D SPACE',''
  ) );
#3890 = ORIENTED_EDGE('',*,*,#3891,.T.);
#3891 = EDGE_CURVE('',#3864,#2513,#3892,.T.);
#3892 = SURFACE_CURVE('',#3893,(#3897,#3904),.PCURVE_S1.);
#3893 = LINE('',#3894,#3895);
#3894 = CARTESIAN_POINT('',(13.,5.5,-5.125));
#3895 = VECTOR('',#3896,1.);
#3896 = DIRECTION('',(-0.,-1.,-0.));
#3897 = PCURVE('',#2528,#3898);
#3898 = DEFINITIONAL_REPRESENTATION('',(#3899),#3903);
#3899 = LINE('',#3900,#3901);
#3900 = CARTESIAN_POINT('',(5.520955555763,-5.5));
#3901 = VECTOR('',#3902,1.);
#3902 = DIRECTION('',(-0.,1.));
#3903 = ( GEOMETRIC_REPRESENTATION_CONTEXT(2) 
PARAMETRIC_REPRESENTATION_CONTEXT() REPRESENTATION_CONTEXT('2D SPACE',''
  ) );
#3904 = PCURVE('',#3603,#3905);
#3905 = DEFINITIONAL_REPRESENTATION('',(#3906),#3910);
#3906 = LINE('',#3907,#3908);
#3907 = CARTESIAN_POINT('',(0.,0.));
#3908 = VECTOR('',#3909,1.);
#3909 = DIRECTION('',(0.,1.));
#3910 = ( GEOMETRIC_REPRESENTATION_CONTEXT(2) 
PARAMETRIC_REPRESENTATION_CONTEXT() REPRESENTATION_CONTEXT('2D SPACE',''
  ) );
#3911 = ADVANCED_FACE('',(#3912),#2582,.T.);
#3912 = FACE_BOUND('',#3913,.T.);
#3913 = EDGE_LOOP('',(#3914,#3915,#3943,#3964));
#3914 = ORIENTED_EDGE('',*,*,#3814,.F.);
#3915 = ORIENTED_EDGE('',*,*,#3916,.T.);
#3916 = EDGE_CURVE('',#3786,#3917,#3919,.T.);
#3917 = VERTEX_POINT('',#3918);
#3918 = CARTESIAN_POINT('',(13.013461356745,5.5,-35.92476428115));
#3919 = SURFACE_CURVE('',#3920,(#3924,#3931),.PCURVE_S1.);
#3920 = LINE('',#3921,#3922);
#3921 = CARTESIAN_POINT('',(6.766451393897,5.5,-31.64507857294));
#3922 = VECTOR('',#3923,1.);
#3923 = DIRECTION('',(0.824973809017,0.,-0.565170960362));
#3924 = PCURVE('',#2582,#3925);
#3925 = DEFINITIONAL_REPRESENTATION('',(#3926),#3930);
#3926 = LINE('',#3927,#3928);
#3927 = CARTESIAN_POINT('',(0.,-5.5));
#3928 = VECTOR('',#3929,1.);
#3929 = DIRECTION('',(1.,0.));
#3930 = ( GEOMETRIC_REPRESENTATION_CONTEXT(2) 
PARAMETRIC_REPRESENTATION_CONTEXT() REPRESENTATION_CONTEXT('2D SPACE',''
  ) );
#3931 = PCURVE('',#3932,#3937);
#3932 = CYLINDRICAL_SURFACE('',#3933,2.5);
#3933 = AXIS2_PLACEMENT_3D('',#3934,#3935,#3936);
#3934 = CARTESIAN_POINT('',(8.179378794801,5.5,-29.5826440504));
#3935 = DIRECTION('',(0.824973809017,0.,-0.565170960362));
#3936 = DIRECTION('',(-0.565170960362,-0.,-0.824973809017));
#3937 = DEFINITIONAL_REPRESENTATION('',(#3938),#3942);
#3938 = LINE('',#3939,#3940);
#3939 = CARTESIAN_POINT('',(0.,0.));
#3940 = VECTOR('',#3941,1.);
#3941 = DIRECTION('',(0.,1.));
#3942 = ( GEOMETRIC_REPRESENTATION_CONTEXT(2) 
PARAMETRIC_REPRESENTATION_CONTEXT() REPRESENTATION_CONTEXT('2D SPACE',''
  ) );
#3943 = ORIENTED_EDGE('',*,*,#3944,.T.);
#3944 = EDGE_CURVE('',#3917,#2567,#3945,.T.);
#3945 = SURFACE_CURVE('',#3946,(#3950,#3957),.PCURVE_S1.);
#3946 = LINE('',#3947,#3948);
#3947 = CARTESIAN_POINT('',(13.013461356745,8.,-35.92476428115));
#3948 = VECTOR('',#3949,1.);
#3949 = DIRECTION('',(0.,-1.,0.));
#3950 = PCURVE('',#2582,#3951);
#3951 = DEFINITIONAL_REPRESENTATION('',(#3952),#3956);
#3952 = LINE('',#3953,#3954);
#3953 = CARTESIAN_POINT('',(7.572373685769,-8.));
#3954 = VECTOR('',#3955,1.);
#3955 = DIRECTION('',(0.,1.));
#3956 = ( GEOMETRIC_REPRESENTATION_CONTEXT(2) 
PARAMETRIC_REPRESENTATION_CONTEXT() REPRESENTATION_CONTEXT('2D SPACE',''
  ) );
#3957 = PCURVE('',#2711,#3958);
#3958 = DEFINITIONAL_REPRESENTATION('',(#3959),#3963);
#3959 = LINE('',#3960,#3961);
#3960 = CARTESIAN_POINT('',(0.,-8.));
#3961 = VECTOR('',#3962,1.);
#3962 = DIRECTION('',(-0.,1.));
#3963 = ( GEOMETRIC_REPRESENTATION_CONTEXT(2) 
PARAMETRIC_REPRESENTATION_CONTEXT() REPRESENTATION_CONTEXT('2D SPACE',''
  ) );
#3964 = ORIENTED_EDGE('',*,*,#2566,.F.);
#3965 = ADVANCED_FACE('',(#3966),#2657,.F.);
#3966 = FACE_BOUND('',#3967,.T.);
#3967 = EDGE_LOOP('',(#3968,#3991,#4018,#4019));
#3968 = ORIENTED_EDGE('',*,*,#3969,.F.);
#3969 = EDGE_CURVE('',#3970,#2619,#3972,.T.);
#3970 = VERTEX_POINT('',#3971);
#3971 = CARTESIAN_POINT('',(14.015432053706,5.5,-12.89573109441));
#3972 = SURFACE_CURVE('',#3973,(#3977,#3984),.PCURVE_S1.);
#3973 = LINE('',#3974,#3975);
#3974 = CARTESIAN_POINT('',(14.015432048622,8.,-12.89573110017));
#3975 = VECTOR('',#3976,1.);
#3976 = DIRECTION('',(0.,-1.,0.));
#3977 = PCURVE('',#2657,#3978);
#3978 = DEFINITIONAL_REPRESENTATION('',(#3979),#3983);
#3979 = LINE('',#3980,#3981);
#3980 = CARTESIAN_POINT('',(-5.435236333023,-8.));
#3981 = VECTOR('',#3982,1.);
#3982 = DIRECTION('',(0.,1.));
#3983 = ( GEOMETRIC_REPRESENTATION_CONTEXT(2) 
PARAMETRIC_REPRESENTATION_CONTEXT() REPRESENTATION_CONTEXT('2D SPACE',''
  ) );
#3984 = PCURVE('',#2741,#3985);
#3985 = DEFINITIONAL_REPRESENTATION('',(#3986),#3990);
#3986 = LINE('',#3987,#3988);
#3987 = CARTESIAN_POINT('',(13.385697717553,-8.));
#3988 = VECTOR('',#3989,1.);
#3989 = DIRECTION('',(0.,1.));
#3990 = ( GEOMETRIC_REPRESENTATION_CONTEXT(2) 
PARAMETRIC_REPRESENTATION_CONTEXT() REPRESENTATION_CONTEXT('2D SPACE',''
  ) );
#3991 = ORIENTED_EDGE('',*,*,#3992,.T.);
#3992 = EDGE_CURVE('',#3970,#3841,#3993,.T.);
#3993 = SURFACE_CURVE('',#3994,(#3999,#4006),.PCURVE_S1.);
#3994 = CIRCLE('',#3995,3.);
#3995 = AXIS2_PLACEMENT_3D('',#3996,#3997,#3998);
#3996 = CARTESIAN_POINT('',(16.,5.5,-10.64595555576));
#3997 = DIRECTION('',(0.,1.,-0.));
#3998 = DIRECTION('',(-0.661522652154,-0.,-0.749925183393));
#3999 = PCURVE('',#2657,#4000);
#4000 = DEFINITIONAL_REPRESENTATION('',(#4001),#4005);
#4001 = LINE('',#4002,#4003);
#4002 = CARTESIAN_POINT('',(-5.435236333023,-5.5));
#4003 = VECTOR('',#4004,1.);
#4004 = DIRECTION('',(-1.,0.));
#4005 = ( GEOMETRIC_REPRESENTATION_CONTEXT(2) 
PARAMETRIC_REPRESENTATION_CONTEXT() REPRESENTATION_CONTEXT('2D SPACE',''
  ) );
#4006 = PCURVE('',#4007,#4012);
#4007 = TOROIDAL_SURFACE('',#4008,5.5,2.5);
#4008 = AXIS2_PLACEMENT_3D('',#4009,#4010,#4011);
#4009 = CARTESIAN_POINT('',(16.,5.5,-10.64595555576));
#4010 = DIRECTION('',(0.,-1.,0.));
#4011 = DIRECTION('',(-0.661522652154,-0.,-0.749925183393));
#4012 = DEFINITIONAL_REPRESENTATION('',(#4013),#4017);
#4013 = LINE('',#4014,#4015);
#4014 = CARTESIAN_POINT('',(-0.,3.14159265359));
#4015 = VECTOR('',#4016,1.);
#4016 = DIRECTION('',(-1.,0.));
#4017 = ( GEOMETRIC_REPRESENTATION_CONTEXT(2) 
PARAMETRIC_REPRESENTATION_CONTEXT() REPRESENTATION_CONTEXT('2D SPACE',''
  ) );
#4018 = ORIENTED_EDGE('',*,*,#3840,.F.);
#4019 = ORIENTED_EDGE('',*,*,#2642,.F.);
#4020 = ADVANCED_FACE('',(#4021),#2711,.T.);
#4021 = FACE_BOUND('',#4022,.T.);
#4022 = EDGE_LOOP('',(#4023,#4024,#4053,#4074));
#4023 = ORIENTED_EDGE('',*,*,#3944,.F.);
#4024 = ORIENTED_EDGE('',*,*,#4025,.T.);
#4025 = EDGE_CURVE('',#3917,#4026,#4028,.T.);
#4026 = VERTEX_POINT('',#4027);
#4027 = CARTESIAN_POINT('',(24.053703869386,5.5,-21.75067334946));
#4028 = SURFACE_CURVE('',#4029,(#4034,#4041),.PCURVE_S1.);
#4029 = CIRCLE('',#4030,9.);
#4030 = AXIS2_PLACEMENT_3D('',#4031,#4032,#4033);
#4031 = CARTESIAN_POINT('',(18.1,5.5,-28.5));
#4032 = DIRECTION('',(0.,-1.,0.));
#4033 = DIRECTION('',(-0.565170960362,-0.,-0.824973809017));
#4034 = PCURVE('',#2711,#4035);
#4035 = DEFINITIONAL_REPRESENTATION('',(#4036),#4040);
#4036 = LINE('',#4037,#4038);
#4037 = CARTESIAN_POINT('',(0.,-5.5));
#4038 = VECTOR('',#4039,1.);
#4039 = DIRECTION('',(1.,0.));
#4040 = ( GEOMETRIC_REPRESENTATION_CONTEXT(2) 
PARAMETRIC_REPRESENTATION_CONTEXT() REPRESENTATION_CONTEXT('2D SPACE',''
  ) );
#4041 = PCURVE('',#4042,#4047);
#4042 = TOROIDAL_SURFACE('',#4043,6.5,2.5);
#4043 = AXIS2_PLACEMENT_3D('',#4044,#4045,#4046);
#4044 = CARTESIAN_POINT('',(18.1,5.5,-28.5));
#4045 = DIRECTION('',(-0.,1.,-0.));
#4046 = DIRECTION('',(-0.565170960362,-0.,-0.824973809017));
#4047 = DEFINITIONAL_REPRESENTATION('',(#4048),#4052);
#4048 = LINE('',#4049,#4050);
#4049 = CARTESIAN_POINT('',(-0.,0.));
#4050 = VECTOR('',#4051,1.);
#4051 = DIRECTION('',(-1.,0.));
#4052 = ( GEOMETRIC_REPRESENTATION_CONTEXT(2) 
PARAMETRIC_REPRESENTATION_CONTEXT() REPRESENTATION_CONTEXT('2D SPACE',''
  ) );
#4053 = ORIENTED_EDGE('',*,*,#4054,.T.);
#4054 = EDGE_CURVE('',#4026,#2675,#4055,.T.);
#4055 = SURFACE_CURVE('',#4056,(#4060,#4067),.PCURVE_S1.);
#4056 = LINE('',#4057,#4058);
#4057 = CARTESIAN_POINT('',(24.053703869386,8.,-21.75067334946));
#4058 = VECTOR('',#4059,1.);
#4059 = DIRECTION('',(0.,-1.,0.));
#4060 = PCURVE('',#2711,#4061);
#4061 = DEFINITIONAL_REPRESENTATION('',(#4062),#4066);
#4062 = LINE('',#4063,#4064);
#4063 = CARTESIAN_POINT('',(3.019385771085,-8.));
#4064 = VECTOR('',#4065,1.);
#4065 = DIRECTION('',(-0.,1.));
#4066 = ( GEOMETRIC_REPRESENTATION_CONTEXT(2) 
PARAMETRIC_REPRESENTATION_CONTEXT() REPRESENTATION_CONTEXT('2D SPACE',''
  ) );
#4067 = PCURVE('',#2741,#4068);
#4068 = DEFINITIONAL_REPRESENTATION('',(#4069),#4073);
#4069 = LINE('',#4070,#4071);
#4070 = CARTESIAN_POINT('',(0.,-8.));
#4071 = VECTOR('',#4072,1.);
#4072 = DIRECTION('',(0.,1.));
#4073 = ( GEOMETRIC_REPRESENTATION_CONTEXT(2) 
PARAMETRIC_REPRESENTATION_CONTEXT() REPRESENTATION_CONTEXT('2D SPACE',''
  ) );
#4074 = ORIENTED_EDGE('',*,*,#2696,.F.);
#4075 = ADVANCED_FACE('',(#4076),#2741,.T.);
#4076 = FACE_BOUND('',#4077,.T.);
#4077 = EDGE_LOOP('',(#4078,#4079,#4105,#4106));
#4078 = ORIENTED_EDGE('',*,*,#4054,.F.);
#4079 = ORIENTED_EDGE('',*,*,#4080,.T.);
#4080 = EDGE_CURVE('',#4026,#3970,#4081,.T.);
#4081 = SURFACE_CURVE('',#4082,(#4086,#4093),.PCURVE_S1.);
#4082 = LINE('',#4083,#4084);
#4083 = CARTESIAN_POINT('',(24.053703869386,5.5,-21.75067334946));
#4084 = VECTOR('',#4085,1.);
#4085 = DIRECTION('',(-0.749925183393,0.,0.661522652154));
#4086 = PCURVE('',#2741,#4087);
#4087 = DEFINITIONAL_REPRESENTATION('',(#4088),#4092);
#4088 = LINE('',#4089,#4090);
#4089 = CARTESIAN_POINT('',(0.,-5.5));
#4090 = VECTOR('',#4091,1.);
#4091 = DIRECTION('',(1.,0.));
#4092 = ( GEOMETRIC_REPRESENTATION_CONTEXT(2) 
PARAMETRIC_REPRESENTATION_CONTEXT() REPRESENTATION_CONTEXT('2D SPACE',''
  ) );
#4093 = PCURVE('',#4094,#4099);
#4094 = CYLINDRICAL_SURFACE('',#4095,2.5);
#4095 = AXIS2_PLACEMENT_3D('',#4096,#4097,#4098);
#4096 = CARTESIAN_POINT('',(22.399897239001,5.5,-23.62548630794));
#4097 = DIRECTION('',(-0.749925183393,0.,0.661522652154));
#4098 = DIRECTION('',(0.661522652154,0.,0.749925183393));
#4099 = DEFINITIONAL_REPRESENTATION('',(#4100),#4104);
#4100 = LINE('',#4101,#4102);
#4101 = CARTESIAN_POINT('',(0.,0.));
#4102 = VECTOR('',#4103,1.);
#4103 = DIRECTION('',(0.,1.));
#4104 = ( GEOMETRIC_REPRESENTATION_CONTEXT(2) 
PARAMETRIC_REPRESENTATION_CONTEXT() REPRESENTATION_CONTEXT('2D SPACE',''
  ) );
#4105 = ORIENTED_EDGE('',*,*,#3969,.T.);
#4106 = ORIENTED_EDGE('',*,*,#2727,.F.);
#4107 = ADVANCED_FACE('',(#4108,#4306),#2797,.F.);
#4108 = FACE_BOUND('',#4109,.F.);
#4109 = EDGE_LOOP('',(#4110,#4111,#4112,#4135,#4163,#4186,#4210,#4233,
    #4261,#4284,#4305));
#4110 = ORIENTED_EDGE('',*,*,#3168,.F.);
#4111 = ORIENTED_EDGE('',*,*,#3144,.F.);
#4112 = ORIENTED_EDGE('',*,*,#4113,.T.);
#4113 = EDGE_CURVE('',#3014,#4114,#4116,.T.);
#4114 = VERTEX_POINT('',#4115);
#4115 = CARTESIAN_POINT('',(5.070938512812,8.,-28.62));
#4116 = SURFACE_CURVE('',#4117,(#4121,#4128),.PCURVE_S1.);
#4117 = LINE('',#4118,#4119);
#4118 = CARTESIAN_POINT('',(-5.12347538298,8.,-28.62));
#4119 = VECTOR('',#4120,1.);
#4120 = DIRECTION('',(1.,1.742480595313E-16,-3.484961190625E-16));
#4121 = PCURVE('',#2797,#4122);
#4122 = DEFINITIONAL_REPRESENTATION('',(#4123),#4127);
#4123 = LINE('',#4124,#4125);
#4124 = CARTESIAN_POINT('',(-16.18393736192,-7.897327079539));
#4125 = VECTOR('',#4126,1.);
#4126 = DIRECTION('',(1.,-3.484961190625E-16));
#4127 = ( GEOMETRIC_REPRESENTATION_CONTEXT(2) 
PARAMETRIC_REPRESENTATION_CONTEXT() REPRESENTATION_CONTEXT('2D SPACE',''
  ) );
#4128 = PCURVE('',#3062,#4129);
#4129 = DEFINITIONAL_REPRESENTATION('',(#4130),#4134);
#4130 = LINE('',#4131,#4132);
#4131 = CARTESIAN_POINT('',(1.570796326795,0.));
#4132 = VECTOR('',#4133,1.);
#4133 = DIRECTION('',(0.,1.));
#4134 = ( GEOMETRIC_REPRESENTATION_CONTEXT(2) 
PARAMETRIC_REPRESENTATION_CONTEXT() REPRESENTATION_CONTEXT('2D SPACE',''
  ) );
#4135 = ORIENTED_EDGE('',*,*,#4136,.T.);
#4136 = EDGE_CURVE('',#4114,#4137,#4139,.T.);
#4137 = VERTEX_POINT('',#4138);
#4138 = CARTESIAN_POINT('',(8.179378794801,8.,-29.5826440504));
#4139 = SURFACE_CURVE('',#4140,(#4145,#4156),.PCURVE_S1.);
#4140 = CIRCLE('',#4141,5.5);
#4141 = AXIS2_PLACEMENT_3D('',#4142,#4143,#4144);
#4142 = CARTESIAN_POINT('',(5.070938512812,8.,-34.12));
#4143 = DIRECTION('',(-0.,1.,0.));
#4144 = DIRECTION('',(0.,0.,1.));
#4145 = PCURVE('',#2797,#4146);
#4146 = DEFINITIONAL_REPRESENTATION('',(#4147),#4155);
#4147 = ( BOUNDED_CURVE() B_SPLINE_CURVE(2,(#4148,#4149,#4150,#4151,
#4152,#4153,#4154),.UNSPECIFIED.,.T.,.F.) B_SPLINE_CURVE_WITH_KNOTS((1,2
    ,2,2,2,1),(-2.094395102393,0.,2.094395102393,4.188790204786,
6.28318530718,8.377580409573),.UNSPECIFIED.) CURVE() 
GEOMETRIC_REPRESENTATION_ITEM() RATIONAL_B_SPLINE_CURVE((1.,0.5,1.,0.5,
1.,0.5,1.)) REPRESENTATION_ITEM('') );
#4148 = CARTESIAN_POINT('',(-5.989523466129,-7.897327079539));
#4149 = CARTESIAN_POINT('',(3.5367559755,-7.897327079539));
#4150 = CARTESIAN_POINT('',(-1.226383745315,-16.14732707953));
#4151 = CARTESIAN_POINT('',(-5.989523466129,-24.39732707953));
#4152 = CARTESIAN_POINT('',(-10.75266318694,-16.14732707953));
#4153 = CARTESIAN_POINT('',(-15.51580290775,-7.897327079539));
#4154 = CARTESIAN_POINT('',(-5.989523466129,-7.897327079539));
#4155 = ( GEOMETRIC_REPRESENTATION_CONTEXT(2) 
PARAMETRIC_REPRESENTATION_CONTEXT() REPRESENTATION_CONTEXT('2D SPACE',''
  ) );
#4156 = PCURVE('',#3802,#4157);
#4157 = DEFINITIONAL_REPRESENTATION('',(#4158),#4162);
#4158 = LINE('',#4159,#4160);
#4159 = CARTESIAN_POINT('',(-0.,4.712388980385));
#4160 = VECTOR('',#4161,1.);
#4161 = DIRECTION('',(-1.,0.));
#4162 = ( GEOMETRIC_REPRESENTATION_CONTEXT(2) 
PARAMETRIC_REPRESENTATION_CONTEXT() REPRESENTATION_CONTEXT('2D SPACE',''
  ) );
#4163 = ORIENTED_EDGE('',*,*,#4164,.T.);
#4164 = EDGE_CURVE('',#4137,#4165,#4167,.T.);
#4165 = VERTEX_POINT('',#4166);
#4166 = CARTESIAN_POINT('',(14.426388757649,8.,-33.86232975861));
#4167 = SURFACE_CURVE('',#4168,(#4172,#4179),.PCURVE_S1.);
#4168 = LINE('',#4169,#4170);
#4169 = CARTESIAN_POINT('',(8.179378794801,8.,-29.5826440504));
#4170 = VECTOR('',#4171,1.);
#4171 = DIRECTION('',(0.824973809017,0.,-0.565170960362));
#4172 = PCURVE('',#2797,#4173);
#4173 = DEFINITIONAL_REPRESENTATION('',(#4174),#4178);
#4174 = LINE('',#4175,#4176);
#4175 = CARTESIAN_POINT('',(-2.88108318414,-8.859971129946));
#4176 = VECTOR('',#4177,1.);
#4177 = DIRECTION('',(0.824973809017,-0.565170960362));
#4178 = ( GEOMETRIC_REPRESENTATION_CONTEXT(2) 
PARAMETRIC_REPRESENTATION_CONTEXT() REPRESENTATION_CONTEXT('2D SPACE',''
  ) );
#4179 = PCURVE('',#3932,#4180);
#4180 = DEFINITIONAL_REPRESENTATION('',(#4181),#4185);
#4181 = LINE('',#4182,#4183);
#4182 = CARTESIAN_POINT('',(1.570796326795,0.));
#4183 = VECTOR('',#4184,1.);
#4184 = DIRECTION('',(0.,1.));
#4185 = ( GEOMETRIC_REPRESENTATION_CONTEXT(2) 
PARAMETRIC_REPRESENTATION_CONTEXT() REPRESENTATION_CONTEXT('2D SPACE',''
  ) );
#4186 = ORIENTED_EDGE('',*,*,#4187,.T.);
#4187 = EDGE_CURVE('',#4165,#4188,#4190,.T.);
#4188 = VERTEX_POINT('',#4189);
#4189 = CARTESIAN_POINT('',(22.399897239001,8.,-23.62548630794));
#4190 = SURFACE_CURVE('',#4191,(#4196,#4203),.PCURVE_S1.);
#4191 = CIRCLE('',#4192,6.5);
#4192 = AXIS2_PLACEMENT_3D('',#4193,#4194,#4195);
#4193 = CARTESIAN_POINT('',(18.1,8.,-28.5));
#4194 = DIRECTION('',(0.,-1.,0.));
#4195 = DIRECTION('',(-0.565170960362,-0.,-0.824973809017));
#4196 = PCURVE('',#2797,#4197);
#4197 = DEFINITIONAL_REPRESENTATION('',(#4198),#4202);
#4198 = CIRCLE('',#4199,6.5);
#4199 = AXIS2_PLACEMENT_2D('',#4200,#4201);
#4200 = CARTESIAN_POINT('',(7.039538021059,-7.777327079539));
#4201 = DIRECTION('',(-0.565170960362,-0.824973809017));
#4202 = ( GEOMETRIC_REPRESENTATION_CONTEXT(2) 
PARAMETRIC_REPRESENTATION_CONTEXT() REPRESENTATION_CONTEXT('2D SPACE',''
  ) );
#4203 = PCURVE('',#4042,#4204);
#4204 = DEFINITIONAL_REPRESENTATION('',(#4205),#4209);
#4205 = LINE('',#4206,#4207);
#4206 = CARTESIAN_POINT('',(-0.,1.570796326795));
#4207 = VECTOR('',#4208,1.);
#4208 = DIRECTION('',(-1.,0.));
#4209 = ( GEOMETRIC_REPRESENTATION_CONTEXT(2) 
PARAMETRIC_REPRESENTATION_CONTEXT() REPRESENTATION_CONTEXT('2D SPACE',''
  ) );
#4210 = ORIENTED_EDGE('',*,*,#4211,.T.);
#4211 = EDGE_CURVE('',#4188,#4212,#4214,.T.);
#4212 = VERTEX_POINT('',#4213);
#4213 = CARTESIAN_POINT('',(12.361625423321,8.,-14.77054405289));
#4214 = SURFACE_CURVE('',#4215,(#4219,#4226),.PCURVE_S1.);
#4215 = LINE('',#4216,#4217);
#4216 = CARTESIAN_POINT('',(22.399897239001,8.,-23.62548630794));
#4217 = VECTOR('',#4218,1.);
#4218 = DIRECTION('',(-0.749925183393,0.,0.661522652154));
#4219 = PCURVE('',#2797,#4220);
#4220 = DEFINITIONAL_REPRESENTATION('',(#4221),#4225);
#4221 = LINE('',#4222,#4223);
#4222 = CARTESIAN_POINT('',(11.33943526006,-2.902813387484));
#4223 = VECTOR('',#4224,1.);
#4224 = DIRECTION('',(-0.749925183393,0.661522652154));
#4225 = ( GEOMETRIC_REPRESENTATION_CONTEXT(2) 
PARAMETRIC_REPRESENTATION_CONTEXT() REPRESENTATION_CONTEXT('2D SPACE',''
  ) );
#4226 = PCURVE('',#4094,#4227);
#4227 = DEFINITIONAL_REPRESENTATION('',(#4228),#4232);
#4228 = LINE('',#4229,#4230);
#4229 = CARTESIAN_POINT('',(1.570796326795,0.));
#4230 = VECTOR('',#4231,1.);
#4231 = DIRECTION('',(0.,1.));
#4232 = ( GEOMETRIC_REPRESENTATION_CONTEXT(2) 
PARAMETRIC_REPRESENTATION_CONTEXT() REPRESENTATION_CONTEXT('2D SPACE',''
  ) );
#4233 = ORIENTED_EDGE('',*,*,#4234,.T.);
#4234 = EDGE_CURVE('',#4212,#4235,#4237,.T.);
#4235 = VERTEX_POINT('',#4236);
#4236 = CARTESIAN_POINT('',(10.5,8.,-10.64595555576));
#4237 = SURFACE_CURVE('',#4238,(#4243,#4254),.PCURVE_S1.);
#4238 = CIRCLE('',#4239,5.5);
#4239 = AXIS2_PLACEMENT_3D('',#4240,#4241,#4242);
#4240 = CARTESIAN_POINT('',(16.,8.,-10.64595555576));
#4241 = DIRECTION('',(0.,1.,-0.));
#4242 = DIRECTION('',(-0.661522652154,-0.,-0.749925183393));
#4243 = PCURVE('',#2797,#4244);
#4244 = DEFINITIONAL_REPRESENTATION('',(#4245),#4253);
#4245 = ( BOUNDED_CURVE() B_SPLINE_CURVE(2,(#4246,#4247,#4248,#4249,
#4250,#4251,#4252),.UNSPECIFIED.,.T.,.F.) B_SPLINE_CURVE_WITH_KNOTS((1,2
    ,2,2,2,1),(-2.094395102393,0.,2.094395102393,4.188790204786,
6.28318530718,8.377580409573),.UNSPECIFIED.) CURVE() 
GEOMETRIC_REPRESENTATION_ITEM() RATIONAL_B_SPLINE_CURVE((1.,0.5,1.,0.5,
1.,0.5,1.)) REPRESENTATION_ITEM('') );
#4246 = CARTESIAN_POINT('',(1.301163434212,5.952128856036));
#4247 = CARTESIAN_POINT('',(-5.842833423105,12.253978497423));
#4248 = CARTESIAN_POINT('',(3.186726885824,15.289936439722));
#4249 = CARTESIAN_POINT('',(12.216287194753,18.325894382021));
#4250 = CARTESIAN_POINT('',(10.330723743141,8.988086798335));
#4251 = CARTESIAN_POINT('',(8.445160291529,-0.349720785351));
#4252 = CARTESIAN_POINT('',(1.301163434212,5.952128856036));
#4253 = ( GEOMETRIC_REPRESENTATION_CONTEXT(2) 
PARAMETRIC_REPRESENTATION_CONTEXT() REPRESENTATION_CONTEXT('2D SPACE',''
  ) );
#4254 = PCURVE('',#4007,#4255);
#4255 = DEFINITIONAL_REPRESENTATION('',(#4256),#4260);
#4256 = LINE('',#4257,#4258);
#4257 = CARTESIAN_POINT('',(-0.,4.712388980385));
#4258 = VECTOR('',#4259,1.);
#4259 = DIRECTION('',(-1.,0.));
#4260 = ( GEOMETRIC_REPRESENTATION_CONTEXT(2) 
PARAMETRIC_REPRESENTATION_CONTEXT() REPRESENTATION_CONTEXT('2D SPACE',''
  ) );
#4261 = ORIENTED_EDGE('',*,*,#4262,.T.);
#4262 = EDGE_CURVE('',#4235,#4263,#4265,.T.);
#4263 = VERTEX_POINT('',#4264);
#4264 = CARTESIAN_POINT('',(10.5,8.,-5.125));
#4265 = SURFACE_CURVE('',#4266,(#4270,#4277),.PCURVE_S1.);
#4266 = LINE('',#4267,#4268);
#4267 = CARTESIAN_POINT('',(10.5,8.,-10.64595555576));
#4268 = VECTOR('',#4269,1.);
#4269 = DIRECTION('',(0.,0.,1.));
#4270 = PCURVE('',#2797,#4271);
#4271 = DEFINITIONAL_REPRESENTATION('',(#4272),#4276);
#4272 = LINE('',#4273,#4274);
#4273 = CARTESIAN_POINT('',(-0.560461978941,10.076717364698));
#4274 = VECTOR('',#4275,1.);
#4275 = DIRECTION('',(0.,1.));
#4276 = ( GEOMETRIC_REPRESENTATION_CONTEXT(2) 
PARAMETRIC_REPRESENTATION_CONTEXT() REPRESENTATION_CONTEXT('2D SPACE',''
  ) );
#4277 = PCURVE('',#3879,#4278);
#4278 = DEFINITIONAL_REPRESENTATION('',(#4279),#4283);
#4279 = LINE('',#4280,#4281);
#4280 = CARTESIAN_POINT('',(1.570796326795,0.));
#4281 = VECTOR('',#4282,1.);
#4282 = DIRECTION('',(0.,1.));
#4283 = ( GEOMETRIC_REPRESENTATION_CONTEXT(2) 
PARAMETRIC_REPRESENTATION_CONTEXT() REPRESENTATION_CONTEXT('2D SPACE',''
  ) );
#4284 = ORIENTED_EDGE('',*,*,#4285,.F.);
#4285 = EDGE_CURVE('',#3428,#4263,#4286,.T.);
#4286 = SURFACE_CURVE('',#4287,(#4291,#4298),.PCURVE_S1.);
#4287 = LINE('',#4288,#4289);
#4288 = CARTESIAN_POINT('',(2.,8.,-5.125));
#4289 = VECTOR('',#4290,1.);
#4290 = DIRECTION('',(1.,0.,0.));
#4291 = PCURVE('',#2797,#4292);
#4292 = DEFINITIONAL_REPRESENTATION('',(#4293),#4297);
#4293 = LINE('',#4294,#4295);
#4294 = CARTESIAN_POINT('',(-9.060461978941,15.597672920461));
#4295 = VECTOR('',#4296,1.);
#4296 = DIRECTION('',(1.,0.));
#4297 = ( GEOMETRIC_REPRESENTATION_CONTEXT(2) 
PARAMETRIC_REPRESENTATION_CONTEXT() REPRESENTATION_CONTEXT('2D SPACE',''
  ) );
#4298 = PCURVE('',#3681,#4299);
#4299 = DEFINITIONAL_REPRESENTATION('',(#4300),#4304);
#4300 = LINE('',#4301,#4302);
#4301 = CARTESIAN_POINT('',(0.,0.));
#4302 = VECTOR('',#4303,1.);
#4303 = DIRECTION('',(0.,1.));
#4304 = ( GEOMETRIC_REPRESENTATION_CONTEXT(2) 
PARAMETRIC_REPRESENTATION_CONTEXT() REPRESENTATION_CONTEXT('2D SPACE',''
  ) );
#4305 = ORIENTED_EDGE('',*,*,#3427,.F.);
#4306 = FACE_BOUND('',#4307,.F.);
#4307 = EDGE_LOOP('',(#4308));
#4308 = ORIENTED_EDGE('',*,*,#2782,.F.);
#4309 = ADVANCED_FACE('',(#4310),#3062,.T.);
#4310 = FACE_BOUND('',#4311,.T.);
#4311 = EDGE_LOOP('',(#4312,#4313,#4314,#4315));
#4312 = ORIENTED_EDGE('',*,*,#3505,.F.);
#4313 = ORIENTED_EDGE('',*,*,#3038,.T.);
#4314 = ORIENTED_EDGE('',*,*,#4113,.T.);
#4315 = ORIENTED_EDGE('',*,*,#4316,.F.);
#4316 = EDGE_CURVE('',#3506,#4114,#4317,.T.);
#4317 = SURFACE_CURVE('',#4318,(#4323,#4329),.PCURVE_S1.);
#4318 = CIRCLE('',#4319,2.5);
#4319 = AXIS2_PLACEMENT_3D('',#4320,#4321,#4322);
#4320 = CARTESIAN_POINT('',(5.070938512812,5.5,-28.62));
#4321 = DIRECTION('',(1.,1.742480595313E-16,-3.484961190625E-16));
#4322 = DIRECTION('',(-3.484961190625E-16,-6.072477250082E-32,-1.));
#4323 = PCURVE('',#3062,#4324);
#4324 = DEFINITIONAL_REPRESENTATION('',(#4325),#4328);
#4325 = B_SPLINE_CURVE_WITH_KNOTS('',1,(#4326,#4327),.UNSPECIFIED.,.F.,
  .F.,(2,2),(0.,1.570796326795),.PIECEWISE_BEZIER_KNOTS.);
#4326 = CARTESIAN_POINT('',(0.,10.194413895792));
#4327 = CARTESIAN_POINT('',(1.570796326795,10.194413895792));
#4328 = ( GEOMETRIC_REPRESENTATION_CONTEXT(2) 
PARAMETRIC_REPRESENTATION_CONTEXT() REPRESENTATION_CONTEXT('2D SPACE',''
  ) );
#4329 = PCURVE('',#3802,#4330);
#4330 = DEFINITIONAL_REPRESENTATION('',(#4331),#4334);
#4331 = B_SPLINE_CURVE_WITH_KNOTS('',1,(#4332,#4333),.UNSPECIFIED.,.F.,
  .F.,(2,2),(0.,1.570796326795),.PIECEWISE_BEZIER_KNOTS.);
#4332 = CARTESIAN_POINT('',(0.,3.14159265359));
#4333 = CARTESIAN_POINT('',(0.,4.712388980385));
#4334 = ( GEOMETRIC_REPRESENTATION_CONTEXT(2) 
PARAMETRIC_REPRESENTATION_CONTEXT() REPRESENTATION_CONTEXT('2D SPACE',''
  ) );
#4335 = ADVANCED_FACE('',(#4336),#3284,.T.);
#4336 = FACE_BOUND('',#4337,.F.);
#4337 = EDGE_LOOP('',(#4338,#4370,#4371,#4372));
#4338 = ORIENTED_EDGE('',*,*,#4339,.T.);
#4339 = EDGE_CURVE('',#3428,#3643,#4340,.T.);
#4340 = SURFACE_CURVE('',#4341,(#4346,#4358),.PCURVE_S1.);
#4341 = ELLIPSE('',#4342,1.358585340181,1.125);
#4342 = AXIS2_PLACEMENT_3D('',#4343,#4344,#4345);
#4343 = CARTESIAN_POINT('',(1.238337918395,6.875,-5.125));
#4344 = DIRECTION('',(0.828067230469,-0.560628809305,0.));
#4345 = DIRECTION('',(0.560628809305,0.828067230469,0.));
#4346 = PCURVE('',#3284,#4347);
#4347 = DEFINITIONAL_REPRESENTATION('',(#4348),#4357);
#4348 = B_SPLINE_CURVE_WITH_KNOTS('',7,(#4349,#4350,#4351,#4352,#4353,
    #4354,#4355,#4356),.UNSPECIFIED.,.F.,.F.,(8,8),(0.,1.570796326795),
  .PIECEWISE_BEZIER_KNOTS.);
#4349 = CARTESIAN_POINT('',(3.552713678801E-15,0.));
#4350 = CARTESIAN_POINT('',(-0.224399475256,0.));
#4351 = CARTESIAN_POINT('',(-0.448798950513,-4.474663627165E-02));
#4352 = CARTESIAN_POINT('',(-0.673198425769,-0.134233417584));
#4353 = CARTESIAN_POINT('',(-0.897597901026,-0.262966251362));
#4354 = CARTESIAN_POINT('',(-1.121997376282,-0.419829632757));
#4355 = CARTESIAN_POINT('',(-1.346396851538,-0.59074551017));
#4356 = CARTESIAN_POINT('',(-1.570796326795,-0.761662081605));
#4357 = ( GEOMETRIC_REPRESENTATION_CONTEXT(2) 
PARAMETRIC_REPRESENTATION_CONTEXT() REPRESENTATION_CONTEXT('2D SPACE',''
  ) );
#4358 = PCURVE('',#3681,#4359);
#4359 = DEFINITIONAL_REPRESENTATION('',(#4360),#4369);
#4360 = B_SPLINE_CURVE_WITH_KNOTS('',7,(#4361,#4362,#4363,#4364,#4365,
    #4366,#4367,#4368),.UNSPECIFIED.,.F.,.F.,(8,8),(0.,1.570796326795),
  .PIECEWISE_BEZIER_KNOTS.);
#4361 = CARTESIAN_POINT('',(0.,-2.22044604925E-16));
#4362 = CARTESIAN_POINT('',(0.224399475256,-2.22044604925E-16));
#4363 = CARTESIAN_POINT('',(0.448798950513,-4.474663627172E-02));
#4364 = CARTESIAN_POINT('',(0.673198425769,-0.134233417584));
#4365 = CARTESIAN_POINT('',(0.897597901026,-0.262966251362));
#4366 = CARTESIAN_POINT('',(1.121997376282,-0.419829632757));
#4367 = CARTESIAN_POINT('',(1.346396851538,-0.59074551017));
#4368 = CARTESIAN_POINT('',(1.570796326795,-0.761662081605));
#4369 = ( GEOMETRIC_REPRESENTATION_CONTEXT(2) 
PARAMETRIC_REPRESENTATION_CONTEXT() REPRESENTATION_CONTEXT('2D SPACE',''
  ) );
#4370 = ORIENTED_EDGE('',*,*,#3642,.T.);
#4371 = ORIENTED_EDGE('',*,*,#3230,.F.);
#4372 = ORIENTED_EDGE('',*,*,#3450,.F.);
#4373 = ADVANCED_FACE('',(#4374),#3572,.F.);
#4374 = FACE_BOUND('',#4375,.F.);
#4375 = EDGE_LOOP('',(#4376,#4405,#4426,#4427));
#4376 = ORIENTED_EDGE('',*,*,#4377,.F.);
#4377 = EDGE_CURVE('',#4378,#4378,#4380,.T.);
#4378 = VERTEX_POINT('',#4379);
#4379 = CARTESIAN_POINT('',(2.75,-6.73555739531E-16,-23.22));
#4380 = SURFACE_CURVE('',#4381,(#4386,#4393),.PCURVE_S1.);
#4381 = CIRCLE('',#4382,2.75);
#4382 = AXIS2_PLACEMENT_3D('',#4383,#4384,#4385);
#4383 = CARTESIAN_POINT('',(0.,0.,-23.22));
#4384 = DIRECTION('',(0.,0.,1.));
#4385 = DIRECTION('',(1.,0.,-0.));
#4386 = PCURVE('',#3572,#4387);
#4387 = DEFINITIONAL_REPRESENTATION('',(#4388),#4392);
#4388 = LINE('',#4389,#4390);
#4389 = CARTESIAN_POINT('',(0.,8.9));
#4390 = VECTOR('',#4391,1.);
#4391 = DIRECTION('',(1.,0.));
#4392 = ( GEOMETRIC_REPRESENTATION_CONTEXT(2) 
PARAMETRIC_REPRESENTATION_CONTEXT() REPRESENTATION_CONTEXT('2D SPACE',''
  ) );
#4393 = PCURVE('',#4394,#4399);
#4394 = PLANE('',#4395);
#4395 = AXIS2_PLACEMENT_3D('',#4396,#4397,#4398);
#4396 = CARTESIAN_POINT('',(0.,0.,-23.22));
#4397 = DIRECTION('',(0.,0.,1.));
#4398 = DIRECTION('',(1.,0.,-0.));
#4399 = DEFINITIONAL_REPRESENTATION('',(#4400),#4404);
#4400 = CIRCLE('',#4401,2.75);
#4401 = AXIS2_PLACEMENT_2D('',#4402,#4403);
#4402 = CARTESIAN_POINT('',(0.,0.));
#4403 = DIRECTION('',(1.,0.));
#4404 = ( GEOMETRIC_REPRESENTATION_CONTEXT(2) 
PARAMETRIC_REPRESENTATION_CONTEXT() REPRESENTATION_CONTEXT('2D SPACE',''
  ) );
#4405 = ORIENTED_EDGE('',*,*,#4406,.F.);
#4406 = EDGE_CURVE('',#3552,#4378,#4407,.T.);
#4407 = SEAM_CURVE('',#4408,(#4412,#4419),.PCURVE_S1.);
#4408 = LINE('',#4409,#4410);
#4409 = CARTESIAN_POINT('',(2.75,-6.73555739531E-16,-32.12));
#4410 = VECTOR('',#4411,1.);
#4411 = DIRECTION('',(0.,0.,1.));
#4412 = PCURVE('',#3572,#4413);
#4413 = DEFINITIONAL_REPRESENTATION('',(#4414),#4418);
#4414 = LINE('',#4415,#4416);
#4415 = CARTESIAN_POINT('',(6.28318530718,-0.));
#4416 = VECTOR('',#4417,1.);
#4417 = DIRECTION('',(0.,1.));
#4418 = ( GEOMETRIC_REPRESENTATION_CONTEXT(2) 
PARAMETRIC_REPRESENTATION_CONTEXT() REPRESENTATION_CONTEXT('2D SPACE',''
  ) );
#4419 = PCURVE('',#3572,#4420);
#4420 = DEFINITIONAL_REPRESENTATION('',(#4421),#4425);
#4421 = LINE('',#4422,#4423);
#4422 = CARTESIAN_POINT('',(0.,-0.));
#4423 = VECTOR('',#4424,1.);
#4424 = DIRECTION('',(0.,1.));
#4425 = ( GEOMETRIC_REPRESENTATION_CONTEXT(2) 
PARAMETRIC_REPRESENTATION_CONTEXT() REPRESENTATION_CONTEXT('2D SPACE',''
  ) );
#4426 = ORIENTED_EDGE('',*,*,#3551,.T.);
#4427 = ORIENTED_EDGE('',*,*,#4406,.T.);
#4428 = ADVANCED_FACE('',(#4429),#3603,.T.);
#4429 = FACE_BOUND('',#4430,.T.);
#4430 = EDGE_LOOP('',(#4431,#4451,#4452,#4453));
#4431 = ORIENTED_EDGE('',*,*,#4432,.T.);
#4432 = EDGE_CURVE('',#3864,#3694,#4433,.T.);
#4433 = SURFACE_CURVE('',#4434,(#4439,#4445),.PCURVE_S1.);
#4434 = CIRCLE('',#4435,1.125);
#4435 = AXIS2_PLACEMENT_3D('',#4436,#4437,#4438);
#4436 = CARTESIAN_POINT('',(11.875,5.5,-5.125));
#4437 = DIRECTION('',(6.123233995737E-17,-1.,0.));
#4438 = DIRECTION('',(1.,6.123233995737E-17,0.));
#4439 = PCURVE('',#3603,#4440);
#4440 = DEFINITIONAL_REPRESENTATION('',(#4441),#4444);
#4441 = B_SPLINE_CURVE_WITH_KNOTS('',1,(#4442,#4443),.UNSPECIFIED.,.F.,
  .F.,(2,2),(0.,1.570796326795),.PIECEWISE_BEZIER_KNOTS.);
#4442 = CARTESIAN_POINT('',(0.,0.));
#4443 = CARTESIAN_POINT('',(1.570796326795,0.));
#4444 = ( GEOMETRIC_REPRESENTATION_CONTEXT(2) 
PARAMETRIC_REPRESENTATION_CONTEXT() REPRESENTATION_CONTEXT('2D SPACE',''
  ) );
#4445 = PCURVE('',#3710,#4446);
#4446 = DEFINITIONAL_REPRESENTATION('',(#4447),#4450);
#4447 = B_SPLINE_CURVE_WITH_KNOTS('',1,(#4448,#4449),.UNSPECIFIED.,.F.,
  .F.,(2,2),(0.,1.570796326795),.PIECEWISE_BEZIER_KNOTS.);
#4448 = CARTESIAN_POINT('',(-1.570796326795,0.));
#4449 = CARTESIAN_POINT('',(-1.570796326795,1.570796326795));
#4450 = ( GEOMETRIC_REPRESENTATION_CONTEXT(2) 
PARAMETRIC_REPRESENTATION_CONTEXT() REPRESENTATION_CONTEXT('2D SPACE',''
  ) );
#4451 = ORIENTED_EDGE('',*,*,#3722,.T.);
#4452 = ORIENTED_EDGE('',*,*,#3587,.F.);
#4453 = ORIENTED_EDGE('',*,*,#3891,.F.);
#4454 = ADVANCED_FACE('',(#4455),#3681,.T.);
#4455 = FACE_BOUND('',#4456,.T.);
#4456 = EDGE_LOOP('',(#4457,#4458,#4459,#4479));
#4457 = ORIENTED_EDGE('',*,*,#4339,.T.);
#4458 = ORIENTED_EDGE('',*,*,#3665,.T.);
#4459 = ORIENTED_EDGE('',*,*,#4460,.F.);
#4460 = EDGE_CURVE('',#4263,#3666,#4461,.T.);
#4461 = SURFACE_CURVE('',#4462,(#4467,#4473),.PCURVE_S1.);
#4462 = CIRCLE('',#4463,1.125);
#4463 = AXIS2_PLACEMENT_3D('',#4464,#4465,#4466);
#4464 = CARTESIAN_POINT('',(10.5,6.875,-5.125));
#4465 = DIRECTION('',(1.,0.,0.));
#4466 = DIRECTION('',(-0.,1.,0.));
#4467 = PCURVE('',#3681,#4468);
#4468 = DEFINITIONAL_REPRESENTATION('',(#4469),#4472);
#4469 = B_SPLINE_CURVE_WITH_KNOTS('',1,(#4470,#4471),.UNSPECIFIED.,.F.,
  .F.,(2,2),(0.,1.570796326795),.PIECEWISE_BEZIER_KNOTS.);
#4470 = CARTESIAN_POINT('',(0.,8.5));
#4471 = CARTESIAN_POINT('',(1.570796326795,8.5));
#4472 = ( GEOMETRIC_REPRESENTATION_CONTEXT(2) 
PARAMETRIC_REPRESENTATION_CONTEXT() REPRESENTATION_CONTEXT('2D SPACE',''
  ) );
#4473 = PCURVE('',#3710,#4474);
#4474 = DEFINITIONAL_REPRESENTATION('',(#4475),#4478);
#4475 = B_SPLINE_CURVE_WITH_KNOTS('',1,(#4476,#4477),.UNSPECIFIED.,.F.,
  .F.,(2,2),(0.,1.570796326795),.PIECEWISE_BEZIER_KNOTS.);
#4476 = CARTESIAN_POINT('',(0.,0.));
#4477 = CARTESIAN_POINT('',(0.,1.570796326795));
#4478 = ( GEOMETRIC_REPRESENTATION_CONTEXT(2) 
PARAMETRIC_REPRESENTATION_CONTEXT() REPRESENTATION_CONTEXT('2D SPACE',''
  ) );
#4479 = ORIENTED_EDGE('',*,*,#4285,.F.);
#4480 = ADVANCED_FACE('',(#4481),#3710,.T.);
#4481 = FACE_BOUND('',#4482,.F.);
#4482 = EDGE_LOOP('',(#4483,#4484,#4506,#4507));
#4483 = ORIENTED_EDGE('',*,*,#4460,.F.);
#4484 = ORIENTED_EDGE('',*,*,#4485,.T.);
#4485 = EDGE_CURVE('',#4263,#3864,#4486,.T.);
#4486 = SURFACE_CURVE('',#4487,(#4492,#4499),.PCURVE_S1.);
#4487 = CIRCLE('',#4488,2.5);
#4488 = AXIS2_PLACEMENT_3D('',#4489,#4490,#4491);
#4489 = CARTESIAN_POINT('',(10.5,5.5,-5.125));
#4490 = DIRECTION('',(0.,0.,-1.));
#4491 = DIRECTION('',(0.,1.,0.));
#4492 = PCURVE('',#3710,#4493);
#4493 = DEFINITIONAL_REPRESENTATION('',(#4494),#4498);
#4494 = LINE('',#4495,#4496);
#4495 = CARTESIAN_POINT('',(-0.,0.));
#4496 = VECTOR('',#4497,1.);
#4497 = DIRECTION('',(-1.,0.));
#4498 = ( GEOMETRIC_REPRESENTATION_CONTEXT(2) 
PARAMETRIC_REPRESENTATION_CONTEXT() REPRESENTATION_CONTEXT('2D SPACE',''
  ) );
#4499 = PCURVE('',#3879,#4500);
#4500 = DEFINITIONAL_REPRESENTATION('',(#4501),#4505);
#4501 = LINE('',#4502,#4503);
#4502 = CARTESIAN_POINT('',(1.570796326795,5.520955555763));
#4503 = VECTOR('',#4504,1.);
#4504 = DIRECTION('',(-1.,-0.));
#4505 = ( GEOMETRIC_REPRESENTATION_CONTEXT(2) 
PARAMETRIC_REPRESENTATION_CONTEXT() REPRESENTATION_CONTEXT('2D SPACE',''
  ) );
#4506 = ORIENTED_EDGE('',*,*,#4432,.T.);
#4507 = ORIENTED_EDGE('',*,*,#3693,.F.);
#4508 = ADVANCED_FACE('',(#4509),#3769,.F.);
#4509 = FACE_BOUND('',#4510,.F.);
#4510 = EDGE_LOOP('',(#4511,#4512,#4535,#4562));
#4511 = ORIENTED_EDGE('',*,*,#3748,.F.);
#4512 = ORIENTED_EDGE('',*,*,#4513,.F.);
#4513 = EDGE_CURVE('',#4514,#3749,#4516,.T.);
#4514 = VERTEX_POINT('',#4515);
#4515 = CARTESIAN_POINT('',(6.,-1.469576158977E-15,-19.));
#4516 = SEAM_CURVE('',#4517,(#4521,#4528),.PCURVE_S1.);
#4517 = LINE('',#4518,#4519);
#4518 = CARTESIAN_POINT('',(6.,-1.469576158977E-15,-19.));
#4519 = VECTOR('',#4520,1.);
#4520 = DIRECTION('',(0.,0.,1.));
#4521 = PCURVE('',#3769,#4522);
#4522 = DEFINITIONAL_REPRESENTATION('',(#4523),#4527);
#4523 = LINE('',#4524,#4525);
#4524 = CARTESIAN_POINT('',(6.28318530718,-0.));
#4525 = VECTOR('',#4526,1.);
#4526 = DIRECTION('',(0.,1.));
#4527 = ( GEOMETRIC_REPRESENTATION_CONTEXT(2) 
PARAMETRIC_REPRESENTATION_CONTEXT() REPRESENTATION_CONTEXT('2D SPACE',''
  ) );
#4528 = PCURVE('',#3769,#4529);
#4529 = DEFINITIONAL_REPRESENTATION('',(#4530),#4534);
#4530 = LINE('',#4531,#4532);
#4531 = CARTESIAN_POINT('',(0.,-0.));
#4532 = VECTOR('',#4533,1.);
#4533 = DIRECTION('',(0.,1.));
#4534 = ( GEOMETRIC_REPRESENTATION_CONTEXT(2) 
PARAMETRIC_REPRESENTATION_CONTEXT() REPRESENTATION_CONTEXT('2D SPACE',''
  ) );
#4535 = ORIENTED_EDGE('',*,*,#4536,.T.);
#4536 = EDGE_CURVE('',#4514,#4514,#4537,.T.);
#4537 = SURFACE_CURVE('',#4538,(#4543,#4550),.PCURVE_S1.);
#4538 = CIRCLE('',#4539,6.);
#4539 = AXIS2_PLACEMENT_3D('',#4540,#4541,#4542);
#4540 = CARTESIAN_POINT('',(0.,0.,-19.));
#4541 = DIRECTION('',(0.,0.,1.));
#4542 = DIRECTION('',(1.,0.,-0.));
#4543 = PCURVE('',#3769,#4544);
#4544 = DEFINITIONAL_REPRESENTATION('',(#4545),#4549);
#4545 = LINE('',#4546,#4547);
#4546 = CARTESIAN_POINT('',(0.,0.));
#4547 = VECTOR('',#4548,1.);
#4548 = DIRECTION('',(1.,0.));
#4549 = ( GEOMETRIC_REPRESENTATION_CONTEXT(2) 
PARAMETRIC_REPRESENTATION_CONTEXT() REPRESENTATION_CONTEXT('2D SPACE',''
  ) );
#4550 = PCURVE('',#4551,#4556);
#4551 = PLANE('',#4552);
#4552 = AXIS2_PLACEMENT_3D('',#4553,#4554,#4555);
#4553 = CARTESIAN_POINT('',(0.,0.,-19.));
#4554 = DIRECTION('',(0.,0.,1.));
#4555 = DIRECTION('',(1.,0.,-0.));
#4556 = DEFINITIONAL_REPRESENTATION('',(#4557),#4561);
#4557 = CIRCLE('',#4558,6.);
#4558 = AXIS2_PLACEMENT_2D('',#4559,#4560);
#4559 = CARTESIAN_POINT('',(0.,0.));
#4560 = DIRECTION('',(1.,0.));
#4561 = ( GEOMETRIC_REPRESENTATION_CONTEXT(2) 
PARAMETRIC_REPRESENTATION_CONTEXT() REPRESENTATION_CONTEXT('2D SPACE',''
  ) );
#4562 = ORIENTED_EDGE('',*,*,#4513,.T.);
#4563 = ADVANCED_FACE('',(#4564),#3802,.T.);
#4564 = FACE_BOUND('',#4565,.F.);
#4565 = EDGE_LOOP('',(#4566,#4567,#4568,#4588));
#4566 = ORIENTED_EDGE('',*,*,#4316,.F.);
#4567 = ORIENTED_EDGE('',*,*,#3785,.T.);
#4568 = ORIENTED_EDGE('',*,*,#4569,.T.);
#4569 = EDGE_CURVE('',#3786,#4137,#4570,.T.);
#4570 = SURFACE_CURVE('',#4571,(#4576,#4582),.PCURVE_S1.);
#4571 = CIRCLE('',#4572,2.5);
#4572 = AXIS2_PLACEMENT_3D('',#4573,#4574,#4575);
#4573 = CARTESIAN_POINT('',(8.179378794801,5.5,-29.5826440504));
#4574 = DIRECTION('',(0.824973809017,0.,-0.565170960362));
#4575 = DIRECTION('',(0.565170960362,0.,0.824973809017));
#4576 = PCURVE('',#3802,#4577);
#4577 = DEFINITIONAL_REPRESENTATION('',(#4578),#4581);
#4578 = B_SPLINE_CURVE_WITH_KNOTS('',1,(#4579,#4580),.UNSPECIFIED.,.F.,
  .F.,(2,2),(3.14159265359,4.712388980385),.PIECEWISE_BEZIER_KNOTS.);
#4579 = CARTESIAN_POINT('',(-0.600640470133,3.14159265359));
#4580 = CARTESIAN_POINT('',(-0.600640470133,4.712388980385));
#4581 = ( GEOMETRIC_REPRESENTATION_CONTEXT(2) 
PARAMETRIC_REPRESENTATION_CONTEXT() REPRESENTATION_CONTEXT('2D SPACE',''
  ) );
#4582 = PCURVE('',#3932,#4583);
#4583 = DEFINITIONAL_REPRESENTATION('',(#4584),#4587);
#4584 = B_SPLINE_CURVE_WITH_KNOTS('',1,(#4585,#4586),.UNSPECIFIED.,.F.,
  .F.,(2,2),(3.14159265359,4.712388980385),.PIECEWISE_BEZIER_KNOTS.);
#4585 = CARTESIAN_POINT('',(0.,-1.465447867973E-15));
#4586 = CARTESIAN_POINT('',(1.570796326795,-1.465447867973E-15));
#4587 = ( GEOMETRIC_REPRESENTATION_CONTEXT(2) 
PARAMETRIC_REPRESENTATION_CONTEXT() REPRESENTATION_CONTEXT('2D SPACE',''
  ) );
#4588 = ORIENTED_EDGE('',*,*,#4136,.F.);
#4589 = ADVANCED_FACE('',(#4590),#3879,.T.);
#4590 = FACE_BOUND('',#4591,.T.);
#4591 = EDGE_LOOP('',(#4592,#4593,#4613,#4614));
#4592 = ORIENTED_EDGE('',*,*,#3863,.F.);
#4593 = ORIENTED_EDGE('',*,*,#4594,.T.);
#4594 = EDGE_CURVE('',#3841,#4235,#4595,.T.);
#4595 = SURFACE_CURVE('',#4596,(#4601,#4607),.PCURVE_S1.);
#4596 = CIRCLE('',#4597,2.5);
#4597 = AXIS2_PLACEMENT_3D('',#4598,#4599,#4600);
#4598 = CARTESIAN_POINT('',(10.5,5.5,-10.64595555576));
#4599 = DIRECTION('',(-1.110223024625E-16,0.,1.));
#4600 = DIRECTION('',(-1.,0.,-1.110223024625E-16));
#4601 = PCURVE('',#3879,#4602);
#4602 = DEFINITIONAL_REPRESENTATION('',(#4603),#4606);
#4603 = B_SPLINE_CURVE_WITH_KNOTS('',1,(#4604,#4605),.UNSPECIFIED.,.F.,
  .F.,(2,2),(3.14159265359,4.712388980385),.PIECEWISE_BEZIER_KNOTS.);
#4604 = CARTESIAN_POINT('',(0.,0.));
#4605 = CARTESIAN_POINT('',(1.570796326795,0.));
#4606 = ( GEOMETRIC_REPRESENTATION_CONTEXT(2) 
PARAMETRIC_REPRESENTATION_CONTEXT() REPRESENTATION_CONTEXT('2D SPACE',''
  ) );
#4607 = PCURVE('',#4007,#4608);
#4608 = DEFINITIONAL_REPRESENTATION('',(#4609),#4612);
#4609 = B_SPLINE_CURVE_WITH_KNOTS('',1,(#4610,#4611),.UNSPECIFIED.,.F.,
  .F.,(2,2),(3.14159265359,4.712388980385),.PIECEWISE_BEZIER_KNOTS.);
#4610 = CARTESIAN_POINT('',(-0.847948974156,3.14159265359));
#4611 = CARTESIAN_POINT('',(-0.847948974156,4.712388980385));
#4612 = ( GEOMETRIC_REPRESENTATION_CONTEXT(2) 
PARAMETRIC_REPRESENTATION_CONTEXT() REPRESENTATION_CONTEXT('2D SPACE',''
  ) );
#4613 = ORIENTED_EDGE('',*,*,#4262,.T.);
#4614 = ORIENTED_EDGE('',*,*,#4485,.T.);
#4615 = ADVANCED_FACE('',(#4616),#3932,.T.);
#4616 = FACE_BOUND('',#4617,.T.);
#4617 = EDGE_LOOP('',(#4618,#4619,#4620,#4640));
#4618 = ORIENTED_EDGE('',*,*,#4569,.T.);
#4619 = ORIENTED_EDGE('',*,*,#4164,.T.);
#4620 = ORIENTED_EDGE('',*,*,#4621,.F.);
#4621 = EDGE_CURVE('',#3917,#4165,#4622,.T.);
#4622 = SURFACE_CURVE('',#4623,(#4628,#4634),.PCURVE_S1.);
#4623 = CIRCLE('',#4624,2.5);
#4624 = AXIS2_PLACEMENT_3D('',#4625,#4626,#4627);
#4625 = CARTESIAN_POINT('',(14.426388757649,5.5,-33.86232975861));
#4626 = DIRECTION('',(0.824973809017,0.,-0.565170960362));
#4627 = DIRECTION('',(-0.565170960362,-0.,-0.824973809017));
#4628 = PCURVE('',#3932,#4629);
#4629 = DEFINITIONAL_REPRESENTATION('',(#4630),#4633);
#4630 = B_SPLINE_CURVE_WITH_KNOTS('',1,(#4631,#4632),.UNSPECIFIED.,.F.,
  .F.,(2,2),(0.,1.570796326795),.PIECEWISE_BEZIER_KNOTS.);
#4631 = CARTESIAN_POINT('',(0.,7.572373685769));
#4632 = CARTESIAN_POINT('',(1.570796326795,7.572373685769));
#4633 = ( GEOMETRIC_REPRESENTATION_CONTEXT(2) 
PARAMETRIC_REPRESENTATION_CONTEXT() REPRESENTATION_CONTEXT('2D SPACE',''
  ) );
#4634 = PCURVE('',#4042,#4635);
#4635 = DEFINITIONAL_REPRESENTATION('',(#4636),#4639);
#4636 = B_SPLINE_CURVE_WITH_KNOTS('',1,(#4637,#4638),.UNSPECIFIED.,.F.,
  .F.,(2,2),(0.,1.570796326795),.PIECEWISE_BEZIER_KNOTS.);
#4637 = CARTESIAN_POINT('',(0.,0.));
#4638 = CARTESIAN_POINT('',(0.,1.570796326795));
#4639 = ( GEOMETRIC_REPRESENTATION_CONTEXT(2) 
PARAMETRIC_REPRESENTATION_CONTEXT() REPRESENTATION_CONTEXT('2D SPACE',''
  ) );
#4640 = ORIENTED_EDGE('',*,*,#3916,.F.);
#4641 = ADVANCED_FACE('',(#4642),#4007,.T.);
#4642 = FACE_BOUND('',#4643,.F.);
#4643 = EDGE_LOOP('',(#4644,#4664,#4665,#4666));
#4644 = ORIENTED_EDGE('',*,*,#4645,.F.);
#4645 = EDGE_CURVE('',#3970,#4212,#4646,.T.);
#4646 = SURFACE_CURVE('',#4647,(#4652,#4658),.PCURVE_S1.);
#4647 = CIRCLE('',#4648,2.5);
#4648 = AXIS2_PLACEMENT_3D('',#4649,#4650,#4651);
#4649 = CARTESIAN_POINT('',(12.361625423321,5.5,-14.77054405289));
#4650 = DIRECTION('',(-0.749925183393,0.,0.661522652154));
#4651 = DIRECTION('',(0.661522652154,0.,0.749925183393));
#4652 = PCURVE('',#4007,#4653);
#4653 = DEFINITIONAL_REPRESENTATION('',(#4654),#4657);
#4654 = B_SPLINE_CURVE_WITH_KNOTS('',1,(#4655,#4656),.UNSPECIFIED.,.F.,
  .F.,(2,2),(0.,1.570796326795),.PIECEWISE_BEZIER_KNOTS.);
#4655 = CARTESIAN_POINT('',(0.,3.14159265359));
#4656 = CARTESIAN_POINT('',(0.,4.712388980385));
#4657 = ( GEOMETRIC_REPRESENTATION_CONTEXT(2) 
PARAMETRIC_REPRESENTATION_CONTEXT() REPRESENTATION_CONTEXT('2D SPACE',''
  ) );
#4658 = PCURVE('',#4094,#4659);
#4659 = DEFINITIONAL_REPRESENTATION('',(#4660),#4663);
#4660 = B_SPLINE_CURVE_WITH_KNOTS('',1,(#4661,#4662),.UNSPECIFIED.,.F.,
  .F.,(2,2),(0.,1.570796326795),.PIECEWISE_BEZIER_KNOTS.);
#4661 = CARTESIAN_POINT('',(0.,13.385697717553));
#4662 = CARTESIAN_POINT('',(1.570796326795,13.385697717553));
#4663 = ( GEOMETRIC_REPRESENTATION_CONTEXT(2) 
PARAMETRIC_REPRESENTATION_CONTEXT() REPRESENTATION_CONTEXT('2D SPACE',''
  ) );
#4664 = ORIENTED_EDGE('',*,*,#3992,.T.);
#4665 = ORIENTED_EDGE('',*,*,#4594,.T.);
#4666 = ORIENTED_EDGE('',*,*,#4234,.F.);
#4667 = ADVANCED_FACE('',(#4668),#4042,.T.);
#4668 = FACE_BOUND('',#4669,.F.);
#4669 = EDGE_LOOP('',(#4670,#4671,#4672,#4692));
#4670 = ORIENTED_EDGE('',*,*,#4621,.F.);
#4671 = ORIENTED_EDGE('',*,*,#4025,.T.);
#4672 = ORIENTED_EDGE('',*,*,#4673,.T.);
#4673 = EDGE_CURVE('',#4026,#4188,#4674,.T.);
#4674 = SURFACE_CURVE('',#4675,(#4680,#4686),.PCURVE_S1.);
#4675 = CIRCLE('',#4676,2.5);
#4676 = AXIS2_PLACEMENT_3D('',#4677,#4678,#4679);
#4677 = CARTESIAN_POINT('',(22.399897239001,5.5,-23.62548630794));
#4678 = DIRECTION('',(-0.749925183393,0.,0.661522652154));
#4679 = DIRECTION('',(0.661522652154,0.,0.749925183393));
#4680 = PCURVE('',#4042,#4681);
#4681 = DEFINITIONAL_REPRESENTATION('',(#4682),#4685);
#4682 = B_SPLINE_CURVE_WITH_KNOTS('',1,(#4683,#4684),.UNSPECIFIED.,.F.,
  .F.,(2,2),(0.,1.570796326795),.PIECEWISE_BEZIER_KNOTS.);
#4683 = CARTESIAN_POINT('',(-3.019385771085,0.));
#4684 = CARTESIAN_POINT('',(-3.019385771085,1.570796326795));
#4685 = ( GEOMETRIC_REPRESENTATION_CONTEXT(2) 
PARAMETRIC_REPRESENTATION_CONTEXT() REPRESENTATION_CONTEXT('2D SPACE',''
  ) );
#4686 = PCURVE('',#4094,#4687);
#4687 = DEFINITIONAL_REPRESENTATION('',(#4688),#4691);
#4688 = B_SPLINE_CURVE_WITH_KNOTS('',1,(#4689,#4690),.UNSPECIFIED.,.F.,
  .F.,(2,2),(0.,1.570796326795),.PIECEWISE_BEZIER_KNOTS.);
#4689 = CARTESIAN_POINT('',(0.,0.));
#4690 = CARTESIAN_POINT('',(1.570796326795,0.));
#4691 = ( GEOMETRIC_REPRESENTATION_CONTEXT(2) 
PARAMETRIC_REPRESENTATION_CONTEXT() REPRESENTATION_CONTEXT('2D SPACE',''
  ) );
#4692 = ORIENTED_EDGE('',*,*,#4187,.F.);
#4693 = ADVANCED_FACE('',(#4694),#4094,.T.);
#4694 = FACE_BOUND('',#4695,.T.);
#4695 = EDGE_LOOP('',(#4696,#4697,#4698,#4699));
#4696 = ORIENTED_EDGE('',*,*,#4673,.T.);
#4697 = ORIENTED_EDGE('',*,*,#4211,.T.);
#4698 = ORIENTED_EDGE('',*,*,#4645,.F.);
#4699 = ORIENTED_EDGE('',*,*,#4080,.F.);
#4700 = ADVANCED_FACE('',(#4701,#4732),#4394,.T.);
#4701 = FACE_BOUND('',#4702,.T.);
#4702 = EDGE_LOOP('',(#4703));
#4703 = ORIENTED_EDGE('',*,*,#4704,.T.);
#4704 = EDGE_CURVE('',#4705,#4705,#4707,.T.);
#4705 = VERTEX_POINT('',#4706);
#4706 = CARTESIAN_POINT('',(5.2,-1.273632671113E-15,-23.22));
#4707 = SURFACE_CURVE('',#4708,(#4713,#4720),.PCURVE_S1.);
#4708 = CIRCLE('',#4709,5.2);
#4709 = AXIS2_PLACEMENT_3D('',#4710,#4711,#4712);
#4710 = CARTESIAN_POINT('',(0.,0.,-23.22));
#4711 = DIRECTION('',(0.,0.,1.));
#4712 = DIRECTION('',(1.,0.,-0.));
#4713 = PCURVE('',#4394,#4714);
#4714 = DEFINITIONAL_REPRESENTATION('',(#4715),#4719);
#4715 = CIRCLE('',#4716,5.2);
#4716 = AXIS2_PLACEMENT_2D('',#4717,#4718);
#4717 = CARTESIAN_POINT('',(0.,0.));
#4718 = DIRECTION('',(1.,0.));
#4719 = ( GEOMETRIC_REPRESENTATION_CONTEXT(2) 
PARAMETRIC_REPRESENTATION_CONTEXT() REPRESENTATION_CONTEXT('2D SPACE',''
  ) );
#4720 = PCURVE('',#4721,#4726);
#4721 = CYLINDRICAL_SURFACE('',#4722,5.2);
#4722 = AXIS2_PLACEMENT_3D('',#4723,#4724,#4725);
#4723 = CARTESIAN_POINT('',(0.,0.,-23.22));
#4724 = DIRECTION('',(0.,0.,1.));
#4725 = DIRECTION('',(1.,0.,-0.));
#4726 = DEFINITIONAL_REPRESENTATION('',(#4727),#4731);
#4727 = LINE('',#4728,#4729);
#4728 = CARTESIAN_POINT('',(0.,0.));
#4729 = VECTOR('',#4730,1.);
#4730 = DIRECTION('',(1.,0.));
#4731 = ( GEOMETRIC_REPRESENTATION_CONTEXT(2) 
PARAMETRIC_REPRESENTATION_CONTEXT() REPRESENTATION_CONTEXT('2D SPACE',''
  ) );
#4732 = FACE_BOUND('',#4733,.T.);
#4733 = EDGE_LOOP('',(#4734));
#4734 = ORIENTED_EDGE('',*,*,#4377,.F.);
#4735 = ADVANCED_FACE('',(#4736,#4739),#4551,.T.);
#4736 = FACE_BOUND('',#4737,.T.);
#4737 = EDGE_LOOP('',(#4738));
#4738 = ORIENTED_EDGE('',*,*,#4536,.T.);
#4739 = FACE_BOUND('',#4740,.T.);
#4740 = EDGE_LOOP('',(#4741));
#4741 = ORIENTED_EDGE('',*,*,#4742,.F.);
#4742 = EDGE_CURVE('',#4743,#4743,#4745,.T.);
#4743 = VERTEX_POINT('',#4744);
#4744 = CARTESIAN_POINT('',(5.2,-1.273632671113E-15,-19.));
#4745 = SURFACE_CURVE('',#4746,(#4751,#4758),.PCURVE_S1.);
#4746 = CIRCLE('',#4747,5.2);
#4747 = AXIS2_PLACEMENT_3D('',#4748,#4749,#4750);
#4748 = CARTESIAN_POINT('',(0.,0.,-19.));
#4749 = DIRECTION('',(0.,0.,1.));
#4750 = DIRECTION('',(1.,0.,-0.));
#4751 = PCURVE('',#4551,#4752);
#4752 = DEFINITIONAL_REPRESENTATION('',(#4753),#4757);
#4753 = CIRCLE('',#4754,5.2);
#4754 = AXIS2_PLACEMENT_2D('',#4755,#4756);
#4755 = CARTESIAN_POINT('',(0.,0.));
#4756 = DIRECTION('',(1.,0.));
#4757 = ( GEOMETRIC_REPRESENTATION_CONTEXT(2) 
PARAMETRIC_REPRESENTATION_CONTEXT() REPRESENTATION_CONTEXT('2D SPACE',''
  ) );
#4758 = PCURVE('',#4721,#4759);
#4759 = DEFINITIONAL_REPRESENTATION('',(#4760),#4764);
#4760 = LINE('',#4761,#4762);
#4761 = CARTESIAN_POINT('',(0.,4.22));
#4762 = VECTOR('',#4763,1.);
#4763 = DIRECTION('',(1.,0.));
#4764 = ( GEOMETRIC_REPRESENTATION_CONTEXT(2) 
PARAMETRIC_REPRESENTATION_CONTEXT() REPRESENTATION_CONTEXT('2D SPACE',''
  ) );
#4765 = ADVANCED_FACE('',(#4766),#4721,.F.);
#4766 = FACE_BOUND('',#4767,.F.);
#4767 = EDGE_LOOP('',(#4768,#4769,#4790,#4791));
#4768 = ORIENTED_EDGE('',*,*,#4742,.F.);
#4769 = ORIENTED_EDGE('',*,*,#4770,.F.);
#4770 = EDGE_CURVE('',#4705,#4743,#4771,.T.);
#4771 = SEAM_CURVE('',#4772,(#4776,#4783),.PCURVE_S1.);
#4772 = LINE('',#4773,#4774);
#4773 = CARTESIAN_POINT('',(5.2,-1.273632671113E-15,-23.22));
#4774 = VECTOR('',#4775,1.);
#4775 = DIRECTION('',(0.,0.,1.));
#4776 = PCURVE('',#4721,#4777);
#4777 = DEFINITIONAL_REPRESENTATION('',(#4778),#4782);
#4778 = LINE('',#4779,#4780);
#4779 = CARTESIAN_POINT('',(6.28318530718,-0.));
#4780 = VECTOR('',#4781,1.);
#4781 = DIRECTION('',(0.,1.));
#4782 = ( GEOMETRIC_REPRESENTATION_CONTEXT(2) 
PARAMETRIC_REPRESENTATION_CONTEXT() REPRESENTATION_CONTEXT('2D SPACE',''
  ) );
#4783 = PCURVE('',#4721,#4784);
#4784 = DEFINITIONAL_REPRESENTATION('',(#4785),#4789);
#4785 = LINE('',#4786,#4787);
#4786 = CARTESIAN_POINT('',(0.,-0.));
#4787 = VECTOR('',#4788,1.);
#4788 = DIRECTION('',(0.,1.));
#4789 = ( GEOMETRIC_REPRESENTATION_CONTEXT(2) 
PARAMETRIC_REPRESENTATION_CONTEXT() REPRESENTATION_CONTEXT('2D SPACE',''
  ) );
#4790 = ORIENTED_EDGE('',*,*,#4704,.T.);
#4791 = ORIENTED_EDGE('',*,*,#4770,.T.);
#4792 = ( GEOMETRIC_REPRESENTATION_CONTEXT(3) 
GLOBAL_UNCERTAINTY_ASSIGNED_CONTEXT((#4796)) 
GLOBAL_UNIT_ASSIGNED_CONTEXT((#4793,#4794,#4795)) REPRESENTATION_CONTEXT
('Context #1','3D Context with UNIT and UNCERTAINTY') );
#4793 = ( LENGTH_UNIT() NAMED_UNIT(*) SI_UNIT(.MILLI.,.METRE.) );
#4794 = ( NAMED_UNIT(*) PLANE_ANGLE_UNIT() SI_UNIT($,.RADIAN.) );
#4795 = ( NAMED_UNIT(*) SI_UNIT($,.STERADIAN.) SOLID_ANGLE_UNIT() );
#4796 = UNCERTAINTY_MEASURE_WITH_UNIT(LENGTH_MEASURE(1.E-05),#4793,
  'distance_accuracy_value','confusion accuracy');
#4797 = PRODUCT_RELATED_PRODUCT_CATEGORY('part',$,(#7));
ENDSEC;
END-ISO-10303-21;
