ISO-10303-21;
HEADER;
FILE_DESCRIPTION(('Open CASCADE Model'),'2;1');
FILE_NAME('Open CASCADE Shape Model','2026-09-17T10:03:58',('Author'),(
    'Open CASCADE'),'Open CASCADE STEP processor 7.9','build123d',
  'Unknown');
FILE_SCHEMA(('AUTOMOTIVE_DESIGN { 1 0 10303 214 1 1 1 1 }'));
ENDSEC;
DATA;
#1 = APPLICATION_PROTOCOL_DEFINITION('international standard',
  'automotive_design',2000,#2);
#2 = APPLICATION_CONTEXT(
  'core data for automotive mechanical design processes');
#3 = SHAPE_DEFINITION_REPRESENTATION(#4,#10);
#4 = PRODUCT_DEFINITION_SHAPE('','',#5);
#5 = PRODUCT_DEFINITION('design','',#6,#9);
#6 = PRODUCT_DEFINITION_FORMATION('','',#7);
#7 = PRODUCT('COMPOUND','COMPOUND','',(#8));
#8 = PRODUCT_CONTEXT('',#2,'mechanical');
#9 = PRODUCT_DEFINITION_CONTEXT('part definition',#2,'design');
#10 = ADVANCED_BREP_SHAPE_REPRESENTATION('',(#11,#15),#3989);
#11 = AXIS2_PLACEMENT_3D('',#12,#13,#14);
#12 = CARTESIAN_POINT('',(0.,0.,0.));
#13 = DIRECTION('',(0.,0.,1.));
#14 = DIRECTION('',(1.,0.,-0.));
#15 = MANIFOLD_SOLID_BREP('',#16);
#16 = CLOSED_SHELL('',(#17,#448,#571,#621,#670,#725,#820,#953,#1108,
    #1275,#1452,#1558,#1729,#1915,#1964,#2019,#2158,#2240,#2275,#2452,
    #2479,#2639,#2688,#2816,#2871,#2878,#2931,#2980,#3015,#3022,#3072,
    #3101,#3108,#3163,#3218,#3225,#3260,#3295,#3350,#3405,#3440,#3475,
    #3529,#3583,#3638,#3693,#3747,#3801,#3836,#3871,#3926,#3981,#3985));
#17 = ADVANCED_FACE('',(#18),#47,.F.);
#18 = FACE_BOUND('',#19,.F.);
#19 = EDGE_LOOP('',(#20,#111,#144,#177,#210,#243,#276,#360,#393,#421));
#20 = ORIENTED_EDGE('',*,*,#21,.F.);
#21 = EDGE_CURVE('',#22,#24,#26,.T.);
#22 = VERTEX_POINT('',#23);
#23 = CARTESIAN_POINT('',(-9.692913586175,8.662991758679,-4.));
#24 = VERTEX_POINT('',#25);
#25 = CARTESIAN_POINT('',(-11.09206553048,7.997879860777,-4.));
#26 = SURFACE_CURVE('',#27,(#46,#73),.PCURVE_S1.);
#27 = B_SPLINE_CURVE_WITH_KNOTS('',5,(#28,#29,#30,#31,#32,#33,#34,#35,
    #36,#37,#38,#39,#40,#41,#42,#43,#44,#45),.UNSPECIFIED.,.F.,.F.,(6,4,
    4,4,6),(0.,0.24998525749,0.5,0.75001474251,1.),.UNSPECIFIED.);
#28 = CARTESIAN_POINT('',(-9.692913586175,8.662991758679,-4.));
#29 = CARTESIAN_POINT('',(-9.744536326807,8.605231717118,-4.));
#30 = CARTESIAN_POINT('',(-9.79945638548,8.549410694605,-4.));
#31 = CARTESIAN_POINT('',(-9.857550865502,8.495885247213,-4.));
#32 = CARTESIAN_POINT('',(-9.918620838947,8.445001798013,-4.));
#33 = CARTESIAN_POINT('',(-10.0461868077,8.349111417339,-4.));
#34 = CARTESIAN_POINT('',(-10.11268347828,8.304105114996,-4.));
#35 = CARTESIAN_POINT('',(-10.1816247218,8.262340191588,-4.));
#36 = CARTESIAN_POINT('',(-10.25267838587,8.224067640143,-4.));
#37 = CARTESIAN_POINT('',(-10.3982722001,8.154857016877,-4.));
#38 = CARTESIAN_POINT('',(-10.47281242364,8.123918910178,-4.));
#39 = CARTESIAN_POINT('',(-10.54872727256,8.096823899572,-4.));
#40 = CARTESIAN_POINT('',(-10.62561239718,8.073671101451,-4.));
#41 = CARTESIAN_POINT('',(-10.78051422604,8.03528536313,-4.));
#42 = CARTESIAN_POINT('',(-10.85853086872,8.020051502053,-4.));
#43 = CARTESIAN_POINT('',(-10.93671777167,8.008793156917,-4.));
#44 = CARTESIAN_POINT('',(-11.01468069175,8.001445879119,-4.));
#45 = CARTESIAN_POINT('',(-11.09206553048,7.997879860777,-4.));
#46 = PCURVE('',#47,#52);
#47 = PLANE('',#48);
#48 = AXIS2_PLACEMENT_3D('',#49,#50,#51);
#49 = CARTESIAN_POINT('',(-13.,0.,-4.));
#50 = DIRECTION('',(0.,0.,-1.));
#51 = DIRECTION('',(1.,0.,0.));
#52 = DEFINITIONAL_REPRESENTATION('',(#53),#72);
#53 = B_SPLINE_CURVE_WITH_KNOTS('',5,(#54,#55,#56,#57,#58,#59,#60,#61,
    #62,#63,#64,#65,#66,#67,#68,#69,#70,#71),.UNSPECIFIED.,.F.,.F.,(6,4,
    4,4,6),(0.,0.24998525749,0.5,0.75001474251,1.),.UNSPECIFIED.);
#54 = CARTESIAN_POINT('',(3.307086413825,-8.662991758679));
#55 = CARTESIAN_POINT('',(3.255463673193,-8.605231717118));
#56 = CARTESIAN_POINT('',(3.20054361452,-8.549410694605));
#57 = CARTESIAN_POINT('',(3.142449134498,-8.495885247213));
#58 = CARTESIAN_POINT('',(3.081379161053,-8.445001798013));
#59 = CARTESIAN_POINT('',(2.953813192298,-8.349111417339));
#60 = CARTESIAN_POINT('',(2.887316521714,-8.304105114996));
#61 = CARTESIAN_POINT('',(2.818375278194,-8.262340191588));
#62 = CARTESIAN_POINT('',(2.747321614127,-8.224067640143));
#63 = CARTESIAN_POINT('',(2.601727799892,-8.154857016877));
#64 = CARTESIAN_POINT('',(2.527187576352,-8.123918910178));
#65 = CARTESIAN_POINT('',(2.451272727439,-8.096823899572));
#66 = CARTESIAN_POINT('',(2.374387602814,-8.073671101451));
#67 = CARTESIAN_POINT('',(2.219485773955,-8.03528536313));
#68 = CARTESIAN_POINT('',(2.141469131272,-8.020051502053));
#69 = CARTESIAN_POINT('',(2.063282228324,-8.008793156917));
#70 = CARTESIAN_POINT('',(1.985319308241,-8.001445879119));
#71 = CARTESIAN_POINT('',(1.907934469514,-7.997879860777));
#72 = ( GEOMETRIC_REPRESENTATION_CONTEXT(2) 
PARAMETRIC_REPRESENTATION_CONTEXT() REPRESENTATION_CONTEXT('2D SPACE',''
  ) );
#73 = PCURVE('',#74,#90);
#74 = ( BOUNDED_SURFACE() B_SPLINE_SURFACE(2,2,(
    (#75,#76,#77,#78,#79)
    ,(#80,#81,#82,#83,#84)
    ,(#85,#86,#87,#88,#89
)),.UNSPECIFIED.,.F.,.F.,.F.) B_SPLINE_SURFACE_WITH_KNOTS((3,3),(3,1,1,3
    ),(0.,20.62),(-1.261944,2.144378424829E-14,20.62,21.881944),
.UNSPECIFIED.) GEOMETRIC_REPRESENTATION_ITEM() RATIONAL_B_SPLINE_SURFACE
((
    (1.,1.,1.,1.,1.)
    ,(0.921954445729,0.921954445729,0.921954445729,0.921954445729
      ,0.921954445729)
,(1.,1.,1.,1.,1.))) REPRESENTATION_ITEM('') SURFACE() );
#75 = CARTESIAN_POINT('',(-9.692913586175,8.662991758679,-2.738056));
#76 = CARTESIAN_POINT('',(-9.692913586175,8.662991758679,-3.369028));
#77 = CARTESIAN_POINT('',(-9.692913586175,8.662991758679,-14.31));
#78 = CARTESIAN_POINT('',(-9.692913586175,8.662991758679,-25.250972));
#79 = CARTESIAN_POINT('',(-9.692913586175,8.662991758679,-25.881944));
#80 = CARTESIAN_POINT('',(-10.25278811668,8.036555119406,-2.738056));
#81 = CARTESIAN_POINT('',(-10.25278811668,8.036555119406,-3.369028));
#82 = CARTESIAN_POINT('',(-10.25278811668,8.036555119406,-14.31));
#83 = CARTESIAN_POINT('',(-10.25278811668,8.036555119406,-25.250972));
#84 = CARTESIAN_POINT('',(-10.25278811668,8.036555119406,-25.881944));
#85 = CARTESIAN_POINT('',(-11.09206553048,7.997879860777,-2.738056));
#86 = CARTESIAN_POINT('',(-11.09206553048,7.997879860777,-3.369028));
#87 = CARTESIAN_POINT('',(-11.09206553048,7.997879860777,-14.31));
#88 = CARTESIAN_POINT('',(-11.09206553048,7.997879860777,-25.250972));
#89 = CARTESIAN_POINT('',(-11.09206553048,7.997879860777,-25.881944));
#90 = DEFINITIONAL_REPRESENTATION('',(#91),#110);
#91 = B_SPLINE_CURVE_WITH_KNOTS('',5,(#92,#93,#94,#95,#96,#97,#98,#99,
    #100,#101,#102,#103,#104,#105,#106,#107,#108,#109),.UNSPECIFIED.,.F.
  ,.F.,(6,4,4,4,6),(0.,0.24998525749,0.5,0.75001474251,1.),
  .UNSPECIFIED.);
#92 = CARTESIAN_POINT('',(0.,2.492450690283E-14));
#93 = CARTESIAN_POINT('',(1.031097059918,2.44379891318E-14));
#94 = CARTESIAN_POINT('',(2.062137813565,1.944262988936E-14));
#95 = CARTESIAN_POINT('',(3.093129038564,2.522841764522E-14));
#96 = CARTESIAN_POINT('',(4.124080001901,2.400000940138E-14));
#97 = CARTESIAN_POINT('',(6.186041592054,2.344532733866E-14));
#98 = CARTESIAN_POINT('',(7.217052508861,2.06137258713E-14));
#99 = CARTESIAN_POINT('',(8.248041917065,2.245019447192E-14));
#100 = CARTESIAN_POINT('',(9.279021038964,2.213657460997E-14));
#101 = CARTESIAN_POINT('',(11.340978961036,2.214372846359E-14));
#102 = CARTESIAN_POINT('',(12.371958082935,2.296419925912E-14));
#103 = CARTESIAN_POINT('',(13.402947491139,2.018097523491E-14));
#104 = CARTESIAN_POINT('',(14.433958407946,2.300608179261E-14));
#105 = CARTESIAN_POINT('',(16.495919998099,2.356076385532E-14));
#106 = CARTESIAN_POINT('',(17.526870961434,2.627248196839E-14));
#107 = CARTESIAN_POINT('',(18.557862186437,1.761583800734E-14));
#108 = CARTESIAN_POINT('',(19.588902940081,2.437206963972E-14));
#109 = CARTESIAN_POINT('',(20.62,2.485858741075E-14));
#110 = ( GEOMETRIC_REPRESENTATION_CONTEXT(2) 
PARAMETRIC_REPRESENTATION_CONTEXT() REPRESENTATION_CONTEXT('2D SPACE',''
  ) );
#111 = ORIENTED_EDGE('',*,*,#112,.F.);
#112 = EDGE_CURVE('',#113,#22,#115,.T.);
#113 = VERTEX_POINT('',#114);
#114 = CARTESIAN_POINT('',(-2.363636363636,12.783318158463,-4.));
#115 = SURFACE_CURVE('',#116,(#121,#132),.PCURVE_S1.);
#116 = CIRCLE('',#117,13.);
#117 = AXIS2_PLACEMENT_3D('',#118,#119,#120);
#118 = CARTESIAN_POINT('',(0.,0.,-4.));
#119 = DIRECTION('',(0.,0.,1.));
#120 = DIRECTION('',(1.,0.,0.));
#121 = PCURVE('',#47,#122);
#122 = DEFINITIONAL_REPRESENTATION('',(#123),#131);
#123 = ( BOUNDED_CURVE() B_SPLINE_CURVE(2,(#124,#125,#126,#127,#128,#129
,#130),.UNSPECIFIED.,.T.,.F.) B_SPLINE_CURVE_WITH_KNOTS((1,2,2,2,2,1),(
    -2.094395102393,0.,2.094395102393,4.188790204786,6.28318530718,
8.377580409573),.UNSPECIFIED.) CURVE() GEOMETRIC_REPRESENTATION_ITEM() 
RATIONAL_B_SPLINE_CURVE((1.,0.5,1.,0.5,1.,0.5,1.)) REPRESENTATION_ITEM(
  '') );
#124 = CARTESIAN_POINT('',(26.,0.));
#125 = CARTESIAN_POINT('',(26.,-22.51666049839));
#126 = CARTESIAN_POINT('',(6.5,-11.25833024919));
#127 = CARTESIAN_POINT('',(-13.,-3.184081677783E-15));
#128 = CARTESIAN_POINT('',(6.5,11.258330249198));
#129 = CARTESIAN_POINT('',(26.,22.516660498395));
#130 = CARTESIAN_POINT('',(26.,0.));
#131 = ( GEOMETRIC_REPRESENTATION_CONTEXT(2) 
PARAMETRIC_REPRESENTATION_CONTEXT() REPRESENTATION_CONTEXT('2D SPACE',''
  ) );
#132 = PCURVE('',#133,#138);
#133 = CYLINDRICAL_SURFACE('',#134,13.);
#134 = AXIS2_PLACEMENT_3D('',#135,#136,#137);
#135 = CARTESIAN_POINT('',(0.,0.,-24.62));
#136 = DIRECTION('',(-0.,-0.,-1.));
#137 = DIRECTION('',(1.,0.,0.));
#138 = DEFINITIONAL_REPRESENTATION('',(#139),#143);
#139 = LINE('',#140,#141);
#140 = CARTESIAN_POINT('',(-0.,-20.62));
#141 = VECTOR('',#142,1.);
#142 = DIRECTION('',(-1.,0.));
#143 = ( GEOMETRIC_REPRESENTATION_CONTEXT(2) 
PARAMETRIC_REPRESENTATION_CONTEXT() REPRESENTATION_CONTEXT('2D SPACE',''
  ) );
#144 = ORIENTED_EDGE('',*,*,#145,.F.);
#145 = EDGE_CURVE('',#146,#113,#148,.T.);
#146 = VERTEX_POINT('',#147);
#147 = CARTESIAN_POINT('',(-0.383170906456,11.993880942232,-4.));
#148 = SURFACE_CURVE('',#149,(#154,#165),.PCURVE_S1.);
#149 = CIRCLE('',#150,2.);
#150 = AXIS2_PLACEMENT_3D('',#151,#152,#153);
#151 = CARTESIAN_POINT('',(-2.,10.816653826392,-4.));
#152 = DIRECTION('',(0.,0.,1.));
#153 = DIRECTION('',(0.,-1.,0.));
#154 = PCURVE('',#47,#155);
#155 = DEFINITIONAL_REPRESENTATION('',(#156),#164);
#156 = ( BOUNDED_CURVE() B_SPLINE_CURVE(2,(#157,#158,#159,#160,#161,#162
,#163),.UNSPECIFIED.,.T.,.F.) B_SPLINE_CURVE_WITH_KNOTS((1,2,2,2,2,1),(
    -2.094395102393,0.,2.094395102393,4.188790204786,6.28318530718,
8.377580409573),.UNSPECIFIED.) CURVE() GEOMETRIC_REPRESENTATION_ITEM() 
RATIONAL_B_SPLINE_CURVE((1.,0.5,1.,0.5,1.,0.5,1.)) REPRESENTATION_ITEM(
  '') );
#157 = CARTESIAN_POINT('',(11.,-8.816653826392));
#158 = CARTESIAN_POINT('',(14.464101615138,-8.816653826392));
#159 = CARTESIAN_POINT('',(12.732050807569,-11.81665382639));
#160 = CARTESIAN_POINT('',(11.,-14.81665382639));
#161 = CARTESIAN_POINT('',(9.267949192431,-11.81665382639));
#162 = CARTESIAN_POINT('',(7.535898384862,-8.816653826392));
#163 = CARTESIAN_POINT('',(11.,-8.816653826392));
#164 = ( GEOMETRIC_REPRESENTATION_CONTEXT(2) 
PARAMETRIC_REPRESENTATION_CONTEXT() REPRESENTATION_CONTEXT('2D SPACE',''
  ) );
#165 = PCURVE('',#166,#171);
#166 = CYLINDRICAL_SURFACE('',#167,2.);
#167 = AXIS2_PLACEMENT_3D('',#168,#169,#170);
#168 = CARTESIAN_POINT('',(-2.,10.816653826392,-9.144380660903));
#169 = DIRECTION('',(0.,0.,1.));
#170 = DIRECTION('',(1.,0.,-0.));
#171 = DEFINITIONAL_REPRESENTATION('',(#172),#176);
#172 = LINE('',#173,#174);
#173 = CARTESIAN_POINT('',(-1.570796326795,5.144380660903));
#174 = VECTOR('',#175,1.);
#175 = DIRECTION('',(1.,0.));
#176 = ( GEOMETRIC_REPRESENTATION_CONTEXT(2) 
PARAMETRIC_REPRESENTATION_CONTEXT() REPRESENTATION_CONTEXT('2D SPACE',''
  ) );
#177 = ORIENTED_EDGE('',*,*,#178,.T.);
#178 = EDGE_CURVE('',#146,#179,#181,.T.);
#179 = VERTEX_POINT('',#180);
#180 = CARTESIAN_POINT('',(-0.383170906456,-11.99388094223,-4.));
#181 = SURFACE_CURVE('',#182,(#187,#198),.PCURVE_S1.);
#182 = CIRCLE('',#183,12.);
#183 = AXIS2_PLACEMENT_3D('',#184,#185,#186);
#184 = CARTESIAN_POINT('',(0.,0.,-4.));
#185 = DIRECTION('',(0.,0.,1.));
#186 = DIRECTION('',(1.,0.,-0.));
#187 = PCURVE('',#47,#188);
#188 = DEFINITIONAL_REPRESENTATION('',(#189),#197);
#189 = ( BOUNDED_CURVE() B_SPLINE_CURVE(2,(#190,#191,#192,#193,#194,#195
,#196),.UNSPECIFIED.,.T.,.F.) B_SPLINE_CURVE_WITH_KNOTS((1,2,2,2,2,1),(
    -2.094395102393,0.,2.094395102393,4.188790204786,6.28318530718,
8.377580409573),.UNSPECIFIED.) CURVE() GEOMETRIC_REPRESENTATION_ITEM() 
RATIONAL_B_SPLINE_CURVE((1.,0.5,1.,0.5,1.,0.5,1.)) REPRESENTATION_ITEM(
  '') );
#190 = CARTESIAN_POINT('',(25.,0.));
#191 = CARTESIAN_POINT('',(25.,-20.78460969082));
#192 = CARTESIAN_POINT('',(7.,-10.39230484541));
#193 = CARTESIAN_POINT('',(-11.,-2.939152317954E-15));
#194 = CARTESIAN_POINT('',(7.,10.392304845413));
#195 = CARTESIAN_POINT('',(25.,20.784609690827));
#196 = CARTESIAN_POINT('',(25.,0.));
#197 = ( GEOMETRIC_REPRESENTATION_CONTEXT(2) 
PARAMETRIC_REPRESENTATION_CONTEXT() REPRESENTATION_CONTEXT('2D SPACE',''
  ) );
#198 = PCURVE('',#199,#204);
#199 = CYLINDRICAL_SURFACE('',#200,12.);
#200 = AXIS2_PLACEMENT_3D('',#201,#202,#203);
#201 = CARTESIAN_POINT('',(0.,0.,-4.));
#202 = DIRECTION('',(0.,0.,1.));
#203 = DIRECTION('',(1.,0.,-0.));
#204 = DEFINITIONAL_REPRESENTATION('',(#205),#209);
#205 = LINE('',#206,#207);
#206 = CARTESIAN_POINT('',(0.,0.));
#207 = VECTOR('',#208,1.);
#208 = DIRECTION('',(1.,0.));
#209 = ( GEOMETRIC_REPRESENTATION_CONTEXT(2) 
PARAMETRIC_REPRESENTATION_CONTEXT() REPRESENTATION_CONTEXT('2D SPACE',''
  ) );
#210 = ORIENTED_EDGE('',*,*,#211,.F.);
#211 = EDGE_CURVE('',#212,#179,#214,.T.);
#212 = VERTEX_POINT('',#213);
#213 = CARTESIAN_POINT('',(-2.363636363636,-12.78331815846,-4.));
#214 = SURFACE_CURVE('',#215,(#220,#231),.PCURVE_S1.);
#215 = CIRCLE('',#216,2.);
#216 = AXIS2_PLACEMENT_3D('',#217,#218,#219);
#217 = CARTESIAN_POINT('',(-2.,-10.81665382639,-4.));
#218 = DIRECTION('',(0.,0.,1.));
#219 = DIRECTION('',(0.,-1.,0.));
#220 = PCURVE('',#47,#221);
#221 = DEFINITIONAL_REPRESENTATION('',(#222),#230);
#222 = ( BOUNDED_CURVE() B_SPLINE_CURVE(2,(#223,#224,#225,#226,#227,#228
,#229),.UNSPECIFIED.,.T.,.F.) B_SPLINE_CURVE_WITH_KNOTS((1,2,2,2,2,1),(
    -2.094395102393,0.,2.094395102393,4.188790204786,6.28318530718,
8.377580409573),.UNSPECIFIED.) CURVE() GEOMETRIC_REPRESENTATION_ITEM() 
RATIONAL_B_SPLINE_CURVE((1.,0.5,1.,0.5,1.,0.5,1.)) REPRESENTATION_ITEM(
  '') );
#223 = CARTESIAN_POINT('',(11.,12.816653826392));
#224 = CARTESIAN_POINT('',(14.464101615138,12.816653826392));
#225 = CARTESIAN_POINT('',(12.732050807569,9.816653826392));
#226 = CARTESIAN_POINT('',(11.,6.816653826392));
#227 = CARTESIAN_POINT('',(9.267949192431,9.816653826392));
#228 = CARTESIAN_POINT('',(7.535898384862,12.816653826392));
#229 = CARTESIAN_POINT('',(11.,12.816653826392));
#230 = ( GEOMETRIC_REPRESENTATION_CONTEXT(2) 
PARAMETRIC_REPRESENTATION_CONTEXT() REPRESENTATION_CONTEXT('2D SPACE',''
  ) );
#231 = PCURVE('',#232,#237);
#232 = CYLINDRICAL_SURFACE('',#233,2.);
#233 = AXIS2_PLACEMENT_3D('',#234,#235,#236);
#234 = CARTESIAN_POINT('',(-2.,-10.81665382639,-9.144380660903));
#235 = DIRECTION('',(0.,0.,1.));
#236 = DIRECTION('',(-0.181818181818,-0.983332166036,0.));
#237 = DEFINITIONAL_REPRESENTATION('',(#238),#242);
#238 = LINE('',#239,#240);
#239 = CARTESIAN_POINT('',(-6.100350170187,5.144380660903));
#240 = VECTOR('',#241,1.);
#241 = DIRECTION('',(1.,0.));
#242 = ( GEOMETRIC_REPRESENTATION_CONTEXT(2) 
PARAMETRIC_REPRESENTATION_CONTEXT() REPRESENTATION_CONTEXT('2D SPACE',''
  ) );
#243 = ORIENTED_EDGE('',*,*,#244,.F.);
#244 = EDGE_CURVE('',#245,#212,#247,.T.);
#245 = VERTEX_POINT('',#246);
#246 = CARTESIAN_POINT('',(-9.692913586175,-8.662991758679,-4.));
#247 = SURFACE_CURVE('',#248,(#253,#264),.PCURVE_S1.);
#248 = CIRCLE('',#249,13.);
#249 = AXIS2_PLACEMENT_3D('',#250,#251,#252);
#250 = CARTESIAN_POINT('',(0.,0.,-4.));
#251 = DIRECTION('',(0.,0.,1.));
#252 = DIRECTION('',(1.,0.,0.));
#253 = PCURVE('',#47,#254);
#254 = DEFINITIONAL_REPRESENTATION('',(#255),#263);
#255 = ( BOUNDED_CURVE() B_SPLINE_CURVE(2,(#256,#257,#258,#259,#260,#261
,#262),.UNSPECIFIED.,.T.,.F.) B_SPLINE_CURVE_WITH_KNOTS((1,2,2,2,2,1),(
    -2.094395102393,0.,2.094395102393,4.188790204786,6.28318530718,
8.377580409573),.UNSPECIFIED.) CURVE() GEOMETRIC_REPRESENTATION_ITEM() 
RATIONAL_B_SPLINE_CURVE((1.,0.5,1.,0.5,1.,0.5,1.)) REPRESENTATION_ITEM(
  '') );
#256 = CARTESIAN_POINT('',(26.,0.));
#257 = CARTESIAN_POINT('',(26.,-22.51666049839));
#258 = CARTESIAN_POINT('',(6.5,-11.25833024919));
#259 = CARTESIAN_POINT('',(-13.,-3.184081677783E-15));
#260 = CARTESIAN_POINT('',(6.5,11.258330249198));
#261 = CARTESIAN_POINT('',(26.,22.516660498395));
#262 = CARTESIAN_POINT('',(26.,0.));
#263 = ( GEOMETRIC_REPRESENTATION_CONTEXT(2) 
PARAMETRIC_REPRESENTATION_CONTEXT() REPRESENTATION_CONTEXT('2D SPACE',''
  ) );
#264 = PCURVE('',#265,#270);
#265 = CYLINDRICAL_SURFACE('',#266,13.);
#266 = AXIS2_PLACEMENT_3D('',#267,#268,#269);
#267 = CARTESIAN_POINT('',(0.,0.,-24.62));
#268 = DIRECTION('',(-0.,-0.,-1.));
#269 = DIRECTION('',(1.,0.,0.));
#270 = DEFINITIONAL_REPRESENTATION('',(#271),#275);
#271 = LINE('',#272,#273);
#272 = CARTESIAN_POINT('',(-0.,-20.62));
#273 = VECTOR('',#274,1.);
#274 = DIRECTION('',(-1.,0.));
#275 = ( GEOMETRIC_REPRESENTATION_CONTEXT(2) 
PARAMETRIC_REPRESENTATION_CONTEXT() REPRESENTATION_CONTEXT('2D SPACE',''
  ) );
#276 = ORIENTED_EDGE('',*,*,#277,.F.);
#277 = EDGE_CURVE('',#278,#245,#280,.T.);
#278 = VERTEX_POINT('',#279);
#279 = CARTESIAN_POINT('',(-11.09206553048,-7.997879860777,-4.));
#280 = SURFACE_CURVE('',#281,(#300,#322),.PCURVE_S1.);
#281 = B_SPLINE_CURVE_WITH_KNOTS('',5,(#282,#283,#284,#285,#286,#287,
    #288,#289,#290,#291,#292,#293,#294,#295,#296,#297,#298,#299),
  .UNSPECIFIED.,.F.,.F.,(6,4,4,4,6),(0.,0.24998525749,0.5,0.75001474251,
    1.),.UNSPECIFIED.);
#282 = CARTESIAN_POINT('',(-11.09206553048,-7.997879860777,-4.));
#283 = CARTESIAN_POINT('',(-11.01468069175,-8.001445879119,-4.));
#284 = CARTESIAN_POINT('',(-10.93671777167,-8.008793156917,-4.));
#285 = CARTESIAN_POINT('',(-10.85853086872,-8.020051502053,-4.));
#286 = CARTESIAN_POINT('',(-10.78051422604,-8.03528536313,-4.));
#287 = CARTESIAN_POINT('',(-10.62561239718,-8.073671101451,-4.));
#288 = CARTESIAN_POINT('',(-10.54872727256,-8.096823899572,-4.));
#289 = CARTESIAN_POINT('',(-10.47281242364,-8.123918910178,-4.));
#290 = CARTESIAN_POINT('',(-10.3982722001,-8.154857016877,-4.));
#291 = CARTESIAN_POINT('',(-10.25267838587,-8.224067640143,-4.));
#292 = CARTESIAN_POINT('',(-10.1816247218,-8.262340191588,-4.));
#293 = CARTESIAN_POINT('',(-10.11268347828,-8.304105114996,-4.));
#294 = CARTESIAN_POINT('',(-10.0461868077,-8.349111417339,-4.));
#295 = CARTESIAN_POINT('',(-9.918620838947,-8.445001798013,-4.));
#296 = CARTESIAN_POINT('',(-9.857550865502,-8.495885247213,-4.));
#297 = CARTESIAN_POINT('',(-9.79945638548,-8.549410694605,-4.));
#298 = CARTESIAN_POINT('',(-9.744536326807,-8.605231717118,-4.));
#299 = CARTESIAN_POINT('',(-9.692913586175,-8.662991758679,-4.));
#300 = PCURVE('',#47,#301);
#301 = DEFINITIONAL_REPRESENTATION('',(#302),#321);
#302 = B_SPLINE_CURVE_WITH_KNOTS('',5,(#303,#304,#305,#306,#307,#308,
    #309,#310,#311,#312,#313,#314,#315,#316,#317,#318,#319,#320),
  .UNSPECIFIED.,.F.,.F.,(6,4,4,4,6),(0.,0.24998525749,0.5,0.75001474251,
    1.),.UNSPECIFIED.);
#303 = CARTESIAN_POINT('',(1.907934469514,7.997879860777));
#304 = CARTESIAN_POINT('',(1.985319308241,8.001445879119));
#305 = CARTESIAN_POINT('',(2.063282228324,8.008793156917));
#306 = CARTESIAN_POINT('',(2.141469131272,8.020051502053));
#307 = CARTESIAN_POINT('',(2.219485773955,8.03528536313));
#308 = CARTESIAN_POINT('',(2.374387602814,8.073671101451));
#309 = CARTESIAN_POINT('',(2.451272727439,8.096823899572));
#310 = CARTESIAN_POINT('',(2.527187576352,8.123918910178));
#311 = CARTESIAN_POINT('',(2.601727799892,8.154857016877));
#312 = CARTESIAN_POINT('',(2.747321614127,8.224067640143));
#313 = CARTESIAN_POINT('',(2.818375278194,8.262340191588));
#314 = CARTESIAN_POINT('',(2.887316521714,8.304105114996));
#315 = CARTESIAN_POINT('',(2.953813192298,8.349111417339));
#316 = CARTESIAN_POINT('',(3.081379161053,8.445001798013));
#317 = CARTESIAN_POINT('',(3.142449134498,8.495885247213));
#318 = CARTESIAN_POINT('',(3.20054361452,8.549410694605));
#319 = CARTESIAN_POINT('',(3.255463673193,8.605231717118));
#320 = CARTESIAN_POINT('',(3.307086413825,8.662991758679));
#321 = ( GEOMETRIC_REPRESENTATION_CONTEXT(2) 
PARAMETRIC_REPRESENTATION_CONTEXT() REPRESENTATION_CONTEXT('2D SPACE',''
  ) );
#322 = PCURVE('',#323,#339);
#323 = ( BOUNDED_SURFACE() B_SPLINE_SURFACE(2,2,(
    (#324,#325,#326,#327,#328)
    ,(#329,#330,#331,#332,#333)
    ,(#334,#335,#336,#337,#338
)),.UNSPECIFIED.,.F.,.F.,.F.) B_SPLINE_SURFACE_WITH_KNOTS((3,3),(3,1,1,3
    ),(0.,20.62),(-1.261944,2.017743611082E-14,20.62,21.881944),
.UNSPECIFIED.) GEOMETRIC_REPRESENTATION_ITEM() RATIONAL_B_SPLINE_SURFACE
((
    (1.,1.,1.,1.,1.)
    ,(0.921954445729,0.921954445729,0.921954445729,0.921954445729
      ,0.921954445729)
,(1.,1.,1.,1.,1.))) REPRESENTATION_ITEM('') SURFACE() );
#324 = CARTESIAN_POINT('',(-11.09206553048,-7.997879860777,-2.738056));
#325 = CARTESIAN_POINT('',(-11.09206553048,-7.997879860777,-3.369028));
#326 = CARTESIAN_POINT('',(-11.09206553048,-7.997879860777,-14.31));
#327 = CARTESIAN_POINT('',(-11.09206553048,-7.997879860777,-25.250972));
#328 = CARTESIAN_POINT('',(-11.09206553048,-7.997879860777,-25.881944));
#329 = CARTESIAN_POINT('',(-10.25278811668,-8.036555119406,-2.738056));
#330 = CARTESIAN_POINT('',(-10.25278811668,-8.036555119406,-3.369028));
#331 = CARTESIAN_POINT('',(-10.25278811668,-8.036555119406,-14.31));
#332 = CARTESIAN_POINT('',(-10.25278811668,-8.036555119406,-25.250972));
#333 = CARTESIAN_POINT('',(-10.25278811668,-8.036555119406,-25.881944));
#334 = CARTESIAN_POINT('',(-9.692913586175,-8.662991758679,-2.738056));
#335 = CARTESIAN_POINT('',(-9.692913586175,-8.662991758679,-3.369028));
#336 = CARTESIAN_POINT('',(-9.692913586175,-8.662991758679,-14.31));
#337 = CARTESIAN_POINT('',(-9.692913586175,-8.662991758679,-25.250972));
#338 = CARTESIAN_POINT('',(-9.692913586175,-8.662991758679,-25.881944));
#339 = DEFINITIONAL_REPRESENTATION('',(#340),#359);
#340 = B_SPLINE_CURVE_WITH_KNOTS('',5,(#341,#342,#343,#344,#345,#346,
    #347,#348,#349,#350,#351,#352,#353,#354,#355,#356,#357,#358),
  .UNSPECIFIED.,.F.,.F.,(6,4,4,4,6),(0.,0.24998525749,0.5,0.75001474251,
    1.),.UNSPECIFIED.);
#341 = CARTESIAN_POINT('',(0.,2.174649349485E-14));
#342 = CARTESIAN_POINT('',(1.031097059918,2.155331732105E-14));
#343 = CARTESIAN_POINT('',(2.062137813565,1.758364358155E-14));
#344 = CARTESIAN_POINT('',(3.093129038564,2.25067052529E-14));
#345 = CARTESIAN_POINT('',(4.124080001901,2.023540770945E-14));
#346 = CARTESIAN_POINT('',(6.186041592054,2.002942206125E-14));
#347 = CARTESIAN_POINT('',(7.217052508861,1.972012568947E-14));
#348 = CARTESIAN_POINT('',(8.248041917064,2.007672648546E-14));
#349 = CARTESIAN_POINT('',(9.279021038964,1.988664742619E-14));
#350 = CARTESIAN_POINT('',(11.340978961036,1.987948070187E-14));
#351 = CARTESIAN_POINT('',(12.371958082935,1.909838603979E-14));
#352 = CARTESIAN_POINT('',(13.402947491139,2.116594863032E-14));
#353 = CARTESIAN_POINT('',(14.433958407946,1.958792338925E-14));
#354 = CARTESIAN_POINT('',(16.495919998098,1.978806640157E-14));
#355 = CARTESIAN_POINT('',(17.526870961436,2.058568861213E-14));
#356 = CARTESIAN_POINT('',(18.557862186436,2.031835336658E-14));
#357 = CARTESIAN_POINT('',(19.588902940081,2.152556174544E-14));
#358 = CARTESIAN_POINT('',(20.62,2.171873791923E-14));
#359 = ( GEOMETRIC_REPRESENTATION_CONTEXT(2) 
PARAMETRIC_REPRESENTATION_CONTEXT() REPRESENTATION_CONTEXT('2D SPACE',''
  ) );
#360 = ORIENTED_EDGE('',*,*,#361,.F.);
#361 = EDGE_CURVE('',#362,#278,#364,.T.);
#362 = VERTEX_POINT('',#363);
#363 = CARTESIAN_POINT('',(-13.,-6.,-4.));
#364 = SURFACE_CURVE('',#365,(#370,#381),.PCURVE_S1.);
#365 = CIRCLE('',#366,2.);
#366 = AXIS2_PLACEMENT_3D('',#367,#368,#369);
#367 = CARTESIAN_POINT('',(-11.,-6.,-4.));
#368 = DIRECTION('',(0.,0.,1.));
#369 = DIRECTION('',(0.,-1.,0.));
#370 = PCURVE('',#47,#371);
#371 = DEFINITIONAL_REPRESENTATION('',(#372),#380);
#372 = ( BOUNDED_CURVE() B_SPLINE_CURVE(2,(#373,#374,#375,#376,#377,#378
,#379),.UNSPECIFIED.,.T.,.F.) B_SPLINE_CURVE_WITH_KNOTS((1,2,2,2,2,1),(
    -2.094395102393,0.,2.094395102393,4.188790204786,6.28318530718,
8.377580409573),.UNSPECIFIED.) CURVE() GEOMETRIC_REPRESENTATION_ITEM() 
RATIONAL_B_SPLINE_CURVE((1.,0.5,1.,0.5,1.,0.5,1.)) REPRESENTATION_ITEM(
  '') );
#373 = CARTESIAN_POINT('',(2.,8.));
#374 = CARTESIAN_POINT('',(5.464101615138,8.));
#375 = CARTESIAN_POINT('',(3.732050807569,5.));
#376 = CARTESIAN_POINT('',(2.,2.));
#377 = CARTESIAN_POINT('',(0.267949192431,5.));
#378 = CARTESIAN_POINT('',(-1.464101615138,8.));
#379 = CARTESIAN_POINT('',(2.,8.));
#380 = ( GEOMETRIC_REPRESENTATION_CONTEXT(2) 
PARAMETRIC_REPRESENTATION_CONTEXT() REPRESENTATION_CONTEXT('2D SPACE',''
  ) );
#381 = PCURVE('',#382,#387);
#382 = CYLINDRICAL_SURFACE('',#383,2.);
#383 = AXIS2_PLACEMENT_3D('',#384,#385,#386);
#384 = CARTESIAN_POINT('',(-11.,-6.,-24.62));
#385 = DIRECTION('',(0.,0.,1.));
#386 = DIRECTION('',(-1.,-0.,0.));
#387 = DEFINITIONAL_REPRESENTATION('',(#388),#392);
#388 = LINE('',#389,#390);
#389 = CARTESIAN_POINT('',(-4.712388980385,20.62));
#390 = VECTOR('',#391,1.);
#391 = DIRECTION('',(1.,0.));
#392 = ( GEOMETRIC_REPRESENTATION_CONTEXT(2) 
PARAMETRIC_REPRESENTATION_CONTEXT() REPRESENTATION_CONTEXT('2D SPACE',''
  ) );
#393 = ORIENTED_EDGE('',*,*,#394,.T.);
#394 = EDGE_CURVE('',#362,#395,#397,.T.);
#395 = VERTEX_POINT('',#396);
#396 = CARTESIAN_POINT('',(-13.,6.,-4.));
#397 = SURFACE_CURVE('',#398,(#402,#409),.PCURVE_S1.);
#398 = LINE('',#399,#400);
#399 = CARTESIAN_POINT('',(-13.,-8.,-4.));
#400 = VECTOR('',#401,1.);
#401 = DIRECTION('',(0.,1.,0.));
#402 = PCURVE('',#47,#403);
#403 = DEFINITIONAL_REPRESENTATION('',(#404),#408);
#404 = LINE('',#405,#406);
#405 = CARTESIAN_POINT('',(0.,8.));
#406 = VECTOR('',#407,1.);
#407 = DIRECTION('',(0.,-1.));
#408 = ( GEOMETRIC_REPRESENTATION_CONTEXT(2) 
PARAMETRIC_REPRESENTATION_CONTEXT() REPRESENTATION_CONTEXT('2D SPACE',''
  ) );
#409 = PCURVE('',#410,#415);
#410 = PLANE('',#411);
#411 = AXIS2_PLACEMENT_3D('',#412,#413,#414);
#412 = CARTESIAN_POINT('',(-13.,0.,-24.62));
#413 = DIRECTION('',(1.,0.,-0.));
#414 = DIRECTION('',(0.,0.,1.));
#415 = DEFINITIONAL_REPRESENTATION('',(#416),#420);
#416 = LINE('',#417,#418);
#417 = CARTESIAN_POINT('',(20.62,8.));
#418 = VECTOR('',#419,1.);
#419 = DIRECTION('',(0.,-1.));
#420 = ( GEOMETRIC_REPRESENTATION_CONTEXT(2) 
PARAMETRIC_REPRESENTATION_CONTEXT() REPRESENTATION_CONTEXT('2D SPACE',''
  ) );
#421 = ORIENTED_EDGE('',*,*,#422,.T.);
#422 = EDGE_CURVE('',#395,#24,#423,.T.);
#423 = SURFACE_CURVE('',#424,(#429,#436),.PCURVE_S1.);
#424 = CIRCLE('',#425,2.);
#425 = AXIS2_PLACEMENT_3D('',#426,#427,#428);
#426 = CARTESIAN_POINT('',(-11.,6.,-4.));
#427 = DIRECTION('',(-0.,-0.,-1.));
#428 = DIRECTION('',(0.,-1.,0.));
#429 = PCURVE('',#47,#430);
#430 = DEFINITIONAL_REPRESENTATION('',(#431),#435);
#431 = CIRCLE('',#432,2.);
#432 = AXIS2_PLACEMENT_2D('',#433,#434);
#433 = CARTESIAN_POINT('',(2.,-6.));
#434 = DIRECTION('',(0.,1.));
#435 = ( GEOMETRIC_REPRESENTATION_CONTEXT(2) 
PARAMETRIC_REPRESENTATION_CONTEXT() REPRESENTATION_CONTEXT('2D SPACE',''
  ) );
#436 = PCURVE('',#437,#442);
#437 = CYLINDRICAL_SURFACE('',#438,2.);
#438 = AXIS2_PLACEMENT_3D('',#439,#440,#441);
#439 = CARTESIAN_POINT('',(-11.,6.,-24.62));
#440 = DIRECTION('',(0.,0.,1.));
#441 = DIRECTION('',(-1.,-0.,0.));
#442 = DEFINITIONAL_REPRESENTATION('',(#443),#447);
#443 = LINE('',#444,#445);
#444 = CARTESIAN_POINT('',(1.570796326795,20.62));
#445 = VECTOR('',#446,1.);
#446 = DIRECTION('',(-1.,0.));
#447 = ( GEOMETRIC_REPRESENTATION_CONTEXT(2) 
PARAMETRIC_REPRESENTATION_CONTEXT() REPRESENTATION_CONTEXT('2D SPACE',''
  ) );
#448 = ADVANCED_FACE('',(#449),#74,.F.);
#449 = FACE_BOUND('',#450,.F.);
#450 = EDGE_LOOP('',(#451,#452,#476,#549));
#451 = ORIENTED_EDGE('',*,*,#21,.T.);
#452 = ORIENTED_EDGE('',*,*,#453,.T.);
#453 = EDGE_CURVE('',#24,#454,#456,.T.);
#454 = VERTEX_POINT('',#455);
#455 = CARTESIAN_POINT('',(-11.09206553048,7.997879860777,-24.62));
#456 = SURFACE_CURVE('',#457,(#463,#470),.PCURVE_S1.);
#457 = B_SPLINE_CURVE_WITH_KNOTS('',2,(#458,#459,#460,#461,#462),
  .UNSPECIFIED.,.F.,.F.,(3,1,1,3),(-1.261944,2.144378424829E-14,20.62,
    21.881944),.UNSPECIFIED.);
#458 = CARTESIAN_POINT('',(-11.09206553048,7.997879860777,-2.738056));
#459 = CARTESIAN_POINT('',(-11.09206553048,7.997879860777,-3.369028));
#460 = CARTESIAN_POINT('',(-11.09206553048,7.997879860777,-14.31));
#461 = CARTESIAN_POINT('',(-11.09206553048,7.997879860777,-25.250972));
#462 = CARTESIAN_POINT('',(-11.09206553048,7.997879860777,-25.881944));
#463 = PCURVE('',#74,#464);
#464 = DEFINITIONAL_REPRESENTATION('',(#465),#469);
#465 = LINE('',#466,#467);
#466 = CARTESIAN_POINT('',(20.62,0.));
#467 = VECTOR('',#468,1.);
#468 = DIRECTION('',(0.,1.));
#469 = ( GEOMETRIC_REPRESENTATION_CONTEXT(2) 
PARAMETRIC_REPRESENTATION_CONTEXT() REPRESENTATION_CONTEXT('2D SPACE',''
  ) );
#470 = PCURVE('',#437,#471);
#471 = DEFINITIONAL_REPRESENTATION('',(#472),#475);
#472 = B_SPLINE_CURVE_WITH_KNOTS('',1,(#473,#474),.UNSPECIFIED.,.F.,.F.,
  (2,2),(2.144378424829E-14,20.62),.PIECEWISE_BEZIER_KNOTS.);
#473 = CARTESIAN_POINT('',(-1.524747288673,20.62));
#474 = CARTESIAN_POINT('',(-1.524747288673,-3.552713678501E-15));
#475 = ( GEOMETRIC_REPRESENTATION_CONTEXT(2) 
PARAMETRIC_REPRESENTATION_CONTEXT() REPRESENTATION_CONTEXT('2D SPACE',''
  ) );
#476 = ORIENTED_EDGE('',*,*,#477,.F.);
#477 = EDGE_CURVE('',#478,#454,#480,.T.);
#478 = VERTEX_POINT('',#479);
#479 = CARTESIAN_POINT('',(-9.692913586175,8.662991758679,-24.62));
#480 = SURFACE_CURVE('',#481,(#500,#522),.PCURVE_S1.);
#481 = B_SPLINE_CURVE_WITH_KNOTS('',5,(#482,#483,#484,#485,#486,#487,
    #488,#489,#490,#491,#492,#493,#494,#495,#496,#497,#498,#499),
  .UNSPECIFIED.,.F.,.F.,(6,4,4,4,6),(0.,0.24998525749,0.5,0.75001474251,
    1.),.UNSPECIFIED.);
#482 = CARTESIAN_POINT('',(-9.692913586175,8.662991758679,-24.62));
#483 = CARTESIAN_POINT('',(-9.744536326807,8.605231717118,-24.62));
#484 = CARTESIAN_POINT('',(-9.79945638548,8.549410694605,-24.62));
#485 = CARTESIAN_POINT('',(-9.857550865502,8.495885247213,-24.62));
#486 = CARTESIAN_POINT('',(-9.918620838947,8.445001798013,-24.62));
#487 = CARTESIAN_POINT('',(-10.0461868077,8.349111417339,-24.62));
#488 = CARTESIAN_POINT('',(-10.11268347828,8.304105114996,-24.62));
#489 = CARTESIAN_POINT('',(-10.1816247218,8.262340191588,-24.62));
#490 = CARTESIAN_POINT('',(-10.25267838587,8.224067640143,-24.62));
#491 = CARTESIAN_POINT('',(-10.3982722001,8.154857016877,-24.62));
#492 = CARTESIAN_POINT('',(-10.47281242364,8.123918910178,-24.62));
#493 = CARTESIAN_POINT('',(-10.54872727256,8.096823899572,-24.62));
#494 = CARTESIAN_POINT('',(-10.62561239718,8.073671101451,-24.62));
#495 = CARTESIAN_POINT('',(-10.78051422604,8.03528536313,-24.62));
#496 = CARTESIAN_POINT('',(-10.85853086872,8.020051502053,-24.62));
#497 = CARTESIAN_POINT('',(-10.93671777167,8.008793156917,-24.62));
#498 = CARTESIAN_POINT('',(-11.01468069175,8.001445879119,-24.62));
#499 = CARTESIAN_POINT('',(-11.09206553048,7.997879860777,-24.62));
#500 = PCURVE('',#74,#501);
#501 = DEFINITIONAL_REPRESENTATION('',(#502),#521);
#502 = B_SPLINE_CURVE_WITH_KNOTS('',5,(#503,#504,#505,#506,#507,#508,
    #509,#510,#511,#512,#513,#514,#515,#516,#517,#518,#519,#520),
  .UNSPECIFIED.,.F.,.F.,(6,4,4,4,6),(0.,0.24998525749,0.5,0.75001474251,
    1.),.UNSPECIFIED.);
#503 = CARTESIAN_POINT('',(0.,20.62));
#504 = CARTESIAN_POINT('',(1.031097059918,20.62));
#505 = CARTESIAN_POINT('',(2.062137813565,20.62));
#506 = CARTESIAN_POINT('',(3.093129038564,20.62));
#507 = CARTESIAN_POINT('',(4.124080001901,20.62));
#508 = CARTESIAN_POINT('',(6.186041592054,20.62));
#509 = CARTESIAN_POINT('',(7.217052508861,20.62));
#510 = CARTESIAN_POINT('',(8.248041917065,20.62));
#511 = CARTESIAN_POINT('',(9.279021038964,20.62));
#512 = CARTESIAN_POINT('',(11.340978961036,20.62));
#513 = CARTESIAN_POINT('',(12.371958082936,20.62));
#514 = CARTESIAN_POINT('',(13.402947491139,20.62));
#515 = CARTESIAN_POINT('',(14.433958407946,20.62));
#516 = CARTESIAN_POINT('',(16.495919998099,20.62));
#517 = CARTESIAN_POINT('',(17.526870961435,20.62));
#518 = CARTESIAN_POINT('',(18.557862186436,20.62));
#519 = CARTESIAN_POINT('',(19.588902940081,20.62));
#520 = CARTESIAN_POINT('',(20.62,20.62));
#521 = ( GEOMETRIC_REPRESENTATION_CONTEXT(2) 
PARAMETRIC_REPRESENTATION_CONTEXT() REPRESENTATION_CONTEXT('2D SPACE',''
  ) );
#522 = PCURVE('',#523,#528);
#523 = PLANE('',#524);
#524 = AXIS2_PLACEMENT_3D('',#525,#526,#527);
#525 = CARTESIAN_POINT('',(-13.,0.,-24.62));
#526 = DIRECTION('',(0.,0.,-1.));
#527 = DIRECTION('',(1.,0.,0.));
#528 = DEFINITIONAL_REPRESENTATION('',(#529),#548);
#529 = B_SPLINE_CURVE_WITH_KNOTS('',5,(#530,#531,#532,#533,#534,#535,
    #536,#537,#538,#539,#540,#541,#542,#543,#544,#545,#546,#547),
  .UNSPECIFIED.,.F.,.F.,(6,4,4,4,6),(0.,0.24998525749,0.5,0.75001474251,
    1.),.UNSPECIFIED.);
#530 = CARTESIAN_POINT('',(3.307086413825,-8.662991758679));
#531 = CARTESIAN_POINT('',(3.255463673193,-8.605231717118));
#532 = CARTESIAN_POINT('',(3.20054361452,-8.549410694605));
#533 = CARTESIAN_POINT('',(3.142449134498,-8.495885247213));
#534 = CARTESIAN_POINT('',(3.081379161053,-8.445001798013));
#535 = CARTESIAN_POINT('',(2.953813192298,-8.349111417339));
#536 = CARTESIAN_POINT('',(2.887316521714,-8.304105114996));
#537 = CARTESIAN_POINT('',(2.818375278194,-8.262340191588));
#538 = CARTESIAN_POINT('',(2.747321614127,-8.224067640143));
#539 = CARTESIAN_POINT('',(2.601727799892,-8.154857016877));
#540 = CARTESIAN_POINT('',(2.527187576352,-8.123918910178));
#541 = CARTESIAN_POINT('',(2.451272727439,-8.096823899572));
#542 = CARTESIAN_POINT('',(2.374387602814,-8.073671101451));
#543 = CARTESIAN_POINT('',(2.219485773955,-8.03528536313));
#544 = CARTESIAN_POINT('',(2.141469131272,-8.020051502053));
#545 = CARTESIAN_POINT('',(2.063282228324,-8.008793156917));
#546 = CARTESIAN_POINT('',(1.985319308241,-8.001445879119));
#547 = CARTESIAN_POINT('',(1.907934469514,-7.997879860777));
#548 = ( GEOMETRIC_REPRESENTATION_CONTEXT(2) 
PARAMETRIC_REPRESENTATION_CONTEXT() REPRESENTATION_CONTEXT('2D SPACE',''
  ) );
#549 = ORIENTED_EDGE('',*,*,#550,.F.);
#550 = EDGE_CURVE('',#22,#478,#551,.T.);
#551 = SURFACE_CURVE('',#552,(#558,#565),.PCURVE_S1.);
#552 = B_SPLINE_CURVE_WITH_KNOTS('',2,(#553,#554,#555,#556,#557),
  .UNSPECIFIED.,.F.,.F.,(3,1,1,3),(-1.261944,2.144378424829E-14,20.62,
    21.881944),.UNSPECIFIED.);
#553 = CARTESIAN_POINT('',(-9.692913586175,8.662991758679,-2.738056));
#554 = CARTESIAN_POINT('',(-9.692913586175,8.662991758679,-3.369028));
#555 = CARTESIAN_POINT('',(-9.692913586175,8.662991758679,-14.31));
#556 = CARTESIAN_POINT('',(-9.692913586175,8.662991758679,-25.250972));
#557 = CARTESIAN_POINT('',(-9.692913586175,8.662991758679,-25.881944));
#558 = PCURVE('',#74,#559);
#559 = DEFINITIONAL_REPRESENTATION('',(#560),#564);
#560 = LINE('',#561,#562);
#561 = CARTESIAN_POINT('',(0.,0.));
#562 = VECTOR('',#563,1.);
#563 = DIRECTION('',(0.,1.));
#564 = ( GEOMETRIC_REPRESENTATION_CONTEXT(2) 
PARAMETRIC_REPRESENTATION_CONTEXT() REPRESENTATION_CONTEXT('2D SPACE',''
  ) );
#565 = PCURVE('',#133,#566);
#566 = DEFINITIONAL_REPRESENTATION('',(#567),#570);
#567 = B_SPLINE_CURVE_WITH_KNOTS('',1,(#568,#569),.UNSPECIFIED.,.F.,.F.,
  (2,2),(2.144378424829E-14,20.62),.PIECEWISE_BEZIER_KNOTS.);
#568 = CARTESIAN_POINT('',(-2.412244195101,-20.62));
#569 = CARTESIAN_POINT('',(-2.412244195101,2.88657986402E-15));
#570 = ( GEOMETRIC_REPRESENTATION_CONTEXT(2) 
PARAMETRIC_REPRESENTATION_CONTEXT() REPRESENTATION_CONTEXT('2D SPACE',''
  ) );
#571 = ADVANCED_FACE('',(#572),#437,.T.);
#572 = FACE_BOUND('',#573,.F.);
#573 = EDGE_LOOP('',(#574,#598,#599,#600));
#574 = ORIENTED_EDGE('',*,*,#575,.T.);
#575 = EDGE_CURVE('',#576,#454,#578,.T.);
#576 = VERTEX_POINT('',#577);
#577 = CARTESIAN_POINT('',(-13.,6.,-24.62));
#578 = SURFACE_CURVE('',#579,(#584,#591),.PCURVE_S1.);
#579 = CIRCLE('',#580,2.);
#580 = AXIS2_PLACEMENT_3D('',#581,#582,#583);
#581 = CARTESIAN_POINT('',(-11.,6.,-24.62));
#582 = DIRECTION('',(-0.,-0.,-1.));
#583 = DIRECTION('',(0.,-1.,0.));
#584 = PCURVE('',#437,#585);
#585 = DEFINITIONAL_REPRESENTATION('',(#586),#590);
#586 = LINE('',#587,#588);
#587 = CARTESIAN_POINT('',(1.570796326795,-0.));
#588 = VECTOR('',#589,1.);
#589 = DIRECTION('',(-1.,0.));
#590 = ( GEOMETRIC_REPRESENTATION_CONTEXT(2) 
PARAMETRIC_REPRESENTATION_CONTEXT() REPRESENTATION_CONTEXT('2D SPACE',''
  ) );
#591 = PCURVE('',#523,#592);
#592 = DEFINITIONAL_REPRESENTATION('',(#593),#597);
#593 = CIRCLE('',#594,2.);
#594 = AXIS2_PLACEMENT_2D('',#595,#596);
#595 = CARTESIAN_POINT('',(2.,-6.));
#596 = DIRECTION('',(0.,1.));
#597 = ( GEOMETRIC_REPRESENTATION_CONTEXT(2) 
PARAMETRIC_REPRESENTATION_CONTEXT() REPRESENTATION_CONTEXT('2D SPACE',''
  ) );
#598 = ORIENTED_EDGE('',*,*,#453,.F.);
#599 = ORIENTED_EDGE('',*,*,#422,.F.);
#600 = ORIENTED_EDGE('',*,*,#601,.F.);
#601 = EDGE_CURVE('',#576,#395,#602,.T.);
#602 = SURFACE_CURVE('',#603,(#607,#614),.PCURVE_S1.);
#603 = LINE('',#604,#605);
#604 = CARTESIAN_POINT('',(-13.,6.,-24.62));
#605 = VECTOR('',#606,1.);
#606 = DIRECTION('',(0.,0.,1.));
#607 = PCURVE('',#437,#608);
#608 = DEFINITIONAL_REPRESENTATION('',(#609),#613);
#609 = LINE('',#610,#611);
#610 = CARTESIAN_POINT('',(-0.,0.));
#611 = VECTOR('',#612,1.);
#612 = DIRECTION('',(-0.,1.));
#613 = ( GEOMETRIC_REPRESENTATION_CONTEXT(2) 
PARAMETRIC_REPRESENTATION_CONTEXT() REPRESENTATION_CONTEXT('2D SPACE',''
  ) );
#614 = PCURVE('',#410,#615);
#615 = DEFINITIONAL_REPRESENTATION('',(#616),#620);
#616 = LINE('',#617,#618);
#617 = CARTESIAN_POINT('',(0.,-6.));
#618 = VECTOR('',#619,1.);
#619 = DIRECTION('',(1.,0.));
#620 = ( GEOMETRIC_REPRESENTATION_CONTEXT(2) 
PARAMETRIC_REPRESENTATION_CONTEXT() REPRESENTATION_CONTEXT('2D SPACE',''
  ) );
#621 = ADVANCED_FACE('',(#622),#410,.F.);
#622 = FACE_BOUND('',#623,.F.);
#623 = EDGE_LOOP('',(#624,#647,#648,#649));
#624 = ORIENTED_EDGE('',*,*,#625,.F.);
#625 = EDGE_CURVE('',#576,#626,#628,.T.);
#626 = VERTEX_POINT('',#627);
#627 = CARTESIAN_POINT('',(-13.,-6.,-24.62));
#628 = SURFACE_CURVE('',#629,(#633,#640),.PCURVE_S1.);
#629 = LINE('',#630,#631);
#630 = CARTESIAN_POINT('',(-13.,8.,-24.62));
#631 = VECTOR('',#632,1.);
#632 = DIRECTION('',(0.,-1.,0.));
#633 = PCURVE('',#410,#634);
#634 = DEFINITIONAL_REPRESENTATION('',(#635),#639);
#635 = LINE('',#636,#637);
#636 = CARTESIAN_POINT('',(0.,-8.));
#637 = VECTOR('',#638,1.);
#638 = DIRECTION('',(0.,1.));
#639 = ( GEOMETRIC_REPRESENTATION_CONTEXT(2) 
PARAMETRIC_REPRESENTATION_CONTEXT() REPRESENTATION_CONTEXT('2D SPACE',''
  ) );
#640 = PCURVE('',#523,#641);
#641 = DEFINITIONAL_REPRESENTATION('',(#642),#646);
#642 = LINE('',#643,#644);
#643 = CARTESIAN_POINT('',(0.,-8.));
#644 = VECTOR('',#645,1.);
#645 = DIRECTION('',(0.,1.));
#646 = ( GEOMETRIC_REPRESENTATION_CONTEXT(2) 
PARAMETRIC_REPRESENTATION_CONTEXT() REPRESENTATION_CONTEXT('2D SPACE',''
  ) );
#647 = ORIENTED_EDGE('',*,*,#601,.T.);
#648 = ORIENTED_EDGE('',*,*,#394,.F.);
#649 = ORIENTED_EDGE('',*,*,#650,.F.);
#650 = EDGE_CURVE('',#626,#362,#651,.T.);
#651 = SURFACE_CURVE('',#652,(#656,#663),.PCURVE_S1.);
#652 = LINE('',#653,#654);
#653 = CARTESIAN_POINT('',(-13.,-6.,-24.62));
#654 = VECTOR('',#655,1.);
#655 = DIRECTION('',(0.,0.,1.));
#656 = PCURVE('',#410,#657);
#657 = DEFINITIONAL_REPRESENTATION('',(#658),#662);
#658 = LINE('',#659,#660);
#659 = CARTESIAN_POINT('',(0.,6.));
#660 = VECTOR('',#661,1.);
#661 = DIRECTION('',(1.,0.));
#662 = ( GEOMETRIC_REPRESENTATION_CONTEXT(2) 
PARAMETRIC_REPRESENTATION_CONTEXT() REPRESENTATION_CONTEXT('2D SPACE',''
  ) );
#663 = PCURVE('',#382,#664);
#664 = DEFINITIONAL_REPRESENTATION('',(#665),#669);
#665 = LINE('',#666,#667);
#666 = CARTESIAN_POINT('',(0.,0.));
#667 = VECTOR('',#668,1.);
#668 = DIRECTION('',(0.,1.));
#669 = ( GEOMETRIC_REPRESENTATION_CONTEXT(2) 
PARAMETRIC_REPRESENTATION_CONTEXT() REPRESENTATION_CONTEXT('2D SPACE',''
  ) );
#670 = ADVANCED_FACE('',(#671),#382,.T.);
#671 = FACE_BOUND('',#672,.T.);
#672 = EDGE_LOOP('',(#673,#701,#723,#724));
#673 = ORIENTED_EDGE('',*,*,#674,.T.);
#674 = EDGE_CURVE('',#626,#675,#677,.T.);
#675 = VERTEX_POINT('',#676);
#676 = CARTESIAN_POINT('',(-11.09206553048,-7.997879860777,-24.62));
#677 = SURFACE_CURVE('',#678,(#683,#690),.PCURVE_S1.);
#678 = CIRCLE('',#679,2.);
#679 = AXIS2_PLACEMENT_3D('',#680,#681,#682);
#680 = CARTESIAN_POINT('',(-11.,-6.,-24.62));
#681 = DIRECTION('',(0.,0.,1.));
#682 = DIRECTION('',(0.,-1.,0.));
#683 = PCURVE('',#382,#684);
#684 = DEFINITIONAL_REPRESENTATION('',(#685),#689);
#685 = LINE('',#686,#687);
#686 = CARTESIAN_POINT('',(-4.712388980385,0.));
#687 = VECTOR('',#688,1.);
#688 = DIRECTION('',(1.,0.));
#689 = ( GEOMETRIC_REPRESENTATION_CONTEXT(2) 
PARAMETRIC_REPRESENTATION_CONTEXT() REPRESENTATION_CONTEXT('2D SPACE',''
  ) );
#690 = PCURVE('',#523,#691);
#691 = DEFINITIONAL_REPRESENTATION('',(#692),#700);
#692 = ( BOUNDED_CURVE() B_SPLINE_CURVE(2,(#693,#694,#695,#696,#697,#698
,#699),.UNSPECIFIED.,.T.,.F.) B_SPLINE_CURVE_WITH_KNOTS((1,2,2,2,2,1),(
    -2.094395102393,0.,2.094395102393,4.188790204786,6.28318530718,
8.377580409573),.UNSPECIFIED.) CURVE() GEOMETRIC_REPRESENTATION_ITEM() 
RATIONAL_B_SPLINE_CURVE((1.,0.5,1.,0.5,1.,0.5,1.)) REPRESENTATION_ITEM(
  '') );
#693 = CARTESIAN_POINT('',(2.,8.));
#694 = CARTESIAN_POINT('',(5.464101615138,8.));
#695 = CARTESIAN_POINT('',(3.732050807569,5.));
#696 = CARTESIAN_POINT('',(2.,2.));
#697 = CARTESIAN_POINT('',(0.267949192431,5.));
#698 = CARTESIAN_POINT('',(-1.464101615138,8.));
#699 = CARTESIAN_POINT('',(2.,8.));
#700 = ( GEOMETRIC_REPRESENTATION_CONTEXT(2) 
PARAMETRIC_REPRESENTATION_CONTEXT() REPRESENTATION_CONTEXT('2D SPACE',''
  ) );
#701 = ORIENTED_EDGE('',*,*,#702,.F.);
#702 = EDGE_CURVE('',#278,#675,#703,.T.);
#703 = SURFACE_CURVE('',#704,(#710,#716),.PCURVE_S1.);
#704 = B_SPLINE_CURVE_WITH_KNOTS('',2,(#705,#706,#707,#708,#709),
  .UNSPECIFIED.,.F.,.F.,(3,1,1,3),(-1.261944,2.017743611082E-14,20.62,
    21.881944),.UNSPECIFIED.);
#705 = CARTESIAN_POINT('',(-11.09206553048,-7.997879860777,-2.738056));
#706 = CARTESIAN_POINT('',(-11.09206553048,-7.997879860777,-3.369028));
#707 = CARTESIAN_POINT('',(-11.09206553048,-7.997879860777,-14.31));
#708 = CARTESIAN_POINT('',(-11.09206553048,-7.997879860777,-25.250972));
#709 = CARTESIAN_POINT('',(-11.09206553048,-7.997879860777,-25.881944));
#710 = PCURVE('',#382,#711);
#711 = DEFINITIONAL_REPRESENTATION('',(#712),#715);
#712 = B_SPLINE_CURVE_WITH_KNOTS('',1,(#713,#714),.UNSPECIFIED.,.F.,.F.,
  (2,2),(2.017743611082E-14,20.62),.PIECEWISE_BEZIER_KNOTS.);
#713 = CARTESIAN_POINT('',(1.524747288673,20.62));
#714 = CARTESIAN_POINT('',(1.524747288673,-1.77635683925E-15));
#715 = ( GEOMETRIC_REPRESENTATION_CONTEXT(2) 
PARAMETRIC_REPRESENTATION_CONTEXT() REPRESENTATION_CONTEXT('2D SPACE',''
  ) );
#716 = PCURVE('',#323,#717);
#717 = DEFINITIONAL_REPRESENTATION('',(#718),#722);
#718 = LINE('',#719,#720);
#719 = CARTESIAN_POINT('',(0.,0.));
#720 = VECTOR('',#721,1.);
#721 = DIRECTION('',(0.,1.));
#722 = ( GEOMETRIC_REPRESENTATION_CONTEXT(2) 
PARAMETRIC_REPRESENTATION_CONTEXT() REPRESENTATION_CONTEXT('2D SPACE',''
  ) );
#723 = ORIENTED_EDGE('',*,*,#361,.F.);
#724 = ORIENTED_EDGE('',*,*,#650,.F.);
#725 = ADVANCED_FACE('',(#726),#323,.F.);
#726 = FACE_BOUND('',#727,.F.);
#727 = EDGE_LOOP('',(#728,#729,#753,#819));
#728 = ORIENTED_EDGE('',*,*,#277,.T.);
#729 = ORIENTED_EDGE('',*,*,#730,.T.);
#730 = EDGE_CURVE('',#245,#731,#733,.T.);
#731 = VERTEX_POINT('',#732);
#732 = CARTESIAN_POINT('',(-9.692913586175,-8.662991758679,-24.62));
#733 = SURFACE_CURVE('',#734,(#740,#747),.PCURVE_S1.);
#734 = B_SPLINE_CURVE_WITH_KNOTS('',2,(#735,#736,#737,#738,#739),
  .UNSPECIFIED.,.F.,.F.,(3,1,1,3),(-1.261944,2.017743611082E-14,20.62,
    21.881944),.UNSPECIFIED.);
#735 = CARTESIAN_POINT('',(-9.692913586175,-8.662991758679,-2.738056));
#736 = CARTESIAN_POINT('',(-9.692913586175,-8.662991758679,-3.369028));
#737 = CARTESIAN_POINT('',(-9.692913586175,-8.662991758679,-14.31));
#738 = CARTESIAN_POINT('',(-9.692913586175,-8.662991758679,-25.250972));
#739 = CARTESIAN_POINT('',(-9.692913586175,-8.662991758679,-25.881944));
#740 = PCURVE('',#323,#741);
#741 = DEFINITIONAL_REPRESENTATION('',(#742),#746);
#742 = LINE('',#743,#744);
#743 = CARTESIAN_POINT('',(20.62,0.));
#744 = VECTOR('',#745,1.);
#745 = DIRECTION('',(0.,1.));
#746 = ( GEOMETRIC_REPRESENTATION_CONTEXT(2) 
PARAMETRIC_REPRESENTATION_CONTEXT() REPRESENTATION_CONTEXT('2D SPACE',''
  ) );
#747 = PCURVE('',#265,#748);
#748 = DEFINITIONAL_REPRESENTATION('',(#749),#752);
#749 = B_SPLINE_CURVE_WITH_KNOTS('',1,(#750,#751),.UNSPECIFIED.,.F.,.F.,
  (2,2),(2.017743611082E-14,20.62),.PIECEWISE_BEZIER_KNOTS.);
#750 = CARTESIAN_POINT('',(-3.870941112079,-20.62));
#751 = CARTESIAN_POINT('',(-3.870941112079,1.44328993201E-15));
#752 = ( GEOMETRIC_REPRESENTATION_CONTEXT(2) 
PARAMETRIC_REPRESENTATION_CONTEXT() REPRESENTATION_CONTEXT('2D SPACE',''
  ) );
#753 = ORIENTED_EDGE('',*,*,#754,.F.);
#754 = EDGE_CURVE('',#675,#731,#755,.T.);
#755 = SURFACE_CURVE('',#756,(#775,#797),.PCURVE_S1.);
#756 = B_SPLINE_CURVE_WITH_KNOTS('',5,(#757,#758,#759,#760,#761,#762,
    #763,#764,#765,#766,#767,#768,#769,#770,#771,#772,#773,#774),
  .UNSPECIFIED.,.F.,.F.,(6,4,4,4,6),(0.,0.24998525749,0.5,0.75001474251,
    1.),.UNSPECIFIED.);
#757 = CARTESIAN_POINT('',(-11.09206553048,-7.997879860777,-24.62));
#758 = CARTESIAN_POINT('',(-11.01468069175,-8.001445879119,-24.62));
#759 = CARTESIAN_POINT('',(-10.93671777167,-8.008793156917,-24.62));
#760 = CARTESIAN_POINT('',(-10.85853086872,-8.020051502053,-24.62));
#761 = CARTESIAN_POINT('',(-10.78051422604,-8.03528536313,-24.62));
#762 = CARTESIAN_POINT('',(-10.62561239718,-8.073671101451,-24.62));
#763 = CARTESIAN_POINT('',(-10.54872727256,-8.096823899572,-24.62));
#764 = CARTESIAN_POINT('',(-10.47281242364,-8.123918910178,-24.62));
#765 = CARTESIAN_POINT('',(-10.3982722001,-8.154857016877,-24.62));
#766 = CARTESIAN_POINT('',(-10.25267838587,-8.224067640143,-24.62));
#767 = CARTESIAN_POINT('',(-10.1816247218,-8.262340191588,-24.62));
#768 = CARTESIAN_POINT('',(-10.11268347828,-8.304105114996,-24.62));
#769 = CARTESIAN_POINT('',(-10.0461868077,-8.349111417339,-24.62));
#770 = CARTESIAN_POINT('',(-9.918620838947,-8.445001798013,-24.62));
#771 = CARTESIAN_POINT('',(-9.857550865502,-8.495885247213,-24.62));
#772 = CARTESIAN_POINT('',(-9.79945638548,-8.549410694605,-24.62));
#773 = CARTESIAN_POINT('',(-9.744536326807,-8.605231717118,-24.62));
#774 = CARTESIAN_POINT('',(-9.692913586175,-8.662991758679,-24.62));
#775 = PCURVE('',#323,#776);
#776 = DEFINITIONAL_REPRESENTATION('',(#777),#796);
#777 = B_SPLINE_CURVE_WITH_KNOTS('',5,(#778,#779,#780,#781,#782,#783,
    #784,#785,#786,#787,#788,#789,#790,#791,#792,#793,#794,#795),
  .UNSPECIFIED.,.F.,.F.,(6,4,4,4,6),(0.,0.24998525749,0.5,0.75001474251,
    1.),.UNSPECIFIED.);
#778 = CARTESIAN_POINT('',(0.,20.62));
#779 = CARTESIAN_POINT('',(1.031097059918,20.62));
#780 = CARTESIAN_POINT('',(2.062137813565,20.62));
#781 = CARTESIAN_POINT('',(3.093129038564,20.62));
#782 = CARTESIAN_POINT('',(4.124080001901,20.62));
#783 = CARTESIAN_POINT('',(6.186041592054,20.62));
#784 = CARTESIAN_POINT('',(7.217052508861,20.62));
#785 = CARTESIAN_POINT('',(8.248041917064,20.62));
#786 = CARTESIAN_POINT('',(9.279021038964,20.62));
#787 = CARTESIAN_POINT('',(11.340978961036,20.62));
#788 = CARTESIAN_POINT('',(12.371958082935,20.62));
#789 = CARTESIAN_POINT('',(13.402947491139,20.62));
#790 = CARTESIAN_POINT('',(14.433958407946,20.62));
#791 = CARTESIAN_POINT('',(16.495919998098,20.62));
#792 = CARTESIAN_POINT('',(17.526870961436,20.62));
#793 = CARTESIAN_POINT('',(18.557862186435,20.62));
#794 = CARTESIAN_POINT('',(19.588902940082,20.62));
#795 = CARTESIAN_POINT('',(20.62,20.62));
#796 = ( GEOMETRIC_REPRESENTATION_CONTEXT(2) 
PARAMETRIC_REPRESENTATION_CONTEXT() REPRESENTATION_CONTEXT('2D SPACE',''
  ) );
#797 = PCURVE('',#523,#798);
#798 = DEFINITIONAL_REPRESENTATION('',(#799),#818);
#799 = B_SPLINE_CURVE_WITH_KNOTS('',5,(#800,#801,#802,#803,#804,#805,
    #806,#807,#808,#809,#810,#811,#812,#813,#814,#815,#816,#817),
  .UNSPECIFIED.,.F.,.F.,(6,4,4,4,6),(0.,0.24998525749,0.5,0.75001474251,
    1.),.UNSPECIFIED.);
#800 = CARTESIAN_POINT('',(1.907934469514,7.997879860777));
#801 = CARTESIAN_POINT('',(1.985319308241,8.001445879119));
#802 = CARTESIAN_POINT('',(2.063282228324,8.008793156917));
#803 = CARTESIAN_POINT('',(2.141469131272,8.020051502053));
#804 = CARTESIAN_POINT('',(2.219485773955,8.03528536313));
#805 = CARTESIAN_POINT('',(2.374387602814,8.073671101451));
#806 = CARTESIAN_POINT('',(2.451272727439,8.096823899572));
#807 = CARTESIAN_POINT('',(2.527187576352,8.123918910178));
#808 = CARTESIAN_POINT('',(2.601727799892,8.154857016877));
#809 = CARTESIAN_POINT('',(2.747321614127,8.224067640143));
#810 = CARTESIAN_POINT('',(2.818375278194,8.262340191588));
#811 = CARTESIAN_POINT('',(2.887316521714,8.304105114996));
#812 = CARTESIAN_POINT('',(2.953813192298,8.349111417339));
#813 = CARTESIAN_POINT('',(3.081379161053,8.445001798013));
#814 = CARTESIAN_POINT('',(3.142449134498,8.495885247213));
#815 = CARTESIAN_POINT('',(3.20054361452,8.549410694605));
#816 = CARTESIAN_POINT('',(3.255463673193,8.605231717118));
#817 = CARTESIAN_POINT('',(3.307086413825,8.662991758679));
#818 = ( GEOMETRIC_REPRESENTATION_CONTEXT(2) 
PARAMETRIC_REPRESENTATION_CONTEXT() REPRESENTATION_CONTEXT('2D SPACE',''
  ) );
#819 = ORIENTED_EDGE('',*,*,#702,.F.);
#820 = ADVANCED_FACE('',(#821),#265,.T.);
#821 = FACE_BOUND('',#822,.F.);
#822 = EDGE_LOOP('',(#823,#904,#930,#931,#932));
#823 = ORIENTED_EDGE('',*,*,#824,.T.);
#824 = EDGE_CURVE('',#825,#827,#829,.T.);
#825 = VERTEX_POINT('',#826);
#826 = CARTESIAN_POINT('',(-2.363636363636,-12.78331815846,
    -11.66285098859));
#827 = VERTEX_POINT('',#828);
#828 = CARTESIAN_POINT('',(-8.114415881343,-10.15658677433,-24.62));
#829 = SURFACE_CURVE('',#830,(#851,#875),.PCURVE_S1.);
#830 = B_SPLINE_CURVE_WITH_KNOTS('',7,(#831,#832,#833,#834,#835,#836,
    #837,#838,#839,#840,#841,#842,#843,#844,#845,#846,#847,#848,#849,
    #850),.UNSPECIFIED.,.F.,.F.,(8,6,6,8),(0.,0.320475638382,
    0.617010049144,1.),.UNSPECIFIED.);
#831 = CARTESIAN_POINT('',(4.742872761199E-13,-13.,-9.144380660903));
#832 = CARTESIAN_POINT('',(-0.662326912048,-13.,-9.763741731095));
#833 = CARTESIAN_POINT('',(-1.290270752214,-12.96063160126,
    -10.40051377044));
#834 = CARTESIAN_POINT('',(-1.883417948722,-12.88925182489,
    -11.05170806064));
#835 = CARTESIAN_POINT('',(-2.442139336323,-12.79204304574,
    -11.71478643215));
#836 = CARTESIAN_POINT('',(-2.9672620465,-12.67427980522,-12.38775902557
    ));
#837 = CARTESIAN_POINT('',(-3.459905262666,-12.54046536978,
    -13.06923535691));
#838 = CARTESIAN_POINT('',(-4.348268753858,-12.2594081311,
    -14.39630240916));
#839 = CARTESIAN_POINT('',(-4.748647314471,-12.11386252902,
    -15.04102019931));
#840 = CARTESIAN_POINT('',(-5.123290623401,-11.96094767134,
    -15.69194019219));
#841 = CARTESIAN_POINT('',(-5.473016995522,-11.80339194957,
    -16.34858321395));
#842 = CARTESIAN_POINT('',(-5.798583997082,-11.6436720432,
    -17.01070524688));
#843 = CARTESIAN_POINT('',(-6.100647152228,-11.48410620695,
    -17.67827551945));
#844 = CARTESIAN_POINT('',(-6.740165730294,-11.1239066444,
    -19.22088339808));
#845 = CARTESIAN_POINT('',(-7.062614128617,-10.92466563876,
    -20.10050872088));
#846 = CARTESIAN_POINT('',(-7.347400425792,-10.7343725733,
    -20.98912238226));
#847 = CARTESIAN_POINT('',(-7.594811447438,-10.5579924717,
    -21.88573383766));
#848 = CARTESIAN_POINT('',(-7.805111792352,-10.40021796747,
    -22.78974279731));
#849 = CARTESIAN_POINT('',(-7.978399783564,-10.2652543049,
    -23.70103527907));
#850 = CARTESIAN_POINT('',(-8.114415970149,-10.15658670338,-24.6200006)
  );
#851 = PCURVE('',#265,#852);
#852 = DEFINITIONAL_REPRESENTATION('',(#853),#874);
#853 = B_SPLINE_CURVE_WITH_KNOTS('',7,(#854,#855,#856,#857,#858,#859,
    #860,#861,#862,#863,#864,#865,#866,#867,#868,#869,#870,#871,#872,
    #873),.UNSPECIFIED.,.F.,.F.,(8,6,6,8),(0.,0.320475638382,
    0.617010049144,1.),.UNSPECIFIED.);
#854 = CARTESIAN_POINT('',(-4.712388980385,-15.47561933909));
#855 = CARTESIAN_POINT('',(-4.661440756381,-14.8562582689));
#856 = CARTESIAN_POINT('',(-4.613137373959,-14.21948622955));
#857 = CARTESIAN_POINT('',(-4.567294719245,-13.56829193935));
#858 = CARTESIAN_POINT('',(-4.523768883919,-12.90521356785));
#859 = CARTESIAN_POINT('',(-4.482439522372,-12.23224097442));
#860 = CARTESIAN_POINT('',(-4.44320409963,-11.55076464308));
#861 = CARTESIAN_POINT('',(-4.371529998942,-10.22369759084));
#862 = CARTESIAN_POINT('',(-4.338789049452,-9.578979800686));
#863 = CARTESIAN_POINT('',(-4.307697877598,-8.928059807802));
#864 = CARTESIAN_POINT('',(-4.278222466489,-8.271416786042));
#865 = CARTESIAN_POINT('',(-4.25034816204,-7.609294753115));
#866 = CARTESIAN_POINT('',(-4.22407931824,-6.941724480547));
#867 = CARTESIAN_POINT('',(-4.167619260801,-5.399116601913));
#868 = CARTESIAN_POINT('',(-4.138486413016,-4.519491279116));
#869 = CARTESIAN_POINT('',(-4.112163004022,-3.630877617742));
#870 = CARTESIAN_POINT('',(-4.08880440729,-2.734266162329));
#871 = CARTESIAN_POINT('',(-4.068586350732,-1.830257202684));
#872 = CARTESIAN_POINT('',(-4.051691886123,-0.918964720927));
#873 = CARTESIAN_POINT('',(-4.038299967109,5.999999999062E-07));
#874 = ( GEOMETRIC_REPRESENTATION_CONTEXT(2) 
PARAMETRIC_REPRESENTATION_CONTEXT() REPRESENTATION_CONTEXT('2D SPACE',''
  ) );
#875 = PCURVE('',#876,#881);
#876 = CYLINDRICAL_SURFACE('',#877,26.5);
#877 = AXIS2_PLACEMENT_3D('',#878,#879,#880);
#878 = CARTESIAN_POINT('',(18.1,18.,-28.5));
#879 = DIRECTION('',(0.,-1.,2.22044604925E-16));
#880 = DIRECTION('',(1.,0.,0.));
#881 = DEFINITIONAL_REPRESENTATION('',(#882),#903);
#882 = B_SPLINE_CURVE_WITH_KNOTS('',7,(#883,#884,#885,#886,#887,#888,
    #889,#890,#891,#892,#893,#894,#895,#896,#897,#898,#899,#900,#901,
    #902),.UNSPECIFIED.,.F.,.F.,(8,6,6,8),(0.,0.320475638382,
    0.617010049144,1.),.UNSPECIFIED.);
#883 = CARTESIAN_POINT('',(2.322684183042,31.));
#884 = CARTESIAN_POINT('',(2.356903026699,31.));
#885 = CARTESIAN_POINT('',(2.390622947894,30.960631601268));
#886 = CARTESIAN_POINT('',(2.423820972426,30.889251824898));
#887 = CARTESIAN_POINT('',(2.456498709968,30.792043045746));
#888 = CARTESIAN_POINT('',(2.488675288081,30.674279805222));
#889 = CARTESIAN_POINT('',(2.520386649461,30.540465369785));
#890 = CARTESIAN_POINT('',(2.580649473061,30.259408131103));
#891 = CARTESIAN_POINT('',(2.609271349037,30.113862529028));
#892 = CARTESIAN_POINT('',(2.637587167357,29.96094767134));
#893 = CARTESIAN_POINT('',(2.665634558957,29.803391949576));
#894 = CARTESIAN_POINT('',(2.69345435374,29.643672043206));
#895 = CARTESIAN_POINT('',(2.721090437167,29.48410620695));
#896 = CARTESIAN_POINT('',(2.784106176316,29.123906644409));
#897 = CARTESIAN_POINT('',(2.819428881799,28.924665638768));
#898 = CARTESIAN_POINT('',(2.854593810424,28.734372573309));
#899 = CARTESIAN_POINT('',(2.889640177839,28.557992471705));
#900 = CARTESIAN_POINT('',(2.924618388335,28.400217967471));
#901 = CARTESIAN_POINT('',(2.959593620674,28.2652543049));
#902 = CARTESIAN_POINT('',(2.994649344287,28.156586703386));
#903 = ( GEOMETRIC_REPRESENTATION_CONTEXT(2) 
PARAMETRIC_REPRESENTATION_CONTEXT() REPRESENTATION_CONTEXT('2D SPACE',''
  ) );
#904 = ORIENTED_EDGE('',*,*,#905,.F.);
#905 = EDGE_CURVE('',#731,#827,#906,.T.);
#906 = SURFACE_CURVE('',#907,(#912,#919),.PCURVE_S1.);
#907 = CIRCLE('',#908,13.);
#908 = AXIS2_PLACEMENT_3D('',#909,#910,#911);
#909 = CARTESIAN_POINT('',(0.,0.,-24.62));
#910 = DIRECTION('',(0.,0.,1.));
#911 = DIRECTION('',(1.,0.,0.));
#912 = PCURVE('',#265,#913);
#913 = DEFINITIONAL_REPRESENTATION('',(#914),#918);
#914 = LINE('',#915,#916);
#915 = CARTESIAN_POINT('',(-0.,0.));
#916 = VECTOR('',#917,1.);
#917 = DIRECTION('',(-1.,0.));
#918 = ( GEOMETRIC_REPRESENTATION_CONTEXT(2) 
PARAMETRIC_REPRESENTATION_CONTEXT() REPRESENTATION_CONTEXT('2D SPACE',''
  ) );
#919 = PCURVE('',#523,#920);
#920 = DEFINITIONAL_REPRESENTATION('',(#921),#929);
#921 = ( BOUNDED_CURVE() B_SPLINE_CURVE(2,(#922,#923,#924,#925,#926,#927
,#928),.UNSPECIFIED.,.T.,.F.) B_SPLINE_CURVE_WITH_KNOTS((1,2,2,2,2,1),(
    -2.094395102393,0.,2.094395102393,4.188790204786,6.28318530718,
8.377580409573),.UNSPECIFIED.) CURVE() GEOMETRIC_REPRESENTATION_ITEM() 
RATIONAL_B_SPLINE_CURVE((1.,0.5,1.,0.5,1.,0.5,1.)) REPRESENTATION_ITEM(
  '') );
#922 = CARTESIAN_POINT('',(26.,0.));
#923 = CARTESIAN_POINT('',(26.,-22.51666049839));
#924 = CARTESIAN_POINT('',(6.5,-11.25833024919));
#925 = CARTESIAN_POINT('',(-13.,-3.184081677783E-15));
#926 = CARTESIAN_POINT('',(6.5,11.258330249198));
#927 = CARTESIAN_POINT('',(26.,22.516660498395));
#928 = CARTESIAN_POINT('',(26.,0.));
#929 = ( GEOMETRIC_REPRESENTATION_CONTEXT(2) 
PARAMETRIC_REPRESENTATION_CONTEXT() REPRESENTATION_CONTEXT('2D SPACE',''
  ) );
#930 = ORIENTED_EDGE('',*,*,#730,.F.);
#931 = ORIENTED_EDGE('',*,*,#244,.T.);
#932 = ORIENTED_EDGE('',*,*,#933,.F.);
#933 = EDGE_CURVE('',#825,#212,#934,.T.);
#934 = SURFACE_CURVE('',#935,(#939,#946),.PCURVE_S1.);
#935 = LINE('',#936,#937);
#936 = CARTESIAN_POINT('',(-2.363636363636,-12.78331815846,
    -9.144380660903));
#937 = VECTOR('',#938,1.);
#938 = DIRECTION('',(0.,0.,1.));
#939 = PCURVE('',#265,#940);
#940 = DEFINITIONAL_REPRESENTATION('',(#941),#945);
#941 = LINE('',#942,#943);
#942 = CARTESIAN_POINT('',(-4.529553843392,-15.47561933909));
#943 = VECTOR('',#944,1.);
#944 = DIRECTION('',(-0.,-1.));
#945 = ( GEOMETRIC_REPRESENTATION_CONTEXT(2) 
PARAMETRIC_REPRESENTATION_CONTEXT() REPRESENTATION_CONTEXT('2D SPACE',''
  ) );
#946 = PCURVE('',#232,#947);
#947 = DEFINITIONAL_REPRESENTATION('',(#948),#952);
#948 = LINE('',#949,#950);
#949 = CARTESIAN_POINT('',(0.,0.));
#950 = VECTOR('',#951,1.);
#951 = DIRECTION('',(0.,1.));
#952 = ( GEOMETRIC_REPRESENTATION_CONTEXT(2) 
PARAMETRIC_REPRESENTATION_CONTEXT() REPRESENTATION_CONTEXT('2D SPACE',''
  ) );
#953 = ADVANCED_FACE('',(#954),#232,.T.);
#954 = FACE_BOUND('',#955,.T.);
#955 = EDGE_LOOP('',(#956,#1051,#1079,#1106,#1107));
#956 = ORIENTED_EDGE('',*,*,#957,.T.);
#957 = EDGE_CURVE('',#825,#958,#960,.T.);
#958 = VERTEX_POINT('',#959);
#959 = CARTESIAN_POINT('',(4.440892098501E-16,-10.81665382639,
    -9.144380660904));
#960 = SURFACE_CURVE('',#961,(#989,#1020),.PCURVE_S1.);
#961 = B_SPLINE_CURVE_WITH_KNOTS('',6,(#962,#963,#964,#965,#966,#967,
    #968,#969,#970,#971,#972,#973,#974,#975,#976,#977,#978,#979,#980,
    #981,#982,#983,#984,#985,#986,#987,#988),.UNSPECIFIED.,.F.,.F.,(7,5,
    5,5,5,7),(0.,0.32175556746,0.501461954149,0.668047007196,
    0.768849047218,1.),.UNSPECIFIED.);
#962 = CARTESIAN_POINT('',(-2.363636363636,-12.78331815846,
    -11.66285099024));
#963 = CARTESIAN_POINT('',(-2.20706805,-12.81226764989,-11.47256004285)
  );
#964 = CARTESIAN_POINT('',(-2.046593907732,-12.82647066785,
    -11.28184998184));
#965 = CARTESIAN_POINT('',(-1.882887940827,-12.82537851373,
    -11.09172408117));
#966 = CARTESIAN_POINT('',(-1.716983381992,-12.80799159112,
    -10.90349109512));
#967 = CARTESIAN_POINT('',(-1.550355497611,-12.77318608216,
    -10.71874432426));
#968 = CARTESIAN_POINT('',(-1.292642551918,-12.6899038602,
    -10.43915884802));
#969 = CARTESIAN_POINT('',(-1.200712576336,-12.65425578632,
    -10.34066704306));
#970 = CARTESIAN_POINT('',(-1.109577976698,-12.61260861518,
    -10.24422680075));
#971 = CARTESIAN_POINT('',(-1.019700069888,-12.56477961982,
    -10.15025493578));
#972 = CARTESIAN_POINT('',(-0.93162431732,-12.51063468569,
    -10.05922229154));
#973 = CARTESIAN_POINT('',(-0.766575967804,-12.39402997975,
    -9.890453888644));
#974 = CARTESIAN_POINT('',(-0.689263859535,-12.33246699,-9.812234169354)
  );
#975 = CARTESIAN_POINT('',(-0.614541139413,-12.26540286499,
    -9.737399514353));
#976 = CARTESIAN_POINT('',(-0.542976048689,-12.19287756835,
    -9.666403511647));
#977 = CARTESIAN_POINT('',(-0.475173446819,-12.11503563165,
    -9.599714597962));
#978 = CARTESIAN_POINT('',(-0.37336781243,-11.98201027654,-9.50032741058
    ));
#979 = CARTESIAN_POINT('',(-0.336590350164,-11.9300175395,
    -9.464605667317));
#980 = CARTESIAN_POINT('',(-0.301551352208,-11.87624482856,
    -9.430733053774));
#981 = CARTESIAN_POINT('',(-0.268385695418,-11.8207720471,
    -9.398809444931));
#982 = CARTESIAN_POINT('',(-0.23722346022,-11.76369720526,
    -9.368929751689));
#983 = CARTESIAN_POINT('',(-0.141601532488,-11.57085572467,
    -9.277553337035));
#984 = CARTESIAN_POINT('',(-8.615340485421E-02,-11.42869165583,
    -9.225098259311));
#985 = CARTESIAN_POINT('',(-4.340589131276E-02,-11.28019091772,
    -9.184970359538));
#986 = CARTESIAN_POINT('',(-1.446142050031E-02,-11.12721857507,
    -9.157904049353));
#987 = CARTESIAN_POINT('',(1.7763568394E-15,-10.97190098607,
    -9.144380660904));
#988 = CARTESIAN_POINT('',(1.7763568394E-15,-10.81665382639,
    -9.144380660904));
#989 = PCURVE('',#232,#990);
#990 = DEFINITIONAL_REPRESENTATION('',(#991),#1019);
#991 = B_SPLINE_CURVE_WITH_KNOTS('',6,(#992,#993,#994,#995,#996,#997,
    #998,#999,#1000,#1001,#1002,#1003,#1004,#1005,#1006,#1007,#1008,
    #1009,#1010,#1011,#1012,#1013,#1014,#1015,#1016,#1017,#1018),
  .UNSPECIFIED.,.F.,.F.,(7,5,5,5,5,7),(0.,0.32175556746,0.501461954149,
    0.668047007196,0.768849047218,1.),.UNSPECIFIED.);
#992 = CARTESIAN_POINT('',(0.,-2.518470329337));
#993 = CARTESIAN_POINT('',(7.96111014385E-02,-2.328179381953));
#994 = CARTESIAN_POINT('',(0.159802366776,-2.137469320946));
#995 = CARTESIAN_POINT('',(0.241098076079,-1.947343420275));
#996 = CARTESIAN_POINT('',(0.323883135566,-1.759110434219));
#997 = CARTESIAN_POINT('',(0.408512099829,-1.574363663358));
#998 = CARTESIAN_POINT('',(0.543929870886,-1.294778187124));
#999 = CARTESIAN_POINT('',(0.593148818233,-1.196286382164));
#1000 = CARTESIAN_POINT('',(0.643116845524,-1.099846139847));
#1001 = CARTESIAN_POINT('',(0.693878937713,-1.005874274884));
#1002 = CARTESIAN_POINT('',(0.745467234656,-0.914841630642));
#1003 = CARTESIAN_POINT('',(0.846508828969,-0.746073227741));
#1004 = CARTESIAN_POINT('',(0.8958421575,-0.667853508451));
#1005 = CARTESIAN_POINT('',(0.94591095302,-0.59301885345));
#1006 = CARTESIAN_POINT('',(0.996711431677,-0.522022850744));
#1007 = CARTESIAN_POINT('',(1.048222977166,-0.455333937058));
#1008 = CARTESIAN_POINT('',(1.131978771435,-0.355946749677));
#1009 = CARTESIAN_POINT('',(1.163798989123,-0.320225006413));
#1010 = CARTESIAN_POINT('',(1.195854296176,-0.286352392871));
#1011 = CARTESIAN_POINT('',(1.228133180543,-0.254428784028));
#1012 = CARTESIAN_POINT('',(1.260621823488,-0.224549090786));
#1013 = CARTESIAN_POINT('',(1.368245461344,-0.133172676132));
#1014 = CARTESIAN_POINT('',(1.444244212361,-8.071759840736E-02));
#1015 = CARTESIAN_POINT('',(1.521019885236,-4.058969863517E-02));
#1016 = CARTESIAN_POINT('',(1.598349371309,-1.35233884501E-02));
#1017 = CARTESIAN_POINT('',(1.676007883945,-4.440892098501E-13));
#1018 = CARTESIAN_POINT('',(1.753631463788,-4.440892098501E-13));
#1019 = ( GEOMETRIC_REPRESENTATION_CONTEXT(2) 
PARAMETRIC_REPRESENTATION_CONTEXT() REPRESENTATION_CONTEXT('2D SPACE',''
  ) );
#1020 = PCURVE('',#876,#1021);
#1021 = DEFINITIONAL_REPRESENTATION('',(#1022),#1050);
#1022 = B_SPLINE_CURVE_WITH_KNOTS('',6,(#1023,#1024,#1025,#1026,#1027,
    #1028,#1029,#1030,#1031,#1032,#1033,#1034,#1035,#1036,#1037,#1038,
    #1039,#1040,#1041,#1042,#1043,#1044,#1045,#1046,#1047,#1048,#1049),
  .UNSPECIFIED.,.F.,.F.,(7,5,5,5,5,7),(0.,0.32175556746,0.501461954149,
    0.668047007196,0.768849047218,1.),.UNSPECIFIED.);
#1023 = CARTESIAN_POINT('',(2.453112705165,30.783318158463));
#1024 = CARTESIAN_POINT('',(2.443813725062,30.812267649895));
#1025 = CARTESIAN_POINT('',(2.434408885488,30.826470667854));
#1026 = CARTESIAN_POINT('',(2.424942136389,30.825378513738));
#1027 = CARTESIAN_POINT('',(2.415474769971,30.807991591127));
#1028 = CARTESIAN_POINT('',(2.406087037236,30.773186082163));
#1029 = CARTESIAN_POINT('',(2.391738281411,30.6899038602));
#1030 = CARTESIAN_POINT('',(2.386654287818,30.654255786321));
#1031 = CARTESIAN_POINT('',(2.38164731578,30.61260861518));
#1032 = CARTESIAN_POINT('',(2.376740511223,30.564779619827));
#1033 = CARTESIAN_POINT('',(2.371960730245,30.510634685696));
#1034 = CARTESIAN_POINT('',(2.363052853043,30.394029979757));
#1035 = CARTESIAN_POINT('',(2.358902742799,30.332466990001));
#1036 = CARTESIAN_POINT('',(2.354912133966,30.265402864998));
#1037 = CARTESIAN_POINT('',(2.351108163122,30.192877568353));
#1038 = CARTESIAN_POINT('',(2.347519390755,30.11503563165));
#1039 = CARTESIAN_POINT('',(2.34215051957,29.982010276544));
#1040 = CARTESIAN_POINT('',(2.340215804527,29.930017539501));
#1041 = CARTESIAN_POINT('',(2.33837676081,29.876244828564));
#1042 = CARTESIAN_POINT('',(2.336639655045,29.8207720471));
#1043 = CARTESIAN_POINT('',(2.335010499324,29.763697205267));
#1044 = CARTESIAN_POINT('',(2.330019485367,29.57085572467));
#1045 = CARTESIAN_POINT('',(2.327139204054,29.428691655839));
#1046 = CARTESIAN_POINT('',(2.324926721517,29.280190917727));
#1047 = CARTESIAN_POINT('',(2.323431328303,29.127218575071));
#1048 = CARTESIAN_POINT('',(2.322684183042,28.971900986078));
#1049 = CARTESIAN_POINT('',(2.322684183042,28.816653826392));
#1050 = ( GEOMETRIC_REPRESENTATION_CONTEXT(2) 
PARAMETRIC_REPRESENTATION_CONTEXT() REPRESENTATION_CONTEXT('2D SPACE',''
  ) );
#1051 = ORIENTED_EDGE('',*,*,#1052,.T.);
#1052 = EDGE_CURVE('',#958,#1053,#1055,.T.);
#1053 = VERTEX_POINT('',#1054);
#1054 = CARTESIAN_POINT('',(4.440892098501E-16,-10.81665382639,-4.));
#1055 = SURFACE_CURVE('',#1056,(#1060,#1067),.PCURVE_S1.);
#1056 = LINE('',#1057,#1058);
#1057 = CARTESIAN_POINT('',(0.,-10.81665382639,-9.144380660903));
#1058 = VECTOR('',#1059,1.);
#1059 = DIRECTION('',(0.,0.,1.));
#1060 = PCURVE('',#232,#1061);
#1061 = DEFINITIONAL_REPRESENTATION('',(#1062),#1066);
#1062 = LINE('',#1063,#1064);
#1063 = CARTESIAN_POINT('',(1.753631463788,0.));
#1064 = VECTOR('',#1065,1.);
#1065 = DIRECTION('',(0.,1.));
#1066 = ( GEOMETRIC_REPRESENTATION_CONTEXT(2) 
PARAMETRIC_REPRESENTATION_CONTEXT() REPRESENTATION_CONTEXT('2D SPACE',''
  ) );
#1067 = PCURVE('',#1068,#1073);
#1068 = PLANE('',#1069);
#1069 = AXIS2_PLACEMENT_3D('',#1070,#1071,#1072);
#1070 = CARTESIAN_POINT('',(0.,-13.,-24.62));
#1071 = DIRECTION('',(-1.,0.,0.));
#1072 = DIRECTION('',(0.,1.,0.));
#1073 = DEFINITIONAL_REPRESENTATION('',(#1074),#1078);
#1074 = LINE('',#1075,#1076);
#1075 = CARTESIAN_POINT('',(2.183346173608,-15.47561933909));
#1076 = VECTOR('',#1077,1.);
#1077 = DIRECTION('',(0.,-1.));
#1078 = ( GEOMETRIC_REPRESENTATION_CONTEXT(2) 
PARAMETRIC_REPRESENTATION_CONTEXT() REPRESENTATION_CONTEXT('2D SPACE',''
  ) );
#1079 = ORIENTED_EDGE('',*,*,#1080,.F.);
#1080 = EDGE_CURVE('',#179,#1053,#1081,.T.);
#1081 = SURFACE_CURVE('',#1082,(#1087,#1094),.PCURVE_S1.);
#1082 = CIRCLE('',#1083,2.);
#1083 = AXIS2_PLACEMENT_3D('',#1084,#1085,#1086);
#1084 = CARTESIAN_POINT('',(-2.,-10.81665382639,-4.));
#1085 = DIRECTION('',(0.,0.,1.));
#1086 = DIRECTION('',(0.,-1.,0.));
#1087 = PCURVE('',#232,#1088);
#1088 = DEFINITIONAL_REPRESENTATION('',(#1089),#1093);
#1089 = LINE('',#1090,#1091);
#1090 = CARTESIAN_POINT('',(-6.100350170187,5.144380660903));
#1091 = VECTOR('',#1092,1.);
#1092 = DIRECTION('',(1.,0.));
#1093 = ( GEOMETRIC_REPRESENTATION_CONTEXT(2) 
PARAMETRIC_REPRESENTATION_CONTEXT() REPRESENTATION_CONTEXT('2D SPACE',''
  ) );
#1094 = PCURVE('',#1095,#1100);
#1095 = PLANE('',#1096);
#1096 = AXIS2_PLACEMENT_3D('',#1097,#1098,#1099);
#1097 = CARTESIAN_POINT('',(0.,0.,-4.));
#1098 = DIRECTION('',(0.,0.,1.));
#1099 = DIRECTION('',(1.,0.,-0.));
#1100 = DEFINITIONAL_REPRESENTATION('',(#1101),#1105);
#1101 = CIRCLE('',#1102,2.);
#1102 = AXIS2_PLACEMENT_2D('',#1103,#1104);
#1103 = CARTESIAN_POINT('',(-2.,-10.81665382639));
#1104 = DIRECTION('',(0.,-1.));
#1105 = ( GEOMETRIC_REPRESENTATION_CONTEXT(2) 
PARAMETRIC_REPRESENTATION_CONTEXT() REPRESENTATION_CONTEXT('2D SPACE',''
  ) );
#1106 = ORIENTED_EDGE('',*,*,#211,.F.);
#1107 = ORIENTED_EDGE('',*,*,#933,.F.);
#1108 = ADVANCED_FACE('',(#1109),#199,.T.);
#1109 = FACE_BOUND('',#1110,.T.);
#1110 = EDGE_LOOP('',(#1111,#1136,#1163,#1164,#1197,#1224,#1225,#1249));
#1111 = ORIENTED_EDGE('',*,*,#1112,.T.);
#1112 = EDGE_CURVE('',#1113,#1115,#1117,.T.);
#1113 = VERTEX_POINT('',#1114);
#1114 = CARTESIAN_POINT('',(12.,-2.939152317954E-15,-4.));
#1115 = VERTEX_POINT('',#1116);
#1116 = CARTESIAN_POINT('',(12.,-2.939152317954E-15,0.));
#1117 = SEAM_CURVE('',#1118,(#1122,#1129),.PCURVE_S1.);
#1118 = LINE('',#1119,#1120);
#1119 = CARTESIAN_POINT('',(12.,-2.939152317954E-15,-4.));
#1120 = VECTOR('',#1121,1.);
#1121 = DIRECTION('',(0.,0.,1.));
#1122 = PCURVE('',#199,#1123);
#1123 = DEFINITIONAL_REPRESENTATION('',(#1124),#1128);
#1124 = LINE('',#1125,#1126);
#1125 = CARTESIAN_POINT('',(6.28318530718,-0.));
#1126 = VECTOR('',#1127,1.);
#1127 = DIRECTION('',(0.,1.));
#1128 = ( GEOMETRIC_REPRESENTATION_CONTEXT(2) 
PARAMETRIC_REPRESENTATION_CONTEXT() REPRESENTATION_CONTEXT('2D SPACE',''
  ) );
#1129 = PCURVE('',#199,#1130);
#1130 = DEFINITIONAL_REPRESENTATION('',(#1131),#1135);
#1131 = LINE('',#1132,#1133);
#1132 = CARTESIAN_POINT('',(0.,-0.));
#1133 = VECTOR('',#1134,1.);
#1134 = DIRECTION('',(0.,1.));
#1135 = ( GEOMETRIC_REPRESENTATION_CONTEXT(2) 
PARAMETRIC_REPRESENTATION_CONTEXT() REPRESENTATION_CONTEXT('2D SPACE',''
  ) );
#1136 = ORIENTED_EDGE('',*,*,#1137,.F.);
#1137 = EDGE_CURVE('',#1115,#1115,#1138,.T.);
#1138 = SURFACE_CURVE('',#1139,(#1144,#1151),.PCURVE_S1.);
#1139 = CIRCLE('',#1140,12.);
#1140 = AXIS2_PLACEMENT_3D('',#1141,#1142,#1143);
#1141 = CARTESIAN_POINT('',(0.,0.,0.));
#1142 = DIRECTION('',(0.,0.,1.));
#1143 = DIRECTION('',(1.,0.,-0.));
#1144 = PCURVE('',#199,#1145);
#1145 = DEFINITIONAL_REPRESENTATION('',(#1146),#1150);
#1146 = LINE('',#1147,#1148);
#1147 = CARTESIAN_POINT('',(0.,4.));
#1148 = VECTOR('',#1149,1.);
#1149 = DIRECTION('',(1.,0.));
#1150 = ( GEOMETRIC_REPRESENTATION_CONTEXT(2) 
PARAMETRIC_REPRESENTATION_CONTEXT() REPRESENTATION_CONTEXT('2D SPACE',''
  ) );
#1151 = PCURVE('',#1152,#1157);
#1152 = PLANE('',#1153);
#1153 = AXIS2_PLACEMENT_3D('',#1154,#1155,#1156);
#1154 = CARTESIAN_POINT('',(0.,0.,0.));
#1155 = DIRECTION('',(0.,0.,1.));
#1156 = DIRECTION('',(1.,0.,-0.));
#1157 = DEFINITIONAL_REPRESENTATION('',(#1158),#1162);
#1158 = CIRCLE('',#1159,12.);
#1159 = AXIS2_PLACEMENT_2D('',#1160,#1161);
#1160 = CARTESIAN_POINT('',(0.,0.));
#1161 = DIRECTION('',(1.,0.));
#1162 = ( GEOMETRIC_REPRESENTATION_CONTEXT(2) 
PARAMETRIC_REPRESENTATION_CONTEXT() REPRESENTATION_CONTEXT('2D SPACE',''
  ) );
#1163 = ORIENTED_EDGE('',*,*,#1112,.F.);
#1164 = ORIENTED_EDGE('',*,*,#1165,.T.);
#1165 = EDGE_CURVE('',#1113,#1166,#1168,.T.);
#1166 = VERTEX_POINT('',#1167);
#1167 = CARTESIAN_POINT('',(8.944271909999,8.,-4.));
#1168 = SURFACE_CURVE('',#1169,(#1174,#1181),.PCURVE_S1.);
#1169 = CIRCLE('',#1170,12.);
#1170 = AXIS2_PLACEMENT_3D('',#1171,#1172,#1173);
#1171 = CARTESIAN_POINT('',(0.,0.,-4.));
#1172 = DIRECTION('',(0.,0.,1.));
#1173 = DIRECTION('',(1.,0.,-0.));
#1174 = PCURVE('',#199,#1175);
#1175 = DEFINITIONAL_REPRESENTATION('',(#1176),#1180);
#1176 = LINE('',#1177,#1178);
#1177 = CARTESIAN_POINT('',(0.,0.));
#1178 = VECTOR('',#1179,1.);
#1179 = DIRECTION('',(1.,0.));
#1180 = ( GEOMETRIC_REPRESENTATION_CONTEXT(2) 
PARAMETRIC_REPRESENTATION_CONTEXT() REPRESENTATION_CONTEXT('2D SPACE',''
  ) );
#1181 = PCURVE('',#1182,#1187);
#1182 = PLANE('',#1183);
#1183 = AXIS2_PLACEMENT_3D('',#1184,#1185,#1186);
#1184 = CARTESIAN_POINT('',(-13.,0.,-4.));
#1185 = DIRECTION('',(0.,0.,-1.));
#1186 = DIRECTION('',(1.,0.,0.));
#1187 = DEFINITIONAL_REPRESENTATION('',(#1188),#1196);
#1188 = ( BOUNDED_CURVE() B_SPLINE_CURVE(2,(#1189,#1190,#1191,#1192,
#1193,#1194,#1195),.UNSPECIFIED.,.T.,.F.) B_SPLINE_CURVE_WITH_KNOTS((1,2
    ,2,2,2,1),(-2.094395102393,0.,2.094395102393,4.188790204786,
6.28318530718,8.377580409573),.UNSPECIFIED.) CURVE() 
GEOMETRIC_REPRESENTATION_ITEM() RATIONAL_B_SPLINE_CURVE((1.,0.5,1.,0.5,
1.,0.5,1.)) REPRESENTATION_ITEM('') );
#1189 = CARTESIAN_POINT('',(25.,0.));
#1190 = CARTESIAN_POINT('',(25.,-20.78460969082));
#1191 = CARTESIAN_POINT('',(7.,-10.39230484541));
#1192 = CARTESIAN_POINT('',(-11.,-2.939152317954E-15));
#1193 = CARTESIAN_POINT('',(7.,10.392304845413));
#1194 = CARTESIAN_POINT('',(25.,20.784609690827));
#1195 = CARTESIAN_POINT('',(25.,0.));
#1196 = ( GEOMETRIC_REPRESENTATION_CONTEXT(2) 
PARAMETRIC_REPRESENTATION_CONTEXT() REPRESENTATION_CONTEXT('2D SPACE',''
  ) );
#1197 = ORIENTED_EDGE('',*,*,#1198,.T.);
#1198 = EDGE_CURVE('',#1166,#146,#1199,.T.);
#1199 = SURFACE_CURVE('',#1200,(#1205,#1212),.PCURVE_S1.);
#1200 = CIRCLE('',#1201,12.);
#1201 = AXIS2_PLACEMENT_3D('',#1202,#1203,#1204);
#1202 = CARTESIAN_POINT('',(0.,0.,-4.));
#1203 = DIRECTION('',(0.,0.,1.));
#1204 = DIRECTION('',(1.,0.,-0.));
#1205 = PCURVE('',#199,#1206);
#1206 = DEFINITIONAL_REPRESENTATION('',(#1207),#1211);
#1207 = LINE('',#1208,#1209);
#1208 = CARTESIAN_POINT('',(0.,0.));
#1209 = VECTOR('',#1210,1.);
#1210 = DIRECTION('',(1.,0.));
#1211 = ( GEOMETRIC_REPRESENTATION_CONTEXT(2) 
PARAMETRIC_REPRESENTATION_CONTEXT() REPRESENTATION_CONTEXT('2D SPACE',''
  ) );
#1212 = PCURVE('',#1213,#1218);
#1213 = PLANE('',#1214);
#1214 = AXIS2_PLACEMENT_3D('',#1215,#1216,#1217);
#1215 = CARTESIAN_POINT('',(0.,0.,-4.));
#1216 = DIRECTION('',(0.,0.,1.));
#1217 = DIRECTION('',(1.,0.,-0.));
#1218 = DEFINITIONAL_REPRESENTATION('',(#1219),#1223);
#1219 = CIRCLE('',#1220,12.);
#1220 = AXIS2_PLACEMENT_2D('',#1221,#1222);
#1221 = CARTESIAN_POINT('',(0.,0.));
#1222 = DIRECTION('',(1.,0.));
#1223 = ( GEOMETRIC_REPRESENTATION_CONTEXT(2) 
PARAMETRIC_REPRESENTATION_CONTEXT() REPRESENTATION_CONTEXT('2D SPACE',''
  ) );
#1224 = ORIENTED_EDGE('',*,*,#178,.T.);
#1225 = ORIENTED_EDGE('',*,*,#1226,.T.);
#1226 = EDGE_CURVE('',#179,#1227,#1229,.T.);
#1227 = VERTEX_POINT('',#1228);
#1228 = CARTESIAN_POINT('',(8.944271909999,-8.,-4.));
#1229 = SURFACE_CURVE('',#1230,(#1235,#1242),.PCURVE_S1.);
#1230 = CIRCLE('',#1231,12.);
#1231 = AXIS2_PLACEMENT_3D('',#1232,#1233,#1234);
#1232 = CARTESIAN_POINT('',(0.,0.,-4.));
#1233 = DIRECTION('',(0.,0.,1.));
#1234 = DIRECTION('',(1.,0.,-0.));
#1235 = PCURVE('',#199,#1236);
#1236 = DEFINITIONAL_REPRESENTATION('',(#1237),#1241);
#1237 = LINE('',#1238,#1239);
#1238 = CARTESIAN_POINT('',(0.,0.));
#1239 = VECTOR('',#1240,1.);
#1240 = DIRECTION('',(1.,0.));
#1241 = ( GEOMETRIC_REPRESENTATION_CONTEXT(2) 
PARAMETRIC_REPRESENTATION_CONTEXT() REPRESENTATION_CONTEXT('2D SPACE',''
  ) );
#1242 = PCURVE('',#1095,#1243);
#1243 = DEFINITIONAL_REPRESENTATION('',(#1244),#1248);
#1244 = CIRCLE('',#1245,12.);
#1245 = AXIS2_PLACEMENT_2D('',#1246,#1247);
#1246 = CARTESIAN_POINT('',(0.,0.));
#1247 = DIRECTION('',(1.,0.));
#1248 = ( GEOMETRIC_REPRESENTATION_CONTEXT(2) 
PARAMETRIC_REPRESENTATION_CONTEXT() REPRESENTATION_CONTEXT('2D SPACE',''
  ) );
#1249 = ORIENTED_EDGE('',*,*,#1250,.T.);
#1250 = EDGE_CURVE('',#1227,#1113,#1251,.T.);
#1251 = SURFACE_CURVE('',#1252,(#1257,#1264),.PCURVE_S1.);
#1252 = CIRCLE('',#1253,12.);
#1253 = AXIS2_PLACEMENT_3D('',#1254,#1255,#1256);
#1254 = CARTESIAN_POINT('',(0.,0.,-4.));
#1255 = DIRECTION('',(0.,0.,1.));
#1256 = DIRECTION('',(1.,0.,-0.));
#1257 = PCURVE('',#199,#1258);
#1258 = DEFINITIONAL_REPRESENTATION('',(#1259),#1263);
#1259 = LINE('',#1260,#1261);
#1260 = CARTESIAN_POINT('',(0.,0.));
#1261 = VECTOR('',#1262,1.);
#1262 = DIRECTION('',(1.,0.));
#1263 = ( GEOMETRIC_REPRESENTATION_CONTEXT(2) 
PARAMETRIC_REPRESENTATION_CONTEXT() REPRESENTATION_CONTEXT('2D SPACE',''
  ) );
#1264 = PCURVE('',#1182,#1265);
#1265 = DEFINITIONAL_REPRESENTATION('',(#1266),#1274);
#1266 = ( BOUNDED_CURVE() B_SPLINE_CURVE(2,(#1267,#1268,#1269,#1270,
#1271,#1272,#1273),.UNSPECIFIED.,.T.,.F.) B_SPLINE_CURVE_WITH_KNOTS((1,2
    ,2,2,2,1),(-2.094395102393,0.,2.094395102393,4.188790204786,
6.28318530718,8.377580409573),.UNSPECIFIED.) CURVE() 
GEOMETRIC_REPRESENTATION_ITEM() RATIONAL_B_SPLINE_CURVE((1.,0.5,1.,0.5,
1.,0.5,1.)) REPRESENTATION_ITEM('') );
#1267 = CARTESIAN_POINT('',(25.,0.));
#1268 = CARTESIAN_POINT('',(25.,-20.78460969082));
#1269 = CARTESIAN_POINT('',(7.,-10.39230484541));
#1270 = CARTESIAN_POINT('',(-11.,-2.939152317954E-15));
#1271 = CARTESIAN_POINT('',(7.,10.392304845413));
#1272 = CARTESIAN_POINT('',(25.,20.784609690827));
#1273 = CARTESIAN_POINT('',(25.,0.));
#1274 = ( GEOMETRIC_REPRESENTATION_CONTEXT(2) 
PARAMETRIC_REPRESENTATION_CONTEXT() REPRESENTATION_CONTEXT('2D SPACE',''
  ) );
#1275 = ADVANCED_FACE('',(#1276),#166,.T.);
#1276 = FACE_BOUND('',#1277,.T.);
#1277 = EDGE_LOOP('',(#1278,#1380,#1401,#1402,#1426));
#1278 = ORIENTED_EDGE('',*,*,#1279,.T.);
#1279 = EDGE_CURVE('',#1280,#1282,#1284,.T.);
#1280 = VERTEX_POINT('',#1281);
#1281 = CARTESIAN_POINT('',(0.,10.816653826392,-9.144380660904));
#1282 = VERTEX_POINT('',#1283);
#1283 = CARTESIAN_POINT('',(-2.363636363636,12.783318158463,
    -11.66285098859));
#1284 = SURFACE_CURVE('',#1285,(#1313,#1344),.PCURVE_S1.);
#1285 = B_SPLINE_CURVE_WITH_KNOTS('',6,(#1286,#1287,#1288,#1289,#1290,
    #1291,#1292,#1293,#1294,#1295,#1296,#1297,#1298,#1299,#1300,#1301,
    #1302,#1303,#1304,#1305,#1306,#1307,#1308,#1309,#1310,#1311,#1312),
  .UNSPECIFIED.,.F.,.F.,(7,5,5,5,5,7),(0.,0.2311508265,0.331952931262,
    0.498538091298,0.678244593403,1.),.UNSPECIFIED.);
#1286 = CARTESIAN_POINT('',(1.7763568394E-15,10.816653826392,
    -9.144380660904));
#1287 = CARTESIAN_POINT('',(1.7763568394E-15,10.97190117422,
    -9.144380660904));
#1288 = CARTESIAN_POINT('',(-1.446144451605E-02,11.127218363451,
    -9.157904070951));
#1289 = CARTESIAN_POINT('',(-4.340582951811E-02,11.280190639697,
    -9.184970304067));
#1290 = CARTESIAN_POINT('',(-8.615328116137E-02,11.428691460831,
    -9.225098140092));
#1291 = CARTESIAN_POINT('',(-0.141601611629,11.570855884274,
    -9.277553412662));
#1292 = CARTESIAN_POINT('',(-0.23722346022,11.763697205267,
    -9.368929751689));
#1293 = CARTESIAN_POINT('',(-0.268385695418,11.8207720471,
    -9.398809444931));
#1294 = CARTESIAN_POINT('',(-0.301551352208,11.876244828564,
    -9.430733053774));
#1295 = CARTESIAN_POINT('',(-0.336590350164,11.930017539501,
    -9.464605667317));
#1296 = CARTESIAN_POINT('',(-0.37336781243,11.982010276544,
    -9.50032741058));
#1297 = CARTESIAN_POINT('',(-0.475173446819,12.11503563165,
    -9.599714597962));
#1298 = CARTESIAN_POINT('',(-0.542976048689,12.192877568353,
    -9.666403511647));
#1299 = CARTESIAN_POINT('',(-0.614541139413,12.265402864998,
    -9.737399514353));
#1300 = CARTESIAN_POINT('',(-0.689263859535,12.332466990001,
    -9.812234169354));
#1301 = CARTESIAN_POINT('',(-0.766575967804,12.394029979757,
    -9.890453888644));
#1302 = CARTESIAN_POINT('',(-0.93162431732,12.510634685696,
    -10.05922229154));
#1303 = CARTESIAN_POINT('',(-1.019700069888,12.564779619827,
    -10.15025493578));
#1304 = CARTESIAN_POINT('',(-1.109577976698,12.61260861518,
    -10.24422680075));
#1305 = CARTESIAN_POINT('',(-1.200712576336,12.654255786321,
    -10.34066704306));
#1306 = CARTESIAN_POINT('',(-1.292642551918,12.6899038602,
    -10.43915884802));
#1307 = CARTESIAN_POINT('',(-1.550355308738,12.773186021127,
    -10.71874411935));
#1308 = CARTESIAN_POINT('',(-1.716983451075,12.807991651546,
    -10.90349116216));
#1309 = CARTESIAN_POINT('',(-1.882888128451,12.825378526711,
    -11.09172429283));
#1310 = CARTESIAN_POINT('',(-2.046593886859,12.826470577742,
    -11.28184998402));
#1311 = CARTESIAN_POINT('',(-2.207067539911,12.812267744211,
    -11.4725594229));
#1312 = CARTESIAN_POINT('',(-2.363636363636,12.783318158463,
    -11.66285099024));
#1313 = PCURVE('',#166,#1314);
#1314 = DEFINITIONAL_REPRESENTATION('',(#1315),#1343);
#1315 = B_SPLINE_CURVE_WITH_KNOTS('',6,(#1316,#1317,#1318,#1319,#1320,
    #1321,#1322,#1323,#1324,#1325,#1326,#1327,#1328,#1329,#1330,#1331,
    #1332,#1333,#1334,#1335,#1336,#1337,#1338,#1339,#1340,#1341,#1342),
  .UNSPECIFIED.,.F.,.F.,(7,5,5,5,5,7),(0.,0.2311508265,0.331952931262,
    0.498538091298,0.678244593403,1.),.UNSPECIFIED.);
#1316 = CARTESIAN_POINT('',(0.,-4.511946372077E-13));
#1317 = CARTESIAN_POINT('',(7.76236739138E-02,-4.511946372077E-13));
#1318 = CARTESIAN_POINT('',(0.155281987219,-1.352341004767E-02));
#1319 = CARTESIAN_POINT('',(0.232611442234,-4.058964316337E-02));
#1320 = CARTESIAN_POINT('',(0.309387137011,-8.071747918861E-02));
#1321 = CARTESIAN_POINT('',(0.385386091518,-0.133172751759));
#1322 = CARTESIAN_POINT('',(0.4930096403,-0.224549090786));
#1323 = CARTESIAN_POINT('',(0.525498283245,-0.254428784028));
#1324 = CARTESIAN_POINT('',(0.557777167612,-0.286352392871));
#1325 = CARTESIAN_POINT('',(0.589832474665,-0.320225006413));
#1326 = CARTESIAN_POINT('',(0.621652692353,-0.355946749677));
#1327 = CARTESIAN_POINT('',(0.705408486622,-0.455333937058));
#1328 = CARTESIAN_POINT('',(0.756920032111,-0.522022850744));
#1329 = CARTESIAN_POINT('',(0.807720510768,-0.59301885345));
#1330 = CARTESIAN_POINT('',(0.857789306287,-0.667853508451));
#1331 = CARTESIAN_POINT('',(0.907122634818,-0.746073227741));
#1332 = CARTESIAN_POINT('',(1.008164229131,-0.914841630642));
#1333 = CARTESIAN_POINT('',(1.059752526075,-1.005874274884));
#1334 = CARTESIAN_POINT('',(1.110514618264,-1.099846139847));
#1335 = CARTESIAN_POINT('',(1.160482645555,-1.196286382164));
#1336 = CARTESIAN_POINT('',(1.209701592902,-1.294778187124));
#1337 = CARTESIAN_POINT('',(1.345119264714,-1.574363458455));
#1338 = CARTESIAN_POINT('',(1.429748370375,-1.759110501265));
#1339 = CARTESIAN_POINT('',(1.512533473843,-1.94734363193));
#1340 = CARTESIAN_POINT('',(1.593829093227,-2.13746932312));
#1341 = CARTESIAN_POINT('',(1.674020102981,-2.328178761997));
#1342 = CARTESIAN_POINT('',(1.753631463788,-2.518470329337));
#1343 = ( GEOMETRIC_REPRESENTATION_CONTEXT(2) 
PARAMETRIC_REPRESENTATION_CONTEXT() REPRESENTATION_CONTEXT('2D SPACE',''
  ) );
#1344 = PCURVE('',#1345,#1350);
#1345 = CYLINDRICAL_SURFACE('',#1346,26.5);
#1346 = AXIS2_PLACEMENT_3D('',#1347,#1348,#1349);
#1347 = CARTESIAN_POINT('',(18.1,18.,-28.5));
#1348 = DIRECTION('',(0.,-1.,2.22044604925E-16));
#1349 = DIRECTION('',(1.,0.,0.));
#1350 = DEFINITIONAL_REPRESENTATION('',(#1351),#1379);
#1351 = B_SPLINE_CURVE_WITH_KNOTS('',6,(#1352,#1353,#1354,#1355,#1356,
    #1357,#1358,#1359,#1360,#1361,#1362,#1363,#1364,#1365,#1366,#1367,
    #1368,#1369,#1370,#1371,#1372,#1373,#1374,#1375,#1376,#1377,#1378),
  .UNSPECIFIED.,.F.,.F.,(7,5,5,5,5,7),(0.,0.2311508265,0.331952931262,
    0.498538091298,0.678244593403,1.),.UNSPECIFIED.);
#1352 = CARTESIAN_POINT('',(2.322684183042,7.183346173608));
#1353 = CARTESIAN_POINT('',(2.322684183042,7.02809882578));
#1354 = CARTESIAN_POINT('',(2.323431329524,6.872781636549));
#1355 = CARTESIAN_POINT('',(2.324926718382,6.719809360303));
#1356 = CARTESIAN_POINT('',(2.327139197573,6.571308539169));
#1357 = CARTESIAN_POINT('',(2.330019489498,6.429144115726));
#1358 = CARTESIAN_POINT('',(2.335010499324,6.236302794733));
#1359 = CARTESIAN_POINT('',(2.336639655045,6.1792279529));
#1360 = CARTESIAN_POINT('',(2.33837676081,6.123755171436));
#1361 = CARTESIAN_POINT('',(2.340215804527,6.069982460499));
#1362 = CARTESIAN_POINT('',(2.34215051957,6.017989723456));
#1363 = CARTESIAN_POINT('',(2.347519390755,5.88496436835));
#1364 = CARTESIAN_POINT('',(2.351108163122,5.807122431647));
#1365 = CARTESIAN_POINT('',(2.354912133966,5.734597135002));
#1366 = CARTESIAN_POINT('',(2.358902742799,5.667533009999));
#1367 = CARTESIAN_POINT('',(2.363052853043,5.605970020243));
#1368 = CARTESIAN_POINT('',(2.371960730245,5.489365314304));
#1369 = CARTESIAN_POINT('',(2.376740511223,5.435220380173));
#1370 = CARTESIAN_POINT('',(2.38164731578,5.38739138482));
#1371 = CARTESIAN_POINT('',(2.386654287818,5.345744213679));
#1372 = CARTESIAN_POINT('',(2.391738281411,5.3100961398));
#1373 = CARTESIAN_POINT('',(2.40608702672,5.226813978873));
#1374 = CARTESIAN_POINT('',(2.4154747736,5.192008348454));
#1375 = CARTESIAN_POINT('',(2.424942147049,5.174621473289));
#1376 = CARTESIAN_POINT('',(2.434408885049,5.173529422258));
#1377 = CARTESIAN_POINT('',(2.443813694766,5.187732255789));
#1378 = CARTESIAN_POINT('',(2.453112705165,5.216681841537));
#1379 = ( GEOMETRIC_REPRESENTATION_CONTEXT(2) 
PARAMETRIC_REPRESENTATION_CONTEXT() REPRESENTATION_CONTEXT('2D SPACE',''
  ) );
#1380 = ORIENTED_EDGE('',*,*,#1381,.T.);
#1381 = EDGE_CURVE('',#1282,#113,#1382,.T.);
#1382 = SURFACE_CURVE('',#1383,(#1387,#1394),.PCURVE_S1.);
#1383 = LINE('',#1384,#1385);
#1384 = CARTESIAN_POINT('',(-2.363636363636,12.783318158463,
    -9.144380660903));
#1385 = VECTOR('',#1386,1.);
#1386 = DIRECTION('',(0.,0.,1.));
#1387 = PCURVE('',#166,#1388);
#1388 = DEFINITIONAL_REPRESENTATION('',(#1389),#1393);
#1389 = LINE('',#1390,#1391);
#1390 = CARTESIAN_POINT('',(1.753631463788,0.));
#1391 = VECTOR('',#1392,1.);
#1392 = DIRECTION('',(0.,1.));
#1393 = ( GEOMETRIC_REPRESENTATION_CONTEXT(2) 
PARAMETRIC_REPRESENTATION_CONTEXT() REPRESENTATION_CONTEXT('2D SPACE',''
  ) );
#1394 = PCURVE('',#133,#1395);
#1395 = DEFINITIONAL_REPRESENTATION('',(#1396),#1400);
#1396 = LINE('',#1397,#1398);
#1397 = CARTESIAN_POINT('',(-1.753631463788,-15.47561933909));
#1398 = VECTOR('',#1399,1.);
#1399 = DIRECTION('',(-0.,-1.));
#1400 = ( GEOMETRIC_REPRESENTATION_CONTEXT(2) 
PARAMETRIC_REPRESENTATION_CONTEXT() REPRESENTATION_CONTEXT('2D SPACE',''
  ) );
#1401 = ORIENTED_EDGE('',*,*,#145,.F.);
#1402 = ORIENTED_EDGE('',*,*,#1403,.F.);
#1403 = EDGE_CURVE('',#1404,#146,#1406,.T.);
#1404 = VERTEX_POINT('',#1405);
#1405 = CARTESIAN_POINT('',(0.,10.816653826392,-4.));
#1406 = SURFACE_CURVE('',#1407,(#1412,#1419),.PCURVE_S1.);
#1407 = CIRCLE('',#1408,2.);
#1408 = AXIS2_PLACEMENT_3D('',#1409,#1410,#1411);
#1409 = CARTESIAN_POINT('',(-2.,10.816653826392,-4.));
#1410 = DIRECTION('',(0.,0.,1.));
#1411 = DIRECTION('',(0.,-1.,0.));
#1412 = PCURVE('',#166,#1413);
#1413 = DEFINITIONAL_REPRESENTATION('',(#1414),#1418);
#1414 = LINE('',#1415,#1416);
#1415 = CARTESIAN_POINT('',(-1.570796326795,5.144380660903));
#1416 = VECTOR('',#1417,1.);
#1417 = DIRECTION('',(1.,0.));
#1418 = ( GEOMETRIC_REPRESENTATION_CONTEXT(2) 
PARAMETRIC_REPRESENTATION_CONTEXT() REPRESENTATION_CONTEXT('2D SPACE',''
  ) );
#1419 = PCURVE('',#1213,#1420);
#1420 = DEFINITIONAL_REPRESENTATION('',(#1421),#1425);
#1421 = CIRCLE('',#1422,2.);
#1422 = AXIS2_PLACEMENT_2D('',#1423,#1424);
#1423 = CARTESIAN_POINT('',(-2.,10.816653826392));
#1424 = DIRECTION('',(0.,-1.));
#1425 = ( GEOMETRIC_REPRESENTATION_CONTEXT(2) 
PARAMETRIC_REPRESENTATION_CONTEXT() REPRESENTATION_CONTEXT('2D SPACE',''
  ) );
#1426 = ORIENTED_EDGE('',*,*,#1427,.F.);
#1427 = EDGE_CURVE('',#1280,#1404,#1428,.T.);
#1428 = SURFACE_CURVE('',#1429,(#1433,#1440),.PCURVE_S1.);
#1429 = LINE('',#1430,#1431);
#1430 = CARTESIAN_POINT('',(0.,10.816653826392,-9.144380660903));
#1431 = VECTOR('',#1432,1.);
#1432 = DIRECTION('',(0.,0.,1.));
#1433 = PCURVE('',#166,#1434);
#1434 = DEFINITIONAL_REPRESENTATION('',(#1435),#1439);
#1435 = LINE('',#1436,#1437);
#1436 = CARTESIAN_POINT('',(8.881784197001E-16,0.));
#1437 = VECTOR('',#1438,1.);
#1438 = DIRECTION('',(0.,1.));
#1439 = ( GEOMETRIC_REPRESENTATION_CONTEXT(2) 
PARAMETRIC_REPRESENTATION_CONTEXT() REPRESENTATION_CONTEXT('2D SPACE',''
  ) );
#1440 = PCURVE('',#1441,#1446);
#1441 = PLANE('',#1442);
#1442 = AXIS2_PLACEMENT_3D('',#1443,#1444,#1445);
#1443 = CARTESIAN_POINT('',(0.,-13.,-24.62));
#1444 = DIRECTION('',(-1.,0.,0.));
#1445 = DIRECTION('',(0.,1.,0.));
#1446 = DEFINITIONAL_REPRESENTATION('',(#1447),#1451);
#1447 = LINE('',#1448,#1449);
#1448 = CARTESIAN_POINT('',(23.816653826392,-15.47561933909));
#1449 = VECTOR('',#1450,1.);
#1450 = DIRECTION('',(0.,-1.));
#1451 = ( GEOMETRIC_REPRESENTATION_CONTEXT(2) 
PARAMETRIC_REPRESENTATION_CONTEXT() REPRESENTATION_CONTEXT('2D SPACE',''
  ) );
#1452 = ADVANCED_FACE('',(#1453),#133,.T.);
#1453 = FACE_BOUND('',#1454,.F.);
#1454 = EDGE_LOOP('',(#1455,#1483,#1555,#1556,#1557));
#1455 = ORIENTED_EDGE('',*,*,#1456,.F.);
#1456 = EDGE_CURVE('',#1457,#478,#1459,.T.);
#1457 = VERTEX_POINT('',#1458);
#1458 = CARTESIAN_POINT('',(-8.114415881343,10.156586774336,-24.62));
#1459 = SURFACE_CURVE('',#1460,(#1465,#1472),.PCURVE_S1.);
#1460 = CIRCLE('',#1461,13.);
#1461 = AXIS2_PLACEMENT_3D('',#1462,#1463,#1464);
#1462 = CARTESIAN_POINT('',(0.,0.,-24.62));
#1463 = DIRECTION('',(0.,0.,1.));
#1464 = DIRECTION('',(1.,0.,0.));
#1465 = PCURVE('',#133,#1466);
#1466 = DEFINITIONAL_REPRESENTATION('',(#1467),#1471);
#1467 = LINE('',#1468,#1469);
#1468 = CARTESIAN_POINT('',(-0.,0.));
#1469 = VECTOR('',#1470,1.);
#1470 = DIRECTION('',(-1.,0.));
#1471 = ( GEOMETRIC_REPRESENTATION_CONTEXT(2) 
PARAMETRIC_REPRESENTATION_CONTEXT() REPRESENTATION_CONTEXT('2D SPACE',''
  ) );
#1472 = PCURVE('',#523,#1473);
#1473 = DEFINITIONAL_REPRESENTATION('',(#1474),#1482);
#1474 = ( BOUNDED_CURVE() B_SPLINE_CURVE(2,(#1475,#1476,#1477,#1478,
#1479,#1480,#1481),.UNSPECIFIED.,.T.,.F.) B_SPLINE_CURVE_WITH_KNOTS((1,2
    ,2,2,2,1),(-2.094395102393,0.,2.094395102393,4.188790204786,
6.28318530718,8.377580409573),.UNSPECIFIED.) CURVE() 
GEOMETRIC_REPRESENTATION_ITEM() RATIONAL_B_SPLINE_CURVE((1.,0.5,1.,0.5,
1.,0.5,1.)) REPRESENTATION_ITEM('') );
#1475 = CARTESIAN_POINT('',(26.,0.));
#1476 = CARTESIAN_POINT('',(26.,-22.51666049839));
#1477 = CARTESIAN_POINT('',(6.5,-11.25833024919));
#1478 = CARTESIAN_POINT('',(-13.,-3.184081677783E-15));
#1479 = CARTESIAN_POINT('',(6.5,11.258330249198));
#1480 = CARTESIAN_POINT('',(26.,22.516660498395));
#1481 = CARTESIAN_POINT('',(26.,0.));
#1482 = ( GEOMETRIC_REPRESENTATION_CONTEXT(2) 
PARAMETRIC_REPRESENTATION_CONTEXT() REPRESENTATION_CONTEXT('2D SPACE',''
  ) );
#1483 = ORIENTED_EDGE('',*,*,#1484,.F.);
#1484 = EDGE_CURVE('',#1282,#1457,#1485,.T.);
#1485 = SURFACE_CURVE('',#1486,(#1507,#1531),.PCURVE_S1.);
#1486 = B_SPLINE_CURVE_WITH_KNOTS('',7,(#1487,#1488,#1489,#1490,#1491,
    #1492,#1493,#1494,#1495,#1496,#1497,#1498,#1499,#1500,#1501,#1502,
    #1503,#1504,#1505,#1506),.UNSPECIFIED.,.F.,.F.,(8,6,6,8),(0.,
    0.320475638311,0.617010048336,1.),.UNSPECIFIED.);
#1487 = CARTESIAN_POINT('',(4.796163466381E-13,13.,-9.144380660903));
#1488 = CARTESIAN_POINT('',(-0.662326909989,13.,-9.763741729169));
#1489 = CARTESIAN_POINT('',(-1.290270756807,12.960631601413,
    -10.40051377447));
#1490 = CARTESIAN_POINT('',(-1.883417945581,12.889251824206,
    -11.0517080589));
#1491 = CARTESIAN_POINT('',(-2.442139335235,12.792043046962,
    -11.71478642904));
#1492 = CARTESIAN_POINT('',(-2.967262049018,12.674279804237,
    -12.38775902962));
#1493 = CARTESIAN_POINT('',(-3.459905261625,12.540465370115,
    -13.06923535536));
#1494 = CARTESIAN_POINT('',(-4.348268753857,12.259408131103,
    -14.39630240915));
#1495 = CARTESIAN_POINT('',(-4.748647314471,12.113862529028,
    -15.04102019931));
#1496 = CARTESIAN_POINT('',(-5.123290623402,11.960947671339,
    -15.6919401922));
#1497 = CARTESIAN_POINT('',(-5.473016995523,11.803391949575,
    -16.34858321395));
#1498 = CARTESIAN_POINT('',(-5.798583997082,11.643672043206,
    -17.01070524688));
#1499 = CARTESIAN_POINT('',(-6.100647152228,11.48410620695,
    -17.67827551945));
#1500 = CARTESIAN_POINT('',(-6.740165731949,11.123906643477,
    -19.22088340207));
#1501 = CARTESIAN_POINT('',(-7.06261412421,10.924665641243,
    -20.10050871115));
#1502 = CARTESIAN_POINT('',(-7.347400430168,10.734372571033,
    -20.98912238828));
#1503 = CARTESIAN_POINT('',(-7.594811446468,10.557992471771,
    -21.88573384421));
#1504 = CARTESIAN_POINT('',(-7.805111791114,10.400217968635,
    -22.78974278611));
#1505 = CARTESIAN_POINT('',(-7.9783997843,10.265254304311,
    -23.70103528404));
#1506 = CARTESIAN_POINT('',(-8.114415970149,10.156586703386,-24.6200006)
  );
#1507 = PCURVE('',#133,#1508);
#1508 = DEFINITIONAL_REPRESENTATION('',(#1509),#1530);
#1509 = B_SPLINE_CURVE_WITH_KNOTS('',7,(#1510,#1511,#1512,#1513,#1514,
    #1515,#1516,#1517,#1518,#1519,#1520,#1521,#1522,#1523,#1524,#1525,
    #1526,#1527,#1528,#1529),.UNSPECIFIED.,.F.,.F.,(8,6,6,8),(0.,
    0.320475638311,0.617010048336,1.),.UNSPECIFIED.);
#1510 = CARTESIAN_POINT('',(-1.570796326795,-15.47561933909));
#1511 = CARTESIAN_POINT('',(-1.62174455064,-14.85625827083));
#1512 = CARTESIAN_POINT('',(-1.670047933572,-14.21948622552));
#1513 = CARTESIAN_POINT('',(-1.7158905877,-13.56829194109));
#1514 = CARTESIAN_POINT('',(-1.759416423164,-12.90521357095));
#1515 = CARTESIAN_POINT('',(-1.800745785012,-12.23224097037));
#1516 = CARTESIAN_POINT('',(-1.839981207465,-11.55076464463));
#1517 = CARTESIAN_POINT('',(-1.911655308237,-10.22369759084));
#1518 = CARTESIAN_POINT('',(-1.944396257727,-9.578979800686));
#1519 = CARTESIAN_POINT('',(-1.975487429582,-8.9280598078));
#1520 = CARTESIAN_POINT('',(-2.004962840691,-8.271416786041));
#1521 = CARTESIAN_POINT('',(-2.03283714514,-7.609294753115));
#1522 = CARTESIAN_POINT('',(-2.059105988939,-6.941724480548));
#1523 = CARTESIAN_POINT('',(-2.115566046525,-5.399116597921));
#1524 = CARTESIAN_POINT('',(-2.144698893775,-4.519491288847));
#1525 = CARTESIAN_POINT('',(-2.171022303536,-3.63087761172));
#1526 = CARTESIAN_POINT('',(-2.194380899825,-2.734266155784));
#1527 = CARTESIAN_POINT('',(-2.214598956318,-1.830257213889));
#1528 = CARTESIAN_POINT('',(-2.231493421129,-0.918964715952));
#1529 = CARTESIAN_POINT('',(-2.24488534007,5.999999999062E-07));
#1530 = ( GEOMETRIC_REPRESENTATION_CONTEXT(2) 
PARAMETRIC_REPRESENTATION_CONTEXT() REPRESENTATION_CONTEXT('2D SPACE',''
  ) );
#1531 = PCURVE('',#1345,#1532);
#1532 = DEFINITIONAL_REPRESENTATION('',(#1533),#1554);
#1533 = B_SPLINE_CURVE_WITH_KNOTS('',7,(#1534,#1535,#1536,#1537,#1538,
    #1539,#1540,#1541,#1542,#1543,#1544,#1545,#1546,#1547,#1548,#1549,
    #1550,#1551,#1552,#1553),.UNSPECIFIED.,.F.,.F.,(8,6,6,8),(0.,
    0.320475638311,0.617010048336,1.),.UNSPECIFIED.);
#1534 = CARTESIAN_POINT('',(2.322684183042,5.));
#1535 = CARTESIAN_POINT('',(2.356903026593,5.));
#1536 = CARTESIAN_POINT('',(2.390622948123,5.039368398587));
#1537 = CARTESIAN_POINT('',(2.423820972298,5.110748175794));
#1538 = CARTESIAN_POINT('',(2.456498709852,5.207956953038));
#1539 = CARTESIAN_POINT('',(2.48867528826,5.325720195763));
#1540 = CARTESIAN_POINT('',(2.52038664939,5.459534629885));
#1541 = CARTESIAN_POINT('',(2.580649473061,5.740591868897));
#1542 = CARTESIAN_POINT('',(2.609271349037,5.886137470972));
#1543 = CARTESIAN_POINT('',(2.637587167357,6.039052328661));
#1544 = CARTESIAN_POINT('',(2.665634558957,6.196608050424));
#1545 = CARTESIAN_POINT('',(2.69345435374,6.356327956794));
#1546 = CARTESIAN_POINT('',(2.721090437167,6.51589379305));
#1547 = CARTESIAN_POINT('',(2.784106176479,6.876093356523));
#1548 = CARTESIAN_POINT('',(2.819428881399,7.075334358757));
#1549 = CARTESIAN_POINT('',(2.854593810688,7.265627428967));
#1550 = CARTESIAN_POINT('',(2.889640178068,7.442007528228));
#1551 = CARTESIAN_POINT('',(2.924618387912,7.599782031365));
#1552 = CARTESIAN_POINT('',(2.959593620864,7.734745695689));
#1553 = CARTESIAN_POINT('',(2.994649344287,7.843413296614));
#1554 = ( GEOMETRIC_REPRESENTATION_CONTEXT(2) 
PARAMETRIC_REPRESENTATION_CONTEXT() REPRESENTATION_CONTEXT('2D SPACE',''
  ) );
#1555 = ORIENTED_EDGE('',*,*,#1381,.T.);
#1556 = ORIENTED_EDGE('',*,*,#112,.T.);
#1557 = ORIENTED_EDGE('',*,*,#550,.T.);
#1558 = ADVANCED_FACE('',(#1559,#1694),#523,.T.);
#1559 = FACE_BOUND('',#1560,.T.);
#1560 = EDGE_LOOP('',(#1561,#1562,#1563,#1564,#1586,#1614,#1642,#1670,
    #1690,#1691,#1692,#1693));
#1561 = ORIENTED_EDGE('',*,*,#575,.T.);
#1562 = ORIENTED_EDGE('',*,*,#477,.F.);
#1563 = ORIENTED_EDGE('',*,*,#1456,.F.);
#1564 = ORIENTED_EDGE('',*,*,#1565,.T.);
#1565 = EDGE_CURVE('',#1457,#1566,#1568,.T.);
#1566 = VERTEX_POINT('',#1567);
#1567 = CARTESIAN_POINT('',(-8.114415881343,8.,-24.62));
#1568 = SURFACE_CURVE('',#1569,(#1573,#1580),.PCURVE_S1.);
#1569 = LINE('',#1570,#1571);
#1570 = CARTESIAN_POINT('',(-8.114415881343,18.,-24.62));
#1571 = VECTOR('',#1572,1.);
#1572 = DIRECTION('',(0.,-1.,2.22044604925E-16));
#1573 = PCURVE('',#523,#1574);
#1574 = DEFINITIONAL_REPRESENTATION('',(#1575),#1579);
#1575 = LINE('',#1576,#1577);
#1576 = CARTESIAN_POINT('',(4.885584118657,-18.));
#1577 = VECTOR('',#1578,1.);
#1578 = DIRECTION('',(0.,1.));
#1579 = ( GEOMETRIC_REPRESENTATION_CONTEXT(2) 
PARAMETRIC_REPRESENTATION_CONTEXT() REPRESENTATION_CONTEXT('2D SPACE',''
  ) );
#1580 = PCURVE('',#1345,#1581);
#1581 = DEFINITIONAL_REPRESENTATION('',(#1582),#1585);
#1582 = B_SPLINE_CURVE_WITH_KNOTS('',1,(#1583,#1584),.UNSPECIFIED.,.F.,
  .F.,(2,2),(2.4,33.6),.PIECEWISE_BEZIER_KNOTS.);
#1583 = CARTESIAN_POINT('',(2.994649321399,2.4));
#1584 = CARTESIAN_POINT('',(2.994649321399,33.6));
#1585 = ( GEOMETRIC_REPRESENTATION_CONTEXT(2) 
PARAMETRIC_REPRESENTATION_CONTEXT() REPRESENTATION_CONTEXT('2D SPACE',''
  ) );
#1586 = ORIENTED_EDGE('',*,*,#1587,.T.);
#1587 = EDGE_CURVE('',#1566,#1588,#1590,.T.);
#1588 = VERTEX_POINT('',#1589);
#1589 = CARTESIAN_POINT('',(6.,8.,-24.62));
#1590 = SURFACE_CURVE('',#1591,(#1595,#1602),.PCURVE_S1.);
#1591 = LINE('',#1592,#1593);
#1592 = CARTESIAN_POINT('',(0.,8.,-24.62));
#1593 = VECTOR('',#1594,1.);
#1594 = DIRECTION('',(1.,0.,0.));
#1595 = PCURVE('',#523,#1596);
#1596 = DEFINITIONAL_REPRESENTATION('',(#1597),#1601);
#1597 = LINE('',#1598,#1599);
#1598 = CARTESIAN_POINT('',(13.,-8.));
#1599 = VECTOR('',#1600,1.);
#1600 = DIRECTION('',(1.,0.));
#1601 = ( GEOMETRIC_REPRESENTATION_CONTEXT(2) 
PARAMETRIC_REPRESENTATION_CONTEXT() REPRESENTATION_CONTEXT('2D SPACE',''
  ) );
#1602 = PCURVE('',#1603,#1608);
#1603 = PLANE('',#1604);
#1604 = AXIS2_PLACEMENT_3D('',#1605,#1606,#1607);
#1605 = CARTESIAN_POINT('',(0.,8.,-14.31));
#1606 = DIRECTION('',(0.,-1.,0.));
#1607 = DIRECTION('',(1.,0.,0.));
#1608 = DEFINITIONAL_REPRESENTATION('',(#1609),#1613);
#1609 = LINE('',#1610,#1611);
#1610 = CARTESIAN_POINT('',(0.,-10.31));
#1611 = VECTOR('',#1612,1.);
#1612 = DIRECTION('',(1.,0.));
#1613 = ( GEOMETRIC_REPRESENTATION_CONTEXT(2) 
PARAMETRIC_REPRESENTATION_CONTEXT() REPRESENTATION_CONTEXT('2D SPACE',''
  ) );
#1614 = ORIENTED_EDGE('',*,*,#1615,.T.);
#1615 = EDGE_CURVE('',#1588,#1616,#1618,.T.);
#1616 = VERTEX_POINT('',#1617);
#1617 = CARTESIAN_POINT('',(6.,-8.,-24.62));
#1618 = SURFACE_CURVE('',#1619,(#1623,#1630),.PCURVE_S1.);
#1619 = LINE('',#1620,#1621);
#1620 = CARTESIAN_POINT('',(6.,8.,-24.62));
#1621 = VECTOR('',#1622,1.);
#1622 = DIRECTION('',(0.,-1.,0.));
#1623 = PCURVE('',#523,#1624);
#1624 = DEFINITIONAL_REPRESENTATION('',(#1625),#1629);
#1625 = LINE('',#1626,#1627);
#1626 = CARTESIAN_POINT('',(19.,-8.));
#1627 = VECTOR('',#1628,1.);
#1628 = DIRECTION('',(0.,1.));
#1629 = ( GEOMETRIC_REPRESENTATION_CONTEXT(2) 
PARAMETRIC_REPRESENTATION_CONTEXT() REPRESENTATION_CONTEXT('2D SPACE',''
  ) );
#1630 = PCURVE('',#1631,#1636);
#1631 = PLANE('',#1632);
#1632 = AXIS2_PLACEMENT_3D('',#1633,#1634,#1635);
#1633 = CARTESIAN_POINT('',(6.,0.,-24.62));
#1634 = DIRECTION('',(-0.89000644699,-0.,-0.455947940357));
#1635 = DIRECTION('',(0.455947940357,0.,-0.89000644699));
#1636 = DEFINITIONAL_REPRESENTATION('',(#1637),#1641);
#1637 = LINE('',#1638,#1639);
#1638 = CARTESIAN_POINT('',(0.,-8.));
#1639 = VECTOR('',#1640,1.);
#1640 = DIRECTION('',(0.,1.));
#1641 = ( GEOMETRIC_REPRESENTATION_CONTEXT(2) 
PARAMETRIC_REPRESENTATION_CONTEXT() REPRESENTATION_CONTEXT('2D SPACE',''
  ) );
#1642 = ORIENTED_EDGE('',*,*,#1643,.F.);
#1643 = EDGE_CURVE('',#1644,#1616,#1646,.T.);
#1644 = VERTEX_POINT('',#1645);
#1645 = CARTESIAN_POINT('',(-8.114415881343,-8.,-24.62));
#1646 = SURFACE_CURVE('',#1647,(#1651,#1658),.PCURVE_S1.);
#1647 = LINE('',#1648,#1649);
#1648 = CARTESIAN_POINT('',(0.,-8.,-24.62));
#1649 = VECTOR('',#1650,1.);
#1650 = DIRECTION('',(1.,0.,0.));
#1651 = PCURVE('',#523,#1652);
#1652 = DEFINITIONAL_REPRESENTATION('',(#1653),#1657);
#1653 = LINE('',#1654,#1655);
#1654 = CARTESIAN_POINT('',(13.,8.));
#1655 = VECTOR('',#1656,1.);
#1656 = DIRECTION('',(1.,0.));
#1657 = ( GEOMETRIC_REPRESENTATION_CONTEXT(2) 
PARAMETRIC_REPRESENTATION_CONTEXT() REPRESENTATION_CONTEXT('2D SPACE',''
  ) );
#1658 = PCURVE('',#1659,#1664);
#1659 = PLANE('',#1660);
#1660 = AXIS2_PLACEMENT_3D('',#1661,#1662,#1663);
#1661 = CARTESIAN_POINT('',(0.,-8.,-14.31));
#1662 = DIRECTION('',(0.,-1.,0.));
#1663 = DIRECTION('',(1.,0.,0.));
#1664 = DEFINITIONAL_REPRESENTATION('',(#1665),#1669);
#1665 = LINE('',#1666,#1667);
#1666 = CARTESIAN_POINT('',(0.,-10.31));
#1667 = VECTOR('',#1668,1.);
#1668 = DIRECTION('',(1.,0.));
#1669 = ( GEOMETRIC_REPRESENTATION_CONTEXT(2) 
PARAMETRIC_REPRESENTATION_CONTEXT() REPRESENTATION_CONTEXT('2D SPACE',''
  ) );
#1670 = ORIENTED_EDGE('',*,*,#1671,.T.);
#1671 = EDGE_CURVE('',#1644,#827,#1672,.T.);
#1672 = SURFACE_CURVE('',#1673,(#1677,#1684),.PCURVE_S1.);
#1673 = LINE('',#1674,#1675);
#1674 = CARTESIAN_POINT('',(-8.114415881343,18.,-24.62));
#1675 = VECTOR('',#1676,1.);
#1676 = DIRECTION('',(0.,-1.,2.22044604925E-16));
#1677 = PCURVE('',#523,#1678);
#1678 = DEFINITIONAL_REPRESENTATION('',(#1679),#1683);
#1679 = LINE('',#1680,#1681);
#1680 = CARTESIAN_POINT('',(4.885584118657,-18.));
#1681 = VECTOR('',#1682,1.);
#1682 = DIRECTION('',(0.,1.));
#1683 = ( GEOMETRIC_REPRESENTATION_CONTEXT(2) 
PARAMETRIC_REPRESENTATION_CONTEXT() REPRESENTATION_CONTEXT('2D SPACE',''
  ) );
#1684 = PCURVE('',#876,#1685);
#1685 = DEFINITIONAL_REPRESENTATION('',(#1686),#1689);
#1686 = B_SPLINE_CURVE_WITH_KNOTS('',1,(#1687,#1688),.UNSPECIFIED.,.F.,
  .F.,(2,2),(2.4,33.6),.PIECEWISE_BEZIER_KNOTS.);
#1687 = CARTESIAN_POINT('',(2.994649321399,2.4));
#1688 = CARTESIAN_POINT('',(2.994649321399,33.6));
#1689 = ( GEOMETRIC_REPRESENTATION_CONTEXT(2) 
PARAMETRIC_REPRESENTATION_CONTEXT() REPRESENTATION_CONTEXT('2D SPACE',''
  ) );
#1690 = ORIENTED_EDGE('',*,*,#905,.F.);
#1691 = ORIENTED_EDGE('',*,*,#754,.F.);
#1692 = ORIENTED_EDGE('',*,*,#674,.F.);
#1693 = ORIENTED_EDGE('',*,*,#625,.F.);
#1694 = FACE_BOUND('',#1695,.T.);
#1695 = EDGE_LOOP('',(#1696));
#1696 = ORIENTED_EDGE('',*,*,#1697,.T.);
#1697 = EDGE_CURVE('',#1698,#1698,#1700,.T.);
#1698 = VERTEX_POINT('',#1699);
#1699 = CARTESIAN_POINT('',(2.75,-6.73555739531E-16,-24.62));
#1700 = SURFACE_CURVE('',#1701,(#1706,#1717),.PCURVE_S1.);
#1701 = CIRCLE('',#1702,2.75);
#1702 = AXIS2_PLACEMENT_3D('',#1703,#1704,#1705);
#1703 = CARTESIAN_POINT('',(0.,0.,-24.62));
#1704 = DIRECTION('',(0.,0.,1.));
#1705 = DIRECTION('',(1.,0.,-0.));
#1706 = PCURVE('',#523,#1707);
#1707 = DEFINITIONAL_REPRESENTATION('',(#1708),#1716);
#1708 = ( BOUNDED_CURVE() B_SPLINE_CURVE(2,(#1709,#1710,#1711,#1712,
#1713,#1714,#1715),.UNSPECIFIED.,.T.,.F.) B_SPLINE_CURVE_WITH_KNOTS((1,2
    ,2,2,2,1),(-2.094395102393,0.,2.094395102393,4.188790204786,
6.28318530718,8.377580409573),.UNSPECIFIED.) CURVE() 
GEOMETRIC_REPRESENTATION_ITEM() RATIONAL_B_SPLINE_CURVE((1.,0.5,1.,0.5,
1.,0.5,1.)) REPRESENTATION_ITEM('') );
#1709 = CARTESIAN_POINT('',(15.75,0.));
#1710 = CARTESIAN_POINT('',(15.75,-4.763139720814));
#1711 = CARTESIAN_POINT('',(11.625,-2.381569860407));
#1712 = CARTESIAN_POINT('',(7.5,-6.73555739531E-16));
#1713 = CARTESIAN_POINT('',(11.625,2.381569860407));
#1714 = CARTESIAN_POINT('',(15.75,4.763139720814));
#1715 = CARTESIAN_POINT('',(15.75,0.));
#1716 = ( GEOMETRIC_REPRESENTATION_CONTEXT(2) 
PARAMETRIC_REPRESENTATION_CONTEXT() REPRESENTATION_CONTEXT('2D SPACE',''
  ) );
#1717 = PCURVE('',#1718,#1723);
#1718 = CYLINDRICAL_SURFACE('',#1719,2.75);
#1719 = AXIS2_PLACEMENT_3D('',#1720,#1721,#1722);
#1720 = CARTESIAN_POINT('',(0.,0.,-25.62));
#1721 = DIRECTION('',(0.,0.,1.));
#1722 = DIRECTION('',(1.,0.,-0.));
#1723 = DEFINITIONAL_REPRESENTATION('',(#1724),#1728);
#1724 = LINE('',#1725,#1726);
#1725 = CARTESIAN_POINT('',(0.,1.));
#1726 = VECTOR('',#1727,1.);
#1727 = DIRECTION('',(1.,0.));
#1728 = ( GEOMETRIC_REPRESENTATION_CONTEXT(2) 
PARAMETRIC_REPRESENTATION_CONTEXT() REPRESENTATION_CONTEXT('2D SPACE',''
  ) );
#1729 = ADVANCED_FACE('',(#1730),#876,.F.);
#1730 = FACE_BOUND('',#1731,.F.);
#1731 = EDGE_LOOP('',(#1732,#1753,#1886,#1912,#1913,#1914));
#1732 = ORIENTED_EDGE('',*,*,#1733,.F.);
#1733 = EDGE_CURVE('',#1734,#958,#1736,.T.);
#1734 = VERTEX_POINT('',#1735);
#1735 = CARTESIAN_POINT('',(-4.440892098501E-16,-10.,-9.144380660904));
#1736 = SURFACE_CURVE('',#1737,(#1741,#1747),.PCURVE_S1.);
#1737 = LINE('',#1738,#1739);
#1738 = CARTESIAN_POINT('',(0.,18.,-9.144380660904));
#1739 = VECTOR('',#1740,1.);
#1740 = DIRECTION('',(0.,-1.,2.22044604925E-16));
#1741 = PCURVE('',#876,#1742);
#1742 = DEFINITIONAL_REPRESENTATION('',(#1743),#1746);
#1743 = B_SPLINE_CURVE_WITH_KNOTS('',1,(#1744,#1745),.UNSPECIFIED.,.F.,
  .F.,(2,2),(2.4,33.6),.PIECEWISE_BEZIER_KNOTS.);
#1744 = CARTESIAN_POINT('',(2.322684183042,2.4));
#1745 = CARTESIAN_POINT('',(2.322684183042,33.6));
#1746 = ( GEOMETRIC_REPRESENTATION_CONTEXT(2) 
PARAMETRIC_REPRESENTATION_CONTEXT() REPRESENTATION_CONTEXT('2D SPACE',''
  ) );
#1747 = PCURVE('',#1068,#1748);
#1748 = DEFINITIONAL_REPRESENTATION('',(#1749),#1752);
#1749 = B_SPLINE_CURVE_WITH_KNOTS('',1,(#1750,#1751),.UNSPECIFIED.,.F.,
  .F.,(2,2),(2.4,33.6),.PIECEWISE_BEZIER_KNOTS.);
#1750 = CARTESIAN_POINT('',(28.6,-15.47561933909));
#1751 = CARTESIAN_POINT('',(-2.6,-15.47561933909));
#1752 = ( GEOMETRIC_REPRESENTATION_CONTEXT(2) 
PARAMETRIC_REPRESENTATION_CONTEXT() REPRESENTATION_CONTEXT('2D SPACE',''
  ) );
#1753 = ORIENTED_EDGE('',*,*,#1754,.T.);
#1754 = EDGE_CURVE('',#1734,#1755,#1757,.T.);
#1755 = VERTEX_POINT('',#1756);
#1756 = CARTESIAN_POINT('',(2.,-8.,-7.451484612923));
#1757 = SURFACE_CURVE('',#1758,(#1797,#1839),.PCURVE_S1.);
#1758 = B_SPLINE_CURVE_WITH_KNOTS('',7,(#1759,#1760,#1761,#1762,#1763,
    #1764,#1765,#1766,#1767,#1768,#1769,#1770,#1771,#1772,#1773,#1774,
    #1775,#1776,#1777,#1778,#1779,#1780,#1781,#1782,#1783,#1784,#1785,
    #1786,#1787,#1788,#1789,#1790,#1791,#1792,#1793,#1794,#1795,#1796),
  .UNSPECIFIED.,.F.,.F.,(8,6,6,6,6,6,8),(0.,0.310568305771,
    0.430638226716,0.506672809108,0.69599206799,0.899767398469,1.),
  .UNSPECIFIED.);
#1759 = CARTESIAN_POINT('',(1.554312234475E-15,-10.,-9.144380660904));
#1760 = CARTESIAN_POINT('',(1.554312234475E-15,-9.854619546538,
    -9.144380660904));
#1761 = CARTESIAN_POINT('',(1.232912346724E-02,-9.709181494255,
    -9.13285136803));
#1762 = CARTESIAN_POINT('',(3.700425692264E-02,-9.565530777207,
    -9.109776793218));
#1763 = CARTESIAN_POINT('',(7.35856406093E-02,-9.425222559373,
    -9.075661630139));
#1764 = CARTESIAN_POINT('',(0.121411479063,-9.289573524211,
    -9.031309019812));
#1765 = CARTESIAN_POINT('',(0.179657474387,-9.159691546531,
    -8.977712147712));
#1766 = CARTESIAN_POINT('',(0.273571654285,-8.988862287473,
    -8.892100880835));
#1767 = CARTESIAN_POINT('',(0.30118298434,-8.942214718571,
    -8.867005440294));
#1768 = CARTESIAN_POINT('',(0.330172853871,-8.896595519551,
    -8.840742423947));
#1769 = CARTESIAN_POINT('',(0.360493455585,-8.852045271424,
    -8.813369867119));
#1770 = CARTESIAN_POINT('',(0.392097541573,-8.808600175071,
    -8.784945262784));
#1771 = CARTESIAN_POINT('',(0.424939013775,-8.766292664567,
    -8.755524840319));
#1772 = CARTESIAN_POINT('',(0.480525948441,-8.69909960316,
    -8.705936033141));
#1773 = CARTESIAN_POINT('',(0.502556747914,-8.673515200786,
    -8.686331683651));
#1774 = CARTESIAN_POINT('',(0.525054594872,-8.648406203798,
    -8.66636363747));
#1775 = CARTESIAN_POINT('',(0.548008383375,-8.623779670142,
    -8.646045467308));
#1776 = CARTESIAN_POINT('',(0.571407219533,-8.599642325298,
    -8.625390476909));
#1777 = CARTESIAN_POINT('',(0.595240421512,-8.576000562278,
    -8.604411701045));
#1778 = CARTESIAN_POINT('',(0.679895507857,-8.495243626288,
    -8.530112233035));
#1779 = CARTESIAN_POINT('',(0.742918903076,-8.440739421423,
    -8.475176569613));
#1780 = CARTESIAN_POINT('',(0.808410041307,-8.389438269689,
    -8.418508369617));
#1781 = CARTESIAN_POINT('',(0.876214765446,-8.341427493353,
    -8.36029416785));
#1782 = CARTESIAN_POINT('',(0.946182306909,-8.296792395153,
    -8.300713027883));
#1783 = CARTESIAN_POINT('',(1.018165167373,-8.255617359155,
    -8.239935990387));
#1784 = CARTESIAN_POINT('',(1.171512176998,-8.177483155147,
    -8.11159531843));
#1785 = CARTESIAN_POINT('',(1.253167237282,-8.141088915834,
    -8.043872659906));
#1786 = CARTESIAN_POINT('',(1.336803161087,-8.10890946016,
    -7.975160958968));
#1787 = CARTESIAN_POINT('',(1.422228833549,-8.081057451811,
    -7.905664356078));
#1788 = CARTESIAN_POINT('',(1.509240630671,-8.057649135165,
    -7.835588143204));
#1789 = CARTESIAN_POINT('',(1.597620004768,-8.038800478767,
    -7.765139187939));
#1790 = CARTESIAN_POINT('',(1.731159593416,-8.017649885757,
    -7.659793460025));
#1791 = CARTESIAN_POINT('',(1.775460935473,-8.011806728439,
    -7.62502166362));
#1792 = CARTESIAN_POINT('',(1.820006378715,-8.007107482227,
    -7.590236390695));
#1793 = CARTESIAN_POINT('',(1.864765639597,-8.003565144897,
    -7.555463510209));
#1794 = CARTESIAN_POINT('',(1.909706868396,-8.001192076627,
    -7.520729337784));
#1795 = CARTESIAN_POINT('',(1.954796649219,-8.,-7.486060635706));
#1796 = CARTESIAN_POINT('',(2.,-8.,-7.451484612923));
#1797 = PCURVE('',#876,#1798);
#1798 = DEFINITIONAL_REPRESENTATION('',(#1799),#1838);
#1799 = B_SPLINE_CURVE_WITH_KNOTS('',7,(#1800,#1801,#1802,#1803,#1804,
    #1805,#1806,#1807,#1808,#1809,#1810,#1811,#1812,#1813,#1814,#1815,
    #1816,#1817,#1818,#1819,#1820,#1821,#1822,#1823,#1824,#1825,#1826,
    #1827,#1828,#1829,#1830,#1831,#1832,#1833,#1834,#1835,#1836,#1837),
  .UNSPECIFIED.,.F.,.F.,(8,6,6,6,6,6,8),(0.,0.310568305771,
    0.430638226716,0.506672809108,0.69599206799,0.899767398469,1.),
  .UNSPECIFIED.);
#1800 = CARTESIAN_POINT('',(2.322684183042,28.));
#1801 = CARTESIAN_POINT('',(2.322684183042,27.854619546538));
#1802 = CARTESIAN_POINT('',(2.322047204716,27.709181494255));
#1803 = CARTESIAN_POINT('',(2.32077237063,27.565530777207));
#1804 = CARTESIAN_POINT('',(2.318884809168,27.425222559373));
#1805 = CARTESIAN_POINT('',(2.31642346349,27.289573524211));
#1806 = CARTESIAN_POINT('',(2.313436584869,27.159691546531));
#1807 = CARTESIAN_POINT('',(2.30864113755,26.988862287473));
#1808 = CARTESIAN_POINT('',(2.307233148522,26.942214718571));
#1809 = CARTESIAN_POINT('',(2.305757029397,26.896595519551));
#1810 = CARTESIAN_POINT('',(2.304215582968,26.852045271424));
#1811 = CARTESIAN_POINT('',(2.302611580529,26.808600175071));
#1812 = CARTESIAN_POINT('',(2.300947726902,26.766292664567));
#1813 = CARTESIAN_POINT('',(2.298136733607,26.69909960316));
#1814 = CARTESIAN_POINT('',(2.297023887296,26.673515200786));
#1815 = CARTESIAN_POINT('',(2.295888750841,26.648406203798));
#1816 = CARTESIAN_POINT('',(2.294731975415,26.623779670142));
#1817 = CARTESIAN_POINT('',(2.293554199053,26.599642325298));
#1818 = CARTESIAN_POINT('',(2.292356046652,26.576000562278));
#1819 = CARTESIAN_POINT('',(2.288105627187,26.495243626288));
#1820 = CARTESIAN_POINT('',(2.28495072173,26.440739421423));
#1821 = CARTESIAN_POINT('',(2.28168265556,26.389438269689));
#1822 = CARTESIAN_POINT('',(2.278310381416,26.341427493353));
#1823 = CARTESIAN_POINT('',(2.274842554155,26.296792395153));
#1824 = CARTESIAN_POINT('',(2.271287522086,26.255617359155));
#1825 = CARTESIAN_POINT('',(2.263741613376,26.177483155147));
#1826 = CARTESIAN_POINT('',(2.259738466728,26.141088915834));
#1827 = CARTESIAN_POINT('',(2.255653946386,26.10890946016));
#1828 = CARTESIAN_POINT('',(2.251498407613,26.081057451811));
#1829 = CARTESIAN_POINT('',(2.247282579954,26.057649135165));
#1830 = CARTESIAN_POINT('',(2.243017654284,26.038800478767));
#1831 = CARTESIAN_POINT('',(2.236599170815,26.017649885757));
#1832 = CARTESIAN_POINT('',(2.234473980014,26.011806728439));
#1833 = CARTESIAN_POINT('',(2.232341226611,26.007107482227));
#1834 = CARTESIAN_POINT('',(2.230202396417,26.003565144897));
#1835 = CARTESIAN_POINT('',(2.22805903191,26.001192076627));
#1836 = CARTESIAN_POINT('',(2.225912732228,26.));
#1837 = CARTESIAN_POINT('',(2.223765153173,26.));
#1838 = ( GEOMETRIC_REPRESENTATION_CONTEXT(2) 
PARAMETRIC_REPRESENTATION_CONTEXT() REPRESENTATION_CONTEXT('2D SPACE',''
  ) );
#1839 = PCURVE('',#1840,#1845);
#1840 = CYLINDRICAL_SURFACE('',#1841,2.);
#1841 = AXIS2_PLACEMENT_3D('',#1842,#1843,#1844);
#1842 = CARTESIAN_POINT('',(2.,-10.,-4.));
#1843 = DIRECTION('',(-0.,-0.,-1.));
#1844 = DIRECTION('',(-1.,0.,0.));
#1845 = DEFINITIONAL_REPRESENTATION('',(#1846),#1885);
#1846 = B_SPLINE_CURVE_WITH_KNOTS('',7,(#1847,#1848,#1849,#1850,#1851,
    #1852,#1853,#1854,#1855,#1856,#1857,#1858,#1859,#1860,#1861,#1862,
    #1863,#1864,#1865,#1866,#1867,#1868,#1869,#1870,#1871,#1872,#1873,
    #1874,#1875,#1876,#1877,#1878,#1879,#1880,#1881,#1882,#1883,#1884),
  .UNSPECIFIED.,.F.,.F.,(8,6,6,6,6,6,8),(0.,0.310568305771,
    0.430638226716,0.506672809108,0.69599206799,0.899767398469,1.),
  .UNSPECIFIED.);
#1847 = CARTESIAN_POINT('',(0.,5.144380660904));
#1848 = CARTESIAN_POINT('',(7.269022673115E-02,5.144380660904));
#1849 = CARTESIAN_POINT('',(0.145409204952,5.13285136803));
#1850 = CARTESIAN_POINT('',(0.217862159796,5.109776793218));
#1851 = CARTESIAN_POINT('',(0.289899761634,5.075661630139));
#1852 = CARTESIAN_POINT('',(0.361422048255,5.031309019812));
#1853 = CARTESIAN_POINT('',(0.432360430191,4.977712147712));
#1854 = CARTESIAN_POINT('',(0.529831591229,4.892100880835));
#1855 = CARTESIAN_POINT('',(0.556921301711,4.867005440294));
#1856 = CARTESIAN_POINT('',(0.58392529279,4.840742423947));
#1857 = CARTESIAN_POINT('',(0.610846070686,4.813369867119));
#1858 = CARTESIAN_POINT('',(0.637687247002,4.784945262784));
#1859 = CARTESIAN_POINT('',(0.664453474652,4.755524840319));
#1860 = CARTESIAN_POINT('',(0.708056269306,4.705936033141));
#1861 = CARTESIAN_POINT('',(0.724934315389,4.686331683651));
#1862 = CARTESIAN_POINT('',(0.741785946561,4.66636363747));
#1863 = CARTESIAN_POINT('',(0.758612681506,4.646045467308));
#1864 = CARTESIAN_POINT('',(0.775416133075,4.625390476909));
#1865 = CARTESIAN_POINT('',(0.79219800828,4.604411701045));
#1866 = CARTESIAN_POINT('',(0.850696226959,4.530112233035));
#1867 = CARTESIAN_POINT('',(0.892307926715,4.475176569613));
#1868 = CARTESIAN_POINT('',(0.93382572904,4.418508369617));
#1869 = CARTESIAN_POINT('',(0.975279265014,4.36029416785));
#1870 = CARTESIAN_POINT('',(1.016698237181,4.300713027883));
#1871 = CARTESIAN_POINT('',(1.058113381411,4.239935990387));
#1872 = CARTESIAN_POINT('',(1.144166067593,4.11159531843));
#1873 = CARTESIAN_POINT('',(1.188805045497,4.043872659906));
#1874 = CARTESIAN_POINT('',(1.233514573136,3.975160958968));
#1875 = CARTESIAN_POINT('',(1.278330130319,3.905664356078));
#1876 = CARTESIAN_POINT('',(1.323283412653,3.835588143204));
#1877 = CARTESIAN_POINT('',(1.368403278196,3.765139187939));
#1878 = CARTESIAN_POINT('',(1.436005366405,3.659793460025));
#1879 = CARTESIAN_POINT('',(1.458340363199,3.62502166362));
#1880 = CARTESIAN_POINT('',(1.480724514661,3.590236390695));
#1881 = CARTESIAN_POINT('',(1.503160281135,3.555463510209));
#1882 = CARTESIAN_POINT('',(1.525649753147,3.520729337784));
#1883 = CARTESIAN_POINT('',(1.548194651405,3.486060635706));
#1884 = CARTESIAN_POINT('',(1.570796326795,3.451484612923));
#1885 = ( GEOMETRIC_REPRESENTATION_CONTEXT(2) 
PARAMETRIC_REPRESENTATION_CONTEXT() REPRESENTATION_CONTEXT('2D SPACE',''
  ) );
#1886 = ORIENTED_EDGE('',*,*,#1887,.F.);
#1887 = EDGE_CURVE('',#1644,#1755,#1888,.T.);
#1888 = SURFACE_CURVE('',#1889,(#1894,#1901),.PCURVE_S1.);
#1889 = CIRCLE('',#1890,26.5);
#1890 = AXIS2_PLACEMENT_3D('',#1891,#1892,#1893);
#1891 = CARTESIAN_POINT('',(18.1,-8.,-28.5));
#1892 = DIRECTION('',(-3.9414255599E-17,1.,-2.662942494654E-16));
#1893 = DIRECTION('',(-0.989223240805,-6.162975822039E-33,0.14641509434)
  );
#1894 = PCURVE('',#876,#1895);
#1895 = DEFINITIONAL_REPRESENTATION('',(#1896),#1900);
#1896 = LINE('',#1897,#1898);
#1897 = CARTESIAN_POINT('',(2.994649321399,26.));
#1898 = VECTOR('',#1899,1.);
#1899 = DIRECTION('',(-1.,-0.));
#1900 = ( GEOMETRIC_REPRESENTATION_CONTEXT(2) 
PARAMETRIC_REPRESENTATION_CONTEXT() REPRESENTATION_CONTEXT('2D SPACE',''
  ) );
#1901 = PCURVE('',#1659,#1902);
#1902 = DEFINITIONAL_REPRESENTATION('',(#1903),#1911);
#1903 = ( BOUNDED_CURVE() B_SPLINE_CURVE(2,(#1904,#1905,#1906,#1907,
#1908,#1909,#1910),.UNSPECIFIED.,.T.,.F.) B_SPLINE_CURVE_WITH_KNOTS((1,2
    ,2,2,2,1),(-2.094395102393,0.,2.094395102393,4.188790204786,
6.28318530718,8.377580409573),.UNSPECIFIED.) CURVE() 
GEOMETRIC_REPRESENTATION_ITEM() RATIONAL_B_SPLINE_CURVE((1.,0.5,1.,0.5,
1.,0.5,1.)) REPRESENTATION_ITEM('') );
#1904 = CARTESIAN_POINT('',(-8.114415881343,-10.31));
#1905 = CARTESIAN_POINT('',(-1.394058747976,35.094700197226));
#1906 = CARTESIAN_POINT('',(34.567386507355,6.572350098613));
#1907 = CARTESIAN_POINT('',(70.528831762686,-21.95));
#1908 = CARTESIAN_POINT('',(27.847029373988,-38.83235009861));
#1909 = CARTESIAN_POINT('',(-14.83477301471,-55.71470019722));
#1910 = CARTESIAN_POINT('',(-8.114415881343,-10.31));
#1911 = ( GEOMETRIC_REPRESENTATION_CONTEXT(2) 
PARAMETRIC_REPRESENTATION_CONTEXT() REPRESENTATION_CONTEXT('2D SPACE',''
  ) );
#1912 = ORIENTED_EDGE('',*,*,#1671,.T.);
#1913 = ORIENTED_EDGE('',*,*,#824,.F.);
#1914 = ORIENTED_EDGE('',*,*,#957,.T.);
#1915 = ADVANCED_FACE('',(#1916),#1068,.F.);
#1916 = FACE_BOUND('',#1917,.F.);
#1917 = EDGE_LOOP('',(#1918,#1941,#1962,#1963));
#1918 = ORIENTED_EDGE('',*,*,#1919,.T.);
#1919 = EDGE_CURVE('',#1053,#1920,#1922,.T.);
#1920 = VERTEX_POINT('',#1921);
#1921 = CARTESIAN_POINT('',(-4.440892098501E-16,-10.,-4.));
#1922 = SURFACE_CURVE('',#1923,(#1927,#1934),.PCURVE_S1.);
#1923 = LINE('',#1924,#1925);
#1924 = CARTESIAN_POINT('',(0.,0.,-4.));
#1925 = VECTOR('',#1926,1.);
#1926 = DIRECTION('',(0.,1.,0.));
#1927 = PCURVE('',#1068,#1928);
#1928 = DEFINITIONAL_REPRESENTATION('',(#1929),#1933);
#1929 = LINE('',#1930,#1931);
#1930 = CARTESIAN_POINT('',(13.,-20.62));
#1931 = VECTOR('',#1932,1.);
#1932 = DIRECTION('',(1.,0.));
#1933 = ( GEOMETRIC_REPRESENTATION_CONTEXT(2) 
PARAMETRIC_REPRESENTATION_CONTEXT() REPRESENTATION_CONTEXT('2D SPACE',''
  ) );
#1934 = PCURVE('',#1095,#1935);
#1935 = DEFINITIONAL_REPRESENTATION('',(#1936),#1940);
#1936 = LINE('',#1937,#1938);
#1937 = CARTESIAN_POINT('',(0.,0.));
#1938 = VECTOR('',#1939,1.);
#1939 = DIRECTION('',(0.,1.));
#1940 = ( GEOMETRIC_REPRESENTATION_CONTEXT(2) 
PARAMETRIC_REPRESENTATION_CONTEXT() REPRESENTATION_CONTEXT('2D SPACE',''
  ) );
#1941 = ORIENTED_EDGE('',*,*,#1942,.T.);
#1942 = EDGE_CURVE('',#1920,#1734,#1943,.T.);
#1943 = SURFACE_CURVE('',#1944,(#1948,#1955),.PCURVE_S1.);
#1944 = LINE('',#1945,#1946);
#1945 = CARTESIAN_POINT('',(-4.440892098501E-16,-10.,-4.));
#1946 = VECTOR('',#1947,1.);
#1947 = DIRECTION('',(-0.,-0.,-1.));
#1948 = PCURVE('',#1068,#1949);
#1949 = DEFINITIONAL_REPRESENTATION('',(#1950),#1954);
#1950 = LINE('',#1951,#1952);
#1951 = CARTESIAN_POINT('',(3.,-20.62));
#1952 = VECTOR('',#1953,1.);
#1953 = DIRECTION('',(-0.,1.));
#1954 = ( GEOMETRIC_REPRESENTATION_CONTEXT(2) 
PARAMETRIC_REPRESENTATION_CONTEXT() REPRESENTATION_CONTEXT('2D SPACE',''
  ) );
#1955 = PCURVE('',#1840,#1956);
#1956 = DEFINITIONAL_REPRESENTATION('',(#1957),#1961);
#1957 = LINE('',#1958,#1959);
#1958 = CARTESIAN_POINT('',(0.,0.));
#1959 = VECTOR('',#1960,1.);
#1960 = DIRECTION('',(0.,1.));
#1961 = ( GEOMETRIC_REPRESENTATION_CONTEXT(2) 
PARAMETRIC_REPRESENTATION_CONTEXT() REPRESENTATION_CONTEXT('2D SPACE',''
  ) );
#1962 = ORIENTED_EDGE('',*,*,#1733,.T.);
#1963 = ORIENTED_EDGE('',*,*,#1052,.T.);
#1964 = ADVANCED_FACE('',(#1965),#1095,.F.);
#1965 = FACE_BOUND('',#1966,.F.);
#1966 = EDGE_LOOP('',(#1967,#1968,#1991,#2017,#2018));
#1967 = ORIENTED_EDGE('',*,*,#1226,.T.);
#1968 = ORIENTED_EDGE('',*,*,#1969,.F.);
#1969 = EDGE_CURVE('',#1970,#1227,#1972,.T.);
#1970 = VERTEX_POINT('',#1971);
#1971 = CARTESIAN_POINT('',(2.,-8.,-4.));
#1972 = SURFACE_CURVE('',#1973,(#1977,#1984),.PCURVE_S1.);
#1973 = LINE('',#1974,#1975);
#1974 = CARTESIAN_POINT('',(0.,-8.,-4.));
#1975 = VECTOR('',#1976,1.);
#1976 = DIRECTION('',(1.,0.,0.));
#1977 = PCURVE('',#1095,#1978);
#1978 = DEFINITIONAL_REPRESENTATION('',(#1979),#1983);
#1979 = LINE('',#1980,#1981);
#1980 = CARTESIAN_POINT('',(0.,-8.));
#1981 = VECTOR('',#1982,1.);
#1982 = DIRECTION('',(1.,0.));
#1983 = ( GEOMETRIC_REPRESENTATION_CONTEXT(2) 
PARAMETRIC_REPRESENTATION_CONTEXT() REPRESENTATION_CONTEXT('2D SPACE',''
  ) );
#1984 = PCURVE('',#1659,#1985);
#1985 = DEFINITIONAL_REPRESENTATION('',(#1986),#1990);
#1986 = LINE('',#1987,#1988);
#1987 = CARTESIAN_POINT('',(0.,10.31));
#1988 = VECTOR('',#1989,1.);
#1989 = DIRECTION('',(1.,0.));
#1990 = ( GEOMETRIC_REPRESENTATION_CONTEXT(2) 
PARAMETRIC_REPRESENTATION_CONTEXT() REPRESENTATION_CONTEXT('2D SPACE',''
  ) );
#1991 = ORIENTED_EDGE('',*,*,#1992,.F.);
#1992 = EDGE_CURVE('',#1920,#1970,#1993,.T.);
#1993 = SURFACE_CURVE('',#1994,(#1999,#2010),.PCURVE_S1.);
#1994 = CIRCLE('',#1995,2.);
#1995 = AXIS2_PLACEMENT_3D('',#1996,#1997,#1998);
#1996 = CARTESIAN_POINT('',(2.,-10.,-4.));
#1997 = DIRECTION('',(0.,-0.,-1.));
#1998 = DIRECTION('',(0.,1.,-0.));
#1999 = PCURVE('',#1095,#2000);
#2000 = DEFINITIONAL_REPRESENTATION('',(#2001),#2009);
#2001 = ( BOUNDED_CURVE() B_SPLINE_CURVE(2,(#2002,#2003,#2004,#2005,
#2006,#2007,#2008),.UNSPECIFIED.,.T.,.F.) B_SPLINE_CURVE_WITH_KNOTS((1,2
    ,2,2,2,1),(-2.094395102393,0.,2.094395102393,4.188790204786,
6.28318530718,8.377580409573),.UNSPECIFIED.) CURVE() 
GEOMETRIC_REPRESENTATION_ITEM() RATIONAL_B_SPLINE_CURVE((1.,0.5,1.,0.5,
1.,0.5,1.)) REPRESENTATION_ITEM('') );
#2002 = CARTESIAN_POINT('',(2.,-8.));
#2003 = CARTESIAN_POINT('',(5.464101615138,-8.));
#2004 = CARTESIAN_POINT('',(3.732050807569,-11.));
#2005 = CARTESIAN_POINT('',(2.,-14.));
#2006 = CARTESIAN_POINT('',(0.267949192431,-11.));
#2007 = CARTESIAN_POINT('',(-1.464101615138,-8.));
#2008 = CARTESIAN_POINT('',(2.,-8.));
#2009 = ( GEOMETRIC_REPRESENTATION_CONTEXT(2) 
PARAMETRIC_REPRESENTATION_CONTEXT() REPRESENTATION_CONTEXT('2D SPACE',''
  ) );
#2010 = PCURVE('',#1840,#2011);
#2011 = DEFINITIONAL_REPRESENTATION('',(#2012),#2016);
#2012 = LINE('',#2013,#2014);
#2013 = CARTESIAN_POINT('',(-4.712388980385,0.));
#2014 = VECTOR('',#2015,1.);
#2015 = DIRECTION('',(1.,0.));
#2016 = ( GEOMETRIC_REPRESENTATION_CONTEXT(2) 
PARAMETRIC_REPRESENTATION_CONTEXT() REPRESENTATION_CONTEXT('2D SPACE',''
  ) );
#2017 = ORIENTED_EDGE('',*,*,#1919,.F.);
#2018 = ORIENTED_EDGE('',*,*,#1080,.F.);
#2019 = ADVANCED_FACE('',(#2020),#1182,.F.);
#2020 = FACE_BOUND('',#2021,.F.);
#2021 = EDGE_LOOP('',(#2022,#2023,#2046,#2075,#2103,#2136,#2157));
#2022 = ORIENTED_EDGE('',*,*,#1165,.T.);
#2023 = ORIENTED_EDGE('',*,*,#2024,.T.);
#2024 = EDGE_CURVE('',#1166,#2025,#2027,.T.);
#2025 = VERTEX_POINT('',#2026);
#2026 = CARTESIAN_POINT('',(11.,8.,-4.));
#2027 = SURFACE_CURVE('',#2028,(#2032,#2039),.PCURVE_S1.);
#2028 = LINE('',#2029,#2030);
#2029 = CARTESIAN_POINT('',(0.,8.,-4.));
#2030 = VECTOR('',#2031,1.);
#2031 = DIRECTION('',(1.,0.,0.));
#2032 = PCURVE('',#1182,#2033);
#2033 = DEFINITIONAL_REPRESENTATION('',(#2034),#2038);
#2034 = LINE('',#2035,#2036);
#2035 = CARTESIAN_POINT('',(13.,-8.));
#2036 = VECTOR('',#2037,1.);
#2037 = DIRECTION('',(1.,0.));
#2038 = ( GEOMETRIC_REPRESENTATION_CONTEXT(2) 
PARAMETRIC_REPRESENTATION_CONTEXT() REPRESENTATION_CONTEXT('2D SPACE',''
  ) );
#2039 = PCURVE('',#1603,#2040);
#2040 = DEFINITIONAL_REPRESENTATION('',(#2041),#2045);
#2041 = LINE('',#2042,#2043);
#2042 = CARTESIAN_POINT('',(0.,10.31));
#2043 = VECTOR('',#2044,1.);
#2044 = DIRECTION('',(1.,0.));
#2045 = ( GEOMETRIC_REPRESENTATION_CONTEXT(2) 
PARAMETRIC_REPRESENTATION_CONTEXT() REPRESENTATION_CONTEXT('2D SPACE',''
  ) );
#2046 = ORIENTED_EDGE('',*,*,#2047,.T.);
#2047 = EDGE_CURVE('',#2025,#2048,#2050,.T.);
#2048 = VERTEX_POINT('',#2049);
#2049 = CARTESIAN_POINT('',(13.,6.,-4.));
#2050 = SURFACE_CURVE('',#2051,(#2056,#2063),.PCURVE_S1.);
#2051 = CIRCLE('',#2052,2.);
#2052 = AXIS2_PLACEMENT_3D('',#2053,#2054,#2055);
#2053 = CARTESIAN_POINT('',(11.,6.,-4.));
#2054 = DIRECTION('',(-0.,-0.,-1.));
#2055 = DIRECTION('',(0.,-1.,0.));
#2056 = PCURVE('',#1182,#2057);
#2057 = DEFINITIONAL_REPRESENTATION('',(#2058),#2062);
#2058 = CIRCLE('',#2059,2.);
#2059 = AXIS2_PLACEMENT_2D('',#2060,#2061);
#2060 = CARTESIAN_POINT('',(24.,-6.));
#2061 = DIRECTION('',(0.,1.));
#2062 = ( GEOMETRIC_REPRESENTATION_CONTEXT(2) 
PARAMETRIC_REPRESENTATION_CONTEXT() REPRESENTATION_CONTEXT('2D SPACE',''
  ) );
#2063 = PCURVE('',#2064,#2069);
#2064 = CYLINDRICAL_SURFACE('',#2065,2.);
#2065 = AXIS2_PLACEMENT_3D('',#2066,#2067,#2068);
#2066 = CARTESIAN_POINT('',(11.,6.,-12.));
#2067 = DIRECTION('',(0.,0.,1.));
#2068 = DIRECTION('',(-0.,1.,0.));
#2069 = DEFINITIONAL_REPRESENTATION('',(#2070),#2074);
#2070 = LINE('',#2071,#2072);
#2071 = CARTESIAN_POINT('',(3.14159265359,8.));
#2072 = VECTOR('',#2073,1.);
#2073 = DIRECTION('',(-1.,0.));
#2074 = ( GEOMETRIC_REPRESENTATION_CONTEXT(2) 
PARAMETRIC_REPRESENTATION_CONTEXT() REPRESENTATION_CONTEXT('2D SPACE',''
  ) );
#2075 = ORIENTED_EDGE('',*,*,#2076,.F.);
#2076 = EDGE_CURVE('',#2077,#2048,#2079,.T.);
#2077 = VERTEX_POINT('',#2078);
#2078 = CARTESIAN_POINT('',(13.,-6.,-4.));
#2079 = SURFACE_CURVE('',#2080,(#2084,#2091),.PCURVE_S1.);
#2080 = LINE('',#2081,#2082);
#2081 = CARTESIAN_POINT('',(13.,-8.,-4.));
#2082 = VECTOR('',#2083,1.);
#2083 = DIRECTION('',(0.,1.,0.));
#2084 = PCURVE('',#1182,#2085);
#2085 = DEFINITIONAL_REPRESENTATION('',(#2086),#2090);
#2086 = LINE('',#2087,#2088);
#2087 = CARTESIAN_POINT('',(26.,8.));
#2088 = VECTOR('',#2089,1.);
#2089 = DIRECTION('',(0.,-1.));
#2090 = ( GEOMETRIC_REPRESENTATION_CONTEXT(2) 
PARAMETRIC_REPRESENTATION_CONTEXT() REPRESENTATION_CONTEXT('2D SPACE',''
  ) );
#2091 = PCURVE('',#2092,#2097);
#2092 = PLANE('',#2093);
#2093 = AXIS2_PLACEMENT_3D('',#2094,#2095,#2096);
#2094 = CARTESIAN_POINT('',(13.,0.,-12.));
#2095 = DIRECTION('',(1.,0.,-0.));
#2096 = DIRECTION('',(0.,0.,1.));
#2097 = DEFINITIONAL_REPRESENTATION('',(#2098),#2102);
#2098 = LINE('',#2099,#2100);
#2099 = CARTESIAN_POINT('',(8.,8.));
#2100 = VECTOR('',#2101,1.);
#2101 = DIRECTION('',(0.,-1.));
#2102 = ( GEOMETRIC_REPRESENTATION_CONTEXT(2) 
PARAMETRIC_REPRESENTATION_CONTEXT() REPRESENTATION_CONTEXT('2D SPACE',''
  ) );
#2103 = ORIENTED_EDGE('',*,*,#2104,.F.);
#2104 = EDGE_CURVE('',#2105,#2077,#2107,.T.);
#2105 = VERTEX_POINT('',#2106);
#2106 = CARTESIAN_POINT('',(11.,-8.,-4.));
#2107 = SURFACE_CURVE('',#2108,(#2113,#2124),.PCURVE_S1.);
#2108 = CIRCLE('',#2109,2.);
#2109 = AXIS2_PLACEMENT_3D('',#2110,#2111,#2112);
#2110 = CARTESIAN_POINT('',(11.,-6.,-4.));
#2111 = DIRECTION('',(0.,0.,1.));
#2112 = DIRECTION('',(0.,-1.,0.));
#2113 = PCURVE('',#1182,#2114);
#2114 = DEFINITIONAL_REPRESENTATION('',(#2115),#2123);
#2115 = ( BOUNDED_CURVE() B_SPLINE_CURVE(2,(#2116,#2117,#2118,#2119,
#2120,#2121,#2122),.UNSPECIFIED.,.T.,.F.) B_SPLINE_CURVE_WITH_KNOTS((1,2
    ,2,2,2,1),(-2.094395102393,0.,2.094395102393,4.188790204786,
6.28318530718,8.377580409573),.UNSPECIFIED.) CURVE() 
GEOMETRIC_REPRESENTATION_ITEM() RATIONAL_B_SPLINE_CURVE((1.,0.5,1.,0.5,
1.,0.5,1.)) REPRESENTATION_ITEM('') );
#2116 = CARTESIAN_POINT('',(24.,8.));
#2117 = CARTESIAN_POINT('',(27.464101615138,8.));
#2118 = CARTESIAN_POINT('',(25.732050807569,5.));
#2119 = CARTESIAN_POINT('',(24.,2.));
#2120 = CARTESIAN_POINT('',(22.267949192431,5.));
#2121 = CARTESIAN_POINT('',(20.535898384862,8.));
#2122 = CARTESIAN_POINT('',(24.,8.));
#2123 = ( GEOMETRIC_REPRESENTATION_CONTEXT(2) 
PARAMETRIC_REPRESENTATION_CONTEXT() REPRESENTATION_CONTEXT('2D SPACE',''
  ) );
#2124 = PCURVE('',#2125,#2130);
#2125 = CYLINDRICAL_SURFACE('',#2126,2.);
#2126 = AXIS2_PLACEMENT_3D('',#2127,#2128,#2129);
#2127 = CARTESIAN_POINT('',(11.,-6.,-12.));
#2128 = DIRECTION('',(0.,0.,1.));
#2129 = DIRECTION('',(0.,-1.,0.));
#2130 = DEFINITIONAL_REPRESENTATION('',(#2131),#2135);
#2131 = LINE('',#2132,#2133);
#2132 = CARTESIAN_POINT('',(0.,8.));
#2133 = VECTOR('',#2134,1.);
#2134 = DIRECTION('',(1.,0.));
#2135 = ( GEOMETRIC_REPRESENTATION_CONTEXT(2) 
PARAMETRIC_REPRESENTATION_CONTEXT() REPRESENTATION_CONTEXT('2D SPACE',''
  ) );
#2136 = ORIENTED_EDGE('',*,*,#2137,.F.);
#2137 = EDGE_CURVE('',#1227,#2105,#2138,.T.);
#2138 = SURFACE_CURVE('',#2139,(#2143,#2150),.PCURVE_S1.);
#2139 = LINE('',#2140,#2141);
#2140 = CARTESIAN_POINT('',(0.,-8.,-4.));
#2141 = VECTOR('',#2142,1.);
#2142 = DIRECTION('',(1.,0.,0.));
#2143 = PCURVE('',#1182,#2144);
#2144 = DEFINITIONAL_REPRESENTATION('',(#2145),#2149);
#2145 = LINE('',#2146,#2147);
#2146 = CARTESIAN_POINT('',(13.,8.));
#2147 = VECTOR('',#2148,1.);
#2148 = DIRECTION('',(1.,0.));
#2149 = ( GEOMETRIC_REPRESENTATION_CONTEXT(2) 
PARAMETRIC_REPRESENTATION_CONTEXT() REPRESENTATION_CONTEXT('2D SPACE',''
  ) );
#2150 = PCURVE('',#1659,#2151);
#2151 = DEFINITIONAL_REPRESENTATION('',(#2152),#2156);
#2152 = LINE('',#2153,#2154);
#2153 = CARTESIAN_POINT('',(0.,10.31));
#2154 = VECTOR('',#2155,1.);
#2155 = DIRECTION('',(1.,0.));
#2156 = ( GEOMETRIC_REPRESENTATION_CONTEXT(2) 
PARAMETRIC_REPRESENTATION_CONTEXT() REPRESENTATION_CONTEXT('2D SPACE',''
  ) );
#2157 = ORIENTED_EDGE('',*,*,#1250,.T.);
#2158 = ADVANCED_FACE('',(#2159),#1213,.F.);
#2159 = FACE_BOUND('',#2160,.F.);
#2160 = EDGE_LOOP('',(#2161,#2184,#2185,#2186,#2209));
#2161 = ORIENTED_EDGE('',*,*,#2162,.T.);
#2162 = EDGE_CURVE('',#2163,#1166,#2165,.T.);
#2163 = VERTEX_POINT('',#2164);
#2164 = CARTESIAN_POINT('',(2.,8.,-4.));
#2165 = SURFACE_CURVE('',#2166,(#2170,#2177),.PCURVE_S1.);
#2166 = LINE('',#2167,#2168);
#2167 = CARTESIAN_POINT('',(0.,8.,-4.));
#2168 = VECTOR('',#2169,1.);
#2169 = DIRECTION('',(1.,0.,0.));
#2170 = PCURVE('',#1213,#2171);
#2171 = DEFINITIONAL_REPRESENTATION('',(#2172),#2176);
#2172 = LINE('',#2173,#2174);
#2173 = CARTESIAN_POINT('',(0.,8.));
#2174 = VECTOR('',#2175,1.);
#2175 = DIRECTION('',(1.,0.));
#2176 = ( GEOMETRIC_REPRESENTATION_CONTEXT(2) 
PARAMETRIC_REPRESENTATION_CONTEXT() REPRESENTATION_CONTEXT('2D SPACE',''
  ) );
#2177 = PCURVE('',#1603,#2178);
#2178 = DEFINITIONAL_REPRESENTATION('',(#2179),#2183);
#2179 = LINE('',#2180,#2181);
#2180 = CARTESIAN_POINT('',(0.,10.31));
#2181 = VECTOR('',#2182,1.);
#2182 = DIRECTION('',(1.,0.));
#2183 = ( GEOMETRIC_REPRESENTATION_CONTEXT(2) 
PARAMETRIC_REPRESENTATION_CONTEXT() REPRESENTATION_CONTEXT('2D SPACE',''
  ) );
#2184 = ORIENTED_EDGE('',*,*,#1198,.T.);
#2185 = ORIENTED_EDGE('',*,*,#1403,.F.);
#2186 = ORIENTED_EDGE('',*,*,#2187,.F.);
#2187 = EDGE_CURVE('',#2188,#1404,#2190,.T.);
#2188 = VERTEX_POINT('',#2189);
#2189 = CARTESIAN_POINT('',(-4.440892098501E-16,10.,-4.));
#2190 = SURFACE_CURVE('',#2191,(#2195,#2202),.PCURVE_S1.);
#2191 = LINE('',#2192,#2193);
#2192 = CARTESIAN_POINT('',(0.,0.,-4.));
#2193 = VECTOR('',#2194,1.);
#2194 = DIRECTION('',(0.,1.,0.));
#2195 = PCURVE('',#1213,#2196);
#2196 = DEFINITIONAL_REPRESENTATION('',(#2197),#2201);
#2197 = LINE('',#2198,#2199);
#2198 = CARTESIAN_POINT('',(0.,0.));
#2199 = VECTOR('',#2200,1.);
#2200 = DIRECTION('',(0.,1.));
#2201 = ( GEOMETRIC_REPRESENTATION_CONTEXT(2) 
PARAMETRIC_REPRESENTATION_CONTEXT() REPRESENTATION_CONTEXT('2D SPACE',''
  ) );
#2202 = PCURVE('',#1441,#2203);
#2203 = DEFINITIONAL_REPRESENTATION('',(#2204),#2208);
#2204 = LINE('',#2205,#2206);
#2205 = CARTESIAN_POINT('',(13.,-20.62));
#2206 = VECTOR('',#2207,1.);
#2207 = DIRECTION('',(1.,0.));
#2208 = ( GEOMETRIC_REPRESENTATION_CONTEXT(2) 
PARAMETRIC_REPRESENTATION_CONTEXT() REPRESENTATION_CONTEXT('2D SPACE',''
  ) );
#2209 = ORIENTED_EDGE('',*,*,#2210,.F.);
#2210 = EDGE_CURVE('',#2163,#2188,#2211,.T.);
#2211 = SURFACE_CURVE('',#2212,(#2217,#2228),.PCURVE_S1.);
#2212 = CIRCLE('',#2213,2.);
#2213 = AXIS2_PLACEMENT_3D('',#2214,#2215,#2216);
#2214 = CARTESIAN_POINT('',(2.,10.,-4.));
#2215 = DIRECTION('',(0.,-0.,-1.));
#2216 = DIRECTION('',(0.,1.,-0.));
#2217 = PCURVE('',#1213,#2218);
#2218 = DEFINITIONAL_REPRESENTATION('',(#2219),#2227);
#2219 = ( BOUNDED_CURVE() B_SPLINE_CURVE(2,(#2220,#2221,#2222,#2223,
#2224,#2225,#2226),.UNSPECIFIED.,.T.,.F.) B_SPLINE_CURVE_WITH_KNOTS((1,2
    ,2,2,2,1),(-2.094395102393,0.,2.094395102393,4.188790204786,
6.28318530718,8.377580409573),.UNSPECIFIED.) CURVE() 
GEOMETRIC_REPRESENTATION_ITEM() RATIONAL_B_SPLINE_CURVE((1.,0.5,1.,0.5,
1.,0.5,1.)) REPRESENTATION_ITEM('') );
#2220 = CARTESIAN_POINT('',(2.,12.));
#2221 = CARTESIAN_POINT('',(5.464101615138,12.));
#2222 = CARTESIAN_POINT('',(3.732050807569,9.));
#2223 = CARTESIAN_POINT('',(2.,6.));
#2224 = CARTESIAN_POINT('',(0.267949192431,9.));
#2225 = CARTESIAN_POINT('',(-1.464101615138,12.));
#2226 = CARTESIAN_POINT('',(2.,12.));
#2227 = ( GEOMETRIC_REPRESENTATION_CONTEXT(2) 
PARAMETRIC_REPRESENTATION_CONTEXT() REPRESENTATION_CONTEXT('2D SPACE',''
  ) );
#2228 = PCURVE('',#2229,#2234);
#2229 = CYLINDRICAL_SURFACE('',#2230,2.);
#2230 = AXIS2_PLACEMENT_3D('',#2231,#2232,#2233);
#2231 = CARTESIAN_POINT('',(2.,10.,-4.));
#2232 = DIRECTION('',(-0.,-0.,-1.));
#2233 = DIRECTION('',(0.,-1.,0.));
#2234 = DEFINITIONAL_REPRESENTATION('',(#2235),#2239);
#2235 = LINE('',#2236,#2237);
#2236 = CARTESIAN_POINT('',(-3.14159265359,0.));
#2237 = VECTOR('',#2238,1.);
#2238 = DIRECTION('',(1.,0.));
#2239 = ( GEOMETRIC_REPRESENTATION_CONTEXT(2) 
PARAMETRIC_REPRESENTATION_CONTEXT() REPRESENTATION_CONTEXT('2D SPACE',''
  ) );
#2240 = ADVANCED_FACE('',(#2241,#2244),#1152,.T.);
#2241 = FACE_BOUND('',#2242,.T.);
#2242 = EDGE_LOOP('',(#2243));
#2243 = ORIENTED_EDGE('',*,*,#1137,.T.);
#2244 = FACE_BOUND('',#2245,.T.);
#2245 = EDGE_LOOP('',(#2246));
#2246 = ORIENTED_EDGE('',*,*,#2247,.F.);
#2247 = EDGE_CURVE('',#2248,#2248,#2250,.T.);
#2248 = VERTEX_POINT('',#2249);
#2249 = CARTESIAN_POINT('',(5.2,-1.273632671113E-15,0.));
#2250 = SURFACE_CURVE('',#2251,(#2256,#2263),.PCURVE_S1.);
#2251 = CIRCLE('',#2252,5.2);
#2252 = AXIS2_PLACEMENT_3D('',#2253,#2254,#2255);
#2253 = CARTESIAN_POINT('',(0.,0.,0.));
#2254 = DIRECTION('',(0.,0.,1.));
#2255 = DIRECTION('',(1.,0.,-0.));
#2256 = PCURVE('',#1152,#2257);
#2257 = DEFINITIONAL_REPRESENTATION('',(#2258),#2262);
#2258 = CIRCLE('',#2259,5.2);
#2259 = AXIS2_PLACEMENT_2D('',#2260,#2261);
#2260 = CARTESIAN_POINT('',(0.,0.));
#2261 = DIRECTION('',(1.,0.));
#2262 = ( GEOMETRIC_REPRESENTATION_CONTEXT(2) 
PARAMETRIC_REPRESENTATION_CONTEXT() REPRESENTATION_CONTEXT('2D SPACE',''
  ) );
#2263 = PCURVE('',#2264,#2269);
#2264 = CYLINDRICAL_SURFACE('',#2265,5.2);
#2265 = AXIS2_PLACEMENT_3D('',#2266,#2267,#2268);
#2266 = CARTESIAN_POINT('',(0.,0.,-22.62));
#2267 = DIRECTION('',(0.,0.,1.));
#2268 = DIRECTION('',(1.,0.,-0.));
#2269 = DEFINITIONAL_REPRESENTATION('',(#2270),#2274);
#2270 = LINE('',#2271,#2272);
#2271 = CARTESIAN_POINT('',(0.,22.62));
#2272 = VECTOR('',#2273,1.);
#2273 = DIRECTION('',(1.,0.));
#2274 = ( GEOMETRIC_REPRESENTATION_CONTEXT(2) 
PARAMETRIC_REPRESENTATION_CONTEXT() REPRESENTATION_CONTEXT('2D SPACE',''
  ) );
#2275 = ADVANCED_FACE('',(#2276),#1345,.F.);
#2276 = FACE_BOUND('',#2277,.F.);
#2277 = EDGE_LOOP('',(#2278,#2299,#2300,#2301,#2302,#2326));
#2278 = ORIENTED_EDGE('',*,*,#2279,.F.);
#2279 = EDGE_CURVE('',#1280,#2280,#2282,.T.);
#2280 = VERTEX_POINT('',#2281);
#2281 = CARTESIAN_POINT('',(-4.440892098501E-16,10.,-9.144380660904));
#2282 = SURFACE_CURVE('',#2283,(#2287,#2293),.PCURVE_S1.);
#2283 = LINE('',#2284,#2285);
#2284 = CARTESIAN_POINT('',(0.,18.,-9.144380660904));
#2285 = VECTOR('',#2286,1.);
#2286 = DIRECTION('',(0.,-1.,2.22044604925E-16));
#2287 = PCURVE('',#1345,#2288);
#2288 = DEFINITIONAL_REPRESENTATION('',(#2289),#2292);
#2289 = B_SPLINE_CURVE_WITH_KNOTS('',1,(#2290,#2291),.UNSPECIFIED.,.F.,
  .F.,(2,2),(2.4,33.6),.PIECEWISE_BEZIER_KNOTS.);
#2290 = CARTESIAN_POINT('',(2.322684183042,2.4));
#2291 = CARTESIAN_POINT('',(2.322684183042,33.6));
#2292 = ( GEOMETRIC_REPRESENTATION_CONTEXT(2) 
PARAMETRIC_REPRESENTATION_CONTEXT() REPRESENTATION_CONTEXT('2D SPACE',''
  ) );
#2293 = PCURVE('',#1441,#2294);
#2294 = DEFINITIONAL_REPRESENTATION('',(#2295),#2298);
#2295 = B_SPLINE_CURVE_WITH_KNOTS('',1,(#2296,#2297),.UNSPECIFIED.,.F.,
  .F.,(2,2),(2.4,33.6),.PIECEWISE_BEZIER_KNOTS.);
#2296 = CARTESIAN_POINT('',(28.6,-15.47561933909));
#2297 = CARTESIAN_POINT('',(-2.6,-15.47561933909));
#2298 = ( GEOMETRIC_REPRESENTATION_CONTEXT(2) 
PARAMETRIC_REPRESENTATION_CONTEXT() REPRESENTATION_CONTEXT('2D SPACE',''
  ) );
#2299 = ORIENTED_EDGE('',*,*,#1279,.T.);
#2300 = ORIENTED_EDGE('',*,*,#1484,.T.);
#2301 = ORIENTED_EDGE('',*,*,#1565,.T.);
#2302 = ORIENTED_EDGE('',*,*,#2303,.F.);
#2303 = EDGE_CURVE('',#2304,#1566,#2306,.T.);
#2304 = VERTEX_POINT('',#2305);
#2305 = CARTESIAN_POINT('',(2.,8.,-7.451484612923));
#2306 = SURFACE_CURVE('',#2307,(#2312,#2319),.PCURVE_S1.);
#2307 = CIRCLE('',#2308,26.5);
#2308 = AXIS2_PLACEMENT_3D('',#2309,#2310,#2311);
#2309 = CARTESIAN_POINT('',(18.1,8.,-28.5));
#2310 = DIRECTION('',(-1.078247778971E-15,-1.,-8.247512436007E-16));
#2311 = DIRECTION('',(-0.607547169811,0.,0.794283599512));
#2312 = PCURVE('',#1345,#2313);
#2313 = DEFINITIONAL_REPRESENTATION('',(#2314),#2318);
#2314 = LINE('',#2315,#2316);
#2315 = CARTESIAN_POINT('',(2.223765153173,10.));
#2316 = VECTOR('',#2317,1.);
#2317 = DIRECTION('',(1.,-0.));
#2318 = ( GEOMETRIC_REPRESENTATION_CONTEXT(2) 
PARAMETRIC_REPRESENTATION_CONTEXT() REPRESENTATION_CONTEXT('2D SPACE',''
  ) );
#2319 = PCURVE('',#1603,#2320);
#2320 = DEFINITIONAL_REPRESENTATION('',(#2321),#2325);
#2321 = CIRCLE('',#2322,26.5);
#2322 = AXIS2_PLACEMENT_2D('',#2323,#2324);
#2323 = CARTESIAN_POINT('',(18.1,-14.19));
#2324 = DIRECTION('',(-0.607547169811,0.794283599512));
#2325 = ( GEOMETRIC_REPRESENTATION_CONTEXT(2) 
PARAMETRIC_REPRESENTATION_CONTEXT() REPRESENTATION_CONTEXT('2D SPACE',''
  ) );
#2326 = ORIENTED_EDGE('',*,*,#2327,.T.);
#2327 = EDGE_CURVE('',#2304,#2280,#2328,.T.);
#2328 = SURFACE_CURVE('',#2329,(#2368,#2410),.PCURVE_S1.);
#2329 = B_SPLINE_CURVE_WITH_KNOTS('',7,(#2330,#2331,#2332,#2333,#2334,
    #2335,#2336,#2337,#2338,#2339,#2340,#2341,#2342,#2343,#2344,#2345,
    #2346,#2347,#2348,#2349,#2350,#2351,#2352,#2353,#2354,#2355,#2356,
    #2357,#2358,#2359,#2360,#2361,#2362,#2363,#2364,#2365,#2366,#2367),
  .UNSPECIFIED.,.F.,.F.,(8,6,6,6,6,6,8),(0.,9.771014212818E-02,
    0.30144520166,0.493327159228,0.57188440853,0.68943161206,1.),
  .UNSPECIFIED.);
#2330 = CARTESIAN_POINT('',(2.,8.,-7.451484612923));
#2331 = CARTESIAN_POINT('',(1.955934230399,8.,-7.485190500371));
#2332 = CARTESIAN_POINT('',(1.91197637594,8.001132824082,-7.518984467266
    ));
#2333 = CARTESIAN_POINT('',(1.868158853698,8.003388216755,
    -7.552841302939));
#2334 = CARTESIAN_POINT('',(1.824512661321,8.006755338423,
    -7.586736202047));
#2335 = CARTESIAN_POINT('',(1.781067377033,8.011222765391,
    -7.620644764566));
#2336 = CARTESIAN_POINT('',(1.73785115963,8.01677848986,-7.654542995798)
  );
#2337 = CARTESIAN_POINT('',(1.60531415252,8.03723709048,-7.759017656316)
  );
#2338 = CARTESIAN_POINT('',(1.516853768191,8.055740865953,-7.82947744158
    ));
#2339 = CARTESIAN_POINT('',(1.429746556671,8.078809694894,-7.89957755106
    ));
#2340 = CARTESIAN_POINT('',(1.344211890794,8.106327685097,
    -7.969111008658));
#2341 = CARTESIAN_POINT('',(1.260453977063,8.138178531138,
    -8.037872554405));
#2342 = CARTESIAN_POINT('',(1.17866427767,8.174249441912,-8.105658225603
    ));
#2343 = CARTESIAN_POINT('',(1.024016982959,8.252282734878,
    -8.234996538418));
#2344 = CARTESIAN_POINT('',(0.950921737092,8.293777631503,
    -8.296678018922));
#2345 = CARTESIAN_POINT('',(0.879888505611,8.338831624901,
    -8.357140538841));
#2346 = CARTESIAN_POINT('',(0.811070813877,8.3873568308,-8.416206276477)
  );
#2347 = CARTESIAN_POINT('',(0.744625548049,8.43926446274,-8.473689002529
    ));
#2348 = CARTESIAN_POINT('',(0.680713101214,8.494463681015,
    -8.529394653571));
#2349 = CARTESIAN_POINT('',(0.594435612865,8.576768311543,
    -8.605118059716));
#2350 = CARTESIAN_POINT('',(0.569826197622,8.601211658868,
    -8.626782213877));
#2351 = CARTESIAN_POINT('',(0.545680820847,8.626183805791,
    -8.648100287764));
#2352 = CARTESIAN_POINT('',(0.522011271127,8.6516776916,-8.669057895359)
  );
#2353 = CARTESIAN_POINT('',(0.498829578589,8.67768587268,-8.689640344869
    ));
#2354 = CARTESIAN_POINT('',(0.476148014902,8.704200522512,
    -8.709832638725));
#2355 = CARTESIAN_POINT('',(0.420807173869,8.771633532418,
    -8.759227016165));
#2356 = CARTESIAN_POINT('',(0.388783169743,8.813169004028,-8.7879266471)
  );
#2357 = CARTESIAN_POINT('',(0.357948817323,8.855792137113,
    -8.815667334569));
#2358 = CARTESIAN_POINT('',(0.328347431317,8.899472284924,
    -8.842396250666));
#2359 = CARTESIAN_POINT('',(0.300023368849,8.944175309204,
    -8.868059425627));
#2360 = CARTESIAN_POINT('',(0.273021493594,8.989863026055,
    -8.892602402051));
#2361 = CARTESIAN_POINT('',(0.179657464365,9.159691564762,
    -8.977712156849));
#2362 = CARTESIAN_POINT('',(0.12141225324,9.289572128576,-9.031308315412
    ));
#2363 = CARTESIAN_POINT('',(7.358575327186E-02,9.425221364662,
    -9.075661503723));
#2364 = CARTESIAN_POINT('',(3.700354803246E-02,9.56553187346,
    -9.109777465127));
#2365 = CARTESIAN_POINT('',(1.232860395251E-02,9.709184919905,
    -9.132851849982));
#2366 = CARTESIAN_POINT('',(1.554312234475E-15,9.854622527049,
    -9.144380660904));
#2367 = CARTESIAN_POINT('',(1.554312234475E-15,10.,-9.144380660904));
#2368 = PCURVE('',#1345,#2369);
#2369 = DEFINITIONAL_REPRESENTATION('',(#2370),#2409);
#2370 = B_SPLINE_CURVE_WITH_KNOTS('',7,(#2371,#2372,#2373,#2374,#2375,
    #2376,#2377,#2378,#2379,#2380,#2381,#2382,#2383,#2384,#2385,#2386,
    #2387,#2388,#2389,#2390,#2391,#2392,#2393,#2394,#2395,#2396,#2397,
    #2398,#2399,#2400,#2401,#2402,#2403,#2404,#2405,#2406,#2407,#2408),
  .UNSPECIFIED.,.F.,.F.,(8,6,6,6,6,6,8),(0.,9.771014212818E-02,
    0.30144520166,0.493327159228,0.57188440853,0.68943161206,1.),
  .UNSPECIFIED.);
#2371 = CARTESIAN_POINT('',(2.223765153173,10.));
#2372 = CARTESIAN_POINT('',(2.225858686555,10.));
#2373 = CARTESIAN_POINT('',(2.227951004614,9.998867175918));
#2374 = CARTESIAN_POINT('',(2.230040573012,9.996611783245));
#2375 = CARTESIAN_POINT('',(2.232125908786,9.993244661577));
#2376 = CARTESIAN_POINT('',(2.23420558035,9.988777234609));
#2377 = CARTESIAN_POINT('',(2.236278207493,9.98322151014));
#2378 = CARTESIAN_POINT('',(2.242646629606,9.96276290952));
#2379 = CARTESIAN_POINT('',(2.246914200709,9.944259134047));
#2380 = CARTESIAN_POINT('',(2.251133398299,9.921190305106));
#2381 = CARTESIAN_POINT('',(2.255293005259,9.893672314903));
#2382 = CARTESIAN_POINT('',(2.259382276537,9.861821468862));
#2383 = CARTESIAN_POINT('',(2.263390851935,9.825750558088));
#2384 = CARTESIAN_POINT('',(2.270998551181,9.747717265122));
#2385 = CARTESIAN_POINT('',(2.274607673397,9.706222368497));
#2386 = CARTESIAN_POINT('',(2.278127679588,9.661168375099));
#2387 = CARTESIAN_POINT('',(2.281549886121,9.6126431692));
#2388 = CARTESIAN_POINT('',(2.284865289952,9.56073553726));
#2389 = CARTESIAN_POINT('',(2.28806457691,9.505536318985));
#2390 = CARTESIAN_POINT('',(2.292396455026,9.423231688457));
#2391 = CARTESIAN_POINT('',(2.293633682545,9.398788341132));
#2392 = CARTESIAN_POINT('',(2.294849137803,9.373816194209));
#2393 = CARTESIAN_POINT('',(2.296042131119,9.3483223084));
#2394 = CARTESIAN_POINT('',(2.297211957866,9.32231412732));
#2395 = CARTESIAN_POINT('',(2.298357898465,9.295799477488));
#2396 = CARTESIAN_POINT('',(2.301157077822,9.228366467582));
#2397 = CARTESIAN_POINT('',(2.302779806235,9.186830995972));
#2398 = CARTESIAN_POINT('',(2.304344954062,9.144207862887));
#2399 = CARTESIAN_POINT('',(2.305849979808,9.100527715076));
#2400 = CARTESIAN_POINT('',(2.307292281789,9.055824690796));
#2401 = CARTESIAN_POINT('',(2.308669229864,9.010136973945));
#2402 = CARTESIAN_POINT('',(2.313436585381,8.840308435238));
#2403 = CARTESIAN_POINT('',(2.316423423994,8.710427871424));
#2404 = CARTESIAN_POINT('',(2.318884802808,8.574778635337));
#2405 = CARTESIAN_POINT('',(2.320772407483,8.43446812654));
#2406 = CARTESIAN_POINT('',(2.322047231458,8.290815080095));
#2407 = CARTESIAN_POINT('',(2.322684183042,8.145377472951));
#2408 = CARTESIAN_POINT('',(2.322684183042,8.));
#2409 = ( GEOMETRIC_REPRESENTATION_CONTEXT(2) 
PARAMETRIC_REPRESENTATION_CONTEXT() REPRESENTATION_CONTEXT('2D SPACE',''
  ) );
#2410 = PCURVE('',#2229,#2411);
#2411 = DEFINITIONAL_REPRESENTATION('',(#2412),#2451);
#2412 = B_SPLINE_CURVE_WITH_KNOTS('',7,(#2413,#2414,#2415,#2416,#2417,
    #2418,#2419,#2420,#2421,#2422,#2423,#2424,#2425,#2426,#2427,#2428,
    #2429,#2430,#2431,#2432,#2433,#2434,#2435,#2436,#2437,#2438,#2439,
    #2440,#2441,#2442,#2443,#2444,#2445,#2446,#2447,#2448,#2449,#2450),
  .UNSPECIFIED.,.F.,.F.,(8,6,6,6,6,6,8),(0.,9.771014212818E-02,
    0.30144520166,0.493327159228,0.57188440853,0.68943161206,1.),
  .UNSPECIFIED.);
#2413 = CARTESIAN_POINT('',(0.,3.451484612923));
#2414 = CARTESIAN_POINT('',(2.203288480058E-02,3.485190500371));
#2415 = CARTESIAN_POINT('',(4.401181871446E-02,3.518984467266));
#2416 = CARTESIAN_POINT('',(6.593804933654E-02,3.552841302939));
#2417 = CARTESIAN_POINT('',(8.781316000621E-02,3.586736202047));
#2418 = CARTESIAN_POINT('',(0.109639069807,3.620644764566));
#2419 = CARTESIAN_POINT('',(0.131418033569,3.654542995798));
#2420 = CARTESIAN_POINT('',(0.198471394023,3.759017656316));
#2421 = CARTESIAN_POINT('',(0.243595228096,3.82947744158));
#2422 = CARTESIAN_POINT('',(0.288550804202,3.89957755106));
#2423 = CARTESIAN_POINT('',(0.333366743352,3.969111008658));
#2424 = CARTESIAN_POINT('',(0.378074558145,4.037872554405));
#2425 = CARTESIAN_POINT('',(0.422709583473,4.105658225603));
#2426 = CARTESIAN_POINT('',(0.509319312391,4.234996538418));
#2427 = CARTESIAN_POINT('',(0.551294874203,4.296678018922));
#2428 = CARTESIAN_POINT('',(0.593272682569,4.357140538841));
#2429 = CARTESIAN_POINT('',(0.635284724959,4.416206276477));
#2430 = CARTESIAN_POINT('',(0.677361916126,4.473689002529));
#2431 = CARTESIAN_POINT('',(0.719535127817,4.529394653571));
#2432 = CARTESIAN_POINT('',(0.779154456064,4.605118059716));
#2433 = CARTESIAN_POINT('',(0.796493801555,4.626782213877));
#2434 = CARTESIAN_POINT('',(0.813856242772,4.648100287764));
#2435 = CARTESIAN_POINT('',(0.831243659312,4.669057895359));
#2436 = CARTESIAN_POINT('',(0.848657822572,4.689640344869));
#2437 = CARTESIAN_POINT('',(0.866100395745,4.709832638725));
#2438 = CARTESIAN_POINT('',(0.90971753547,4.759227016165));
#2439 = CARTESIAN_POINT('',(0.935929125988,4.7879266471));
#2440 = CARTESIAN_POINT('',(0.962212919133,4.815667334569));
#2441 = CARTESIAN_POINT('',(0.988573224461,4.842396250666));
#2442 = CARTESIAN_POINT('',(1.015013388091,4.868059425627));
#2443 = CARTESIAN_POINT('',(1.041535733485,4.892602402051));
#2444 = CARTESIAN_POINT('',(1.138435907005,4.977712156849));
#2445 = CARTESIAN_POINT('',(1.209373483868,5.031308315412));
#2446 = CARTESIAN_POINT('',(1.280896006059,5.075661503723));
#2447 = CARTESIAN_POINT('',(1.352934766893,5.109777465127));
#2448 = CARTESIAN_POINT('',(1.425388828639,5.132851849982));
#2449 = CARTESIAN_POINT('',(1.498107590319,5.144380660904));
#2450 = CARTESIAN_POINT('',(1.570796326795,5.144380660904));
#2451 = ( GEOMETRIC_REPRESENTATION_CONTEXT(2) 
PARAMETRIC_REPRESENTATION_CONTEXT() REPRESENTATION_CONTEXT('2D SPACE',''
  ) );
#2452 = ADVANCED_FACE('',(#2453),#1441,.F.);
#2453 = FACE_BOUND('',#2454,.F.);
#2454 = EDGE_LOOP('',(#2455,#2456,#2457,#2458));
#2455 = ORIENTED_EDGE('',*,*,#2187,.T.);
#2456 = ORIENTED_EDGE('',*,*,#1427,.F.);
#2457 = ORIENTED_EDGE('',*,*,#2279,.T.);
#2458 = ORIENTED_EDGE('',*,*,#2459,.F.);
#2459 = EDGE_CURVE('',#2188,#2280,#2460,.T.);
#2460 = SURFACE_CURVE('',#2461,(#2465,#2472),.PCURVE_S1.);
#2461 = LINE('',#2462,#2463);
#2462 = CARTESIAN_POINT('',(-4.440892098501E-16,10.,-4.));
#2463 = VECTOR('',#2464,1.);
#2464 = DIRECTION('',(-0.,-0.,-1.));
#2465 = PCURVE('',#1441,#2466);
#2466 = DEFINITIONAL_REPRESENTATION('',(#2467),#2471);
#2467 = LINE('',#2468,#2469);
#2468 = CARTESIAN_POINT('',(23.,-20.62));
#2469 = VECTOR('',#2470,1.);
#2470 = DIRECTION('',(-0.,1.));
#2471 = ( GEOMETRIC_REPRESENTATION_CONTEXT(2) 
PARAMETRIC_REPRESENTATION_CONTEXT() REPRESENTATION_CONTEXT('2D SPACE',''
  ) );
#2472 = PCURVE('',#2229,#2473);
#2473 = DEFINITIONAL_REPRESENTATION('',(#2474),#2478);
#2474 = LINE('',#2475,#2476);
#2475 = CARTESIAN_POINT('',(1.570796326795,0.));
#2476 = VECTOR('',#2477,1.);
#2477 = DIRECTION('',(0.,1.));
#2478 = ( GEOMETRIC_REPRESENTATION_CONTEXT(2) 
PARAMETRIC_REPRESENTATION_CONTEXT() REPRESENTATION_CONTEXT('2D SPACE',''
  ) );
#2479 = ADVANCED_FACE('',(#2480,#2608),#1603,.F.);
#2480 = FACE_BOUND('',#2481,.F.);
#2481 = EDGE_LOOP('',(#2482,#2483,#2504,#2505,#2506,#2529,#2558,#2586,
    #2607));
#2482 = ORIENTED_EDGE('',*,*,#2162,.F.);
#2483 = ORIENTED_EDGE('',*,*,#2484,.T.);
#2484 = EDGE_CURVE('',#2163,#2304,#2485,.T.);
#2485 = SURFACE_CURVE('',#2486,(#2490,#2497),.PCURVE_S1.);
#2486 = LINE('',#2487,#2488);
#2487 = CARTESIAN_POINT('',(2.,8.,-4.));
#2488 = VECTOR('',#2489,1.);
#2489 = DIRECTION('',(-0.,-0.,-1.));
#2490 = PCURVE('',#1603,#2491);
#2491 = DEFINITIONAL_REPRESENTATION('',(#2492),#2496);
#2492 = LINE('',#2493,#2494);
#2493 = CARTESIAN_POINT('',(2.,10.31));
#2494 = VECTOR('',#2495,1.);
#2495 = DIRECTION('',(-0.,-1.));
#2496 = ( GEOMETRIC_REPRESENTATION_CONTEXT(2) 
PARAMETRIC_REPRESENTATION_CONTEXT() REPRESENTATION_CONTEXT('2D SPACE',''
  ) );
#2497 = PCURVE('',#2229,#2498);
#2498 = DEFINITIONAL_REPRESENTATION('',(#2499),#2503);
#2499 = LINE('',#2500,#2501);
#2500 = CARTESIAN_POINT('',(0.,0.));
#2501 = VECTOR('',#2502,1.);
#2502 = DIRECTION('',(0.,1.));
#2503 = ( GEOMETRIC_REPRESENTATION_CONTEXT(2) 
PARAMETRIC_REPRESENTATION_CONTEXT() REPRESENTATION_CONTEXT('2D SPACE',''
  ) );
#2504 = ORIENTED_EDGE('',*,*,#2303,.T.);
#2505 = ORIENTED_EDGE('',*,*,#1587,.T.);
#2506 = ORIENTED_EDGE('',*,*,#2507,.T.);
#2507 = EDGE_CURVE('',#1588,#2508,#2510,.T.);
#2508 = VERTEX_POINT('',#2509);
#2509 = CARTESIAN_POINT('',(10.089941977086,8.,-32.60353146321));
#2510 = SURFACE_CURVE('',#2511,(#2515,#2522),.PCURVE_S1.);
#2511 = LINE('',#2512,#2513);
#2512 = CARTESIAN_POINT('',(6.,8.,-24.62));
#2513 = VECTOR('',#2514,1.);
#2514 = DIRECTION('',(0.455947940357,0.,-0.89000644699));
#2515 = PCURVE('',#1603,#2516);
#2516 = DEFINITIONAL_REPRESENTATION('',(#2517),#2521);
#2517 = LINE('',#2518,#2519);
#2518 = CARTESIAN_POINT('',(6.,-10.31));
#2519 = VECTOR('',#2520,1.);
#2520 = DIRECTION('',(0.455947940357,-0.89000644699));
#2521 = ( GEOMETRIC_REPRESENTATION_CONTEXT(2) 
PARAMETRIC_REPRESENTATION_CONTEXT() REPRESENTATION_CONTEXT('2D SPACE',''
  ) );
#2522 = PCURVE('',#1631,#2523);
#2523 = DEFINITIONAL_REPRESENTATION('',(#2524),#2528);
#2524 = LINE('',#2525,#2526);
#2525 = CARTESIAN_POINT('',(0.,-8.));
#2526 = VECTOR('',#2527,1.);
#2527 = DIRECTION('',(1.,0.));
#2528 = ( GEOMETRIC_REPRESENTATION_CONTEXT(2) 
PARAMETRIC_REPRESENTATION_CONTEXT() REPRESENTATION_CONTEXT('2D SPACE',''
  ) );
#2529 = ORIENTED_EDGE('',*,*,#2530,.T.);
#2530 = EDGE_CURVE('',#2508,#2531,#2533,.T.);
#2531 = VERTEX_POINT('',#2532);
#2532 = CARTESIAN_POINT('',(24.053703869386,8.,-21.75067334946));
#2533 = SURFACE_CURVE('',#2534,(#2539,#2546),.PCURVE_S1.);
#2534 = CIRCLE('',#2535,9.);
#2535 = AXIS2_PLACEMENT_3D('',#2536,#2537,#2538);
#2536 = CARTESIAN_POINT('',(18.1,8.,-28.5));
#2537 = DIRECTION('',(0.,-1.,0.));
#2538 = DIRECTION('',(-0.89000644699,-0.,-0.455947940357));
#2539 = PCURVE('',#1603,#2540);
#2540 = DEFINITIONAL_REPRESENTATION('',(#2541),#2545);
#2541 = CIRCLE('',#2542,9.);
#2542 = AXIS2_PLACEMENT_2D('',#2543,#2544);
#2543 = CARTESIAN_POINT('',(18.1,-14.19));
#2544 = DIRECTION('',(-0.89000644699,-0.455947940357));
#2545 = ( GEOMETRIC_REPRESENTATION_CONTEXT(2) 
PARAMETRIC_REPRESENTATION_CONTEXT() REPRESENTATION_CONTEXT('2D SPACE',''
  ) );
#2546 = PCURVE('',#2547,#2552);
#2547 = CYLINDRICAL_SURFACE('',#2548,9.);
#2548 = AXIS2_PLACEMENT_3D('',#2549,#2550,#2551);
#2549 = CARTESIAN_POINT('',(18.1,0.,-28.5));
#2550 = DIRECTION('',(0.,-1.,0.));
#2551 = DIRECTION('',(-0.89000644699,-0.,-0.455947940357));
#2552 = DEFINITIONAL_REPRESENTATION('',(#2553),#2557);
#2553 = LINE('',#2554,#2555);
#2554 = CARTESIAN_POINT('',(0.,-8.));
#2555 = VECTOR('',#2556,1.);
#2556 = DIRECTION('',(1.,0.));
#2557 = ( GEOMETRIC_REPRESENTATION_CONTEXT(2) 
PARAMETRIC_REPRESENTATION_CONTEXT() REPRESENTATION_CONTEXT('2D SPACE',''
  ) );
#2558 = ORIENTED_EDGE('',*,*,#2559,.F.);
#2559 = EDGE_CURVE('',#2560,#2531,#2562,.T.);
#2560 = VERTEX_POINT('',#2561);
#2561 = CARTESIAN_POINT('',(11.,8.,-10.23576360201));
#2562 = SURFACE_CURVE('',#2563,(#2567,#2574),.PCURVE_S1.);
#2563 = LINE('',#2564,#2565);
#2564 = CARTESIAN_POINT('',(11.,8.,-10.23576360201));
#2565 = VECTOR('',#2566,1.);
#2566 = DIRECTION('',(0.749925183393,0.,-0.661522652154));
#2567 = PCURVE('',#1603,#2568);
#2568 = DEFINITIONAL_REPRESENTATION('',(#2569),#2573);
#2569 = LINE('',#2570,#2571);
#2570 = CARTESIAN_POINT('',(11.,4.074236397986));
#2571 = VECTOR('',#2572,1.);
#2572 = DIRECTION('',(0.749925183393,-0.661522652154));
#2573 = ( GEOMETRIC_REPRESENTATION_CONTEXT(2) 
PARAMETRIC_REPRESENTATION_CONTEXT() REPRESENTATION_CONTEXT('2D SPACE',''
  ) );
#2574 = PCURVE('',#2575,#2580);
#2575 = PLANE('',#2576);
#2576 = AXIS2_PLACEMENT_3D('',#2577,#2578,#2579);
#2577 = CARTESIAN_POINT('',(24.053703869386,0.,-21.75067334946));
#2578 = DIRECTION('',(0.661522652154,0.,0.749925183393));
#2579 = DIRECTION('',(-0.749925183393,0.,0.661522652154));
#2580 = DEFINITIONAL_REPRESENTATION('',(#2581),#2585);
#2581 = LINE('',#2582,#2583);
#2582 = CARTESIAN_POINT('',(17.406674903654,-8.));
#2583 = VECTOR('',#2584,1.);
#2584 = DIRECTION('',(-1.,0.));
#2585 = ( GEOMETRIC_REPRESENTATION_CONTEXT(2) 
PARAMETRIC_REPRESENTATION_CONTEXT() REPRESENTATION_CONTEXT('2D SPACE',''
  ) );
#2586 = ORIENTED_EDGE('',*,*,#2587,.T.);
#2587 = EDGE_CURVE('',#2560,#2025,#2588,.T.);
#2588 = SURFACE_CURVE('',#2589,(#2593,#2600),.PCURVE_S1.);
#2589 = LINE('',#2590,#2591);
#2590 = CARTESIAN_POINT('',(11.,8.,-12.));
#2591 = VECTOR('',#2592,1.);
#2592 = DIRECTION('',(0.,0.,1.));
#2593 = PCURVE('',#1603,#2594);
#2594 = DEFINITIONAL_REPRESENTATION('',(#2595),#2599);
#2595 = LINE('',#2596,#2597);
#2596 = CARTESIAN_POINT('',(11.,2.31));
#2597 = VECTOR('',#2598,1.);
#2598 = DIRECTION('',(0.,1.));
#2599 = ( GEOMETRIC_REPRESENTATION_CONTEXT(2) 
PARAMETRIC_REPRESENTATION_CONTEXT() REPRESENTATION_CONTEXT('2D SPACE',''
  ) );
#2600 = PCURVE('',#2064,#2601);
#2601 = DEFINITIONAL_REPRESENTATION('',(#2602),#2606);
#2602 = LINE('',#2603,#2604);
#2603 = CARTESIAN_POINT('',(-0.,0.));
#2604 = VECTOR('',#2605,1.);
#2605 = DIRECTION('',(-0.,1.));
#2606 = ( GEOMETRIC_REPRESENTATION_CONTEXT(2) 
PARAMETRIC_REPRESENTATION_CONTEXT() REPRESENTATION_CONTEXT('2D SPACE',''
  ) );
#2607 = ORIENTED_EDGE('',*,*,#2024,.F.);
#2608 = FACE_BOUND('',#2609,.F.);
#2609 = EDGE_LOOP('',(#2610));
#2610 = ORIENTED_EDGE('',*,*,#2611,.F.);
#2611 = EDGE_CURVE('',#2612,#2612,#2614,.T.);
#2612 = VERTEX_POINT('',#2613);
#2613 = CARTESIAN_POINT('',(22.1,8.,-28.5));
#2614 = SURFACE_CURVE('',#2615,(#2620,#2627),.PCURVE_S1.);
#2615 = CIRCLE('',#2616,4.);
#2616 = AXIS2_PLACEMENT_3D('',#2617,#2618,#2619);
#2617 = CARTESIAN_POINT('',(18.1,8.,-28.5));
#2618 = DIRECTION('',(0.,-1.,2.22044604925E-16));
#2619 = DIRECTION('',(1.,0.,0.));
#2620 = PCURVE('',#1603,#2621);
#2621 = DEFINITIONAL_REPRESENTATION('',(#2622),#2626);
#2622 = CIRCLE('',#2623,4.);
#2623 = AXIS2_PLACEMENT_2D('',#2624,#2625);
#2624 = CARTESIAN_POINT('',(18.1,-14.19));
#2625 = DIRECTION('',(1.,0.));
#2626 = ( GEOMETRIC_REPRESENTATION_CONTEXT(2) 
PARAMETRIC_REPRESENTATION_CONTEXT() REPRESENTATION_CONTEXT('2D SPACE',''
  ) );
#2627 = PCURVE('',#2628,#2633);
#2628 = CYLINDRICAL_SURFACE('',#2629,4.);
#2629 = AXIS2_PLACEMENT_3D('',#2630,#2631,#2632);
#2630 = CARTESIAN_POINT('',(18.1,20.,-28.5));
#2631 = DIRECTION('',(0.,-1.,2.22044604925E-16));
#2632 = DIRECTION('',(1.,0.,0.));
#2633 = DEFINITIONAL_REPRESENTATION('',(#2634),#2638);
#2634 = LINE('',#2635,#2636);
#2635 = CARTESIAN_POINT('',(0.,12.));
#2636 = VECTOR('',#2637,1.);
#2637 = DIRECTION('',(1.,0.));
#2638 = ( GEOMETRIC_REPRESENTATION_CONTEXT(2) 
PARAMETRIC_REPRESENTATION_CONTEXT() REPRESENTATION_CONTEXT('2D SPACE',''
  ) );
#2639 = ADVANCED_FACE('',(#2640),#1631,.T.);
#2640 = FACE_BOUND('',#2641,.T.);
#2641 = EDGE_LOOP('',(#2642,#2643,#2644,#2667));
#2642 = ORIENTED_EDGE('',*,*,#1615,.F.);
#2643 = ORIENTED_EDGE('',*,*,#2507,.T.);
#2644 = ORIENTED_EDGE('',*,*,#2645,.T.);
#2645 = EDGE_CURVE('',#2508,#2646,#2648,.T.);
#2646 = VERTEX_POINT('',#2647);
#2647 = CARTESIAN_POINT('',(10.089941977086,-8.,-32.60353146321));
#2648 = SURFACE_CURVE('',#2649,(#2653,#2660),.PCURVE_S1.);
#2649 = LINE('',#2650,#2651);
#2650 = CARTESIAN_POINT('',(10.089941977086,8.,-32.60353146321));
#2651 = VECTOR('',#2652,1.);
#2652 = DIRECTION('',(0.,-1.,0.));
#2653 = PCURVE('',#1631,#2654);
#2654 = DEFINITIONAL_REPRESENTATION('',(#2655),#2659);
#2655 = LINE('',#2656,#2657);
#2656 = CARTESIAN_POINT('',(8.970195092639,-8.));
#2657 = VECTOR('',#2658,1.);
#2658 = DIRECTION('',(0.,1.));
#2659 = ( GEOMETRIC_REPRESENTATION_CONTEXT(2) 
PARAMETRIC_REPRESENTATION_CONTEXT() REPRESENTATION_CONTEXT('2D SPACE',''
  ) );
#2660 = PCURVE('',#2547,#2661);
#2661 = DEFINITIONAL_REPRESENTATION('',(#2662),#2666);
#2662 = LINE('',#2663,#2664);
#2663 = CARTESIAN_POINT('',(0.,-8.));
#2664 = VECTOR('',#2665,1.);
#2665 = DIRECTION('',(-0.,1.));
#2666 = ( GEOMETRIC_REPRESENTATION_CONTEXT(2) 
PARAMETRIC_REPRESENTATION_CONTEXT() REPRESENTATION_CONTEXT('2D SPACE',''
  ) );
#2667 = ORIENTED_EDGE('',*,*,#2668,.F.);
#2668 = EDGE_CURVE('',#1616,#2646,#2669,.T.);
#2669 = SURFACE_CURVE('',#2670,(#2674,#2681),.PCURVE_S1.);
#2670 = LINE('',#2671,#2672);
#2671 = CARTESIAN_POINT('',(6.,-8.,-24.62));
#2672 = VECTOR('',#2673,1.);
#2673 = DIRECTION('',(0.455947940357,0.,-0.89000644699));
#2674 = PCURVE('',#1631,#2675);
#2675 = DEFINITIONAL_REPRESENTATION('',(#2676),#2680);
#2676 = LINE('',#2677,#2678);
#2677 = CARTESIAN_POINT('',(0.,8.));
#2678 = VECTOR('',#2679,1.);
#2679 = DIRECTION('',(1.,0.));
#2680 = ( GEOMETRIC_REPRESENTATION_CONTEXT(2) 
PARAMETRIC_REPRESENTATION_CONTEXT() REPRESENTATION_CONTEXT('2D SPACE',''
  ) );
#2681 = PCURVE('',#1659,#2682);
#2682 = DEFINITIONAL_REPRESENTATION('',(#2683),#2687);
#2683 = LINE('',#2684,#2685);
#2684 = CARTESIAN_POINT('',(6.,-10.31));
#2685 = VECTOR('',#2686,1.);
#2686 = DIRECTION('',(0.455947940357,-0.89000644699));
#2687 = ( GEOMETRIC_REPRESENTATION_CONTEXT(2) 
PARAMETRIC_REPRESENTATION_CONTEXT() REPRESENTATION_CONTEXT('2D SPACE',''
  ) );
#2688 = ADVANCED_FACE('',(#2689,#2785),#1659,.T.);
#2689 = FACE_BOUND('',#2690,.T.);
#2690 = EDGE_LOOP('',(#2691,#2692,#2713,#2714,#2715,#2716,#2740,#2763,
    #2784));
#2691 = ORIENTED_EDGE('',*,*,#1969,.F.);
#2692 = ORIENTED_EDGE('',*,*,#2693,.T.);
#2693 = EDGE_CURVE('',#1970,#1755,#2694,.T.);
#2694 = SURFACE_CURVE('',#2695,(#2699,#2706),.PCURVE_S1.);
#2695 = LINE('',#2696,#2697);
#2696 = CARTESIAN_POINT('',(2.,-8.,-4.));
#2697 = VECTOR('',#2698,1.);
#2698 = DIRECTION('',(-0.,-0.,-1.));
#2699 = PCURVE('',#1659,#2700);
#2700 = DEFINITIONAL_REPRESENTATION('',(#2701),#2705);
#2701 = LINE('',#2702,#2703);
#2702 = CARTESIAN_POINT('',(2.,10.31));
#2703 = VECTOR('',#2704,1.);
#2704 = DIRECTION('',(-0.,-1.));
#2705 = ( GEOMETRIC_REPRESENTATION_CONTEXT(2) 
PARAMETRIC_REPRESENTATION_CONTEXT() REPRESENTATION_CONTEXT('2D SPACE',''
  ) );
#2706 = PCURVE('',#1840,#2707);
#2707 = DEFINITIONAL_REPRESENTATION('',(#2708),#2712);
#2708 = LINE('',#2709,#2710);
#2709 = CARTESIAN_POINT('',(1.570796326795,0.));
#2710 = VECTOR('',#2711,1.);
#2711 = DIRECTION('',(0.,1.));
#2712 = ( GEOMETRIC_REPRESENTATION_CONTEXT(2) 
PARAMETRIC_REPRESENTATION_CONTEXT() REPRESENTATION_CONTEXT('2D SPACE',''
  ) );
#2713 = ORIENTED_EDGE('',*,*,#1887,.F.);
#2714 = ORIENTED_EDGE('',*,*,#1643,.T.);
#2715 = ORIENTED_EDGE('',*,*,#2668,.T.);
#2716 = ORIENTED_EDGE('',*,*,#2717,.T.);
#2717 = EDGE_CURVE('',#2646,#2718,#2720,.T.);
#2718 = VERTEX_POINT('',#2719);
#2719 = CARTESIAN_POINT('',(24.053703869386,-8.,-21.75067334946));
#2720 = SURFACE_CURVE('',#2721,(#2726,#2733),.PCURVE_S1.);
#2721 = CIRCLE('',#2722,9.);
#2722 = AXIS2_PLACEMENT_3D('',#2723,#2724,#2725);
#2723 = CARTESIAN_POINT('',(18.1,-8.,-28.5));
#2724 = DIRECTION('',(0.,-1.,0.));
#2725 = DIRECTION('',(-0.89000644699,-0.,-0.455947940357));
#2726 = PCURVE('',#1659,#2727);
#2727 = DEFINITIONAL_REPRESENTATION('',(#2728),#2732);
#2728 = CIRCLE('',#2729,9.);
#2729 = AXIS2_PLACEMENT_2D('',#2730,#2731);
#2730 = CARTESIAN_POINT('',(18.1,-14.19));
#2731 = DIRECTION('',(-0.89000644699,-0.455947940357));
#2732 = ( GEOMETRIC_REPRESENTATION_CONTEXT(2) 
PARAMETRIC_REPRESENTATION_CONTEXT() REPRESENTATION_CONTEXT('2D SPACE',''
  ) );
#2733 = PCURVE('',#2547,#2734);
#2734 = DEFINITIONAL_REPRESENTATION('',(#2735),#2739);
#2735 = LINE('',#2736,#2737);
#2736 = CARTESIAN_POINT('',(-0.,8.));
#2737 = VECTOR('',#2738,1.);
#2738 = DIRECTION('',(1.,-0.));
#2739 = ( GEOMETRIC_REPRESENTATION_CONTEXT(2) 
PARAMETRIC_REPRESENTATION_CONTEXT() REPRESENTATION_CONTEXT('2D SPACE',''
  ) );
#2740 = ORIENTED_EDGE('',*,*,#2741,.T.);
#2741 = EDGE_CURVE('',#2718,#2742,#2744,.T.);
#2742 = VERTEX_POINT('',#2743);
#2743 = CARTESIAN_POINT('',(11.,-8.,-10.23576360201));
#2744 = SURFACE_CURVE('',#2745,(#2749,#2756),.PCURVE_S1.);
#2745 = LINE('',#2746,#2747);
#2746 = CARTESIAN_POINT('',(24.053703869386,-8.,-21.75067334946));
#2747 = VECTOR('',#2748,1.);
#2748 = DIRECTION('',(-0.749925183393,0.,0.661522652154));
#2749 = PCURVE('',#1659,#2750);
#2750 = DEFINITIONAL_REPRESENTATION('',(#2751),#2755);
#2751 = LINE('',#2752,#2753);
#2752 = CARTESIAN_POINT('',(24.053703869386,-7.440673349462));
#2753 = VECTOR('',#2754,1.);
#2754 = DIRECTION('',(-0.749925183393,0.661522652154));
#2755 = ( GEOMETRIC_REPRESENTATION_CONTEXT(2) 
PARAMETRIC_REPRESENTATION_CONTEXT() REPRESENTATION_CONTEXT('2D SPACE',''
  ) );
#2756 = PCURVE('',#2575,#2757);
#2757 = DEFINITIONAL_REPRESENTATION('',(#2758),#2762);
#2758 = LINE('',#2759,#2760);
#2759 = CARTESIAN_POINT('',(0.,8.));
#2760 = VECTOR('',#2761,1.);
#2761 = DIRECTION('',(1.,0.));
#2762 = ( GEOMETRIC_REPRESENTATION_CONTEXT(2) 
PARAMETRIC_REPRESENTATION_CONTEXT() REPRESENTATION_CONTEXT('2D SPACE',''
  ) );
#2763 = ORIENTED_EDGE('',*,*,#2764,.T.);
#2764 = EDGE_CURVE('',#2742,#2105,#2765,.T.);
#2765 = SURFACE_CURVE('',#2766,(#2770,#2777),.PCURVE_S1.);
#2766 = LINE('',#2767,#2768);
#2767 = CARTESIAN_POINT('',(11.,-8.,-12.));
#2768 = VECTOR('',#2769,1.);
#2769 = DIRECTION('',(0.,0.,1.));
#2770 = PCURVE('',#1659,#2771);
#2771 = DEFINITIONAL_REPRESENTATION('',(#2772),#2776);
#2772 = LINE('',#2773,#2774);
#2773 = CARTESIAN_POINT('',(11.,2.31));
#2774 = VECTOR('',#2775,1.);
#2775 = DIRECTION('',(0.,1.));
#2776 = ( GEOMETRIC_REPRESENTATION_CONTEXT(2) 
PARAMETRIC_REPRESENTATION_CONTEXT() REPRESENTATION_CONTEXT('2D SPACE',''
  ) );
#2777 = PCURVE('',#2125,#2778);
#2778 = DEFINITIONAL_REPRESENTATION('',(#2779),#2783);
#2779 = LINE('',#2780,#2781);
#2780 = CARTESIAN_POINT('',(0.,0.));
#2781 = VECTOR('',#2782,1.);
#2782 = DIRECTION('',(0.,1.));
#2783 = ( GEOMETRIC_REPRESENTATION_CONTEXT(2) 
PARAMETRIC_REPRESENTATION_CONTEXT() REPRESENTATION_CONTEXT('2D SPACE',''
  ) );
#2784 = ORIENTED_EDGE('',*,*,#2137,.F.);
#2785 = FACE_BOUND('',#2786,.T.);
#2786 = EDGE_LOOP('',(#2787));
#2787 = ORIENTED_EDGE('',*,*,#2788,.F.);
#2788 = EDGE_CURVE('',#2789,#2789,#2791,.T.);
#2789 = VERTEX_POINT('',#2790);
#2790 = CARTESIAN_POINT('',(22.1,-8.,-28.5));
#2791 = SURFACE_CURVE('',#2792,(#2797,#2804),.PCURVE_S1.);
#2792 = CIRCLE('',#2793,4.);
#2793 = AXIS2_PLACEMENT_3D('',#2794,#2795,#2796);
#2794 = CARTESIAN_POINT('',(18.1,-8.,-28.5));
#2795 = DIRECTION('',(0.,-1.,2.22044604925E-16));
#2796 = DIRECTION('',(1.,0.,0.));
#2797 = PCURVE('',#1659,#2798);
#2798 = DEFINITIONAL_REPRESENTATION('',(#2799),#2803);
#2799 = CIRCLE('',#2800,4.);
#2800 = AXIS2_PLACEMENT_2D('',#2801,#2802);
#2801 = CARTESIAN_POINT('',(18.1,-14.19));
#2802 = DIRECTION('',(1.,0.));
#2803 = ( GEOMETRIC_REPRESENTATION_CONTEXT(2) 
PARAMETRIC_REPRESENTATION_CONTEXT() REPRESENTATION_CONTEXT('2D SPACE',''
  ) );
#2804 = PCURVE('',#2805,#2810);
#2805 = CYLINDRICAL_SURFACE('',#2806,4.);
#2806 = AXIS2_PLACEMENT_3D('',#2807,#2808,#2809);
#2807 = CARTESIAN_POINT('',(18.1,20.,-28.5));
#2808 = DIRECTION('',(0.,-1.,2.22044604925E-16));
#2809 = DIRECTION('',(1.,0.,0.));
#2810 = DEFINITIONAL_REPRESENTATION('',(#2811),#2815);
#2811 = LINE('',#2812,#2813);
#2812 = CARTESIAN_POINT('',(0.,28.));
#2813 = VECTOR('',#2814,1.);
#2814 = DIRECTION('',(1.,0.));
#2815 = ( GEOMETRIC_REPRESENTATION_CONTEXT(2) 
PARAMETRIC_REPRESENTATION_CONTEXT() REPRESENTATION_CONTEXT('2D SPACE',''
  ) );
#2816 = ADVANCED_FACE('',(#2817),#1718,.F.);
#2817 = FACE_BOUND('',#2818,.F.);
#2818 = EDGE_LOOP('',(#2819,#2848,#2869,#2870));
#2819 = ORIENTED_EDGE('',*,*,#2820,.F.);
#2820 = EDGE_CURVE('',#2821,#2821,#2823,.T.);
#2821 = VERTEX_POINT('',#2822);
#2822 = CARTESIAN_POINT('',(2.75,-6.73555739531E-16,-22.62));
#2823 = SURFACE_CURVE('',#2824,(#2829,#2836),.PCURVE_S1.);
#2824 = CIRCLE('',#2825,2.75);
#2825 = AXIS2_PLACEMENT_3D('',#2826,#2827,#2828);
#2826 = CARTESIAN_POINT('',(0.,0.,-22.62));
#2827 = DIRECTION('',(0.,0.,1.));
#2828 = DIRECTION('',(1.,0.,-0.));
#2829 = PCURVE('',#1718,#2830);
#2830 = DEFINITIONAL_REPRESENTATION('',(#2831),#2835);
#2831 = LINE('',#2832,#2833);
#2832 = CARTESIAN_POINT('',(0.,3.));
#2833 = VECTOR('',#2834,1.);
#2834 = DIRECTION('',(1.,0.));
#2835 = ( GEOMETRIC_REPRESENTATION_CONTEXT(2) 
PARAMETRIC_REPRESENTATION_CONTEXT() REPRESENTATION_CONTEXT('2D SPACE',''
  ) );
#2836 = PCURVE('',#2837,#2842);
#2837 = PLANE('',#2838);
#2838 = AXIS2_PLACEMENT_3D('',#2839,#2840,#2841);
#2839 = CARTESIAN_POINT('',(0.,0.,-22.62));
#2840 = DIRECTION('',(0.,0.,1.));
#2841 = DIRECTION('',(1.,0.,-0.));
#2842 = DEFINITIONAL_REPRESENTATION('',(#2843),#2847);
#2843 = CIRCLE('',#2844,2.75);
#2844 = AXIS2_PLACEMENT_2D('',#2845,#2846);
#2845 = CARTESIAN_POINT('',(0.,0.));
#2846 = DIRECTION('',(1.,0.));
#2847 = ( GEOMETRIC_REPRESENTATION_CONTEXT(2) 
PARAMETRIC_REPRESENTATION_CONTEXT() REPRESENTATION_CONTEXT('2D SPACE',''
  ) );
#2848 = ORIENTED_EDGE('',*,*,#2849,.F.);
#2849 = EDGE_CURVE('',#1698,#2821,#2850,.T.);
#2850 = SEAM_CURVE('',#2851,(#2855,#2862),.PCURVE_S1.);
#2851 = LINE('',#2852,#2853);
#2852 = CARTESIAN_POINT('',(2.75,-6.73555739531E-16,-25.62));
#2853 = VECTOR('',#2854,1.);
#2854 = DIRECTION('',(0.,0.,1.));
#2855 = PCURVE('',#1718,#2856);
#2856 = DEFINITIONAL_REPRESENTATION('',(#2857),#2861);
#2857 = LINE('',#2858,#2859);
#2858 = CARTESIAN_POINT('',(6.28318530718,-0.));
#2859 = VECTOR('',#2860,1.);
#2860 = DIRECTION('',(0.,1.));
#2861 = ( GEOMETRIC_REPRESENTATION_CONTEXT(2) 
PARAMETRIC_REPRESENTATION_CONTEXT() REPRESENTATION_CONTEXT('2D SPACE',''
  ) );
#2862 = PCURVE('',#1718,#2863);
#2863 = DEFINITIONAL_REPRESENTATION('',(#2864),#2868);
#2864 = LINE('',#2865,#2866);
#2865 = CARTESIAN_POINT('',(0.,-0.));
#2866 = VECTOR('',#2867,1.);
#2867 = DIRECTION('',(0.,1.));
#2868 = ( GEOMETRIC_REPRESENTATION_CONTEXT(2) 
PARAMETRIC_REPRESENTATION_CONTEXT() REPRESENTATION_CONTEXT('2D SPACE',''
  ) );
#2869 = ORIENTED_EDGE('',*,*,#1697,.T.);
#2870 = ORIENTED_EDGE('',*,*,#2849,.T.);
#2871 = ADVANCED_FACE('',(#2872),#1840,.F.);
#2872 = FACE_BOUND('',#2873,.F.);
#2873 = EDGE_LOOP('',(#2874,#2875,#2876,#2877));
#2874 = ORIENTED_EDGE('',*,*,#1992,.T.);
#2875 = ORIENTED_EDGE('',*,*,#2693,.T.);
#2876 = ORIENTED_EDGE('',*,*,#1754,.F.);
#2877 = ORIENTED_EDGE('',*,*,#1942,.F.);
#2878 = ADVANCED_FACE('',(#2879),#2125,.T.);
#2879 = FACE_BOUND('',#2880,.T.);
#2880 = EDGE_LOOP('',(#2881,#2908,#2929,#2930));
#2881 = ORIENTED_EDGE('',*,*,#2882,.T.);
#2882 = EDGE_CURVE('',#2742,#2883,#2885,.T.);
#2883 = VERTEX_POINT('',#2884);
#2884 = CARTESIAN_POINT('',(13.,-6.,-12.));
#2885 = SURFACE_CURVE('',#2886,(#2891,#2901),.PCURVE_S1.);
#2886 = ELLIPSE('',#2887,2.666932707808,2.);
#2887 = AXIS2_PLACEMENT_3D('',#2888,#2889,#2890);
#2888 = CARTESIAN_POINT('',(11.,-6.,-10.23576360201));
#2889 = DIRECTION('',(0.661522652154,0.,0.749925183393));
#2890 = DIRECTION('',(-0.749925183393,0.,0.661522652154));
#2891 = PCURVE('',#2125,#2892);
#2892 = DEFINITIONAL_REPRESENTATION('',(#2893),#2900);
#2893 = B_SPLINE_CURVE_WITH_KNOTS('',5,(#2894,#2895,#2896,#2897,#2898,
    #2899),.UNSPECIFIED.,.F.,.F.,(6,6),(1.570796326795,3.14159265359),
  .PIECEWISE_BEZIER_KNOTS.);
#2894 = CARTESIAN_POINT('',(1.110223024625E-16,1.764236397986));
#2895 = CARTESIAN_POINT('',(0.314159265359,1.209985187275));
#2896 = CARTESIAN_POINT('',(0.62831555039,0.65524626835));
#2897 = CARTESIAN_POINT('',(0.94249149906,0.217027724667));
#2898 = CARTESIAN_POINT('',(1.256637061436,1.249000902703E-15));
#2899 = CARTESIAN_POINT('',(1.570796326795,0.));
#2900 = ( GEOMETRIC_REPRESENTATION_CONTEXT(2) 
PARAMETRIC_REPRESENTATION_CONTEXT() REPRESENTATION_CONTEXT('2D SPACE',''
  ) );
#2901 = PCURVE('',#2575,#2902);
#2902 = DEFINITIONAL_REPRESENTATION('',(#2903),#2907);
#2903 = ELLIPSE('',#2904,2.666932707808,2.);
#2904 = AXIS2_PLACEMENT_2D('',#2905,#2906);
#2905 = CARTESIAN_POINT('',(17.406674903654,6.));
#2906 = DIRECTION('',(1.,0.));
#2907 = ( GEOMETRIC_REPRESENTATION_CONTEXT(2) 
PARAMETRIC_REPRESENTATION_CONTEXT() REPRESENTATION_CONTEXT('2D SPACE',''
  ) );
#2908 = ORIENTED_EDGE('',*,*,#2909,.T.);
#2909 = EDGE_CURVE('',#2883,#2077,#2910,.T.);
#2910 = SURFACE_CURVE('',#2911,(#2915,#2922),.PCURVE_S1.);
#2911 = LINE('',#2912,#2913);
#2912 = CARTESIAN_POINT('',(13.,-6.,-12.));
#2913 = VECTOR('',#2914,1.);
#2914 = DIRECTION('',(0.,0.,1.));
#2915 = PCURVE('',#2125,#2916);
#2916 = DEFINITIONAL_REPRESENTATION('',(#2917),#2921);
#2917 = LINE('',#2918,#2919);
#2918 = CARTESIAN_POINT('',(1.570796326795,0.));
#2919 = VECTOR('',#2920,1.);
#2920 = DIRECTION('',(0.,1.));
#2921 = ( GEOMETRIC_REPRESENTATION_CONTEXT(2) 
PARAMETRIC_REPRESENTATION_CONTEXT() REPRESENTATION_CONTEXT('2D SPACE',''
  ) );
#2922 = PCURVE('',#2092,#2923);
#2923 = DEFINITIONAL_REPRESENTATION('',(#2924),#2928);
#2924 = LINE('',#2925,#2926);
#2925 = CARTESIAN_POINT('',(0.,6.));
#2926 = VECTOR('',#2927,1.);
#2927 = DIRECTION('',(1.,0.));
#2928 = ( GEOMETRIC_REPRESENTATION_CONTEXT(2) 
PARAMETRIC_REPRESENTATION_CONTEXT() REPRESENTATION_CONTEXT('2D SPACE',''
  ) );
#2929 = ORIENTED_EDGE('',*,*,#2104,.F.);
#2930 = ORIENTED_EDGE('',*,*,#2764,.F.);
#2931 = ADVANCED_FACE('',(#2932),#2092,.T.);
#2932 = FACE_BOUND('',#2933,.T.);
#2933 = EDGE_LOOP('',(#2934,#2935,#2936,#2959));
#2934 = ORIENTED_EDGE('',*,*,#2076,.F.);
#2935 = ORIENTED_EDGE('',*,*,#2909,.F.);
#2936 = ORIENTED_EDGE('',*,*,#2937,.T.);
#2937 = EDGE_CURVE('',#2883,#2938,#2940,.T.);
#2938 = VERTEX_POINT('',#2939);
#2939 = CARTESIAN_POINT('',(13.,6.,-12.));
#2940 = SURFACE_CURVE('',#2941,(#2945,#2952),.PCURVE_S1.);
#2941 = LINE('',#2942,#2943);
#2942 = CARTESIAN_POINT('',(13.,-8.,-12.));
#2943 = VECTOR('',#2944,1.);
#2944 = DIRECTION('',(0.,1.,0.));
#2945 = PCURVE('',#2092,#2946);
#2946 = DEFINITIONAL_REPRESENTATION('',(#2947),#2951);
#2947 = LINE('',#2948,#2949);
#2948 = CARTESIAN_POINT('',(0.,8.));
#2949 = VECTOR('',#2950,1.);
#2950 = DIRECTION('',(0.,-1.));
#2951 = ( GEOMETRIC_REPRESENTATION_CONTEXT(2) 
PARAMETRIC_REPRESENTATION_CONTEXT() REPRESENTATION_CONTEXT('2D SPACE',''
  ) );
#2952 = PCURVE('',#2575,#2953);
#2953 = DEFINITIONAL_REPRESENTATION('',(#2954),#2958);
#2954 = LINE('',#2955,#2956);
#2955 = CARTESIAN_POINT('',(14.739742195846,8.));
#2956 = VECTOR('',#2957,1.);
#2957 = DIRECTION('',(0.,-1.));
#2958 = ( GEOMETRIC_REPRESENTATION_CONTEXT(2) 
PARAMETRIC_REPRESENTATION_CONTEXT() REPRESENTATION_CONTEXT('2D SPACE',''
  ) );
#2959 = ORIENTED_EDGE('',*,*,#2960,.T.);
#2960 = EDGE_CURVE('',#2938,#2048,#2961,.T.);
#2961 = SURFACE_CURVE('',#2962,(#2966,#2973),.PCURVE_S1.);
#2962 = LINE('',#2963,#2964);
#2963 = CARTESIAN_POINT('',(13.,6.,-12.));
#2964 = VECTOR('',#2965,1.);
#2965 = DIRECTION('',(0.,0.,1.));
#2966 = PCURVE('',#2092,#2967);
#2967 = DEFINITIONAL_REPRESENTATION('',(#2968),#2972);
#2968 = LINE('',#2969,#2970);
#2969 = CARTESIAN_POINT('',(0.,-6.));
#2970 = VECTOR('',#2971,1.);
#2971 = DIRECTION('',(1.,0.));
#2972 = ( GEOMETRIC_REPRESENTATION_CONTEXT(2) 
PARAMETRIC_REPRESENTATION_CONTEXT() REPRESENTATION_CONTEXT('2D SPACE',''
  ) );
#2973 = PCURVE('',#2064,#2974);
#2974 = DEFINITIONAL_REPRESENTATION('',(#2975),#2979);
#2975 = LINE('',#2976,#2977);
#2976 = CARTESIAN_POINT('',(-1.570796326795,0.));
#2977 = VECTOR('',#2978,1.);
#2978 = DIRECTION('',(-0.,1.));
#2979 = ( GEOMETRIC_REPRESENTATION_CONTEXT(2) 
PARAMETRIC_REPRESENTATION_CONTEXT() REPRESENTATION_CONTEXT('2D SPACE',''
  ) );
#2980 = ADVANCED_FACE('',(#2981),#2064,.T.);
#2981 = FACE_BOUND('',#2982,.F.);
#2982 = EDGE_LOOP('',(#2983,#3012,#3013,#3014));
#2983 = ORIENTED_EDGE('',*,*,#2984,.T.);
#2984 = EDGE_CURVE('',#2560,#2938,#2985,.T.);
#2985 = SURFACE_CURVE('',#2986,(#2991,#3001),.PCURVE_S1.);
#2986 = ELLIPSE('',#2987,2.666932707808,2.);
#2987 = AXIS2_PLACEMENT_3D('',#2988,#2989,#2990);
#2988 = CARTESIAN_POINT('',(11.,6.,-10.23576360201));
#2989 = DIRECTION('',(-0.661522652154,0.,-0.749925183393));
#2990 = DIRECTION('',(-0.749925183393,0.,0.661522652154));
#2991 = PCURVE('',#2064,#2992);
#2992 = DEFINITIONAL_REPRESENTATION('',(#2993),#3000);
#2993 = B_SPLINE_CURVE_WITH_KNOTS('',5,(#2994,#2995,#2996,#2997,#2998,
    #2999),.UNSPECIFIED.,.F.,.F.,(6,6),(1.570796326795,3.14159265359),
  .PIECEWISE_BEZIER_KNOTS.);
#2994 = CARTESIAN_POINT('',(-1.110223024625E-16,1.764236397986));
#2995 = CARTESIAN_POINT('',(-0.314159265359,1.209985187275));
#2996 = CARTESIAN_POINT('',(-0.62831555039,0.65524626835));
#2997 = CARTESIAN_POINT('',(-0.94249149906,0.217027724667));
#2998 = CARTESIAN_POINT('',(-1.256637061436,1.249000902703E-15));
#2999 = CARTESIAN_POINT('',(-1.570796326795,0.));
#3000 = ( GEOMETRIC_REPRESENTATION_CONTEXT(2) 
PARAMETRIC_REPRESENTATION_CONTEXT() REPRESENTATION_CONTEXT('2D SPACE',''
  ) );
#3001 = PCURVE('',#2575,#3002);
#3002 = DEFINITIONAL_REPRESENTATION('',(#3003),#3011);
#3003 = ( BOUNDED_CURVE() B_SPLINE_CURVE(2,(#3004,#3005,#3006,#3007,
#3008,#3009,#3010),.UNSPECIFIED.,.T.,.F.) B_SPLINE_CURVE_WITH_KNOTS((1,2
    ,2,2,2,1),(-2.094395102393,0.,2.094395102393,4.188790204786,
6.28318530718,8.377580409573),.UNSPECIFIED.) CURVE() 
GEOMETRIC_REPRESENTATION_ITEM() RATIONAL_B_SPLINE_CURVE((1.,0.5,1.,0.5,
1.,0.5,1.)) REPRESENTATION_ITEM('') );
#3004 = CARTESIAN_POINT('',(20.073607611462,-6.));
#3005 = CARTESIAN_POINT('',(20.073607611462,-9.464101615138));
#3006 = CARTESIAN_POINT('',(16.07320854975,-7.732050807569));
#3007 = CARTESIAN_POINT('',(12.072809488038,-6.));
#3008 = CARTESIAN_POINT('',(16.07320854975,-4.267949192431));
#3009 = CARTESIAN_POINT('',(20.073607611462,-2.535898384862));
#3010 = CARTESIAN_POINT('',(20.073607611462,-6.));
#3011 = ( GEOMETRIC_REPRESENTATION_CONTEXT(2) 
PARAMETRIC_REPRESENTATION_CONTEXT() REPRESENTATION_CONTEXT('2D SPACE',''
  ) );
#3012 = ORIENTED_EDGE('',*,*,#2960,.T.);
#3013 = ORIENTED_EDGE('',*,*,#2047,.F.);
#3014 = ORIENTED_EDGE('',*,*,#2587,.F.);
#3015 = ADVANCED_FACE('',(#3016),#2229,.F.);
#3016 = FACE_BOUND('',#3017,.F.);
#3017 = EDGE_LOOP('',(#3018,#3019,#3020,#3021));
#3018 = ORIENTED_EDGE('',*,*,#2210,.T.);
#3019 = ORIENTED_EDGE('',*,*,#2459,.T.);
#3020 = ORIENTED_EDGE('',*,*,#2327,.F.);
#3021 = ORIENTED_EDGE('',*,*,#2484,.F.);
#3022 = ADVANCED_FACE('',(#3023),#2264,.F.);
#3023 = FACE_BOUND('',#3024,.F.);
#3024 = EDGE_LOOP('',(#3025,#3026,#3049,#3071));
#3025 = ORIENTED_EDGE('',*,*,#2247,.F.);
#3026 = ORIENTED_EDGE('',*,*,#3027,.F.);
#3027 = EDGE_CURVE('',#3028,#2248,#3030,.T.);
#3028 = VERTEX_POINT('',#3029);
#3029 = CARTESIAN_POINT('',(5.2,-1.273632671113E-15,-22.62));
#3030 = SEAM_CURVE('',#3031,(#3035,#3042),.PCURVE_S1.);
#3031 = LINE('',#3032,#3033);
#3032 = CARTESIAN_POINT('',(5.2,-1.273632671113E-15,-22.62));
#3033 = VECTOR('',#3034,1.);
#3034 = DIRECTION('',(0.,0.,1.));
#3035 = PCURVE('',#2264,#3036);
#3036 = DEFINITIONAL_REPRESENTATION('',(#3037),#3041);
#3037 = LINE('',#3038,#3039);
#3038 = CARTESIAN_POINT('',(6.28318530718,-0.));
#3039 = VECTOR('',#3040,1.);
#3040 = DIRECTION('',(0.,1.));
#3041 = ( GEOMETRIC_REPRESENTATION_CONTEXT(2) 
PARAMETRIC_REPRESENTATION_CONTEXT() REPRESENTATION_CONTEXT('2D SPACE',''
  ) );
#3042 = PCURVE('',#2264,#3043);
#3043 = DEFINITIONAL_REPRESENTATION('',(#3044),#3048);
#3044 = LINE('',#3045,#3046);
#3045 = CARTESIAN_POINT('',(0.,-0.));
#3046 = VECTOR('',#3047,1.);
#3047 = DIRECTION('',(0.,1.));
#3048 = ( GEOMETRIC_REPRESENTATION_CONTEXT(2) 
PARAMETRIC_REPRESENTATION_CONTEXT() REPRESENTATION_CONTEXT('2D SPACE',''
  ) );
#3049 = ORIENTED_EDGE('',*,*,#3050,.T.);
#3050 = EDGE_CURVE('',#3028,#3028,#3051,.T.);
#3051 = SURFACE_CURVE('',#3052,(#3057,#3064),.PCURVE_S1.);
#3052 = CIRCLE('',#3053,5.2);
#3053 = AXIS2_PLACEMENT_3D('',#3054,#3055,#3056);
#3054 = CARTESIAN_POINT('',(0.,0.,-22.62));
#3055 = DIRECTION('',(0.,0.,1.));
#3056 = DIRECTION('',(1.,0.,-0.));
#3057 = PCURVE('',#2264,#3058);
#3058 = DEFINITIONAL_REPRESENTATION('',(#3059),#3063);
#3059 = LINE('',#3060,#3061);
#3060 = CARTESIAN_POINT('',(0.,0.));
#3061 = VECTOR('',#3062,1.);
#3062 = DIRECTION('',(1.,0.));
#3063 = ( GEOMETRIC_REPRESENTATION_CONTEXT(2) 
PARAMETRIC_REPRESENTATION_CONTEXT() REPRESENTATION_CONTEXT('2D SPACE',''
  ) );
#3064 = PCURVE('',#2837,#3065);
#3065 = DEFINITIONAL_REPRESENTATION('',(#3066),#3070);
#3066 = CIRCLE('',#3067,5.2);
#3067 = AXIS2_PLACEMENT_2D('',#3068,#3069);
#3068 = CARTESIAN_POINT('',(0.,0.));
#3069 = DIRECTION('',(1.,0.));
#3070 = ( GEOMETRIC_REPRESENTATION_CONTEXT(2) 
PARAMETRIC_REPRESENTATION_CONTEXT() REPRESENTATION_CONTEXT('2D SPACE',''
  ) );
#3071 = ORIENTED_EDGE('',*,*,#3027,.T.);
#3072 = ADVANCED_FACE('',(#3073),#2575,.T.);
#3073 = FACE_BOUND('',#3074,.T.);
#3074 = EDGE_LOOP('',(#3075,#3076,#3077,#3078,#3099,#3100));
#3075 = ORIENTED_EDGE('',*,*,#2937,.F.);
#3076 = ORIENTED_EDGE('',*,*,#2882,.F.);
#3077 = ORIENTED_EDGE('',*,*,#2741,.F.);
#3078 = ORIENTED_EDGE('',*,*,#3079,.F.);
#3079 = EDGE_CURVE('',#2531,#2718,#3080,.T.);
#3080 = SURFACE_CURVE('',#3081,(#3085,#3092),.PCURVE_S1.);
#3081 = LINE('',#3082,#3083);
#3082 = CARTESIAN_POINT('',(24.053703869386,8.,-21.75067334946));
#3083 = VECTOR('',#3084,1.);
#3084 = DIRECTION('',(0.,-1.,0.));
#3085 = PCURVE('',#2575,#3086);
#3086 = DEFINITIONAL_REPRESENTATION('',(#3087),#3091);
#3087 = LINE('',#3088,#3089);
#3088 = CARTESIAN_POINT('',(0.,-8.));
#3089 = VECTOR('',#3090,1.);
#3090 = DIRECTION('',(0.,1.));
#3091 = ( GEOMETRIC_REPRESENTATION_CONTEXT(2) 
PARAMETRIC_REPRESENTATION_CONTEXT() REPRESENTATION_CONTEXT('2D SPACE',''
  ) );
#3092 = PCURVE('',#2547,#3093);
#3093 = DEFINITIONAL_REPRESENTATION('',(#3094),#3098);
#3094 = LINE('',#3095,#3096);
#3095 = CARTESIAN_POINT('',(3.51610461003,-8.));
#3096 = VECTOR('',#3097,1.);
#3097 = DIRECTION('',(-0.,1.));
#3098 = ( GEOMETRIC_REPRESENTATION_CONTEXT(2) 
PARAMETRIC_REPRESENTATION_CONTEXT() REPRESENTATION_CONTEXT('2D SPACE',''
  ) );
#3099 = ORIENTED_EDGE('',*,*,#2559,.F.);
#3100 = ORIENTED_EDGE('',*,*,#2984,.T.);
#3101 = ADVANCED_FACE('',(#3102),#2547,.T.);
#3102 = FACE_BOUND('',#3103,.T.);
#3103 = EDGE_LOOP('',(#3104,#3105,#3106,#3107));
#3104 = ORIENTED_EDGE('',*,*,#2645,.F.);
#3105 = ORIENTED_EDGE('',*,*,#2530,.T.);
#3106 = ORIENTED_EDGE('',*,*,#3079,.T.);
#3107 = ORIENTED_EDGE('',*,*,#2717,.F.);
#3108 = ADVANCED_FACE('',(#3109),#2628,.T.);
#3109 = FACE_BOUND('',#3110,.T.);
#3110 = EDGE_LOOP('',(#3111,#3134,#3135,#3136));
#3111 = ORIENTED_EDGE('',*,*,#3112,.T.);
#3112 = EDGE_CURVE('',#3113,#2612,#3115,.T.);
#3113 = VERTEX_POINT('',#3114);
#3114 = CARTESIAN_POINT('',(22.1,8.5,-28.5));
#3115 = SEAM_CURVE('',#3116,(#3120,#3127),.PCURVE_S1.);
#3116 = LINE('',#3117,#3118);
#3117 = CARTESIAN_POINT('',(22.1,20.,-28.5));
#3118 = VECTOR('',#3119,1.);
#3119 = DIRECTION('',(0.,-1.,2.22044604925E-16));
#3120 = PCURVE('',#2628,#3121);
#3121 = DEFINITIONAL_REPRESENTATION('',(#3122),#3126);
#3122 = LINE('',#3123,#3124);
#3123 = CARTESIAN_POINT('',(6.28318530718,-0.));
#3124 = VECTOR('',#3125,1.);
#3125 = DIRECTION('',(0.,1.));
#3126 = ( GEOMETRIC_REPRESENTATION_CONTEXT(2) 
PARAMETRIC_REPRESENTATION_CONTEXT() REPRESENTATION_CONTEXT('2D SPACE',''
  ) );
#3127 = PCURVE('',#2628,#3128);
#3128 = DEFINITIONAL_REPRESENTATION('',(#3129),#3133);
#3129 = LINE('',#3130,#3131);
#3130 = CARTESIAN_POINT('',(0.,-0.));
#3131 = VECTOR('',#3132,1.);
#3132 = DIRECTION('',(0.,1.));
#3133 = ( GEOMETRIC_REPRESENTATION_CONTEXT(2) 
PARAMETRIC_REPRESENTATION_CONTEXT() REPRESENTATION_CONTEXT('2D SPACE',''
  ) );
#3134 = ORIENTED_EDGE('',*,*,#2611,.F.);
#3135 = ORIENTED_EDGE('',*,*,#3112,.F.);
#3136 = ORIENTED_EDGE('',*,*,#3137,.T.);
#3137 = EDGE_CURVE('',#3113,#3113,#3138,.T.);
#3138 = SURFACE_CURVE('',#3139,(#3144,#3151),.PCURVE_S1.);
#3139 = CIRCLE('',#3140,4.);
#3140 = AXIS2_PLACEMENT_3D('',#3141,#3142,#3143);
#3141 = CARTESIAN_POINT('',(18.1,8.5,-28.5));
#3142 = DIRECTION('',(0.,-1.,2.22044604925E-16));
#3143 = DIRECTION('',(1.,0.,0.));
#3144 = PCURVE('',#2628,#3145);
#3145 = DEFINITIONAL_REPRESENTATION('',(#3146),#3150);
#3146 = LINE('',#3147,#3148);
#3147 = CARTESIAN_POINT('',(0.,11.5));
#3148 = VECTOR('',#3149,1.);
#3149 = DIRECTION('',(1.,0.));
#3150 = ( GEOMETRIC_REPRESENTATION_CONTEXT(2) 
PARAMETRIC_REPRESENTATION_CONTEXT() REPRESENTATION_CONTEXT('2D SPACE',''
  ) );
#3151 = PCURVE('',#3152,#3157);
#3152 = PLANE('',#3153);
#3153 = AXIS2_PLACEMENT_3D('',#3154,#3155,#3156);
#3154 = CARTESIAN_POINT('',(18.1,8.5,-28.5));
#3155 = DIRECTION('',(0.,-1.,2.22044604925E-16));
#3156 = DIRECTION('',(1.,0.,0.));
#3157 = DEFINITIONAL_REPRESENTATION('',(#3158),#3162);
#3158 = CIRCLE('',#3159,4.);
#3159 = AXIS2_PLACEMENT_2D('',#3160,#3161);
#3160 = CARTESIAN_POINT('',(0.,-3.552713678801E-15));
#3161 = DIRECTION('',(1.,0.));
#3162 = ( GEOMETRIC_REPRESENTATION_CONTEXT(2) 
PARAMETRIC_REPRESENTATION_CONTEXT() REPRESENTATION_CONTEXT('2D SPACE',''
  ) );
#3163 = ADVANCED_FACE('',(#3164),#2805,.T.);
#3164 = FACE_BOUND('',#3165,.T.);
#3165 = EDGE_LOOP('',(#3166,#3167,#3190,#3217));
#3166 = ORIENTED_EDGE('',*,*,#2788,.T.);
#3167 = ORIENTED_EDGE('',*,*,#3168,.T.);
#3168 = EDGE_CURVE('',#2789,#3169,#3171,.T.);
#3169 = VERTEX_POINT('',#3170);
#3170 = CARTESIAN_POINT('',(22.1,-8.5,-28.5));
#3171 = SEAM_CURVE('',#3172,(#3176,#3183),.PCURVE_S1.);
#3172 = LINE('',#3173,#3174);
#3173 = CARTESIAN_POINT('',(22.1,20.,-28.5));
#3174 = VECTOR('',#3175,1.);
#3175 = DIRECTION('',(0.,-1.,2.22044604925E-16));
#3176 = PCURVE('',#2805,#3177);
#3177 = DEFINITIONAL_REPRESENTATION('',(#3178),#3182);
#3178 = LINE('',#3179,#3180);
#3179 = CARTESIAN_POINT('',(0.,-0.));
#3180 = VECTOR('',#3181,1.);
#3181 = DIRECTION('',(0.,1.));
#3182 = ( GEOMETRIC_REPRESENTATION_CONTEXT(2) 
PARAMETRIC_REPRESENTATION_CONTEXT() REPRESENTATION_CONTEXT('2D SPACE',''
  ) );
#3183 = PCURVE('',#2805,#3184);
#3184 = DEFINITIONAL_REPRESENTATION('',(#3185),#3189);
#3185 = LINE('',#3186,#3187);
#3186 = CARTESIAN_POINT('',(6.28318530718,-0.));
#3187 = VECTOR('',#3188,1.);
#3188 = DIRECTION('',(0.,1.));
#3189 = ( GEOMETRIC_REPRESENTATION_CONTEXT(2) 
PARAMETRIC_REPRESENTATION_CONTEXT() REPRESENTATION_CONTEXT('2D SPACE',''
  ) );
#3190 = ORIENTED_EDGE('',*,*,#3191,.F.);
#3191 = EDGE_CURVE('',#3169,#3169,#3192,.T.);
#3192 = SURFACE_CURVE('',#3193,(#3198,#3205),.PCURVE_S1.);
#3193 = CIRCLE('',#3194,4.);
#3194 = AXIS2_PLACEMENT_3D('',#3195,#3196,#3197);
#3195 = CARTESIAN_POINT('',(18.1,-8.5,-28.5));
#3196 = DIRECTION('',(0.,-1.,2.22044604925E-16));
#3197 = DIRECTION('',(1.,0.,0.));
#3198 = PCURVE('',#2805,#3199);
#3199 = DEFINITIONAL_REPRESENTATION('',(#3200),#3204);
#3200 = LINE('',#3201,#3202);
#3201 = CARTESIAN_POINT('',(0.,28.5));
#3202 = VECTOR('',#3203,1.);
#3203 = DIRECTION('',(1.,0.));
#3204 = ( GEOMETRIC_REPRESENTATION_CONTEXT(2) 
PARAMETRIC_REPRESENTATION_CONTEXT() REPRESENTATION_CONTEXT('2D SPACE',''
  ) );
#3205 = PCURVE('',#3206,#3211);
#3206 = PLANE('',#3207);
#3207 = AXIS2_PLACEMENT_3D('',#3208,#3209,#3210);
#3208 = CARTESIAN_POINT('',(18.1,-8.5,-28.5));
#3209 = DIRECTION('',(0.,-1.,2.22044604925E-16));
#3210 = DIRECTION('',(1.,0.,0.));
#3211 = DEFINITIONAL_REPRESENTATION('',(#3212),#3216);
#3212 = CIRCLE('',#3213,4.);
#3213 = AXIS2_PLACEMENT_2D('',#3214,#3215);
#3214 = CARTESIAN_POINT('',(0.,3.552713678801E-15));
#3215 = DIRECTION('',(1.,0.));
#3216 = ( GEOMETRIC_REPRESENTATION_CONTEXT(2) 
PARAMETRIC_REPRESENTATION_CONTEXT() REPRESENTATION_CONTEXT('2D SPACE',''
  ) );
#3217 = ORIENTED_EDGE('',*,*,#3168,.F.);
#3218 = ADVANCED_FACE('',(#3219,#3222),#2837,.T.);
#3219 = FACE_BOUND('',#3220,.T.);
#3220 = EDGE_LOOP('',(#3221));
#3221 = ORIENTED_EDGE('',*,*,#3050,.T.);
#3222 = FACE_BOUND('',#3223,.T.);
#3223 = EDGE_LOOP('',(#3224));
#3224 = ORIENTED_EDGE('',*,*,#2820,.F.);
#3225 = ADVANCED_FACE('',(#3226,#3257),#3152,.T.);
#3226 = FACE_BOUND('',#3227,.T.);
#3227 = EDGE_LOOP('',(#3228));
#3228 = ORIENTED_EDGE('',*,*,#3229,.T.);
#3229 = EDGE_CURVE('',#3230,#3230,#3232,.T.);
#3230 = VERTEX_POINT('',#3231);
#3231 = CARTESIAN_POINT('',(37.1,8.5,-28.5));
#3232 = SURFACE_CURVE('',#3233,(#3238,#3245),.PCURVE_S1.);
#3233 = CIRCLE('',#3234,19.);
#3234 = AXIS2_PLACEMENT_3D('',#3235,#3236,#3237);
#3235 = CARTESIAN_POINT('',(18.1,8.5,-28.5));
#3236 = DIRECTION('',(0.,-1.,2.22044604925E-16));
#3237 = DIRECTION('',(1.,0.,0.));
#3238 = PCURVE('',#3152,#3239);
#3239 = DEFINITIONAL_REPRESENTATION('',(#3240),#3244);
#3240 = CIRCLE('',#3241,19.);
#3241 = AXIS2_PLACEMENT_2D('',#3242,#3243);
#3242 = CARTESIAN_POINT('',(0.,0.));
#3243 = DIRECTION('',(1.,0.));
#3244 = ( GEOMETRIC_REPRESENTATION_CONTEXT(2) 
PARAMETRIC_REPRESENTATION_CONTEXT() REPRESENTATION_CONTEXT('2D SPACE',''
  ) );
#3245 = PCURVE('',#3246,#3251);
#3246 = CYLINDRICAL_SURFACE('',#3247,19.);
#3247 = AXIS2_PLACEMENT_3D('',#3248,#3249,#3250);
#3248 = CARTESIAN_POINT('',(18.1,20.,-28.5));
#3249 = DIRECTION('',(0.,-1.,2.22044604925E-16));
#3250 = DIRECTION('',(1.,0.,0.));
#3251 = DEFINITIONAL_REPRESENTATION('',(#3252),#3256);
#3252 = LINE('',#3253,#3254);
#3253 = CARTESIAN_POINT('',(0.,11.5));
#3254 = VECTOR('',#3255,1.);
#3255 = DIRECTION('',(1.,0.));
#3256 = ( GEOMETRIC_REPRESENTATION_CONTEXT(2) 
PARAMETRIC_REPRESENTATION_CONTEXT() REPRESENTATION_CONTEXT('2D SPACE',''
  ) );
#3257 = FACE_BOUND('',#3258,.T.);
#3258 = EDGE_LOOP('',(#3259));
#3259 = ORIENTED_EDGE('',*,*,#3137,.F.);
#3260 = ADVANCED_FACE('',(#3261,#3292),#3206,.F.);
#3261 = FACE_BOUND('',#3262,.F.);
#3262 = EDGE_LOOP('',(#3263));
#3263 = ORIENTED_EDGE('',*,*,#3264,.T.);
#3264 = EDGE_CURVE('',#3265,#3265,#3267,.T.);
#3265 = VERTEX_POINT('',#3266);
#3266 = CARTESIAN_POINT('',(37.1,-8.5,-28.5));
#3267 = SURFACE_CURVE('',#3268,(#3273,#3280),.PCURVE_S1.);
#3268 = CIRCLE('',#3269,19.);
#3269 = AXIS2_PLACEMENT_3D('',#3270,#3271,#3272);
#3270 = CARTESIAN_POINT('',(18.1,-8.5,-28.5));
#3271 = DIRECTION('',(0.,-1.,2.22044604925E-16));
#3272 = DIRECTION('',(1.,0.,0.));
#3273 = PCURVE('',#3206,#3274);
#3274 = DEFINITIONAL_REPRESENTATION('',(#3275),#3279);
#3275 = CIRCLE('',#3276,19.);
#3276 = AXIS2_PLACEMENT_2D('',#3277,#3278);
#3277 = CARTESIAN_POINT('',(0.,0.));
#3278 = DIRECTION('',(1.,0.));
#3279 = ( GEOMETRIC_REPRESENTATION_CONTEXT(2) 
PARAMETRIC_REPRESENTATION_CONTEXT() REPRESENTATION_CONTEXT('2D SPACE',''
  ) );
#3280 = PCURVE('',#3281,#3286);
#3281 = CYLINDRICAL_SURFACE('',#3282,19.);
#3282 = AXIS2_PLACEMENT_3D('',#3283,#3284,#3285);
#3283 = CARTESIAN_POINT('',(18.1,-8.5,-28.5));
#3284 = DIRECTION('',(0.,-1.,2.22044604925E-16));
#3285 = DIRECTION('',(1.,0.,0.));
#3286 = DEFINITIONAL_REPRESENTATION('',(#3287),#3291);
#3287 = LINE('',#3288,#3289);
#3288 = CARTESIAN_POINT('',(0.,0.));
#3289 = VECTOR('',#3290,1.);
#3290 = DIRECTION('',(1.,0.));
#3291 = ( GEOMETRIC_REPRESENTATION_CONTEXT(2) 
PARAMETRIC_REPRESENTATION_CONTEXT() REPRESENTATION_CONTEXT('2D SPACE',''
  ) );
#3292 = FACE_BOUND('',#3293,.F.);
#3293 = EDGE_LOOP('',(#3294));
#3294 = ORIENTED_EDGE('',*,*,#3191,.F.);
#3295 = ADVANCED_FACE('',(#3296),#3246,.T.);
#3296 = FACE_BOUND('',#3297,.T.);
#3297 = EDGE_LOOP('',(#3298,#3321,#3322,#3323));
#3298 = ORIENTED_EDGE('',*,*,#3299,.T.);
#3299 = EDGE_CURVE('',#3300,#3230,#3302,.T.);
#3300 = VERTEX_POINT('',#3301);
#3301 = CARTESIAN_POINT('',(37.1,8.7,-28.5));
#3302 = SEAM_CURVE('',#3303,(#3307,#3314),.PCURVE_S1.);
#3303 = LINE('',#3304,#3305);
#3304 = CARTESIAN_POINT('',(37.1,20.,-28.5));
#3305 = VECTOR('',#3306,1.);
#3306 = DIRECTION('',(0.,-1.,2.22044604925E-16));
#3307 = PCURVE('',#3246,#3308);
#3308 = DEFINITIONAL_REPRESENTATION('',(#3309),#3313);
#3309 = LINE('',#3310,#3311);
#3310 = CARTESIAN_POINT('',(6.28318530718,-0.));
#3311 = VECTOR('',#3312,1.);
#3312 = DIRECTION('',(0.,1.));
#3313 = ( GEOMETRIC_REPRESENTATION_CONTEXT(2) 
PARAMETRIC_REPRESENTATION_CONTEXT() REPRESENTATION_CONTEXT('2D SPACE',''
  ) );
#3314 = PCURVE('',#3246,#3315);
#3315 = DEFINITIONAL_REPRESENTATION('',(#3316),#3320);
#3316 = LINE('',#3317,#3318);
#3317 = CARTESIAN_POINT('',(0.,-0.));
#3318 = VECTOR('',#3319,1.);
#3319 = DIRECTION('',(0.,1.));
#3320 = ( GEOMETRIC_REPRESENTATION_CONTEXT(2) 
PARAMETRIC_REPRESENTATION_CONTEXT() REPRESENTATION_CONTEXT('2D SPACE',''
  ) );
#3321 = ORIENTED_EDGE('',*,*,#3229,.F.);
#3322 = ORIENTED_EDGE('',*,*,#3299,.F.);
#3323 = ORIENTED_EDGE('',*,*,#3324,.T.);
#3324 = EDGE_CURVE('',#3300,#3300,#3325,.T.);
#3325 = SURFACE_CURVE('',#3326,(#3331,#3338),.PCURVE_S1.);
#3326 = CIRCLE('',#3327,19.);
#3327 = AXIS2_PLACEMENT_3D('',#3328,#3329,#3330);
#3328 = CARTESIAN_POINT('',(18.1,8.7,-28.5));
#3329 = DIRECTION('',(0.,-1.,2.22044604925E-16));
#3330 = DIRECTION('',(1.,0.,0.));
#3331 = PCURVE('',#3246,#3332);
#3332 = DEFINITIONAL_REPRESENTATION('',(#3333),#3337);
#3333 = LINE('',#3334,#3335);
#3334 = CARTESIAN_POINT('',(0.,11.3));
#3335 = VECTOR('',#3336,1.);
#3336 = DIRECTION('',(1.,0.));
#3337 = ( GEOMETRIC_REPRESENTATION_CONTEXT(2) 
PARAMETRIC_REPRESENTATION_CONTEXT() REPRESENTATION_CONTEXT('2D SPACE',''
  ) );
#3338 = PCURVE('',#3339,#3344);
#3339 = PLANE('',#3340);
#3340 = AXIS2_PLACEMENT_3D('',#3341,#3342,#3343);
#3341 = CARTESIAN_POINT('',(18.1,8.7,-28.5));
#3342 = DIRECTION('',(0.,-1.,2.22044604925E-16));
#3343 = DIRECTION('',(1.,0.,0.));
#3344 = DEFINITIONAL_REPRESENTATION('',(#3345),#3349);
#3345 = CIRCLE('',#3346,19.);
#3346 = AXIS2_PLACEMENT_2D('',#3347,#3348);
#3347 = CARTESIAN_POINT('',(0.,0.));
#3348 = DIRECTION('',(1.,-0.));
#3349 = ( GEOMETRIC_REPRESENTATION_CONTEXT(2) 
PARAMETRIC_REPRESENTATION_CONTEXT() REPRESENTATION_CONTEXT('2D SPACE',''
  ) );
#3350 = ADVANCED_FACE('',(#3351),#3281,.T.);
#3351 = FACE_BOUND('',#3352,.T.);
#3352 = EDGE_LOOP('',(#3353,#3382,#3403,#3404));
#3353 = ORIENTED_EDGE('',*,*,#3354,.F.);
#3354 = EDGE_CURVE('',#3355,#3355,#3357,.T.);
#3355 = VERTEX_POINT('',#3356);
#3356 = CARTESIAN_POINT('',(37.1,-8.7,-28.5));
#3357 = SURFACE_CURVE('',#3358,(#3363,#3370),.PCURVE_S1.);
#3358 = CIRCLE('',#3359,19.);
#3359 = AXIS2_PLACEMENT_3D('',#3360,#3361,#3362);
#3360 = CARTESIAN_POINT('',(18.1,-8.7,-28.5));
#3361 = DIRECTION('',(0.,-1.,2.22044604925E-16));
#3362 = DIRECTION('',(1.,0.,0.));
#3363 = PCURVE('',#3281,#3364);
#3364 = DEFINITIONAL_REPRESENTATION('',(#3365),#3369);
#3365 = LINE('',#3366,#3367);
#3366 = CARTESIAN_POINT('',(0.,0.2));
#3367 = VECTOR('',#3368,1.);
#3368 = DIRECTION('',(1.,0.));
#3369 = ( GEOMETRIC_REPRESENTATION_CONTEXT(2) 
PARAMETRIC_REPRESENTATION_CONTEXT() REPRESENTATION_CONTEXT('2D SPACE',''
  ) );
#3370 = PCURVE('',#3371,#3376);
#3371 = PLANE('',#3372);
#3372 = AXIS2_PLACEMENT_3D('',#3373,#3374,#3375);
#3373 = CARTESIAN_POINT('',(18.1,-8.7,-28.5));
#3374 = DIRECTION('',(0.,-1.,2.22044604925E-16));
#3375 = DIRECTION('',(1.,0.,0.));
#3376 = DEFINITIONAL_REPRESENTATION('',(#3377),#3381);
#3377 = CIRCLE('',#3378,19.);
#3378 = AXIS2_PLACEMENT_2D('',#3379,#3380);
#3379 = CARTESIAN_POINT('',(0.,0.));
#3380 = DIRECTION('',(1.,0.));
#3381 = ( GEOMETRIC_REPRESENTATION_CONTEXT(2) 
PARAMETRIC_REPRESENTATION_CONTEXT() REPRESENTATION_CONTEXT('2D SPACE',''
  ) );
#3382 = ORIENTED_EDGE('',*,*,#3383,.F.);
#3383 = EDGE_CURVE('',#3265,#3355,#3384,.T.);
#3384 = SEAM_CURVE('',#3385,(#3389,#3396),.PCURVE_S1.);
#3385 = LINE('',#3386,#3387);
#3386 = CARTESIAN_POINT('',(37.1,-8.5,-28.5));
#3387 = VECTOR('',#3388,1.);
#3388 = DIRECTION('',(0.,-1.,2.22044604925E-16));
#3389 = PCURVE('',#3281,#3390);
#3390 = DEFINITIONAL_REPRESENTATION('',(#3391),#3395);
#3391 = LINE('',#3392,#3393);
#3392 = CARTESIAN_POINT('',(6.28318530718,-0.));
#3393 = VECTOR('',#3394,1.);
#3394 = DIRECTION('',(0.,1.));
#3395 = ( GEOMETRIC_REPRESENTATION_CONTEXT(2) 
PARAMETRIC_REPRESENTATION_CONTEXT() REPRESENTATION_CONTEXT('2D SPACE',''
  ) );
#3396 = PCURVE('',#3281,#3397);
#3397 = DEFINITIONAL_REPRESENTATION('',(#3398),#3402);
#3398 = LINE('',#3399,#3400);
#3399 = CARTESIAN_POINT('',(0.,-0.));
#3400 = VECTOR('',#3401,1.);
#3401 = DIRECTION('',(0.,1.));
#3402 = ( GEOMETRIC_REPRESENTATION_CONTEXT(2) 
PARAMETRIC_REPRESENTATION_CONTEXT() REPRESENTATION_CONTEXT('2D SPACE',''
  ) );
#3403 = ORIENTED_EDGE('',*,*,#3264,.T.);
#3404 = ORIENTED_EDGE('',*,*,#3383,.T.);
#3405 = ADVANCED_FACE('',(#3406,#3437),#3339,.T.);
#3406 = FACE_BOUND('',#3407,.F.);
#3407 = EDGE_LOOP('',(#3408));
#3408 = ORIENTED_EDGE('',*,*,#3409,.F.);
#3409 = EDGE_CURVE('',#3410,#3410,#3412,.T.);
#3410 = VERTEX_POINT('',#3411);
#3411 = CARTESIAN_POINT('',(41.1,8.7,-28.5));
#3412 = SURFACE_CURVE('',#3413,(#3418,#3425),.PCURVE_S1.);
#3413 = CIRCLE('',#3414,23.);
#3414 = AXIS2_PLACEMENT_3D('',#3415,#3416,#3417);
#3415 = CARTESIAN_POINT('',(18.1,8.7,-28.5));
#3416 = DIRECTION('',(0.,-1.,2.22044604925E-16));
#3417 = DIRECTION('',(1.,0.,0.));
#3418 = PCURVE('',#3339,#3419);
#3419 = DEFINITIONAL_REPRESENTATION('',(#3420),#3424);
#3420 = CIRCLE('',#3421,23.);
#3421 = AXIS2_PLACEMENT_2D('',#3422,#3423);
#3422 = CARTESIAN_POINT('',(0.,0.));
#3423 = DIRECTION('',(1.,-0.));
#3424 = ( GEOMETRIC_REPRESENTATION_CONTEXT(2) 
PARAMETRIC_REPRESENTATION_CONTEXT() REPRESENTATION_CONTEXT('2D SPACE',''
  ) );
#3425 = PCURVE('',#3426,#3431);
#3426 = TOROIDAL_SURFACE('',#3427,23.,2.);
#3427 = AXIS2_PLACEMENT_3D('',#3428,#3429,#3430);
#3428 = CARTESIAN_POINT('',(18.1,10.7,-28.5));
#3429 = DIRECTION('',(-0.,1.,-2.22044604925E-16));
#3430 = DIRECTION('',(1.,0.,0.));
#3431 = DEFINITIONAL_REPRESENTATION('',(#3432),#3436);
#3432 = LINE('',#3433,#3434);
#3433 = CARTESIAN_POINT('',(-0.,4.712388980385));
#3434 = VECTOR('',#3435,1.);
#3435 = DIRECTION('',(-1.,0.));
#3436 = ( GEOMETRIC_REPRESENTATION_CONTEXT(2) 
PARAMETRIC_REPRESENTATION_CONTEXT() REPRESENTATION_CONTEXT('2D SPACE',''
  ) );
#3437 = FACE_BOUND('',#3438,.F.);
#3438 = EDGE_LOOP('',(#3439));
#3439 = ORIENTED_EDGE('',*,*,#3324,.T.);
#3440 = ADVANCED_FACE('',(#3441,#3472),#3371,.F.);
#3441 = FACE_BOUND('',#3442,.F.);
#3442 = EDGE_LOOP('',(#3443));
#3443 = ORIENTED_EDGE('',*,*,#3444,.T.);
#3444 = EDGE_CURVE('',#3445,#3445,#3447,.T.);
#3445 = VERTEX_POINT('',#3446);
#3446 = CARTESIAN_POINT('',(41.1,-8.7,-28.5));
#3447 = SURFACE_CURVE('',#3448,(#3453,#3460),.PCURVE_S1.);
#3448 = CIRCLE('',#3449,23.);
#3449 = AXIS2_PLACEMENT_3D('',#3450,#3451,#3452);
#3450 = CARTESIAN_POINT('',(18.1,-8.7,-28.5));
#3451 = DIRECTION('',(0.,-1.,2.22044604925E-16));
#3452 = DIRECTION('',(1.,0.,0.));
#3453 = PCURVE('',#3371,#3454);
#3454 = DEFINITIONAL_REPRESENTATION('',(#3455),#3459);
#3455 = CIRCLE('',#3456,23.);
#3456 = AXIS2_PLACEMENT_2D('',#3457,#3458);
#3457 = CARTESIAN_POINT('',(0.,0.));
#3458 = DIRECTION('',(1.,0.));
#3459 = ( GEOMETRIC_REPRESENTATION_CONTEXT(2) 
PARAMETRIC_REPRESENTATION_CONTEXT() REPRESENTATION_CONTEXT('2D SPACE',''
  ) );
#3460 = PCURVE('',#3461,#3466);
#3461 = TOROIDAL_SURFACE('',#3462,23.,2.);
#3462 = AXIS2_PLACEMENT_3D('',#3463,#3464,#3465);
#3463 = CARTESIAN_POINT('',(18.1,-10.7,-28.5));
#3464 = DIRECTION('',(0.,1.,-2.22044604925E-16));
#3465 = DIRECTION('',(1.,0.,0.));
#3466 = DEFINITIONAL_REPRESENTATION('',(#3467),#3471);
#3467 = LINE('',#3468,#3469);
#3468 = CARTESIAN_POINT('',(-0.,1.570796326795));
#3469 = VECTOR('',#3470,1.);
#3470 = DIRECTION('',(-1.,0.));
#3471 = ( GEOMETRIC_REPRESENTATION_CONTEXT(2) 
PARAMETRIC_REPRESENTATION_CONTEXT() REPRESENTATION_CONTEXT('2D SPACE',''
  ) );
#3472 = FACE_BOUND('',#3473,.F.);
#3473 = EDGE_LOOP('',(#3474));
#3474 = ORIENTED_EDGE('',*,*,#3354,.F.);
#3475 = ADVANCED_FACE('',(#3476),#3426,.T.);
#3476 = FACE_BOUND('',#3477,.F.);
#3477 = EDGE_LOOP('',(#3478,#3500,#3501,#3502));
#3478 = ORIENTED_EDGE('',*,*,#3479,.F.);
#3479 = EDGE_CURVE('',#3410,#3480,#3482,.T.);
#3480 = VERTEX_POINT('',#3481);
#3481 = CARTESIAN_POINT('',(43.1,10.7,-28.5));
#3482 = SEAM_CURVE('',#3483,(#3488,#3494),.PCURVE_S1.);
#3483 = CIRCLE('',#3484,2.);
#3484 = AXIS2_PLACEMENT_3D('',#3485,#3486,#3487);
#3485 = CARTESIAN_POINT('',(41.1,10.7,-28.5));
#3486 = DIRECTION('',(-0.,2.22044604925E-16,1.));
#3487 = DIRECTION('',(1.,0.,0.));
#3488 = PCURVE('',#3426,#3489);
#3489 = DEFINITIONAL_REPRESENTATION('',(#3490),#3493);
#3490 = B_SPLINE_CURVE_WITH_KNOTS('',1,(#3491,#3492),.UNSPECIFIED.,.F.,
  .F.,(2,2),(4.712388980385,6.28318530718),.PIECEWISE_BEZIER_KNOTS.);
#3491 = CARTESIAN_POINT('',(0.,4.712388980385));
#3492 = CARTESIAN_POINT('',(0.,6.28318530718));
#3493 = ( GEOMETRIC_REPRESENTATION_CONTEXT(2) 
PARAMETRIC_REPRESENTATION_CONTEXT() REPRESENTATION_CONTEXT('2D SPACE',''
  ) );
#3494 = PCURVE('',#3426,#3495);
#3495 = DEFINITIONAL_REPRESENTATION('',(#3496),#3499);
#3496 = B_SPLINE_CURVE_WITH_KNOTS('',1,(#3497,#3498),.UNSPECIFIED.,.F.,
  .F.,(2,2),(4.712388980385,6.28318530718),.PIECEWISE_BEZIER_KNOTS.);
#3497 = CARTESIAN_POINT('',(-6.28318530718,4.712388980385));
#3498 = CARTESIAN_POINT('',(-6.28318530718,6.28318530718));
#3499 = ( GEOMETRIC_REPRESENTATION_CONTEXT(2) 
PARAMETRIC_REPRESENTATION_CONTEXT() REPRESENTATION_CONTEXT('2D SPACE',''
  ) );
#3500 = ORIENTED_EDGE('',*,*,#3409,.F.);
#3501 = ORIENTED_EDGE('',*,*,#3479,.T.);
#3502 = ORIENTED_EDGE('',*,*,#3503,.T.);
#3503 = EDGE_CURVE('',#3480,#3480,#3504,.T.);
#3504 = SURFACE_CURVE('',#3505,(#3510,#3517),.PCURVE_S1.);
#3505 = CIRCLE('',#3506,25.);
#3506 = AXIS2_PLACEMENT_3D('',#3507,#3508,#3509);
#3507 = CARTESIAN_POINT('',(18.1,10.7,-28.5));
#3508 = DIRECTION('',(0.,-1.,2.22044604925E-16));
#3509 = DIRECTION('',(1.,0.,0.));
#3510 = PCURVE('',#3426,#3511);
#3511 = DEFINITIONAL_REPRESENTATION('',(#3512),#3516);
#3512 = LINE('',#3513,#3514);
#3513 = CARTESIAN_POINT('',(-0.,6.28318530718));
#3514 = VECTOR('',#3515,1.);
#3515 = DIRECTION('',(-1.,0.));
#3516 = ( GEOMETRIC_REPRESENTATION_CONTEXT(2) 
PARAMETRIC_REPRESENTATION_CONTEXT() REPRESENTATION_CONTEXT('2D SPACE',''
  ) );
#3517 = PCURVE('',#3518,#3523);
#3518 = CYLINDRICAL_SURFACE('',#3519,25.);
#3519 = AXIS2_PLACEMENT_3D('',#3520,#3521,#3522);
#3520 = CARTESIAN_POINT('',(18.1,8.7,-28.5));
#3521 = DIRECTION('',(0.,1.,-2.22044604925E-16));
#3522 = DIRECTION('',(1.,0.,0.));
#3523 = DEFINITIONAL_REPRESENTATION('',(#3524),#3528);
#3524 = LINE('',#3525,#3526);
#3525 = CARTESIAN_POINT('',(-0.,2.));
#3526 = VECTOR('',#3527,1.);
#3527 = DIRECTION('',(-1.,0.));
#3528 = ( GEOMETRIC_REPRESENTATION_CONTEXT(2) 
PARAMETRIC_REPRESENTATION_CONTEXT() REPRESENTATION_CONTEXT('2D SPACE',''
  ) );
#3529 = ADVANCED_FACE('',(#3530),#3461,.T.);
#3530 = FACE_BOUND('',#3531,.F.);
#3531 = EDGE_LOOP('',(#3532,#3554,#3581,#3582));
#3532 = ORIENTED_EDGE('',*,*,#3533,.F.);
#3533 = EDGE_CURVE('',#3534,#3445,#3536,.T.);
#3534 = VERTEX_POINT('',#3535);
#3535 = CARTESIAN_POINT('',(43.1,-10.7,-28.5));
#3536 = SEAM_CURVE('',#3537,(#3542,#3548),.PCURVE_S1.);
#3537 = CIRCLE('',#3538,2.);
#3538 = AXIS2_PLACEMENT_3D('',#3539,#3540,#3541);
#3539 = CARTESIAN_POINT('',(41.1,-10.7,-28.5));
#3540 = DIRECTION('',(-0.,2.22044604925E-16,1.));
#3541 = DIRECTION('',(1.,0.,0.));
#3542 = PCURVE('',#3461,#3543);
#3543 = DEFINITIONAL_REPRESENTATION('',(#3544),#3547);
#3544 = B_SPLINE_CURVE_WITH_KNOTS('',1,(#3545,#3546),.UNSPECIFIED.,.F.,
  .F.,(2,2),(0.,1.570796326795),.PIECEWISE_BEZIER_KNOTS.);
#3545 = CARTESIAN_POINT('',(0.,0.));
#3546 = CARTESIAN_POINT('',(0.,1.570796326795));
#3547 = ( GEOMETRIC_REPRESENTATION_CONTEXT(2) 
PARAMETRIC_REPRESENTATION_CONTEXT() REPRESENTATION_CONTEXT('2D SPACE',''
  ) );
#3548 = PCURVE('',#3461,#3549);
#3549 = DEFINITIONAL_REPRESENTATION('',(#3550),#3553);
#3550 = B_SPLINE_CURVE_WITH_KNOTS('',1,(#3551,#3552),.UNSPECIFIED.,.F.,
  .F.,(2,2),(0.,1.570796326795),.PIECEWISE_BEZIER_KNOTS.);
#3551 = CARTESIAN_POINT('',(-6.28318530718,0.));
#3552 = CARTESIAN_POINT('',(-6.28318530718,1.570796326795));
#3553 = ( GEOMETRIC_REPRESENTATION_CONTEXT(2) 
PARAMETRIC_REPRESENTATION_CONTEXT() REPRESENTATION_CONTEXT('2D SPACE',''
  ) );
#3554 = ORIENTED_EDGE('',*,*,#3555,.F.);
#3555 = EDGE_CURVE('',#3534,#3534,#3556,.T.);
#3556 = SURFACE_CURVE('',#3557,(#3562,#3569),.PCURVE_S1.);
#3557 = CIRCLE('',#3558,25.);
#3558 = AXIS2_PLACEMENT_3D('',#3559,#3560,#3561);
#3559 = CARTESIAN_POINT('',(18.1,-10.7,-28.5));
#3560 = DIRECTION('',(0.,-1.,2.22044604925E-16));
#3561 = DIRECTION('',(1.,0.,0.));
#3562 = PCURVE('',#3461,#3563);
#3563 = DEFINITIONAL_REPRESENTATION('',(#3564),#3568);
#3564 = LINE('',#3565,#3566);
#3565 = CARTESIAN_POINT('',(-0.,0.));
#3566 = VECTOR('',#3567,1.);
#3567 = DIRECTION('',(-1.,0.));
#3568 = ( GEOMETRIC_REPRESENTATION_CONTEXT(2) 
PARAMETRIC_REPRESENTATION_CONTEXT() REPRESENTATION_CONTEXT('2D SPACE',''
  ) );
#3569 = PCURVE('',#3570,#3575);
#3570 = CYLINDRICAL_SURFACE('',#3571,25.);
#3571 = AXIS2_PLACEMENT_3D('',#3572,#3573,#3574);
#3572 = CARTESIAN_POINT('',(18.1,-19.8,-28.5));
#3573 = DIRECTION('',(0.,1.,-2.22044604925E-16));
#3574 = DIRECTION('',(1.,0.,0.));
#3575 = DEFINITIONAL_REPRESENTATION('',(#3576),#3580);
#3576 = LINE('',#3577,#3578);
#3577 = CARTESIAN_POINT('',(-0.,9.1));
#3578 = VECTOR('',#3579,1.);
#3579 = DIRECTION('',(-1.,0.));
#3580 = ( GEOMETRIC_REPRESENTATION_CONTEXT(2) 
PARAMETRIC_REPRESENTATION_CONTEXT() REPRESENTATION_CONTEXT('2D SPACE',''
  ) );
#3581 = ORIENTED_EDGE('',*,*,#3533,.T.);
#3582 = ORIENTED_EDGE('',*,*,#3444,.T.);
#3583 = ADVANCED_FACE('',(#3584),#3518,.T.);
#3584 = FACE_BOUND('',#3585,.F.);
#3585 = EDGE_LOOP('',(#3586,#3609,#3610,#3611));
#3586 = ORIENTED_EDGE('',*,*,#3587,.F.);
#3587 = EDGE_CURVE('',#3480,#3588,#3590,.T.);
#3588 = VERTEX_POINT('',#3589);
#3589 = CARTESIAN_POINT('',(43.1,17.8,-28.5));
#3590 = SEAM_CURVE('',#3591,(#3595,#3602),.PCURVE_S1.);
#3591 = LINE('',#3592,#3593);
#3592 = CARTESIAN_POINT('',(43.1,8.7,-28.5));
#3593 = VECTOR('',#3594,1.);
#3594 = DIRECTION('',(0.,1.,-2.22044604925E-16));
#3595 = PCURVE('',#3518,#3596);
#3596 = DEFINITIONAL_REPRESENTATION('',(#3597),#3601);
#3597 = LINE('',#3598,#3599);
#3598 = CARTESIAN_POINT('',(-0.,0.));
#3599 = VECTOR('',#3600,1.);
#3600 = DIRECTION('',(-0.,1.));
#3601 = ( GEOMETRIC_REPRESENTATION_CONTEXT(2) 
PARAMETRIC_REPRESENTATION_CONTEXT() REPRESENTATION_CONTEXT('2D SPACE',''
  ) );
#3602 = PCURVE('',#3518,#3603);
#3603 = DEFINITIONAL_REPRESENTATION('',(#3604),#3608);
#3604 = LINE('',#3605,#3606);
#3605 = CARTESIAN_POINT('',(-6.28318530718,0.));
#3606 = VECTOR('',#3607,1.);
#3607 = DIRECTION('',(-0.,1.));
#3608 = ( GEOMETRIC_REPRESENTATION_CONTEXT(2) 
PARAMETRIC_REPRESENTATION_CONTEXT() REPRESENTATION_CONTEXT('2D SPACE',''
  ) );
#3609 = ORIENTED_EDGE('',*,*,#3503,.T.);
#3610 = ORIENTED_EDGE('',*,*,#3587,.T.);
#3611 = ORIENTED_EDGE('',*,*,#3612,.F.);
#3612 = EDGE_CURVE('',#3588,#3588,#3613,.T.);
#3613 = SURFACE_CURVE('',#3614,(#3619,#3626),.PCURVE_S1.);
#3614 = CIRCLE('',#3615,25.);
#3615 = AXIS2_PLACEMENT_3D('',#3616,#3617,#3618);
#3616 = CARTESIAN_POINT('',(18.1,17.8,-28.5));
#3617 = DIRECTION('',(0.,-1.,2.22044604925E-16));
#3618 = DIRECTION('',(1.,0.,0.));
#3619 = PCURVE('',#3518,#3620);
#3620 = DEFINITIONAL_REPRESENTATION('',(#3621),#3625);
#3621 = LINE('',#3622,#3623);
#3622 = CARTESIAN_POINT('',(-0.,9.1));
#3623 = VECTOR('',#3624,1.);
#3624 = DIRECTION('',(-1.,0.));
#3625 = ( GEOMETRIC_REPRESENTATION_CONTEXT(2) 
PARAMETRIC_REPRESENTATION_CONTEXT() REPRESENTATION_CONTEXT('2D SPACE',''
  ) );
#3626 = PCURVE('',#3627,#3632);
#3627 = TOROIDAL_SURFACE('',#3628,23.,2.);
#3628 = AXIS2_PLACEMENT_3D('',#3629,#3630,#3631);
#3629 = CARTESIAN_POINT('',(18.1,17.8,-28.5));
#3630 = DIRECTION('',(0.,1.,-2.22044604925E-16));
#3631 = DIRECTION('',(1.,0.,0.));
#3632 = DEFINITIONAL_REPRESENTATION('',(#3633),#3637);
#3633 = LINE('',#3634,#3635);
#3634 = CARTESIAN_POINT('',(-0.,0.));
#3635 = VECTOR('',#3636,1.);
#3636 = DIRECTION('',(-1.,0.));
#3637 = ( GEOMETRIC_REPRESENTATION_CONTEXT(2) 
PARAMETRIC_REPRESENTATION_CONTEXT() REPRESENTATION_CONTEXT('2D SPACE',''
  ) );
#3638 = ADVANCED_FACE('',(#3639),#3570,.T.);
#3639 = FACE_BOUND('',#3640,.F.);
#3640 = EDGE_LOOP('',(#3641,#3664,#3691,#3692));
#3641 = ORIENTED_EDGE('',*,*,#3642,.F.);
#3642 = EDGE_CURVE('',#3643,#3534,#3645,.T.);
#3643 = VERTEX_POINT('',#3644);
#3644 = CARTESIAN_POINT('',(43.1,-17.8,-28.5));
#3645 = SEAM_CURVE('',#3646,(#3650,#3657),.PCURVE_S1.);
#3646 = LINE('',#3647,#3648);
#3647 = CARTESIAN_POINT('',(43.1,-19.8,-28.5));
#3648 = VECTOR('',#3649,1.);
#3649 = DIRECTION('',(0.,1.,-2.22044604925E-16));
#3650 = PCURVE('',#3570,#3651);
#3651 = DEFINITIONAL_REPRESENTATION('',(#3652),#3656);
#3652 = LINE('',#3653,#3654);
#3653 = CARTESIAN_POINT('',(-0.,0.));
#3654 = VECTOR('',#3655,1.);
#3655 = DIRECTION('',(-0.,1.));
#3656 = ( GEOMETRIC_REPRESENTATION_CONTEXT(2) 
PARAMETRIC_REPRESENTATION_CONTEXT() REPRESENTATION_CONTEXT('2D SPACE',''
  ) );
#3657 = PCURVE('',#3570,#3658);
#3658 = DEFINITIONAL_REPRESENTATION('',(#3659),#3663);
#3659 = LINE('',#3660,#3661);
#3660 = CARTESIAN_POINT('',(-6.28318530718,0.));
#3661 = VECTOR('',#3662,1.);
#3662 = DIRECTION('',(-0.,1.));
#3663 = ( GEOMETRIC_REPRESENTATION_CONTEXT(2) 
PARAMETRIC_REPRESENTATION_CONTEXT() REPRESENTATION_CONTEXT('2D SPACE',''
  ) );
#3664 = ORIENTED_EDGE('',*,*,#3665,.T.);
#3665 = EDGE_CURVE('',#3643,#3643,#3666,.T.);
#3666 = SURFACE_CURVE('',#3667,(#3672,#3679),.PCURVE_S1.);
#3667 = CIRCLE('',#3668,25.);
#3668 = AXIS2_PLACEMENT_3D('',#3669,#3670,#3671);
#3669 = CARTESIAN_POINT('',(18.1,-17.8,-28.5));
#3670 = DIRECTION('',(0.,-1.,2.22044604925E-16));
#3671 = DIRECTION('',(1.,0.,0.));
#3672 = PCURVE('',#3570,#3673);
#3673 = DEFINITIONAL_REPRESENTATION('',(#3674),#3678);
#3674 = LINE('',#3675,#3676);
#3675 = CARTESIAN_POINT('',(-0.,2.));
#3676 = VECTOR('',#3677,1.);
#3677 = DIRECTION('',(-1.,0.));
#3678 = ( GEOMETRIC_REPRESENTATION_CONTEXT(2) 
PARAMETRIC_REPRESENTATION_CONTEXT() REPRESENTATION_CONTEXT('2D SPACE',''
  ) );
#3679 = PCURVE('',#3680,#3685);
#3680 = TOROIDAL_SURFACE('',#3681,23.,2.);
#3681 = AXIS2_PLACEMENT_3D('',#3682,#3683,#3684);
#3682 = CARTESIAN_POINT('',(18.1,-17.8,-28.5));
#3683 = DIRECTION('',(-0.,1.,-2.22044604925E-16));
#3684 = DIRECTION('',(1.,0.,0.));
#3685 = DEFINITIONAL_REPRESENTATION('',(#3686),#3690);
#3686 = LINE('',#3687,#3688);
#3687 = CARTESIAN_POINT('',(-0.,6.28318530718));
#3688 = VECTOR('',#3689,1.);
#3689 = DIRECTION('',(-1.,0.));
#3690 = ( GEOMETRIC_REPRESENTATION_CONTEXT(2) 
PARAMETRIC_REPRESENTATION_CONTEXT() REPRESENTATION_CONTEXT('2D SPACE',''
  ) );
#3691 = ORIENTED_EDGE('',*,*,#3642,.T.);
#3692 = ORIENTED_EDGE('',*,*,#3555,.F.);
#3693 = ADVANCED_FACE('',(#3694),#3627,.T.);
#3694 = FACE_BOUND('',#3695,.F.);
#3695 = EDGE_LOOP('',(#3696,#3718,#3719,#3720));
#3696 = ORIENTED_EDGE('',*,*,#3697,.F.);
#3697 = EDGE_CURVE('',#3588,#3698,#3700,.T.);
#3698 = VERTEX_POINT('',#3699);
#3699 = CARTESIAN_POINT('',(41.1,19.8,-28.5));
#3700 = SEAM_CURVE('',#3701,(#3706,#3712),.PCURVE_S1.);
#3701 = CIRCLE('',#3702,2.);
#3702 = AXIS2_PLACEMENT_3D('',#3703,#3704,#3705);
#3703 = CARTESIAN_POINT('',(41.1,17.8,-28.5));
#3704 = DIRECTION('',(-0.,2.22044604925E-16,1.));
#3705 = DIRECTION('',(1.,0.,0.));
#3706 = PCURVE('',#3627,#3707);
#3707 = DEFINITIONAL_REPRESENTATION('',(#3708),#3711);
#3708 = B_SPLINE_CURVE_WITH_KNOTS('',1,(#3709,#3710),.UNSPECIFIED.,.F.,
  .F.,(2,2),(0.,1.570796326795),.PIECEWISE_BEZIER_KNOTS.);
#3709 = CARTESIAN_POINT('',(0.,0.));
#3710 = CARTESIAN_POINT('',(0.,1.570796326795));
#3711 = ( GEOMETRIC_REPRESENTATION_CONTEXT(2) 
PARAMETRIC_REPRESENTATION_CONTEXT() REPRESENTATION_CONTEXT('2D SPACE',''
  ) );
#3712 = PCURVE('',#3627,#3713);
#3713 = DEFINITIONAL_REPRESENTATION('',(#3714),#3717);
#3714 = B_SPLINE_CURVE_WITH_KNOTS('',1,(#3715,#3716),.UNSPECIFIED.,.F.,
  .F.,(2,2),(0.,1.570796326795),.PIECEWISE_BEZIER_KNOTS.);
#3715 = CARTESIAN_POINT('',(-6.28318530718,0.));
#3716 = CARTESIAN_POINT('',(-6.28318530718,1.570796326795));
#3717 = ( GEOMETRIC_REPRESENTATION_CONTEXT(2) 
PARAMETRIC_REPRESENTATION_CONTEXT() REPRESENTATION_CONTEXT('2D SPACE',''
  ) );
#3718 = ORIENTED_EDGE('',*,*,#3612,.F.);
#3719 = ORIENTED_EDGE('',*,*,#3697,.T.);
#3720 = ORIENTED_EDGE('',*,*,#3721,.T.);
#3721 = EDGE_CURVE('',#3698,#3698,#3722,.T.);
#3722 = SURFACE_CURVE('',#3723,(#3728,#3735),.PCURVE_S1.);
#3723 = CIRCLE('',#3724,23.);
#3724 = AXIS2_PLACEMENT_3D('',#3725,#3726,#3727);
#3725 = CARTESIAN_POINT('',(18.1,19.8,-28.5));
#3726 = DIRECTION('',(0.,-1.,2.22044604925E-16));
#3727 = DIRECTION('',(1.,0.,0.));
#3728 = PCURVE('',#3627,#3729);
#3729 = DEFINITIONAL_REPRESENTATION('',(#3730),#3734);
#3730 = LINE('',#3731,#3732);
#3731 = CARTESIAN_POINT('',(-0.,1.570796326795));
#3732 = VECTOR('',#3733,1.);
#3733 = DIRECTION('',(-1.,0.));
#3734 = ( GEOMETRIC_REPRESENTATION_CONTEXT(2) 
PARAMETRIC_REPRESENTATION_CONTEXT() REPRESENTATION_CONTEXT('2D SPACE',''
  ) );
#3735 = PCURVE('',#3736,#3741);
#3736 = PLANE('',#3737);
#3737 = AXIS2_PLACEMENT_3D('',#3738,#3739,#3740);
#3738 = CARTESIAN_POINT('',(18.1,19.8,-28.5));
#3739 = DIRECTION('',(0.,-1.,2.22044604925E-16));
#3740 = DIRECTION('',(1.,0.,0.));
#3741 = DEFINITIONAL_REPRESENTATION('',(#3742),#3746);
#3742 = CIRCLE('',#3743,23.);
#3743 = AXIS2_PLACEMENT_2D('',#3744,#3745);
#3744 = CARTESIAN_POINT('',(0.,0.));
#3745 = DIRECTION('',(1.,0.));
#3746 = ( GEOMETRIC_REPRESENTATION_CONTEXT(2) 
PARAMETRIC_REPRESENTATION_CONTEXT() REPRESENTATION_CONTEXT('2D SPACE',''
  ) );
#3747 = ADVANCED_FACE('',(#3748),#3680,.T.);
#3748 = FACE_BOUND('',#3749,.F.);
#3749 = EDGE_LOOP('',(#3750,#3772,#3799,#3800));
#3750 = ORIENTED_EDGE('',*,*,#3751,.F.);
#3751 = EDGE_CURVE('',#3752,#3643,#3754,.T.);
#3752 = VERTEX_POINT('',#3753);
#3753 = CARTESIAN_POINT('',(41.1,-19.8,-28.5));
#3754 = SEAM_CURVE('',#3755,(#3760,#3766),.PCURVE_S1.);
#3755 = CIRCLE('',#3756,2.);
#3756 = AXIS2_PLACEMENT_3D('',#3757,#3758,#3759);
#3757 = CARTESIAN_POINT('',(41.1,-17.8,-28.5));
#3758 = DIRECTION('',(-0.,2.22044604925E-16,1.));
#3759 = DIRECTION('',(1.,0.,0.));
#3760 = PCURVE('',#3680,#3761);
#3761 = DEFINITIONAL_REPRESENTATION('',(#3762),#3765);
#3762 = B_SPLINE_CURVE_WITH_KNOTS('',1,(#3763,#3764),.UNSPECIFIED.,.F.,
  .F.,(2,2),(4.712388980385,6.28318530718),.PIECEWISE_BEZIER_KNOTS.);
#3763 = CARTESIAN_POINT('',(0.,4.712388980385));
#3764 = CARTESIAN_POINT('',(0.,6.28318530718));
#3765 = ( GEOMETRIC_REPRESENTATION_CONTEXT(2) 
PARAMETRIC_REPRESENTATION_CONTEXT() REPRESENTATION_CONTEXT('2D SPACE',''
  ) );
#3766 = PCURVE('',#3680,#3767);
#3767 = DEFINITIONAL_REPRESENTATION('',(#3768),#3771);
#3768 = B_SPLINE_CURVE_WITH_KNOTS('',1,(#3769,#3770),.UNSPECIFIED.,.F.,
  .F.,(2,2),(4.712388980385,6.28318530718),.PIECEWISE_BEZIER_KNOTS.);
#3769 = CARTESIAN_POINT('',(-6.28318530718,4.712388980385));
#3770 = CARTESIAN_POINT('',(-6.28318530718,6.28318530718));
#3771 = ( GEOMETRIC_REPRESENTATION_CONTEXT(2) 
PARAMETRIC_REPRESENTATION_CONTEXT() REPRESENTATION_CONTEXT('2D SPACE',''
  ) );
#3772 = ORIENTED_EDGE('',*,*,#3773,.F.);
#3773 = EDGE_CURVE('',#3752,#3752,#3774,.T.);
#3774 = SURFACE_CURVE('',#3775,(#3780,#3787),.PCURVE_S1.);
#3775 = CIRCLE('',#3776,23.);
#3776 = AXIS2_PLACEMENT_3D('',#3777,#3778,#3779);
#3777 = CARTESIAN_POINT('',(18.1,-19.8,-28.5));
#3778 = DIRECTION('',(0.,-1.,2.22044604925E-16));
#3779 = DIRECTION('',(1.,0.,0.));
#3780 = PCURVE('',#3680,#3781);
#3781 = DEFINITIONAL_REPRESENTATION('',(#3782),#3786);
#3782 = LINE('',#3783,#3784);
#3783 = CARTESIAN_POINT('',(-0.,4.712388980385));
#3784 = VECTOR('',#3785,1.);
#3785 = DIRECTION('',(-1.,0.));
#3786 = ( GEOMETRIC_REPRESENTATION_CONTEXT(2) 
PARAMETRIC_REPRESENTATION_CONTEXT() REPRESENTATION_CONTEXT('2D SPACE',''
  ) );
#3787 = PCURVE('',#3788,#3793);
#3788 = PLANE('',#3789);
#3789 = AXIS2_PLACEMENT_3D('',#3790,#3791,#3792);
#3790 = CARTESIAN_POINT('',(18.1,-19.8,-28.5));
#3791 = DIRECTION('',(0.,-1.,2.22044604925E-16));
#3792 = DIRECTION('',(1.,0.,0.));
#3793 = DEFINITIONAL_REPRESENTATION('',(#3794),#3798);
#3794 = CIRCLE('',#3795,23.);
#3795 = AXIS2_PLACEMENT_2D('',#3796,#3797);
#3796 = CARTESIAN_POINT('',(0.,0.));
#3797 = DIRECTION('',(1.,-0.));
#3798 = ( GEOMETRIC_REPRESENTATION_CONTEXT(2) 
PARAMETRIC_REPRESENTATION_CONTEXT() REPRESENTATION_CONTEXT('2D SPACE',''
  ) );
#3799 = ORIENTED_EDGE('',*,*,#3751,.T.);
#3800 = ORIENTED_EDGE('',*,*,#3665,.T.);
#3801 = ADVANCED_FACE('',(#3802,#3805),#3736,.F.);
#3802 = FACE_BOUND('',#3803,.F.);
#3803 = EDGE_LOOP('',(#3804));
#3804 = ORIENTED_EDGE('',*,*,#3721,.T.);
#3805 = FACE_BOUND('',#3806,.F.);
#3806 = EDGE_LOOP('',(#3807));
#3807 = ORIENTED_EDGE('',*,*,#3808,.F.);
#3808 = EDGE_CURVE('',#3809,#3809,#3811,.T.);
#3809 = VERTEX_POINT('',#3810);
#3810 = CARTESIAN_POINT('',(37.1,19.8,-28.5));
#3811 = SURFACE_CURVE('',#3812,(#3817,#3824),.PCURVE_S1.);
#3812 = CIRCLE('',#3813,19.);
#3813 = AXIS2_PLACEMENT_3D('',#3814,#3815,#3816);
#3814 = CARTESIAN_POINT('',(18.1,19.8,-28.5));
#3815 = DIRECTION('',(0.,-1.,2.22044604925E-16));
#3816 = DIRECTION('',(1.,0.,0.));
#3817 = PCURVE('',#3736,#3818);
#3818 = DEFINITIONAL_REPRESENTATION('',(#3819),#3823);
#3819 = CIRCLE('',#3820,19.);
#3820 = AXIS2_PLACEMENT_2D('',#3821,#3822);
#3821 = CARTESIAN_POINT('',(0.,0.));
#3822 = DIRECTION('',(1.,0.));
#3823 = ( GEOMETRIC_REPRESENTATION_CONTEXT(2) 
PARAMETRIC_REPRESENTATION_CONTEXT() REPRESENTATION_CONTEXT('2D SPACE',''
  ) );
#3824 = PCURVE('',#3825,#3830);
#3825 = CYLINDRICAL_SURFACE('',#3826,19.);
#3826 = AXIS2_PLACEMENT_3D('',#3827,#3828,#3829);
#3827 = CARTESIAN_POINT('',(18.1,20.,-28.5));
#3828 = DIRECTION('',(0.,-1.,2.22044604925E-16));
#3829 = DIRECTION('',(1.,0.,0.));
#3830 = DEFINITIONAL_REPRESENTATION('',(#3831),#3835);
#3831 = LINE('',#3832,#3833);
#3832 = CARTESIAN_POINT('',(0.,0.2));
#3833 = VECTOR('',#3834,1.);
#3834 = DIRECTION('',(1.,0.));
#3835 = ( GEOMETRIC_REPRESENTATION_CONTEXT(2) 
PARAMETRIC_REPRESENTATION_CONTEXT() REPRESENTATION_CONTEXT('2D SPACE',''
  ) );
#3836 = ADVANCED_FACE('',(#3837,#3840),#3788,.T.);
#3837 = FACE_BOUND('',#3838,.F.);
#3838 = EDGE_LOOP('',(#3839));
#3839 = ORIENTED_EDGE('',*,*,#3773,.F.);
#3840 = FACE_BOUND('',#3841,.F.);
#3841 = EDGE_LOOP('',(#3842));
#3842 = ORIENTED_EDGE('',*,*,#3843,.T.);
#3843 = EDGE_CURVE('',#3844,#3844,#3846,.T.);
#3844 = VERTEX_POINT('',#3845);
#3845 = CARTESIAN_POINT('',(37.1,-19.8,-28.5));
#3846 = SURFACE_CURVE('',#3847,(#3852,#3859),.PCURVE_S1.);
#3847 = CIRCLE('',#3848,19.);
#3848 = AXIS2_PLACEMENT_3D('',#3849,#3850,#3851);
#3849 = CARTESIAN_POINT('',(18.1,-19.8,-28.5));
#3850 = DIRECTION('',(0.,-1.,2.22044604925E-16));
#3851 = DIRECTION('',(1.,0.,0.));
#3852 = PCURVE('',#3788,#3853);
#3853 = DEFINITIONAL_REPRESENTATION('',(#3854),#3858);
#3854 = CIRCLE('',#3855,19.);
#3855 = AXIS2_PLACEMENT_2D('',#3856,#3857);
#3856 = CARTESIAN_POINT('',(0.,0.));
#3857 = DIRECTION('',(1.,-0.));
#3858 = ( GEOMETRIC_REPRESENTATION_CONTEXT(2) 
PARAMETRIC_REPRESENTATION_CONTEXT() REPRESENTATION_CONTEXT('2D SPACE',''
  ) );
#3859 = PCURVE('',#3860,#3865);
#3860 = CYLINDRICAL_SURFACE('',#3861,19.);
#3861 = AXIS2_PLACEMENT_3D('',#3862,#3863,#3864);
#3862 = CARTESIAN_POINT('',(18.1,-8.5,-28.5));
#3863 = DIRECTION('',(0.,-1.,2.22044604925E-16));
#3864 = DIRECTION('',(1.,0.,0.));
#3865 = DEFINITIONAL_REPRESENTATION('',(#3866),#3870);
#3866 = LINE('',#3867,#3868);
#3867 = CARTESIAN_POINT('',(0.,11.3));
#3868 = VECTOR('',#3869,1.);
#3869 = DIRECTION('',(1.,0.));
#3870 = ( GEOMETRIC_REPRESENTATION_CONTEXT(2) 
PARAMETRIC_REPRESENTATION_CONTEXT() REPRESENTATION_CONTEXT('2D SPACE',''
  ) );
#3871 = ADVANCED_FACE('',(#3872),#3825,.T.);
#3872 = FACE_BOUND('',#3873,.T.);
#3873 = EDGE_LOOP('',(#3874,#3875,#3898,#3925));
#3874 = ORIENTED_EDGE('',*,*,#3808,.F.);
#3875 = ORIENTED_EDGE('',*,*,#3876,.F.);
#3876 = EDGE_CURVE('',#3877,#3809,#3879,.T.);
#3877 = VERTEX_POINT('',#3878);
#3878 = CARTESIAN_POINT('',(37.1,20.,-28.5));
#3879 = SEAM_CURVE('',#3880,(#3884,#3891),.PCURVE_S1.);
#3880 = LINE('',#3881,#3882);
#3881 = CARTESIAN_POINT('',(37.1,20.,-28.5));
#3882 = VECTOR('',#3883,1.);
#3883 = DIRECTION('',(0.,-1.,2.22044604925E-16));
#3884 = PCURVE('',#3825,#3885);
#3885 = DEFINITIONAL_REPRESENTATION('',(#3886),#3890);
#3886 = LINE('',#3887,#3888);
#3887 = CARTESIAN_POINT('',(6.28318530718,-0.));
#3888 = VECTOR('',#3889,1.);
#3889 = DIRECTION('',(0.,1.));
#3890 = ( GEOMETRIC_REPRESENTATION_CONTEXT(2) 
PARAMETRIC_REPRESENTATION_CONTEXT() REPRESENTATION_CONTEXT('2D SPACE',''
  ) );
#3891 = PCURVE('',#3825,#3892);
#3892 = DEFINITIONAL_REPRESENTATION('',(#3893),#3897);
#3893 = LINE('',#3894,#3895);
#3894 = CARTESIAN_POINT('',(0.,-0.));
#3895 = VECTOR('',#3896,1.);
#3896 = DIRECTION('',(0.,1.));
#3897 = ( GEOMETRIC_REPRESENTATION_CONTEXT(2) 
PARAMETRIC_REPRESENTATION_CONTEXT() REPRESENTATION_CONTEXT('2D SPACE',''
  ) );
#3898 = ORIENTED_EDGE('',*,*,#3899,.T.);
#3899 = EDGE_CURVE('',#3877,#3877,#3900,.T.);
#3900 = SURFACE_CURVE('',#3901,(#3906,#3913),.PCURVE_S1.);
#3901 = CIRCLE('',#3902,19.);
#3902 = AXIS2_PLACEMENT_3D('',#3903,#3904,#3905);
#3903 = CARTESIAN_POINT('',(18.1,20.,-28.5));
#3904 = DIRECTION('',(0.,-1.,2.22044604925E-16));
#3905 = DIRECTION('',(1.,0.,0.));
#3906 = PCURVE('',#3825,#3907);
#3907 = DEFINITIONAL_REPRESENTATION('',(#3908),#3912);
#3908 = LINE('',#3909,#3910);
#3909 = CARTESIAN_POINT('',(0.,0.));
#3910 = VECTOR('',#3911,1.);
#3911 = DIRECTION('',(1.,0.));
#3912 = ( GEOMETRIC_REPRESENTATION_CONTEXT(2) 
PARAMETRIC_REPRESENTATION_CONTEXT() REPRESENTATION_CONTEXT('2D SPACE',''
  ) );
#3913 = PCURVE('',#3914,#3919);
#3914 = PLANE('',#3915);
#3915 = AXIS2_PLACEMENT_3D('',#3916,#3917,#3918);
#3916 = CARTESIAN_POINT('',(18.1,20.,-28.5));
#3917 = DIRECTION('',(0.,-1.,2.22044604925E-16));
#3918 = DIRECTION('',(1.,0.,0.));
#3919 = DEFINITIONAL_REPRESENTATION('',(#3920),#3924);
#3920 = CIRCLE('',#3921,19.);
#3921 = AXIS2_PLACEMENT_2D('',#3922,#3923);
#3922 = CARTESIAN_POINT('',(0.,0.));
#3923 = DIRECTION('',(1.,0.));
#3924 = ( GEOMETRIC_REPRESENTATION_CONTEXT(2) 
PARAMETRIC_REPRESENTATION_CONTEXT() REPRESENTATION_CONTEXT('2D SPACE',''
  ) );
#3925 = ORIENTED_EDGE('',*,*,#3876,.T.);
#3926 = ADVANCED_FACE('',(#3927),#3860,.T.);
#3927 = FACE_BOUND('',#3928,.T.);
#3928 = EDGE_LOOP('',(#3929,#3952,#3979,#3980));
#3929 = ORIENTED_EDGE('',*,*,#3930,.T.);
#3930 = EDGE_CURVE('',#3844,#3931,#3933,.T.);
#3931 = VERTEX_POINT('',#3932);
#3932 = CARTESIAN_POINT('',(37.1,-20.,-28.5));
#3933 = SEAM_CURVE('',#3934,(#3938,#3945),.PCURVE_S1.);
#3934 = LINE('',#3935,#3936);
#3935 = CARTESIAN_POINT('',(37.1,-8.5,-28.5));
#3936 = VECTOR('',#3937,1.);
#3937 = DIRECTION('',(0.,-1.,2.22044604925E-16));
#3938 = PCURVE('',#3860,#3939);
#3939 = DEFINITIONAL_REPRESENTATION('',(#3940),#3944);
#3940 = LINE('',#3941,#3942);
#3941 = CARTESIAN_POINT('',(6.28318530718,-0.));
#3942 = VECTOR('',#3943,1.);
#3943 = DIRECTION('',(0.,1.));
#3944 = ( GEOMETRIC_REPRESENTATION_CONTEXT(2) 
PARAMETRIC_REPRESENTATION_CONTEXT() REPRESENTATION_CONTEXT('2D SPACE',''
  ) );
#3945 = PCURVE('',#3860,#3946);
#3946 = DEFINITIONAL_REPRESENTATION('',(#3947),#3951);
#3947 = LINE('',#3948,#3949);
#3948 = CARTESIAN_POINT('',(0.,-0.));
#3949 = VECTOR('',#3950,1.);
#3950 = DIRECTION('',(0.,1.));
#3951 = ( GEOMETRIC_REPRESENTATION_CONTEXT(2) 
PARAMETRIC_REPRESENTATION_CONTEXT() REPRESENTATION_CONTEXT('2D SPACE',''
  ) );
#3952 = ORIENTED_EDGE('',*,*,#3953,.F.);
#3953 = EDGE_CURVE('',#3931,#3931,#3954,.T.);
#3954 = SURFACE_CURVE('',#3955,(#3960,#3967),.PCURVE_S1.);
#3955 = CIRCLE('',#3956,19.);
#3956 = AXIS2_PLACEMENT_3D('',#3957,#3958,#3959);
#3957 = CARTESIAN_POINT('',(18.1,-20.,-28.5));
#3958 = DIRECTION('',(0.,-1.,2.22044604925E-16));
#3959 = DIRECTION('',(1.,0.,0.));
#3960 = PCURVE('',#3860,#3961);
#3961 = DEFINITIONAL_REPRESENTATION('',(#3962),#3966);
#3962 = LINE('',#3963,#3964);
#3963 = CARTESIAN_POINT('',(0.,11.5));
#3964 = VECTOR('',#3965,1.);
#3965 = DIRECTION('',(1.,0.));
#3966 = ( GEOMETRIC_REPRESENTATION_CONTEXT(2) 
PARAMETRIC_REPRESENTATION_CONTEXT() REPRESENTATION_CONTEXT('2D SPACE',''
  ) );
#3967 = PCURVE('',#3968,#3973);
#3968 = PLANE('',#3969);
#3969 = AXIS2_PLACEMENT_3D('',#3970,#3971,#3972);
#3970 = CARTESIAN_POINT('',(18.1,-20.,-28.5));
#3971 = DIRECTION('',(0.,-1.,2.22044604925E-16));
#3972 = DIRECTION('',(1.,0.,0.));
#3973 = DEFINITIONAL_REPRESENTATION('',(#3974),#3978);
#3974 = CIRCLE('',#3975,19.);
#3975 = AXIS2_PLACEMENT_2D('',#3976,#3977);
#3976 = CARTESIAN_POINT('',(0.,0.));
#3977 = DIRECTION('',(1.,0.));
#3978 = ( GEOMETRIC_REPRESENTATION_CONTEXT(2) 
PARAMETRIC_REPRESENTATION_CONTEXT() REPRESENTATION_CONTEXT('2D SPACE',''
  ) );
#3979 = ORIENTED_EDGE('',*,*,#3930,.F.);
#3980 = ORIENTED_EDGE('',*,*,#3843,.T.);
#3981 = ADVANCED_FACE('',(#3982),#3914,.F.);
#3982 = FACE_BOUND('',#3983,.F.);
#3983 = EDGE_LOOP('',(#3984));
#3984 = ORIENTED_EDGE('',*,*,#3899,.T.);
#3985 = ADVANCED_FACE('',(#3986),#3968,.T.);
#3986 = FACE_BOUND('',#3987,.T.);
#3987 = EDGE_LOOP('',(#3988));
#3988 = ORIENTED_EDGE('',*,*,#3953,.T.);
#3989 = ( GEOMETRIC_REPRESENTATION_CONTEXT(3) 
GLOBAL_UNCERTAINTY_ASSIGNED_CONTEXT((#3993)) 
GLOBAL_UNIT_ASSIGNED_CONTEXT((#3990,#3991,#3992)) REPRESENTATION_CONTEXT
('Context #1','3D Context with UNIT and UNCERTAINTY') );
#3990 = ( LENGTH_UNIT() NAMED_UNIT(*) SI_UNIT(.MILLI.,.METRE.) );
#3991 = ( NAMED_UNIT(*) PLANE_ANGLE_UNIT() SI_UNIT($,.RADIAN.) );
#3992 = ( NAMED_UNIT(*) SI_UNIT($,.STERADIAN.) SOLID_ANGLE_UNIT() );
#3993 = UNCERTAINTY_MEASURE_WITH_UNIT(LENGTH_MEASURE(2.E-06),#3990,
  'distance_accuracy_value','confusion accuracy');
#3994 = PRODUCT_RELATED_PRODUCT_CATEGORY('part',$,(#7));
ENDSEC;
END-ISO-10303-21;
