ISO-10303-21;
HEADER;
FILE_DESCRIPTION(('Open CASCADE Model'),'2;1');
FILE_NAME('carriage','2026-09-17T10:55:59',('Author'),('Open CASCADE'),
  'Open CASCADE STEP processor 7.9','build123d','Unknown');
FILE_SCHEMA(('AUTOMOTIVE_DESIGN { 1 0 10303 214 1 1 1 1 }'));
ENDSEC;
DATA;
#1 = APPLICATION_PROTOCOL_DEFINITION('international standard',
  'automotive_design',2000,#2);
#2 = APPLICATION_CONTEXT(
  'core data for automotive mechanical design processes');
#3 = SHAPE_DEFINITION_REPRESENTATION(#4,#10);
#4 = PRODUCT_DEFINITION_SHAPE('','',#5);
#5 = PRODUCT_DEFINITION('design','',#6,#9);
#6 = PRODUCT_DEFINITION_FORMATION('','',#7);
#7 = PRODUCT('carriage','carriage','',(#8));
#8 = PRODUCT_CONTEXT('',#2,'mechanical');
#9 = PRODUCT_DEFINITION_CONTEXT('part definition',#2,'design');
#10 = SHAPE_REPRESENTATION('',(#11,#15,#19,#23,#27,#31,#35,#39,#43,#47,
    #51,#55,#59,#63,#67,#71),#75);
#11 = AXIS2_PLACEMENT_3D('',#12,#13,#14);
#12 = CARTESIAN_POINT('',(0.,0.,0.));
#13 = DIRECTION('',(0.,0.,1.));
#14 = DIRECTION('',(1.,0.,-0.));
#15 = AXIS2_PLACEMENT_3D('',#16,#17,#18);
#16 = CARTESIAN_POINT('',(0.,0.,0.));
#17 = DIRECTION('',(0.,0.,1.));
#18 = DIRECTION('',(1.,0.,-0.));
#19 = AXIS2_PLACEMENT_3D('',#20,#21,#22);
#20 = CARTESIAN_POINT('',(18.1,0.,-28.5));
#21 = DIRECTION('',(0.,0.,1.));
#22 = DIRECTION('',(1.,0.,-0.));
#23 = AXIS2_PLACEMENT_3D('',#24,#25,#26);
#24 = CARTESIAN_POINT('',(0.,0.,-19.));
#25 = DIRECTION('',(0.,0.,1.));
#26 = DIRECTION('',(1.,0.,-0.));
#27 = AXIS2_PLACEMENT_3D('',#28,#29,#30);
#28 = CARTESIAN_POINT('',(0.,0.,-4.));
#29 = DIRECTION('',(0.,0.,1.));
#30 = DIRECTION('',(1.,0.,-0.));
#31 = AXIS2_PLACEMENT_3D('',#32,#33,#34);
#32 = CARTESIAN_POINT('',(0.,0.,-8.96));
#33 = DIRECTION('',(0.,0.,1.));
#34 = DIRECTION('',(1.,0.,-0.));
#35 = AXIS2_PLACEMENT_3D('',#36,#37,#38);
#36 = CARTESIAN_POINT('',(18.1,14.25,-28.5));
#37 = DIRECTION('',(0.,-1.,2.22044604925E-16));
#38 = DIRECTION('',(1.,0.,0.));
#39 = AXIS2_PLACEMENT_3D('',#40,#41,#42);
#40 = CARTESIAN_POINT('',(18.1,14.25,-28.5));
#41 = DIRECTION('',(0.,-1.,2.22044604925E-16));
#42 = DIRECTION('',(1.,0.,0.));
#43 = AXIS2_PLACEMENT_3D('',#44,#45,#46);
#44 = CARTESIAN_POINT('',(18.1,14.25,-28.5));
#45 = DIRECTION('',(0.,-1.,2.22044604925E-16));
#46 = DIRECTION('',(1.,0.,0.));
#47 = AXIS2_PLACEMENT_3D('',#48,#49,#50);
#48 = CARTESIAN_POINT('',(18.1,11.,-28.5));
#49 = DIRECTION('',(0.,-1.,2.22044604925E-16));
#50 = DIRECTION('',(1.,0.,0.));
#51 = AXIS2_PLACEMENT_3D('',#52,#53,#54);
#52 = CARTESIAN_POINT('',(18.1,17.5,-28.5));
#53 = DIRECTION('',(0.,-1.,2.22044604925E-16));
#54 = DIRECTION('',(1.,0.,0.));
#55 = AXIS2_PLACEMENT_3D('',#56,#57,#58);
#56 = CARTESIAN_POINT('',(18.1,-14.25,-28.5));
#57 = DIRECTION('',(0.,-1.,2.22044604925E-16));
#58 = DIRECTION('',(1.,0.,0.));
#59 = AXIS2_PLACEMENT_3D('',#60,#61,#62);
#60 = CARTESIAN_POINT('',(18.1,-14.25,-28.5));
#61 = DIRECTION('',(0.,-1.,2.22044604925E-16));
#62 = DIRECTION('',(1.,0.,0.));
#63 = AXIS2_PLACEMENT_3D('',#64,#65,#66);
#64 = CARTESIAN_POINT('',(18.1,-14.25,-28.5));
#65 = DIRECTION('',(0.,-1.,2.22044604925E-16));
#66 = DIRECTION('',(1.,0.,0.));
#67 = AXIS2_PLACEMENT_3D('',#68,#69,#70);
#68 = CARTESIAN_POINT('',(18.1,-17.5,-28.5));
#69 = DIRECTION('',(0.,-1.,2.22044604925E-16));
#70 = DIRECTION('',(1.,0.,0.));
#71 = AXIS2_PLACEMENT_3D('',#72,#73,#74);
#72 = CARTESIAN_POINT('',(18.1,-11.,-28.5));
#73 = DIRECTION('',(0.,-1.,2.22044604925E-16));
#74 = DIRECTION('',(1.,0.,0.));
#75 = ( GEOMETRIC_REPRESENTATION_CONTEXT(3) 
GLOBAL_UNCERTAINTY_ASSIGNED_CONTEXT((#79)) GLOBAL_UNIT_ASSIGNED_CONTEXT(
(#76,#77,#78)) REPRESENTATION_CONTEXT('Context #1',
  '3D Context with UNIT and UNCERTAINTY') );
#76 = ( LENGTH_UNIT() NAMED_UNIT(*) SI_UNIT(.MILLI.,.METRE.) );
#77 = ( NAMED_UNIT(*) PLANE_ANGLE_UNIT() SI_UNIT($,.RADIAN.) );
#78 = ( NAMED_UNIT(*) SI_UNIT($,.STERADIAN.) SOLID_ANGLE_UNIT() );
#79 = UNCERTAINTY_MEASURE_WITH_UNIT(LENGTH_MEASURE(2.E-06),#76,
  'distance_accuracy_value','confusion accuracy');
#80 = PRODUCT_RELATED_PRODUCT_CATEGORY('part',$,(#7));
#81 = SHAPE_DEFINITION_REPRESENTATION(#82,#88);
#82 = PRODUCT_DEFINITION_SHAPE('','',#83);
#83 = PRODUCT_DEFINITION('design','',#84,#87);
#84 = PRODUCT_DEFINITION_FORMATION('','',#85);
#85 = PRODUCT('body','body','',(#86));
#86 = PRODUCT_CONTEXT('',#2,'mechanical');
#87 = PRODUCT_DEFINITION_CONTEXT('part definition',#2,'design');
#88 = ADVANCED_BREP_SHAPE_REPRESENTATION('',(#11,#89),#4919);
#89 = MANIFOLD_SOLID_BREP('',#90);
#90 = CLOSED_SHELL('',(#91,#800,#883,#937,#1017,#1070,#1124,#1178,#1231,
    #1284,#1346,#1400,#1480,#1533,#1587,#1641,#1695,#1748,#1801,#1834,
    #1889,#2050,#2171,#2266,#2313,#2363,#2517,#2566,#2830,#2885,#2933,
    #3028,#3082,#3215,#3268,#3389,#3639,#3686,#3818,#3853,#4016,#4085,
    #4134,#4187,#4241,#4267,#4320,#4348,#4375,#4425,#4494,#4520,#4568,
    #4617,#4643,#4691,#4719,#4774,#4801,#4851,#4878,#4905,#4912));
#91 = ADVANCED_FACE('',(#92,#765),#107,.F.);
#92 = FACE_BOUND('',#93,.F.);
#93 = EDGE_LOOP('',(#94,#134,#177,#205,#234,#262,#305,#333,#376,#404,
    #433,#461,#504,#537,#595,#638,#666,#709));
#94 = ORIENTED_EDGE('',*,*,#95,.F.);
#95 = EDGE_CURVE('',#96,#98,#100,.T.);
#96 = VERTEX_POINT('',#97);
#97 = CARTESIAN_POINT('',(-2.090909090909,11.30831990941,-4.));
#98 = VERTEX_POINT('',#99);
#99 = CARTESIAN_POINT('',(-8.574500480078,7.663415786524,-4.));
#100 = SURFACE_CURVE('',#101,(#106,#122),.PCURVE_S1.);
#101 = CIRCLE('',#102,11.5);
#102 = AXIS2_PLACEMENT_3D('',#103,#104,#105);
#103 = CARTESIAN_POINT('',(0.,0.,-4.));
#104 = DIRECTION('',(0.,-0.,1.));
#105 = DIRECTION('',(-0.181818181818,0.983332166036,0.));
#106 = PCURVE('',#107,#112);
#107 = PLANE('',#108);
#108 = AXIS2_PLACEMENT_3D('',#109,#110,#111);
#109 = CARTESIAN_POINT('',(-13.,0.,-4.));
#110 = DIRECTION('',(0.,0.,-1.));
#111 = DIRECTION('',(1.,0.,0.));
#112 = DEFINITIONAL_REPRESENTATION('',(#113),#121);
#113 = ( BOUNDED_CURVE() B_SPLINE_CURVE(2,(#114,#115,#116,#117,#118,#119
,#120),.UNSPECIFIED.,.T.,.F.) B_SPLINE_CURVE_WITH_KNOTS((1,2,2,2,2,1),(
    -2.094395102393,0.,2.094395102393,4.188790204786,6.28318530718,
8.377580409573),.UNSPECIFIED.) CURVE() GEOMETRIC_REPRESENTATION_ITEM() 
RATIONAL_B_SPLINE_CURVE((1.,0.5,1.,0.5,1.,0.5,1.)) REPRESENTATION_ITEM(
  '') );
#114 = CARTESIAN_POINT('',(10.909090909091,-11.30831990941));
#115 = CARTESIAN_POINT('',(-8.67749372225,-7.686759129948));
#116 = CARTESIAN_POINT('',(4.252162229784,7.464940344436));
#117 = CARTESIAN_POINT('',(17.181818181818,22.61663981882));
#118 = CARTESIAN_POINT('',(23.838746861125,3.843379564974));
#119 = CARTESIAN_POINT('',(30.495675540431,-14.92988068887));
#120 = CARTESIAN_POINT('',(10.909090909091,-11.30831990941));
#121 = ( GEOMETRIC_REPRESENTATION_CONTEXT(2) 
PARAMETRIC_REPRESENTATION_CONTEXT() REPRESENTATION_CONTEXT('2D SPACE',''
  ) );
#122 = PCURVE('',#123,#128);
#123 = TOROIDAL_SURFACE('',#124,11.5,1.5);
#124 = AXIS2_PLACEMENT_3D('',#125,#126,#127);
#125 = CARTESIAN_POINT('',(0.,0.,-5.5));
#126 = DIRECTION('',(0.,0.,-1.));
#127 = DIRECTION('',(-0.181818181818,0.983332166036,0.));
#128 = DEFINITIONAL_REPRESENTATION('',(#129),#133);
#129 = LINE('',#130,#131);
#130 = CARTESIAN_POINT('',(-0.,4.712388980385));
#131 = VECTOR('',#132,1.);
#132 = DIRECTION('',(-1.,0.));
#133 = ( GEOMETRIC_REPRESENTATION_CONTEXT(2) 
PARAMETRIC_REPRESENTATION_CONTEXT() REPRESENTATION_CONTEXT('2D SPACE',''
  ) );
#134 = ORIENTED_EDGE('',*,*,#135,.F.);
#135 = EDGE_CURVE('',#136,#96,#138,.T.);
#136 = VERTEX_POINT('',#137);
#137 = CARTESIAN_POINT('',(-1.5,10.816653826392,-4.));
#138 = SURFACE_CURVE('',#139,(#144,#155),.PCURVE_S1.);
#139 = CIRCLE('',#140,0.5);
#140 = AXIS2_PLACEMENT_3D('',#141,#142,#143);
#141 = CARTESIAN_POINT('',(-2.,10.816653826392,-4.));
#142 = DIRECTION('',(0.,-0.,1.));
#143 = DIRECTION('',(1.,8.881784197001E-16,0.));
#144 = PCURVE('',#107,#145);
#145 = DEFINITIONAL_REPRESENTATION('',(#146),#154);
#146 = ( BOUNDED_CURVE() B_SPLINE_CURVE(2,(#147,#148,#149,#150,#151,#152
,#153),.UNSPECIFIED.,.T.,.F.) B_SPLINE_CURVE_WITH_KNOTS((1,2,2,2,2,1),(
    -2.094395102393,0.,2.094395102393,4.188790204786,6.28318530718,
8.377580409573),.UNSPECIFIED.) CURVE() GEOMETRIC_REPRESENTATION_ITEM() 
RATIONAL_B_SPLINE_CURVE((1.,0.5,1.,0.5,1.,0.5,1.)) REPRESENTATION_ITEM(
  '') );
#147 = CARTESIAN_POINT('',(11.5,-10.81665382639));
#148 = CARTESIAN_POINT('',(11.5,-11.68267923017));
#149 = CARTESIAN_POINT('',(10.75,-11.24966652828));
#150 = CARTESIAN_POINT('',(10.,-10.81665382639));
#151 = CARTESIAN_POINT('',(10.75,-10.3836411245));
#152 = CARTESIAN_POINT('',(11.5,-9.950628422608));
#153 = CARTESIAN_POINT('',(11.5,-10.81665382639));
#154 = ( GEOMETRIC_REPRESENTATION_CONTEXT(2) 
PARAMETRIC_REPRESENTATION_CONTEXT() REPRESENTATION_CONTEXT('2D SPACE',''
  ) );
#155 = PCURVE('',#156,#171);
#156 = SURFACE_OF_REVOLUTION('',#157,#168);
#157 = B_SPLINE_CURVE_WITH_KNOTS('',5,(#158,#159,#160,#161,#162,#163,
    #164,#165,#166,#167),.UNSPECIFIED.,.F.,.F.,(6,4,6),(4.712388980385,
    5.497787143782,6.28318530718),.UNSPECIFIED.);
#158 = CARTESIAN_POINT('',(-1.5,10.816653826392,-4.));
#159 = CARTESIAN_POINT('',(-1.264380550981,10.816653826392,-4.));
#160 = CARTESIAN_POINT('',(-1.028757369027,10.816653826392,
    -4.046253389419));
#161 = CARTESIAN_POINT('',(-0.805264773476,10.816653826392,
    -4.138827053586));
#162 = CARTESIAN_POINT('',(-0.605947938401,10.816653826392,
    -4.272731718039));
#163 = CARTESIAN_POINT('',(-0.272731718039,10.816653826392,
    -4.605947938401));
#164 = CARTESIAN_POINT('',(-0.138827053586,10.816653826392,
    -4.805264773476));
#165 = CARTESIAN_POINT('',(-4.625338941871E-02,10.816653826392,
    -5.028757369027));
#166 = CARTESIAN_POINT('',(-3.211684348451E-16,10.816653826392,
    -5.264380550981));
#167 = CARTESIAN_POINT('',(-1.387778780781E-17,10.816653826392,-5.5));
#168 = AXIS1_PLACEMENT('',#169,#170);
#169 = CARTESIAN_POINT('',(-2.,10.816653826392,-5.5));
#170 = DIRECTION('',(0.,0.,-1.));
#171 = DEFINITIONAL_REPRESENTATION('',(#172),#176);
#172 = LINE('',#173,#174);
#173 = CARTESIAN_POINT('',(-0.,4.712388980385));
#174 = VECTOR('',#175,1.);
#175 = DIRECTION('',(-1.,0.));
#176 = ( GEOMETRIC_REPRESENTATION_CONTEXT(2) 
PARAMETRIC_REPRESENTATION_CONTEXT() REPRESENTATION_CONTEXT('2D SPACE',''
  ) );
#177 = ORIENTED_EDGE('',*,*,#178,.F.);
#178 = EDGE_CURVE('',#179,#136,#181,.T.);
#179 = VERTEX_POINT('',#180);
#180 = CARTESIAN_POINT('',(-1.5,10.,-4.));
#181 = SURFACE_CURVE('',#182,(#186,#193),.PCURVE_S1.);
#182 = LINE('',#183,#184);
#183 = CARTESIAN_POINT('',(-1.5,10.,-4.));
#184 = VECTOR('',#185,1.);
#185 = DIRECTION('',(0.,1.,0.));
#186 = PCURVE('',#107,#187);
#187 = DEFINITIONAL_REPRESENTATION('',(#188),#192);
#188 = LINE('',#189,#190);
#189 = CARTESIAN_POINT('',(11.5,-10.));
#190 = VECTOR('',#191,1.);
#191 = DIRECTION('',(0.,-1.));
#192 = ( GEOMETRIC_REPRESENTATION_CONTEXT(2) 
PARAMETRIC_REPRESENTATION_CONTEXT() REPRESENTATION_CONTEXT('2D SPACE',''
  ) );
#193 = PCURVE('',#194,#199);
#194 = CYLINDRICAL_SURFACE('',#195,1.5);
#195 = AXIS2_PLACEMENT_3D('',#196,#197,#198);
#196 = CARTESIAN_POINT('',(-1.5,10.,-5.5));
#197 = DIRECTION('',(0.,1.,0.));
#198 = DIRECTION('',(0.,-0.,1.));
#199 = DEFINITIONAL_REPRESENTATION('',(#200),#204);
#200 = LINE('',#201,#202);
#201 = CARTESIAN_POINT('',(0.,0.));
#202 = VECTOR('',#203,1.);
#203 = DIRECTION('',(0.,1.));
#204 = ( GEOMETRIC_REPRESENTATION_CONTEXT(2) 
PARAMETRIC_REPRESENTATION_CONTEXT() REPRESENTATION_CONTEXT('2D SPACE',''
  ) );
#205 = ORIENTED_EDGE('',*,*,#206,.F.);
#206 = EDGE_CURVE('',#207,#179,#209,.T.);
#207 = VERTEX_POINT('',#208);
#208 = CARTESIAN_POINT('',(2.,6.5,-4.));
#209 = SURFACE_CURVE('',#210,(#215,#222),.PCURVE_S1.);
#210 = CIRCLE('',#211,3.5);
#211 = AXIS2_PLACEMENT_3D('',#212,#213,#214);
#212 = CARTESIAN_POINT('',(2.,10.,-4.));
#213 = DIRECTION('',(0.,0.,-1.));
#214 = DIRECTION('',(-2.22044604925E-16,-1.,-0.));
#215 = PCURVE('',#107,#216);
#216 = DEFINITIONAL_REPRESENTATION('',(#217),#221);
#217 = CIRCLE('',#218,3.5);
#218 = AXIS2_PLACEMENT_2D('',#219,#220);
#219 = CARTESIAN_POINT('',(15.,-10.));
#220 = DIRECTION('',(0.,1.));
#221 = ( GEOMETRIC_REPRESENTATION_CONTEXT(2) 
PARAMETRIC_REPRESENTATION_CONTEXT() REPRESENTATION_CONTEXT('2D SPACE',''
  ) );
#222 = PCURVE('',#223,#228);
#223 = TOROIDAL_SURFACE('',#224,3.5,1.5);
#224 = AXIS2_PLACEMENT_3D('',#225,#226,#227);
#225 = CARTESIAN_POINT('',(2.,10.,-5.5));
#226 = DIRECTION('',(-0.,-0.,1.));
#227 = DIRECTION('',(-2.22044604925E-16,-1.,-0.));
#228 = DEFINITIONAL_REPRESENTATION('',(#229),#233);
#229 = LINE('',#230,#231);
#230 = CARTESIAN_POINT('',(-0.,1.570796326795));
#231 = VECTOR('',#232,1.);
#232 = DIRECTION('',(-1.,0.));
#233 = ( GEOMETRIC_REPRESENTATION_CONTEXT(2) 
PARAMETRIC_REPRESENTATION_CONTEXT() REPRESENTATION_CONTEXT('2D SPACE',''
  ) );
#234 = ORIENTED_EDGE('',*,*,#235,.F.);
#235 = EDGE_CURVE('',#236,#207,#238,.T.);
#236 = VERTEX_POINT('',#237);
#237 = CARTESIAN_POINT('',(11.,6.5,-4.));
#238 = SURFACE_CURVE('',#239,(#243,#250),.PCURVE_S1.);
#239 = LINE('',#240,#241);
#240 = CARTESIAN_POINT('',(11.,6.5,-4.));
#241 = VECTOR('',#242,1.);
#242 = DIRECTION('',(-1.,-0.,-0.));
#243 = PCURVE('',#107,#244);
#244 = DEFINITIONAL_REPRESENTATION('',(#245),#249);
#245 = LINE('',#246,#247);
#246 = CARTESIAN_POINT('',(24.,-6.5));
#247 = VECTOR('',#248,1.);
#248 = DIRECTION('',(-1.,0.));
#249 = ( GEOMETRIC_REPRESENTATION_CONTEXT(2) 
PARAMETRIC_REPRESENTATION_CONTEXT() REPRESENTATION_CONTEXT('2D SPACE',''
  ) );
#250 = PCURVE('',#251,#256);
#251 = CYLINDRICAL_SURFACE('',#252,1.5);
#252 = AXIS2_PLACEMENT_3D('',#253,#254,#255);
#253 = CARTESIAN_POINT('',(11.,6.5,-5.5));
#254 = DIRECTION('',(-1.,-0.,-0.));
#255 = DIRECTION('',(-0.,0.,1.));
#256 = DEFINITIONAL_REPRESENTATION('',(#257),#261);
#257 = LINE('',#258,#259);
#258 = CARTESIAN_POINT('',(0.,0.));
#259 = VECTOR('',#260,1.);
#260 = DIRECTION('',(0.,1.));
#261 = ( GEOMETRIC_REPRESENTATION_CONTEXT(2) 
PARAMETRIC_REPRESENTATION_CONTEXT() REPRESENTATION_CONTEXT('2D SPACE',''
  ) );
#262 = ORIENTED_EDGE('',*,*,#263,.F.);
#263 = EDGE_CURVE('',#264,#236,#266,.T.);
#264 = VERTEX_POINT('',#265);
#265 = CARTESIAN_POINT('',(11.5,6.,-4.));
#266 = SURFACE_CURVE('',#267,(#272,#283),.PCURVE_S1.);
#267 = CIRCLE('',#268,0.5);
#268 = AXIS2_PLACEMENT_3D('',#269,#270,#271);
#269 = CARTESIAN_POINT('',(11.,6.,-4.));
#270 = DIRECTION('',(0.,-0.,1.));
#271 = DIRECTION('',(1.,0.,0.));
#272 = PCURVE('',#107,#273);
#273 = DEFINITIONAL_REPRESENTATION('',(#274),#282);
#274 = ( BOUNDED_CURVE() B_SPLINE_CURVE(2,(#275,#276,#277,#278,#279,#280
,#281),.UNSPECIFIED.,.T.,.F.) B_SPLINE_CURVE_WITH_KNOTS((1,2,2,2,2,1),(
    -2.094395102393,0.,2.094395102393,4.188790204786,6.28318530718,
8.377580409573),.UNSPECIFIED.) CURVE() GEOMETRIC_REPRESENTATION_ITEM() 
RATIONAL_B_SPLINE_CURVE((1.,0.5,1.,0.5,1.,0.5,1.)) REPRESENTATION_ITEM(
  '') );
#275 = CARTESIAN_POINT('',(24.5,-6.));
#276 = CARTESIAN_POINT('',(24.5,-6.866025403784));
#277 = CARTESIAN_POINT('',(23.75,-6.433012701892));
#278 = CARTESIAN_POINT('',(23.,-6.));
#279 = CARTESIAN_POINT('',(23.75,-5.566987298108));
#280 = CARTESIAN_POINT('',(24.5,-5.133974596216));
#281 = CARTESIAN_POINT('',(24.5,-6.));
#282 = ( GEOMETRIC_REPRESENTATION_CONTEXT(2) 
PARAMETRIC_REPRESENTATION_CONTEXT() REPRESENTATION_CONTEXT('2D SPACE',''
  ) );
#283 = PCURVE('',#284,#299);
#284 = SURFACE_OF_REVOLUTION('',#285,#296);
#285 = B_SPLINE_CURVE_WITH_KNOTS('',5,(#286,#287,#288,#289,#290,#291,
    #292,#293,#294,#295),.UNSPECIFIED.,.F.,.F.,(6,4,6),(4.712388980385,
    5.497787143782,6.28318530718),.UNSPECIFIED.);
#286 = CARTESIAN_POINT('',(11.5,6.,-4.));
#287 = CARTESIAN_POINT('',(11.735619449019,6.,-4.));
#288 = CARTESIAN_POINT('',(11.971242630973,6.,-4.046253389419));
#289 = CARTESIAN_POINT('',(12.194735226524,6.,-4.138827053586));
#290 = CARTESIAN_POINT('',(12.394052061599,6.,-4.272731718039));
#291 = CARTESIAN_POINT('',(12.727268281961,6.,-4.605947938401));
#292 = CARTESIAN_POINT('',(12.861172946414,6.,-4.805264773476));
#293 = CARTESIAN_POINT('',(12.953746610581,6.,-5.028757369027));
#294 = CARTESIAN_POINT('',(13.,6.,-5.264380550981));
#295 = CARTESIAN_POINT('',(13.,6.,-5.5));
#296 = AXIS1_PLACEMENT('',#297,#298);
#297 = CARTESIAN_POINT('',(11.,6.,-5.5));
#298 = DIRECTION('',(0.,0.,-1.));
#299 = DEFINITIONAL_REPRESENTATION('',(#300),#304);
#300 = LINE('',#301,#302);
#301 = CARTESIAN_POINT('',(-0.,4.712388980385));
#302 = VECTOR('',#303,1.);
#303 = DIRECTION('',(-1.,0.));
#304 = ( GEOMETRIC_REPRESENTATION_CONTEXT(2) 
PARAMETRIC_REPRESENTATION_CONTEXT() REPRESENTATION_CONTEXT('2D SPACE',''
  ) );
#305 = ORIENTED_EDGE('',*,*,#306,.F.);
#306 = EDGE_CURVE('',#307,#264,#309,.T.);
#307 = VERTEX_POINT('',#308);
#308 = CARTESIAN_POINT('',(11.5,-6.,-4.));
#309 = SURFACE_CURVE('',#310,(#314,#321),.PCURVE_S1.);
#310 = LINE('',#311,#312);
#311 = CARTESIAN_POINT('',(11.5,-6.,-4.));
#312 = VECTOR('',#313,1.);
#313 = DIRECTION('',(0.,1.,0.));
#314 = PCURVE('',#107,#315);
#315 = DEFINITIONAL_REPRESENTATION('',(#316),#320);
#316 = LINE('',#317,#318);
#317 = CARTESIAN_POINT('',(24.5,6.));
#318 = VECTOR('',#319,1.);
#319 = DIRECTION('',(0.,-1.));
#320 = ( GEOMETRIC_REPRESENTATION_CONTEXT(2) 
PARAMETRIC_REPRESENTATION_CONTEXT() REPRESENTATION_CONTEXT('2D SPACE',''
  ) );
#321 = PCURVE('',#322,#327);
#322 = CYLINDRICAL_SURFACE('',#323,1.5);
#323 = AXIS2_PLACEMENT_3D('',#324,#325,#326);
#324 = CARTESIAN_POINT('',(11.5,-6.,-5.5));
#325 = DIRECTION('',(0.,1.,0.));
#326 = DIRECTION('',(0.,-0.,1.));
#327 = DEFINITIONAL_REPRESENTATION('',(#328),#332);
#328 = LINE('',#329,#330);
#329 = CARTESIAN_POINT('',(0.,0.));
#330 = VECTOR('',#331,1.);
#331 = DIRECTION('',(0.,1.));
#332 = ( GEOMETRIC_REPRESENTATION_CONTEXT(2) 
PARAMETRIC_REPRESENTATION_CONTEXT() REPRESENTATION_CONTEXT('2D SPACE',''
  ) );
#333 = ORIENTED_EDGE('',*,*,#334,.F.);
#334 = EDGE_CURVE('',#335,#307,#337,.T.);
#335 = VERTEX_POINT('',#336);
#336 = CARTESIAN_POINT('',(11.,-6.5,-4.));
#337 = SURFACE_CURVE('',#338,(#343,#354),.PCURVE_S1.);
#338 = CIRCLE('',#339,0.5);
#339 = AXIS2_PLACEMENT_3D('',#340,#341,#342);
#340 = CARTESIAN_POINT('',(11.,-6.,-4.));
#341 = DIRECTION('',(-0.,0.,1.));
#342 = DIRECTION('',(0.,-1.,0.));
#343 = PCURVE('',#107,#344);
#344 = DEFINITIONAL_REPRESENTATION('',(#345),#353);
#345 = ( BOUNDED_CURVE() B_SPLINE_CURVE(2,(#346,#347,#348,#349,#350,#351
,#352),.UNSPECIFIED.,.T.,.F.) B_SPLINE_CURVE_WITH_KNOTS((1,2,2,2,2,1),(
    -2.094395102393,0.,2.094395102393,4.188790204786,6.28318530718,
8.377580409573),.UNSPECIFIED.) CURVE() GEOMETRIC_REPRESENTATION_ITEM() 
RATIONAL_B_SPLINE_CURVE((1.,0.5,1.,0.5,1.,0.5,1.)) REPRESENTATION_ITEM(
  '') );
#346 = CARTESIAN_POINT('',(24.,6.5));
#347 = CARTESIAN_POINT('',(24.866025403784,6.5));
#348 = CARTESIAN_POINT('',(24.433012701892,5.75));
#349 = CARTESIAN_POINT('',(24.,5.));
#350 = CARTESIAN_POINT('',(23.566987298108,5.75));
#351 = CARTESIAN_POINT('',(23.133974596216,6.5));
#352 = CARTESIAN_POINT('',(24.,6.5));
#353 = ( GEOMETRIC_REPRESENTATION_CONTEXT(2) 
PARAMETRIC_REPRESENTATION_CONTEXT() REPRESENTATION_CONTEXT('2D SPACE',''
  ) );
#354 = PCURVE('',#355,#370);
#355 = SURFACE_OF_REVOLUTION('',#356,#367);
#356 = B_SPLINE_CURVE_WITH_KNOTS('',5,(#357,#358,#359,#360,#361,#362,
    #363,#364,#365,#366),.UNSPECIFIED.,.F.,.F.,(6,4,6),(4.712388980385,
    5.497787143782,6.28318530718),.UNSPECIFIED.);
#357 = CARTESIAN_POINT('',(11.,-6.5,-4.));
#358 = CARTESIAN_POINT('',(11.,-6.735619449019,-4.));
#359 = CARTESIAN_POINT('',(11.,-6.971242630973,-4.046253389419));
#360 = CARTESIAN_POINT('',(11.,-7.194735226524,-4.138827053586));
#361 = CARTESIAN_POINT('',(11.,-7.394052061599,-4.272731718039));
#362 = CARTESIAN_POINT('',(11.,-7.727268281961,-4.605947938401));
#363 = CARTESIAN_POINT('',(11.,-7.861172946414,-4.805264773476));
#364 = CARTESIAN_POINT('',(11.,-7.953746610581,-5.028757369027));
#365 = CARTESIAN_POINT('',(11.,-8.,-5.264380550981));
#366 = CARTESIAN_POINT('',(11.,-8.,-5.5));
#367 = AXIS1_PLACEMENT('',#368,#369);
#368 = CARTESIAN_POINT('',(11.,-6.,-5.5));
#369 = DIRECTION('',(0.,0.,-1.));
#370 = DEFINITIONAL_REPRESENTATION('',(#371),#375);
#371 = LINE('',#372,#373);
#372 = CARTESIAN_POINT('',(-0.,4.712388980385));
#373 = VECTOR('',#374,1.);
#374 = DIRECTION('',(-1.,0.));
#375 = ( GEOMETRIC_REPRESENTATION_CONTEXT(2) 
PARAMETRIC_REPRESENTATION_CONTEXT() REPRESENTATION_CONTEXT('2D SPACE',''
  ) );
#376 = ORIENTED_EDGE('',*,*,#377,.F.);
#377 = EDGE_CURVE('',#378,#335,#380,.T.);
#378 = VERTEX_POINT('',#379);
#379 = CARTESIAN_POINT('',(2.,-6.5,-4.));
#380 = SURFACE_CURVE('',#381,(#385,#392),.PCURVE_S1.);
#381 = LINE('',#382,#383);
#382 = CARTESIAN_POINT('',(2.,-6.5,-4.));
#383 = VECTOR('',#384,1.);
#384 = DIRECTION('',(1.,0.,0.));
#385 = PCURVE('',#107,#386);
#386 = DEFINITIONAL_REPRESENTATION('',(#387),#391);
#387 = LINE('',#388,#389);
#388 = CARTESIAN_POINT('',(15.,6.5));
#389 = VECTOR('',#390,1.);
#390 = DIRECTION('',(1.,0.));
#391 = ( GEOMETRIC_REPRESENTATION_CONTEXT(2) 
PARAMETRIC_REPRESENTATION_CONTEXT() REPRESENTATION_CONTEXT('2D SPACE',''
  ) );
#392 = PCURVE('',#393,#398);
#393 = CYLINDRICAL_SURFACE('',#394,1.5);
#394 = AXIS2_PLACEMENT_3D('',#395,#396,#397);
#395 = CARTESIAN_POINT('',(2.,-6.5,-5.5));
#396 = DIRECTION('',(1.,0.,0.));
#397 = DIRECTION('',(0.,-0.,1.));
#398 = DEFINITIONAL_REPRESENTATION('',(#399),#403);
#399 = LINE('',#400,#401);
#400 = CARTESIAN_POINT('',(0.,0.));
#401 = VECTOR('',#402,1.);
#402 = DIRECTION('',(0.,1.));
#403 = ( GEOMETRIC_REPRESENTATION_CONTEXT(2) 
PARAMETRIC_REPRESENTATION_CONTEXT() REPRESENTATION_CONTEXT('2D SPACE',''
  ) );
#404 = ORIENTED_EDGE('',*,*,#405,.F.);
#405 = EDGE_CURVE('',#406,#378,#408,.T.);
#406 = VERTEX_POINT('',#407);
#407 = CARTESIAN_POINT('',(-1.5,-10.,-4.));
#408 = SURFACE_CURVE('',#409,(#414,#421),.PCURVE_S1.);
#409 = CIRCLE('',#410,3.5);
#410 = AXIS2_PLACEMENT_3D('',#411,#412,#413);
#411 = CARTESIAN_POINT('',(2.,-10.,-4.));
#412 = DIRECTION('',(0.,0.,-1.));
#413 = DIRECTION('',(-1.,0.,0.));
#414 = PCURVE('',#107,#415);
#415 = DEFINITIONAL_REPRESENTATION('',(#416),#420);
#416 = CIRCLE('',#417,3.5);
#417 = AXIS2_PLACEMENT_2D('',#418,#419);
#418 = CARTESIAN_POINT('',(15.,10.));
#419 = DIRECTION('',(-1.,0.));
#420 = ( GEOMETRIC_REPRESENTATION_CONTEXT(2) 
PARAMETRIC_REPRESENTATION_CONTEXT() REPRESENTATION_CONTEXT('2D SPACE',''
  ) );
#421 = PCURVE('',#422,#427);
#422 = TOROIDAL_SURFACE('',#423,3.5,1.5);
#423 = AXIS2_PLACEMENT_3D('',#424,#425,#426);
#424 = CARTESIAN_POINT('',(2.,-10.,-5.5));
#425 = DIRECTION('',(-0.,-0.,1.));
#426 = DIRECTION('',(-1.,0.,0.));
#427 = DEFINITIONAL_REPRESENTATION('',(#428),#432);
#428 = LINE('',#429,#430);
#429 = CARTESIAN_POINT('',(-0.,1.570796326795));
#430 = VECTOR('',#431,1.);
#431 = DIRECTION('',(-1.,0.));
#432 = ( GEOMETRIC_REPRESENTATION_CONTEXT(2) 
PARAMETRIC_REPRESENTATION_CONTEXT() REPRESENTATION_CONTEXT('2D SPACE',''
  ) );
#433 = ORIENTED_EDGE('',*,*,#434,.F.);
#434 = EDGE_CURVE('',#435,#406,#437,.T.);
#435 = VERTEX_POINT('',#436);
#436 = CARTESIAN_POINT('',(-1.5,-10.81665382639,-4.));
#437 = SURFACE_CURVE('',#438,(#442,#449),.PCURVE_S1.);
#438 = LINE('',#439,#440);
#439 = CARTESIAN_POINT('',(-1.5,-10.81665382639,-4.));
#440 = VECTOR('',#441,1.);
#441 = DIRECTION('',(0.,1.,0.));
#442 = PCURVE('',#107,#443);
#443 = DEFINITIONAL_REPRESENTATION('',(#444),#448);
#444 = LINE('',#445,#446);
#445 = CARTESIAN_POINT('',(11.5,10.816653826392));
#446 = VECTOR('',#447,1.);
#447 = DIRECTION('',(0.,-1.));
#448 = ( GEOMETRIC_REPRESENTATION_CONTEXT(2) 
PARAMETRIC_REPRESENTATION_CONTEXT() REPRESENTATION_CONTEXT('2D SPACE',''
  ) );
#449 = PCURVE('',#450,#455);
#450 = CYLINDRICAL_SURFACE('',#451,1.5);
#451 = AXIS2_PLACEMENT_3D('',#452,#453,#454);
#452 = CARTESIAN_POINT('',(-1.5,-10.81665382639,-5.5));
#453 = DIRECTION('',(0.,1.,0.));
#454 = DIRECTION('',(0.,-0.,1.));
#455 = DEFINITIONAL_REPRESENTATION('',(#456),#460);
#456 = LINE('',#457,#458);
#457 = CARTESIAN_POINT('',(0.,0.));
#458 = VECTOR('',#459,1.);
#459 = DIRECTION('',(0.,1.));
#460 = ( GEOMETRIC_REPRESENTATION_CONTEXT(2) 
PARAMETRIC_REPRESENTATION_CONTEXT() REPRESENTATION_CONTEXT('2D SPACE',''
  ) );
#461 = ORIENTED_EDGE('',*,*,#462,.F.);
#462 = EDGE_CURVE('',#463,#435,#465,.T.);
#463 = VERTEX_POINT('',#464);
#464 = CARTESIAN_POINT('',(-2.090909090909,-11.30831990941,-4.));
#465 = SURFACE_CURVE('',#466,(#471,#482),.PCURVE_S1.);
#466 = CIRCLE('',#467,0.5);
#467 = AXIS2_PLACEMENT_3D('',#468,#469,#470);
#468 = CARTESIAN_POINT('',(-2.,-10.81665382639,-4.));
#469 = DIRECTION('',(-0.,0.,1.));
#470 = DIRECTION('',(-0.181818181818,-0.983332166036,-0.));
#471 = PCURVE('',#107,#472);
#472 = DEFINITIONAL_REPRESENTATION('',(#473),#481);
#473 = ( BOUNDED_CURVE() B_SPLINE_CURVE(2,(#474,#475,#476,#477,#478,#479
,#480),.UNSPECIFIED.,.T.,.F.) B_SPLINE_CURVE_WITH_KNOTS((1,2,2,2,2,1),(
    -2.094395102393,0.,2.094395102393,4.188790204786,6.28318530718,
8.377580409573),.UNSPECIFIED.) CURVE() GEOMETRIC_REPRESENTATION_ITEM() 
RATIONAL_B_SPLINE_CURVE((1.,0.5,1.,0.5,1.,0.5,1.)) REPRESENTATION_ITEM(
  '') );
#474 = CARTESIAN_POINT('',(10.909090909091,11.30831990941));
#475 = CARTESIAN_POINT('',(11.760681545236,11.465779073734));
#476 = CARTESIAN_POINT('',(11.471249863527,10.649550367045));
#477 = CARTESIAN_POINT('',(11.181818181818,9.833321660356));
#478 = CARTESIAN_POINT('',(10.619659227382,10.492091202721));
#479 = CARTESIAN_POINT('',(10.057500272946,11.150860745085));
#480 = CARTESIAN_POINT('',(10.909090909091,11.30831990941));
#481 = ( GEOMETRIC_REPRESENTATION_CONTEXT(2) 
PARAMETRIC_REPRESENTATION_CONTEXT() REPRESENTATION_CONTEXT('2D SPACE',''
  ) );
#482 = PCURVE('',#483,#498);
#483 = SURFACE_OF_REVOLUTION('',#484,#495);
#484 = B_SPLINE_CURVE_WITH_KNOTS('',5,(#485,#486,#487,#488,#489,#490,
    #491,#492,#493,#494),.UNSPECIFIED.,.F.,.F.,(6,4,6),(4.712388980385,
    5.497787143782,6.28318530718),.UNSPECIFIED.);
#485 = CARTESIAN_POINT('',(-2.090909090909,-11.30831990941,-4.));
#486 = CARTESIAN_POINT('',(-2.133748990731,-11.54001209257,-4.));
#487 = CARTESIAN_POINT('',(-2.176589569268,-11.77170794645,
    -4.046253389419));
#488 = CARTESIAN_POINT('',(-2.217224586641,-11.99147540452,
    -4.138827053586));
#489 = CARTESIAN_POINT('',(-2.2534640112,-12.18747005969,-4.272731718039
    ));
#490 = CARTESIAN_POINT('',(-2.314048778538,-12.51513228741,
    -4.605947938401));
#491 = CARTESIAN_POINT('',(-2.338395081166,-12.64680505115,
    -4.805264773476));
#492 = CARTESIAN_POINT('',(-2.355226656469,-12.73783571286,
    -5.028757369027));
#493 = CARTESIAN_POINT('',(-2.363636363636,-12.78331815846,
    -5.264380550981));
#494 = CARTESIAN_POINT('',(-2.363636363636,-12.78331815846,-5.5));
#495 = AXIS1_PLACEMENT('',#496,#497);
#496 = CARTESIAN_POINT('',(-2.,-10.81665382639,-5.5));
#497 = DIRECTION('',(0.,0.,-1.));
#498 = DEFINITIONAL_REPRESENTATION('',(#499),#503);
#499 = LINE('',#500,#501);
#500 = CARTESIAN_POINT('',(-0.,4.712388980385));
#501 = VECTOR('',#502,1.);
#502 = DIRECTION('',(-1.,0.));
#503 = ( GEOMETRIC_REPRESENTATION_CONTEXT(2) 
PARAMETRIC_REPRESENTATION_CONTEXT() REPRESENTATION_CONTEXT('2D SPACE',''
  ) );
#504 = ORIENTED_EDGE('',*,*,#505,.F.);
#505 = EDGE_CURVE('',#506,#463,#508,.T.);
#506 = VERTEX_POINT('',#507);
#507 = CARTESIAN_POINT('',(-8.574500480078,-7.663415786524,-4.));
#508 = SURFACE_CURVE('',#509,(#514,#525),.PCURVE_S1.);
#509 = CIRCLE('',#510,11.5);
#510 = AXIS2_PLACEMENT_3D('',#511,#512,#513);
#511 = CARTESIAN_POINT('',(0.,0.,-4.));
#512 = DIRECTION('',(-0.,0.,1.));
#513 = DIRECTION('',(-0.745608737398,-0.666383981437,-0.));
#514 = PCURVE('',#107,#515);
#515 = DEFINITIONAL_REPRESENTATION('',(#516),#524);
#516 = ( BOUNDED_CURVE() B_SPLINE_CURVE(2,(#517,#518,#519,#520,#521,#522
,#523),.UNSPECIFIED.,.T.,.F.) B_SPLINE_CURVE_WITH_KNOTS((1,2,2,2,2,1),(
    -2.094395102393,0.,2.094395102393,4.188790204786,6.28318530718,
8.377580409573),.UNSPECIFIED.) CURVE() GEOMETRIC_REPRESENTATION_ITEM() 
RATIONAL_B_SPLINE_CURVE((1.,0.5,1.,0.5,1.,0.5,1.)) REPRESENTATION_ITEM(
  '') );
#517 = CARTESIAN_POINT('',(4.425499519922,7.663415786524));
#518 = CARTESIAN_POINT('',(17.698925021707,22.514886267543));
#519 = CARTESIAN_POINT('',(23.923962990931,3.594027347247));
#520 = CARTESIAN_POINT('',(30.149000960156,-15.32683157304));
#521 = CARTESIAN_POINT('',(10.650537489146,-11.25744313377));
#522 = CARTESIAN_POINT('',(-8.847925981863,-7.188054694495));
#523 = CARTESIAN_POINT('',(4.425499519922,7.663415786524));
#524 = ( GEOMETRIC_REPRESENTATION_CONTEXT(2) 
PARAMETRIC_REPRESENTATION_CONTEXT() REPRESENTATION_CONTEXT('2D SPACE',''
  ) );
#525 = PCURVE('',#526,#531);
#526 = TOROIDAL_SURFACE('',#527,11.5,1.5);
#527 = AXIS2_PLACEMENT_3D('',#528,#529,#530);
#528 = CARTESIAN_POINT('',(0.,0.,-5.5));
#529 = DIRECTION('',(0.,0.,-1.));
#530 = DIRECTION('',(-0.745608737398,-0.666383981437,-0.));
#531 = DEFINITIONAL_REPRESENTATION('',(#532),#536);
#532 = LINE('',#533,#534);
#533 = CARTESIAN_POINT('',(-0.,4.712388980385));
#534 = VECTOR('',#535,1.);
#535 = DIRECTION('',(-1.,0.));
#536 = ( GEOMETRIC_REPRESENTATION_CONTEXT(2) 
PARAMETRIC_REPRESENTATION_CONTEXT() REPRESENTATION_CONTEXT('2D SPACE',''
  ) );
#537 = ORIENTED_EDGE('',*,*,#538,.F.);
#538 = EDGE_CURVE('',#539,#506,#541,.T.);
#539 = VERTEX_POINT('',#540);
#540 = CARTESIAN_POINT('',(-11.02301638262,-6.499469965194,-4.));
#541 = SURFACE_CURVE('',#542,(#551,#563),.PCURVE_S1.);
#542 = ( BOUNDED_CURVE() B_SPLINE_CURVE(7,(#543,#544,#545,#546,#547,#548
,#549,#550),.UNSPECIFIED.,.F.,.F.) B_SPLINE_CURVE_WITH_KNOTS((8,8),(
28.251752323278,29.842549984795),.PIECEWISE_BEZIER_KNOTS.) CURVE() 
GEOMETRIC_REPRESENTATION_ITEM() RATIONAL_B_SPLINE_CURVE((1.,1.,1.,1.,1.,
1.,1.,1.)) REPRESENTATION_ITEM('') );
#543 = CARTESIAN_POINT('',(-11.02301638262,-6.499469965194,-4.));
#544 = CARTESIAN_POINT('',(-10.63607227645,-6.517300974506,-4.));
#545 = CARTESIAN_POINT('',(-10.24140148192,-6.585562415779,-4.));
#546 = CARTESIAN_POINT('',(-9.850404174024,-6.708350427198,-4.));
#547 = CARTESIAN_POINT('',(-9.47682323061,-6.885892933123,-4.));
#548 = CARTESIAN_POINT('',(-9.134704994918,-7.111682660252,-4.));
#549 = CARTESIAN_POINT('',(-8.832643269904,-7.374583034008,-4.));
#550 = CARTESIAN_POINT('',(-8.574500480078,-7.663415786524,-4.));
#551 = PCURVE('',#107,#552);
#552 = DEFINITIONAL_REPRESENTATION('',(#553),#562);
#553 = B_SPLINE_CURVE_WITH_KNOTS('',7,(#554,#555,#556,#557,#558,#559,
    #560,#561),.UNSPECIFIED.,.F.,.F.,(8,8),(28.251752323278,
    29.842549984795),.PIECEWISE_BEZIER_KNOTS.);
#554 = CARTESIAN_POINT('',(1.976983617379,6.499469965194));
#555 = CARTESIAN_POINT('',(2.363927723542,6.517300974506));
#556 = CARTESIAN_POINT('',(2.758598518078,6.585562415779));
#557 = CARTESIAN_POINT('',(3.149595825976,6.708350427198));
#558 = CARTESIAN_POINT('',(3.523176769389,6.885892933123));
#559 = CARTESIAN_POINT('',(3.865295005082,7.111682660252));
#560 = CARTESIAN_POINT('',(4.167356730096,7.374583034008));
#561 = CARTESIAN_POINT('',(4.425499519922,7.663415786524));
#562 = ( GEOMETRIC_REPRESENTATION_CONTEXT(2) 
PARAMETRIC_REPRESENTATION_CONTEXT() REPRESENTATION_CONTEXT('2D SPACE',''
  ) );
#563 = PCURVE('',#564,#589);
#564 = ( BOUNDED_SURFACE() B_SPLINE_SURFACE(2,7,(
    (#565,#566,#567,#568,#569,#570,#571,#572)
    ,(#573,#574,#575,#576,#577,#578,#579,#580)
    ,(#581,#582,#583,#584,#585,#586,#587,#588
)),.UNSPECIFIED.,.F.,.F.,.F.) B_SPLINE_SURFACE_WITH_KNOTS((3,3),(8,8),(
    0.,1.590797661517),(28.251752323278,29.842549984795),
.PIECEWISE_BEZIER_KNOTS.) GEOMETRIC_REPRESENTATION_ITEM() 
RATIONAL_B_SPLINE_SURFACE((
    (1.,1.,1.,1.,1.,1.,1.,1.)
    ,(0.707106781187,0.707106781187,0.707106781187,0.707106781187
      ,0.707106781187,0.707106781187,0.707106781187,0.707106781187)
,(1.,1.,1.,1.,1.,1.,1.,1.))) REPRESENTATION_ITEM('') SURFACE() );
#565 = CARTESIAN_POINT('',(-11.02301638262,-6.499469965194,-4.));
#566 = CARTESIAN_POINT('',(-10.63607227645,-6.517300974506,-4.));
#567 = CARTESIAN_POINT('',(-10.24140148192,-6.585562415779,-4.));
#568 = CARTESIAN_POINT('',(-9.850404174024,-6.708350427198,-4.));
#569 = CARTESIAN_POINT('',(-9.47682323061,-6.885892933123,-4.));
#570 = CARTESIAN_POINT('',(-9.134704994918,-7.111682660252,-4.));
#571 = CARTESIAN_POINT('',(-8.832643269904,-7.374583034008,-4.));
#572 = CARTESIAN_POINT('',(-8.574500480078,-7.663415786524,-4.));
#573 = CARTESIAN_POINT('',(-11.09206553048,-7.997879860777,-4.));
#574 = CARTESIAN_POINT('',(-10.87095295225,-8.00806908547,-4.));
#575 = CARTESIAN_POINT('',(-10.64543675444,-8.047076082104,-4.));
#576 = CARTESIAN_POINT('',(-10.42198878445,-8.117235004602,-4.));
#577 = CARTESIAN_POINT('',(-10.2085264402,-8.218708461288,-4.));
#578 = CARTESIAN_POINT('',(-10.01304458425,-8.347696002413,-4.));
#579 = CARTESIAN_POINT('',(-9.840415829051,-8.497953336181,-4.));
#580 = CARTESIAN_POINT('',(-9.692913586175,-8.662991758679,-4.));
#581 = CARTESIAN_POINT('',(-11.09206553048,-7.997879860777,-5.5));
#582 = CARTESIAN_POINT('',(-10.87095295225,-8.00806908547,-5.5));
#583 = CARTESIAN_POINT('',(-10.64543675444,-8.047076082105,-5.5));
#584 = CARTESIAN_POINT('',(-10.42198878445,-8.117235004602,-5.5));
#585 = CARTESIAN_POINT('',(-10.2085264402,-8.218708461288,-5.5));
#586 = CARTESIAN_POINT('',(-10.01304458425,-8.347696002413,-5.5));
#587 = CARTESIAN_POINT('',(-9.840415829051,-8.497953336181,-5.5));
#588 = CARTESIAN_POINT('',(-9.692913586175,-8.662991758679,-5.5));
#589 = DEFINITIONAL_REPRESENTATION('',(#590),#594);
#590 = LINE('',#591,#592);
#591 = CARTESIAN_POINT('',(0.,0.));
#592 = VECTOR('',#593,1.);
#593 = DIRECTION('',(0.,1.));
#594 = ( GEOMETRIC_REPRESENTATION_CONTEXT(2) 
PARAMETRIC_REPRESENTATION_CONTEXT() REPRESENTATION_CONTEXT('2D SPACE',''
  ) );
#595 = ORIENTED_EDGE('',*,*,#596,.F.);
#596 = EDGE_CURVE('',#597,#539,#599,.T.);
#597 = VERTEX_POINT('',#598);
#598 = CARTESIAN_POINT('',(-11.5,-6.,-4.));
#599 = SURFACE_CURVE('',#600,(#605,#616),.PCURVE_S1.);
#600 = CIRCLE('',#601,0.5);
#601 = AXIS2_PLACEMENT_3D('',#602,#603,#604);
#602 = CARTESIAN_POINT('',(-11.,-6.,-4.));
#603 = DIRECTION('',(0.,-0.,1.));
#604 = DIRECTION('',(-1.,0.,0.));
#605 = PCURVE('',#107,#606);
#606 = DEFINITIONAL_REPRESENTATION('',(#607),#615);
#607 = ( BOUNDED_CURVE() B_SPLINE_CURVE(2,(#608,#609,#610,#611,#612,#613
,#614),.UNSPECIFIED.,.T.,.F.) B_SPLINE_CURVE_WITH_KNOTS((1,2,2,2,2,1),(
    -2.094395102393,0.,2.094395102393,4.188790204786,6.28318530718,
8.377580409573),.UNSPECIFIED.) CURVE() GEOMETRIC_REPRESENTATION_ITEM() 
RATIONAL_B_SPLINE_CURVE((1.,0.5,1.,0.5,1.,0.5,1.)) REPRESENTATION_ITEM(
  '') );
#608 = CARTESIAN_POINT('',(1.5,6.));
#609 = CARTESIAN_POINT('',(1.5,6.866025403784));
#610 = CARTESIAN_POINT('',(2.25,6.433012701892));
#611 = CARTESIAN_POINT('',(3.,6.));
#612 = CARTESIAN_POINT('',(2.25,5.566987298108));
#613 = CARTESIAN_POINT('',(1.5,5.133974596216));
#614 = CARTESIAN_POINT('',(1.5,6.));
#615 = ( GEOMETRIC_REPRESENTATION_CONTEXT(2) 
PARAMETRIC_REPRESENTATION_CONTEXT() REPRESENTATION_CONTEXT('2D SPACE',''
  ) );
#616 = PCURVE('',#617,#632);
#617 = SURFACE_OF_REVOLUTION('',#618,#629);
#618 = B_SPLINE_CURVE_WITH_KNOTS('',5,(#619,#620,#621,#622,#623,#624,
    #625,#626,#627,#628),.UNSPECIFIED.,.F.,.F.,(6,4,6),(4.712388980385,
    5.497787143782,6.28318530718),.UNSPECIFIED.);
#619 = CARTESIAN_POINT('',(-11.5,-6.,-4.));
#620 = CARTESIAN_POINT('',(-11.73561944901,-6.,-4.));
#621 = CARTESIAN_POINT('',(-11.97124263097,-6.,-4.046253389419));
#622 = CARTESIAN_POINT('',(-12.19473522652,-6.,-4.138827053586));
#623 = CARTESIAN_POINT('',(-12.39405206159,-6.,-4.272731718039));
#624 = CARTESIAN_POINT('',(-12.72726828196,-6.,-4.605947938401));
#625 = CARTESIAN_POINT('',(-12.86117294641,-6.,-4.805264773476));
#626 = CARTESIAN_POINT('',(-12.95374661058,-6.,-5.028757369027));
#627 = CARTESIAN_POINT('',(-13.,-6.,-5.264380550981));
#628 = CARTESIAN_POINT('',(-13.,-6.,-5.5));
#629 = AXIS1_PLACEMENT('',#630,#631);
#630 = CARTESIAN_POINT('',(-11.,-6.,-5.5));
#631 = DIRECTION('',(0.,0.,-1.));
#632 = DEFINITIONAL_REPRESENTATION('',(#633),#637);
#633 = LINE('',#634,#635);
#634 = CARTESIAN_POINT('',(-0.,4.712388980385));
#635 = VECTOR('',#636,1.);
#636 = DIRECTION('',(-1.,0.));
#637 = ( GEOMETRIC_REPRESENTATION_CONTEXT(2) 
PARAMETRIC_REPRESENTATION_CONTEXT() REPRESENTATION_CONTEXT('2D SPACE',''
  ) );
#638 = ORIENTED_EDGE('',*,*,#639,.F.);
#639 = EDGE_CURVE('',#640,#597,#642,.T.);
#640 = VERTEX_POINT('',#641);
#641 = CARTESIAN_POINT('',(-11.5,6.,-4.));
#642 = SURFACE_CURVE('',#643,(#647,#654),.PCURVE_S1.);
#643 = LINE('',#644,#645);
#644 = CARTESIAN_POINT('',(-11.5,6.,-4.));
#645 = VECTOR('',#646,1.);
#646 = DIRECTION('',(-0.,-1.,-0.));
#647 = PCURVE('',#107,#648);
#648 = DEFINITIONAL_REPRESENTATION('',(#649),#653);
#649 = LINE('',#650,#651);
#650 = CARTESIAN_POINT('',(1.5,-6.));
#651 = VECTOR('',#652,1.);
#652 = DIRECTION('',(-0.,1.));
#653 = ( GEOMETRIC_REPRESENTATION_CONTEXT(2) 
PARAMETRIC_REPRESENTATION_CONTEXT() REPRESENTATION_CONTEXT('2D SPACE',''
  ) );
#654 = PCURVE('',#655,#660);
#655 = CYLINDRICAL_SURFACE('',#656,1.5);
#656 = AXIS2_PLACEMENT_3D('',#657,#658,#659);
#657 = CARTESIAN_POINT('',(-11.5,6.,-5.5));
#658 = DIRECTION('',(-0.,-1.,-0.));
#659 = DIRECTION('',(-0.,0.,1.));
#660 = DEFINITIONAL_REPRESENTATION('',(#661),#665);
#661 = LINE('',#662,#663);
#662 = CARTESIAN_POINT('',(0.,0.));
#663 = VECTOR('',#664,1.);
#664 = DIRECTION('',(0.,1.));
#665 = ( GEOMETRIC_REPRESENTATION_CONTEXT(2) 
PARAMETRIC_REPRESENTATION_CONTEXT() REPRESENTATION_CONTEXT('2D SPACE',''
  ) );
#666 = ORIENTED_EDGE('',*,*,#667,.F.);
#667 = EDGE_CURVE('',#668,#640,#670,.T.);
#668 = VERTEX_POINT('',#669);
#669 = CARTESIAN_POINT('',(-11.02301638262,6.499469965194,-4.));
#670 = SURFACE_CURVE('',#671,(#676,#687),.PCURVE_S1.);
#671 = CIRCLE('',#672,0.5);
#672 = AXIS2_PLACEMENT_3D('',#673,#674,#675);
#673 = CARTESIAN_POINT('',(-11.,6.,-4.));
#674 = DIRECTION('',(0.,-0.,1.));
#675 = DIRECTION('',(-4.603276524277E-02,0.998939930388,0.));
#676 = PCURVE('',#107,#677);
#677 = DEFINITIONAL_REPRESENTATION('',(#678),#686);
#678 = ( BOUNDED_CURVE() B_SPLINE_CURVE(2,(#679,#680,#681,#682,#683,#684
,#685),.UNSPECIFIED.,.T.,.F.) B_SPLINE_CURVE_WITH_KNOTS((1,2,2,2,2,1),(
    -2.094395102393,0.,2.094395102393,4.188790204786,6.28318530718,
8.377580409573),.UNSPECIFIED.) CURVE() GEOMETRIC_REPRESENTATION_ITEM() 
RATIONAL_B_SPLINE_CURVE((1.,0.5,1.,0.5,1.,0.5,1.)) REPRESENTATION_ITEM(
  '') );
#679 = CARTESIAN_POINT('',(1.976983617379,-6.499469965194));
#680 = CARTESIAN_POINT('',(1.111876260808,-6.459604421087));
#681 = CARTESIAN_POINT('',(1.578954513025,-5.73033224535));
#682 = CARTESIAN_POINT('',(2.046032765243,-5.001060069612));
#683 = CARTESIAN_POINT('',(2.444061869596,-5.770197789456));
#684 = CARTESIAN_POINT('',(2.84209097395,-6.539335509301));
#685 = CARTESIAN_POINT('',(1.976983617379,-6.499469965194));
#686 = ( GEOMETRIC_REPRESENTATION_CONTEXT(2) 
PARAMETRIC_REPRESENTATION_CONTEXT() REPRESENTATION_CONTEXT('2D SPACE',''
  ) );
#687 = PCURVE('',#688,#703);
#688 = SURFACE_OF_REVOLUTION('',#689,#700);
#689 = B_SPLINE_CURVE_WITH_KNOTS('',5,(#690,#691,#692,#693,#694,#695,
    #696,#697,#698,#699),.UNSPECIFIED.,.F.,.F.,(6,4,6),(4.712388980385,
    5.497787143782,6.28318530718),.UNSPECIFIED.);
#690 = CARTESIAN_POINT('',(-11.02301638262,6.499469965194,-4.));
#691 = CARTESIAN_POINT('',(-11.0338625974,6.734839641196,-4.));
#692 = CARTESIAN_POINT('',(-11.04470898402,6.970213046174,
    -4.046253389419));
#693 = CARTESIAN_POINT('',(-11.05499696621,7.193468724016,
    -4.138827053586));
#694 = CARTESIAN_POINT('',(-11.06417207128,7.392574269371,
    -4.272731718039));
#695 = CARTESIAN_POINT('',(-11.07951093533,7.725437257344,
    -4.605947938401));
#696 = CARTESIAN_POINT('',(-11.08567493731,7.859199973531,
    -4.805264773476));
#697 = CARTESIAN_POINT('',(-11.08993635906,7.95167550317,-5.028757369027
    ));
#698 = CARTESIAN_POINT('',(-11.09206553048,7.997879860777,
    -5.264380550981));
#699 = CARTESIAN_POINT('',(-11.09206553048,7.997879860777,-5.5));
#700 = AXIS1_PLACEMENT('',#701,#702);
#701 = CARTESIAN_POINT('',(-11.,6.,-5.5));
#702 = DIRECTION('',(0.,0.,-1.));
#703 = DEFINITIONAL_REPRESENTATION('',(#704),#708);
#704 = LINE('',#705,#706);
#705 = CARTESIAN_POINT('',(-0.,4.712388980385));
#706 = VECTOR('',#707,1.);
#707 = DIRECTION('',(-1.,0.));
#708 = ( GEOMETRIC_REPRESENTATION_CONTEXT(2) 
PARAMETRIC_REPRESENTATION_CONTEXT() REPRESENTATION_CONTEXT('2D SPACE',''
  ) );
#709 = ORIENTED_EDGE('',*,*,#710,.F.);
#710 = EDGE_CURVE('',#98,#668,#711,.T.);
#711 = SURFACE_CURVE('',#712,(#721,#733),.PCURVE_S1.);
#712 = ( BOUNDED_CURVE() B_SPLINE_CURVE(7,(#713,#714,#715,#716,#717,#718
,#719,#720),.UNSPECIFIED.,.F.,.F.) B_SPLINE_CURVE_WITH_KNOTS((8,8),(
8.561965507068,10.152763168585),.PIECEWISE_BEZIER_KNOTS.) CURVE() 
GEOMETRIC_REPRESENTATION_ITEM() RATIONAL_B_SPLINE_CURVE((1.,1.,1.,1.,1.,
1.,1.,1.)) REPRESENTATION_ITEM('') );
#713 = CARTESIAN_POINT('',(-8.574500480078,7.663415786524,-4.));
#714 = CARTESIAN_POINT('',(-8.832627466711,7.374600716004,-4.));
#715 = CARTESIAN_POINT('',(-9.134741226948,7.111633158498,-4.));
#716 = CARTESIAN_POINT('',(-9.476820731655,6.885939997358,-4.));
#717 = CARTESIAN_POINT('',(-9.850366098282,6.708322650871,-4.));
#718 = CARTESIAN_POINT('',(-10.2414627455,6.585565571252,-4.));
#719 = CARTESIAN_POINT('',(-10.63604858675,6.517302066166,-4.));
#720 = CARTESIAN_POINT('',(-11.02301638262,6.499469965194,-4.));
#721 = PCURVE('',#107,#722);
#722 = DEFINITIONAL_REPRESENTATION('',(#723),#732);
#723 = B_SPLINE_CURVE_WITH_KNOTS('',7,(#724,#725,#726,#727,#728,#729,
    #730,#731),.UNSPECIFIED.,.F.,.F.,(8,8),(8.561965507068,
    10.152763168585),.PIECEWISE_BEZIER_KNOTS.);
#724 = CARTESIAN_POINT('',(4.425499519922,-7.663415786524));
#725 = CARTESIAN_POINT('',(4.167372533289,-7.374600716004));
#726 = CARTESIAN_POINT('',(3.865258773052,-7.111633158498));
#727 = CARTESIAN_POINT('',(3.523179268344,-6.885939997357));
#728 = CARTESIAN_POINT('',(3.149633901718,-6.708322650872));
#729 = CARTESIAN_POINT('',(2.758537254498,-6.585565571252));
#730 = CARTESIAN_POINT('',(2.363951413249,-6.517302066166));
#731 = CARTESIAN_POINT('',(1.976983617379,-6.499469965194));
#732 = ( GEOMETRIC_REPRESENTATION_CONTEXT(2) 
PARAMETRIC_REPRESENTATION_CONTEXT() REPRESENTATION_CONTEXT('2D SPACE',''
  ) );
#733 = PCURVE('',#734,#759);
#734 = ( BOUNDED_SURFACE() B_SPLINE_SURFACE(2,7,(
    (#735,#736,#737,#738,#739,#740,#741,#742)
    ,(#743,#744,#745,#746,#747,#748,#749,#750)
    ,(#751,#752,#753,#754,#755,#756,#757,#758
)),.UNSPECIFIED.,.F.,.F.,.F.) B_SPLINE_SURFACE_WITH_KNOTS((3,3),(8,8),(
    0.,1.590797661517),(8.561965507068,10.152763168585),
.PIECEWISE_BEZIER_KNOTS.) GEOMETRIC_REPRESENTATION_ITEM() 
RATIONAL_B_SPLINE_SURFACE((
    (1.,1.,1.,1.,1.,1.,1.,1.)
    ,(0.707106781187,0.707106781187,0.707106781187,0.707106781187
      ,0.707106781187,0.707106781187,0.707106781187,0.707106781187)
,(1.,1.,1.,1.,1.,1.,1.,1.))) REPRESENTATION_ITEM('') SURFACE() );
#735 = CARTESIAN_POINT('',(-8.574500480078,7.663415786524,-4.));
#736 = CARTESIAN_POINT('',(-8.832627466711,7.374600716004,-4.));
#737 = CARTESIAN_POINT('',(-9.134741226948,7.111633158498,-4.));
#738 = CARTESIAN_POINT('',(-9.476820731655,6.885939997358,-4.));
#739 = CARTESIAN_POINT('',(-9.850366098282,6.708322650871,-4.));
#740 = CARTESIAN_POINT('',(-10.2414627455,6.585565571252,-4.));
#741 = CARTESIAN_POINT('',(-10.63604858675,6.517302066166,-4.));
#742 = CARTESIAN_POINT('',(-11.02301638262,6.499469965194,-4.));
#743 = CARTESIAN_POINT('',(-9.692913586175,8.662991758679,-4.));
#744 = CARTESIAN_POINT('',(-9.840415829051,8.497953336181,-4.));
#745 = CARTESIAN_POINT('',(-10.01304632431,8.347694182171,-4.));
#746 = CARTESIAN_POINT('',(-10.20852915986,8.218706854472,-4.));
#747 = CARTESIAN_POINT('',(-10.42199174759,8.117233910002,-4.));
#748 = CARTESIAN_POINT('',(-10.64543926462,8.047075881922,-4.));
#749 = CARTESIAN_POINT('',(-10.87095295224,8.00806908547,-4.));
#750 = CARTESIAN_POINT('',(-11.09206553048,7.997879860777,-4.));
#751 = CARTESIAN_POINT('',(-9.692913586175,8.662991758679,-5.5));
#752 = CARTESIAN_POINT('',(-9.840415829051,8.497953336181,-5.5));
#753 = CARTESIAN_POINT('',(-10.01304632431,8.347694182171,-5.5));
#754 = CARTESIAN_POINT('',(-10.20852915986,8.218706854472,-5.5));
#755 = CARTESIAN_POINT('',(-10.42199174759,8.117233910002,-5.5));
#756 = CARTESIAN_POINT('',(-10.64543926462,8.047075881922,-5.5));
#757 = CARTESIAN_POINT('',(-10.87095295224,8.00806908547,-5.5));
#758 = CARTESIAN_POINT('',(-11.09206553048,7.997879860777,-5.5));
#759 = DEFINITIONAL_REPRESENTATION('',(#760),#764);
#760 = LINE('',#761,#762);
#761 = CARTESIAN_POINT('',(0.,0.));
#762 = VECTOR('',#763,1.);
#763 = DIRECTION('',(0.,1.));
#764 = ( GEOMETRIC_REPRESENTATION_CONTEXT(2) 
PARAMETRIC_REPRESENTATION_CONTEXT() REPRESENTATION_CONTEXT('2D SPACE',''
  ) );
#765 = FACE_BOUND('',#766,.F.);
#766 = EDGE_LOOP('',(#767));
#767 = ORIENTED_EDGE('',*,*,#768,.T.);
#768 = EDGE_CURVE('',#769,#769,#771,.T.);
#769 = VERTEX_POINT('',#770);
#770 = CARTESIAN_POINT('',(6.,-1.469576158977E-15,-4.));
#771 = SURFACE_CURVE('',#772,(#777,#788),.PCURVE_S1.);
#772 = CIRCLE('',#773,6.);
#773 = AXIS2_PLACEMENT_3D('',#774,#775,#776);
#774 = CARTESIAN_POINT('',(0.,0.,-4.));
#775 = DIRECTION('',(0.,0.,1.));
#776 = DIRECTION('',(1.,0.,-0.));
#777 = PCURVE('',#107,#778);
#778 = DEFINITIONAL_REPRESENTATION('',(#779),#787);
#779 = ( BOUNDED_CURVE() B_SPLINE_CURVE(2,(#780,#781,#782,#783,#784,#785
,#786),.UNSPECIFIED.,.T.,.F.) B_SPLINE_CURVE_WITH_KNOTS((1,2,2,2,2,1),(
    -2.094395102393,0.,2.094395102393,4.188790204786,6.28318530718,
8.377580409573),.UNSPECIFIED.) CURVE() GEOMETRIC_REPRESENTATION_ITEM() 
RATIONAL_B_SPLINE_CURVE((1.,0.5,1.,0.5,1.,0.5,1.)) REPRESENTATION_ITEM(
  '') );
#780 = CARTESIAN_POINT('',(19.,0.));
#781 = CARTESIAN_POINT('',(19.,-10.39230484541));
#782 = CARTESIAN_POINT('',(10.,-5.196152422707));
#783 = CARTESIAN_POINT('',(1.,-1.469576158977E-15));
#784 = CARTESIAN_POINT('',(10.,5.196152422707));
#785 = CARTESIAN_POINT('',(19.,10.392304845413));
#786 = CARTESIAN_POINT('',(19.,0.));
#787 = ( GEOMETRIC_REPRESENTATION_CONTEXT(2) 
PARAMETRIC_REPRESENTATION_CONTEXT() REPRESENTATION_CONTEXT('2D SPACE',''
  ) );
#788 = PCURVE('',#789,#794);
#789 = CYLINDRICAL_SURFACE('',#790,6.);
#790 = AXIS2_PLACEMENT_3D('',#791,#792,#793);
#791 = CARTESIAN_POINT('',(0.,0.,-19.));
#792 = DIRECTION('',(0.,0.,1.));
#793 = DIRECTION('',(1.,0.,-0.));
#794 = DEFINITIONAL_REPRESENTATION('',(#795),#799);
#795 = LINE('',#796,#797);
#796 = CARTESIAN_POINT('',(0.,15.));
#797 = VECTOR('',#798,1.);
#798 = DIRECTION('',(1.,0.));
#799 = ( GEOMETRIC_REPRESENTATION_CONTEXT(2) 
PARAMETRIC_REPRESENTATION_CONTEXT() REPRESENTATION_CONTEXT('2D SPACE',''
  ) );
#800 = ADVANCED_FACE('',(#801),#123,.T.);
#801 = FACE_BOUND('',#802,.F.);
#802 = EDGE_LOOP('',(#803,#825,#826,#856));
#803 = ORIENTED_EDGE('',*,*,#804,.F.);
#804 = EDGE_CURVE('',#96,#805,#807,.T.);
#805 = VERTEX_POINT('',#806);
#806 = CARTESIAN_POINT('',(-2.363636363636,12.783318158463,-5.5));
#807 = SURFACE_CURVE('',#808,(#813,#819),.PCURVE_S1.);
#808 = CIRCLE('',#809,1.5);
#809 = AXIS2_PLACEMENT_3D('',#810,#811,#812);
#810 = CARTESIAN_POINT('',(-2.090909090909,11.30831990941,-5.5));
#811 = DIRECTION('',(-0.983332166036,-0.181818181818,-0.));
#812 = DIRECTION('',(-0.181818181818,0.983332166036,0.));
#813 = PCURVE('',#123,#814);
#814 = DEFINITIONAL_REPRESENTATION('',(#815),#818);
#815 = B_SPLINE_CURVE_WITH_KNOTS('',1,(#816,#817),.UNSPECIFIED.,.F.,.F.,
  (2,2),(4.712388980385,6.28318530718),.PIECEWISE_BEZIER_KNOTS.);
#816 = CARTESIAN_POINT('',(0.,4.712388980385));
#817 = CARTESIAN_POINT('',(0.,6.28318530718));
#818 = ( GEOMETRIC_REPRESENTATION_CONTEXT(2) 
PARAMETRIC_REPRESENTATION_CONTEXT() REPRESENTATION_CONTEXT('2D SPACE',''
  ) );
#819 = PCURVE('',#156,#820);
#820 = DEFINITIONAL_REPRESENTATION('',(#821),#824);
#821 = B_SPLINE_CURVE_WITH_KNOTS('',1,(#822,#823),.UNSPECIFIED.,.F.,.F.,
  (2,2),(4.712388980385,6.28318530718),.PIECEWISE_BEZIER_KNOTS.);
#822 = CARTESIAN_POINT('',(-1.753631463788,4.712388980385));
#823 = CARTESIAN_POINT('',(-1.753631463788,6.28318530718));
#824 = ( GEOMETRIC_REPRESENTATION_CONTEXT(2) 
PARAMETRIC_REPRESENTATION_CONTEXT() REPRESENTATION_CONTEXT('2D SPACE',''
  ) );
#825 = ORIENTED_EDGE('',*,*,#95,.T.);
#826 = ORIENTED_EDGE('',*,*,#827,.T.);
#827 = EDGE_CURVE('',#98,#828,#830,.T.);
#828 = VERTEX_POINT('',#829);
#829 = CARTESIAN_POINT('',(-9.692913586175,8.662991758679,-5.5));
#830 = SURFACE_CURVE('',#831,(#836,#842),.PCURVE_S1.);
#831 = CIRCLE('',#832,1.5);
#832 = AXIS2_PLACEMENT_3D('',#833,#834,#835);
#833 = CARTESIAN_POINT('',(-8.574500480078,7.663415786524,-5.5));
#834 = DIRECTION('',(-0.666383981437,-0.745608737398,-0.));
#835 = DIRECTION('',(-0.745608737398,0.666383981437,0.));
#836 = PCURVE('',#123,#837);
#837 = DEFINITIONAL_REPRESENTATION('',(#838),#841);
#838 = B_SPLINE_CURVE_WITH_KNOTS('',1,(#839,#840),.UNSPECIFIED.,.F.,.F.,
  (2,2),(4.712388980385,6.28318530718),.PIECEWISE_BEZIER_KNOTS.);
#839 = CARTESIAN_POINT('',(-0.658612731313,4.712388980385));
#840 = CARTESIAN_POINT('',(-0.658612731313,6.28318530718));
#841 = ( GEOMETRIC_REPRESENTATION_CONTEXT(2) 
PARAMETRIC_REPRESENTATION_CONTEXT() REPRESENTATION_CONTEXT('2D SPACE',''
  ) );
#842 = PCURVE('',#734,#843);
#843 = DEFINITIONAL_REPRESENTATION('',(#844),#855);
#844 = B_SPLINE_CURVE_WITH_KNOTS('',9,(#845,#846,#847,#848,#849,#850,
    #851,#852,#853,#854),.UNSPECIFIED.,.F.,.F.,(10,10),(4.712388980385,
    6.28318530718),.PIECEWISE_BEZIER_KNOTS.);
#845 = CARTESIAN_POINT('',(-2.221655624318E-16,8.561965507068));
#846 = CARTESIAN_POINT('',(0.1963257719,8.561965507067));
#847 = CARTESIAN_POINT('',(0.376684396717,8.561965507068));
#848 = CARTESIAN_POINT('',(0.547625915825,8.561965507067));
#849 = CARTESIAN_POINT('',(0.713348883604,8.561965507069));
#850 = CARTESIAN_POINT('',(0.877448777913,8.561965507066));
#851 = CARTESIAN_POINT('',(1.043171745692,8.561965507068));
#852 = CARTESIAN_POINT('',(1.2141132648,8.561965507067));
#853 = CARTESIAN_POINT('',(1.394471889617,8.561965507068));
#854 = CARTESIAN_POINT('',(1.590797661517,8.561965507068));
#855 = ( GEOMETRIC_REPRESENTATION_CONTEXT(2) 
PARAMETRIC_REPRESENTATION_CONTEXT() REPRESENTATION_CONTEXT('2D SPACE',''
  ) );
#856 = ORIENTED_EDGE('',*,*,#857,.F.);
#857 = EDGE_CURVE('',#805,#828,#858,.T.);
#858 = SURFACE_CURVE('',#859,(#864,#871),.PCURVE_S1.);
#859 = CIRCLE('',#860,13.);
#860 = AXIS2_PLACEMENT_3D('',#861,#862,#863);
#861 = CARTESIAN_POINT('',(0.,0.,-5.5));
#862 = DIRECTION('',(0.,-0.,1.));
#863 = DIRECTION('',(-0.181818181818,0.983332166036,0.));
#864 = PCURVE('',#123,#865);
#865 = DEFINITIONAL_REPRESENTATION('',(#866),#870);
#866 = LINE('',#867,#868);
#867 = CARTESIAN_POINT('',(-0.,6.28318530718));
#868 = VECTOR('',#869,1.);
#869 = DIRECTION('',(-1.,0.));
#870 = ( GEOMETRIC_REPRESENTATION_CONTEXT(2) 
PARAMETRIC_REPRESENTATION_CONTEXT() REPRESENTATION_CONTEXT('2D SPACE',''
  ) );
#871 = PCURVE('',#872,#877);
#872 = CYLINDRICAL_SURFACE('',#873,13.);
#873 = AXIS2_PLACEMENT_3D('',#874,#875,#876);
#874 = CARTESIAN_POINT('',(0.,0.,-24.62));
#875 = DIRECTION('',(-0.,-0.,-1.));
#876 = DIRECTION('',(1.,0.,0.));
#877 = DEFINITIONAL_REPRESENTATION('',(#878),#882);
#878 = LINE('',#879,#880);
#879 = CARTESIAN_POINT('',(-1.753631463788,-19.12));
#880 = VECTOR('',#881,1.);
#881 = DIRECTION('',(-1.,0.));
#882 = ( GEOMETRIC_REPRESENTATION_CONTEXT(2) 
PARAMETRIC_REPRESENTATION_CONTEXT() REPRESENTATION_CONTEXT('2D SPACE',''
  ) );
#883 = ADVANCED_FACE('',(#884),#156,.T.);
#884 = FACE_BOUND('',#885,.F.);
#885 = EDGE_LOOP('',(#886,#908,#909,#910));
#886 = ORIENTED_EDGE('',*,*,#887,.F.);
#887 = EDGE_CURVE('',#136,#888,#890,.T.);
#888 = VERTEX_POINT('',#889);
#889 = CARTESIAN_POINT('',(2.22044604925E-16,10.816653826392,-5.5));
#890 = SURFACE_CURVE('',#891,(#896,#902),.PCURVE_S1.);
#891 = CIRCLE('',#892,1.5);
#892 = AXIS2_PLACEMENT_3D('',#893,#894,#895);
#893 = CARTESIAN_POINT('',(-1.5,10.816653826392,-5.5));
#894 = DIRECTION('',(0.,1.,0.));
#895 = DIRECTION('',(0.,-0.,1.));
#896 = PCURVE('',#156,#897);
#897 = DEFINITIONAL_REPRESENTATION('',(#898),#901);
#898 = B_SPLINE_CURVE_WITH_KNOTS('',1,(#899,#900),.UNSPECIFIED.,.F.,.F.,
  (2,2),(0.,1.570796326795),.PIECEWISE_BEZIER_KNOTS.);
#899 = CARTESIAN_POINT('',(0.,4.712388980385));
#900 = CARTESIAN_POINT('',(0.,6.28318530718));
#901 = ( GEOMETRIC_REPRESENTATION_CONTEXT(2) 
PARAMETRIC_REPRESENTATION_CONTEXT() REPRESENTATION_CONTEXT('2D SPACE',''
  ) );
#902 = PCURVE('',#194,#903);
#903 = DEFINITIONAL_REPRESENTATION('',(#904),#907);
#904 = B_SPLINE_CURVE_WITH_KNOTS('',1,(#905,#906),.UNSPECIFIED.,.F.,.F.,
  (2,2),(0.,1.570796326795),.PIECEWISE_BEZIER_KNOTS.);
#905 = CARTESIAN_POINT('',(0.,0.816653826392));
#906 = CARTESIAN_POINT('',(1.570796326795,0.816653826392));
#907 = ( GEOMETRIC_REPRESENTATION_CONTEXT(2) 
PARAMETRIC_REPRESENTATION_CONTEXT() REPRESENTATION_CONTEXT('2D SPACE',''
  ) );
#908 = ORIENTED_EDGE('',*,*,#135,.T.);
#909 = ORIENTED_EDGE('',*,*,#804,.T.);
#910 = ORIENTED_EDGE('',*,*,#911,.F.);
#911 = EDGE_CURVE('',#888,#805,#912,.T.);
#912 = SURFACE_CURVE('',#913,(#918,#925),.PCURVE_S1.);
#913 = CIRCLE('',#914,2.);
#914 = AXIS2_PLACEMENT_3D('',#915,#916,#917);
#915 = CARTESIAN_POINT('',(-2.,10.816653826392,-5.5));
#916 = DIRECTION('',(0.,-0.,1.));
#917 = DIRECTION('',(1.,8.881784197001E-16,0.));
#918 = PCURVE('',#156,#919);
#919 = DEFINITIONAL_REPRESENTATION('',(#920),#924);
#920 = LINE('',#921,#922);
#921 = CARTESIAN_POINT('',(-0.,6.28318530718));
#922 = VECTOR('',#923,1.);
#923 = DIRECTION('',(-1.,0.));
#924 = ( GEOMETRIC_REPRESENTATION_CONTEXT(2) 
PARAMETRIC_REPRESENTATION_CONTEXT() REPRESENTATION_CONTEXT('2D SPACE',''
  ) );
#925 = PCURVE('',#926,#931);
#926 = CYLINDRICAL_SURFACE('',#927,2.);
#927 = AXIS2_PLACEMENT_3D('',#928,#929,#930);
#928 = CARTESIAN_POINT('',(-2.,10.816653826392,-9.144380660903));
#929 = DIRECTION('',(0.,0.,1.));
#930 = DIRECTION('',(1.,0.,-0.));
#931 = DEFINITIONAL_REPRESENTATION('',(#932),#936);
#932 = LINE('',#933,#934);
#933 = CARTESIAN_POINT('',(8.881784197001E-16,3.644380660903));
#934 = VECTOR('',#935,1.);
#935 = DIRECTION('',(1.,0.));
#936 = ( GEOMETRIC_REPRESENTATION_CONTEXT(2) 
PARAMETRIC_REPRESENTATION_CONTEXT() REPRESENTATION_CONTEXT('2D SPACE',''
  ) );
#937 = ADVANCED_FACE('',(#938),#734,.T.);
#938 = FACE_BOUND('',#939,.T.);
#939 = EDGE_LOOP('',(#940,#941,#989,#1016));
#940 = ORIENTED_EDGE('',*,*,#827,.T.);
#941 = ORIENTED_EDGE('',*,*,#942,.T.);
#942 = EDGE_CURVE('',#828,#943,#945,.T.);
#943 = VERTEX_POINT('',#944);
#944 = CARTESIAN_POINT('',(-11.09206553048,7.997879860777,-5.5));
#945 = SURFACE_CURVE('',#946,(#955,#962),.PCURVE_S1.);
#946 = ( BOUNDED_CURVE() B_SPLINE_CURVE(7,(#947,#948,#949,#950,#951,#952
,#953,#954),.UNSPECIFIED.,.F.,.F.) B_SPLINE_CURVE_WITH_KNOTS((8,8),(
8.561965507068,10.152763168585),.PIECEWISE_BEZIER_KNOTS.) CURVE() 
GEOMETRIC_REPRESENTATION_ITEM() RATIONAL_B_SPLINE_CURVE((1.,1.,1.,1.,1.,
1.,1.,1.)) REPRESENTATION_ITEM('') );
#947 = CARTESIAN_POINT('',(-9.692913586175,8.662991758679,-5.5));
#948 = CARTESIAN_POINT('',(-9.840415829051,8.497953336181,-5.5));
#949 = CARTESIAN_POINT('',(-10.01304632431,8.347694182171,-5.5));
#950 = CARTESIAN_POINT('',(-10.20852915986,8.218706854472,-5.5));
#951 = CARTESIAN_POINT('',(-10.42199174759,8.117233910002,-5.5));
#952 = CARTESIAN_POINT('',(-10.64543926462,8.047075881922,-5.5));
#953 = CARTESIAN_POINT('',(-10.87095295224,8.00806908547,-5.5));
#954 = CARTESIAN_POINT('',(-11.09206553048,7.997879860777,-5.5));
#955 = PCURVE('',#734,#956);
#956 = DEFINITIONAL_REPRESENTATION('',(#957),#961);
#957 = LINE('',#958,#959);
#958 = CARTESIAN_POINT('',(1.590797661517,0.));
#959 = VECTOR('',#960,1.);
#960 = DIRECTION('',(0.,1.));
#961 = ( GEOMETRIC_REPRESENTATION_CONTEXT(2) 
PARAMETRIC_REPRESENTATION_CONTEXT() REPRESENTATION_CONTEXT('2D SPACE',''
  ) );
#962 = PCURVE('',#963,#979);
#963 = ( BOUNDED_SURFACE() B_SPLINE_SURFACE(2,2,(
    (#964,#965,#966,#967,#968)
    ,(#969,#970,#971,#972,#973)
    ,(#974,#975,#976,#977,#978
)),.UNSPECIFIED.,.F.,.F.,.F.) B_SPLINE_SURFACE_WITH_KNOTS((3,3),(3,1,1,3
    ),(0.,20.62),(-1.261944,5.989002696549E-14,20.62,21.881944),
.UNSPECIFIED.) GEOMETRIC_REPRESENTATION_ITEM() RATIONAL_B_SPLINE_SURFACE
((
    (1.,1.,1.,1.,1.)
    ,(0.921954445729,0.921954445729,0.921954445729,0.921954445729
      ,0.921954445729)
,(1.,1.,1.,1.,1.))) REPRESENTATION_ITEM('') SURFACE() );
#964 = CARTESIAN_POINT('',(-9.692913586175,8.662991758679,-2.738056));
#965 = CARTESIAN_POINT('',(-9.692913586175,8.662991758679,-3.369028));
#966 = CARTESIAN_POINT('',(-9.692913586175,8.662991758679,-14.31));
#967 = CARTESIAN_POINT('',(-9.692913586175,8.662991758679,-25.250972));
#968 = CARTESIAN_POINT('',(-9.692913586175,8.662991758679,-25.881944));
#969 = CARTESIAN_POINT('',(-10.25278811668,8.036555119406,-2.738056));
#970 = CARTESIAN_POINT('',(-10.25278811668,8.036555119406,-3.369028));
#971 = CARTESIAN_POINT('',(-10.25278811668,8.036555119406,-14.31));
#972 = CARTESIAN_POINT('',(-10.25278811668,8.036555119406,-25.250972));
#973 = CARTESIAN_POINT('',(-10.25278811668,8.036555119406,-25.881944));
#974 = CARTESIAN_POINT('',(-11.09206553048,7.997879860777,-2.738056));
#975 = CARTESIAN_POINT('',(-11.09206553048,7.997879860777,-3.369028));
#976 = CARTESIAN_POINT('',(-11.09206553048,7.997879860777,-14.31));
#977 = CARTESIAN_POINT('',(-11.09206553048,7.997879860777,-25.250972));
#978 = CARTESIAN_POINT('',(-11.09206553048,7.997879860777,-25.881944));
#979 = DEFINITIONAL_REPRESENTATION('',(#980),#988);
#980 = B_SPLINE_CURVE_WITH_KNOTS('',6,(#981,#982,#983,#984,#985,#986,
    #987),.UNSPECIFIED.,.F.,.F.,(7,7),(8.561965507068,10.152763168585),
  .PIECEWISE_BEZIER_KNOTS.);
#981 = CARTESIAN_POINT('',(5.329070518201E-15,1.5));
#982 = CARTESIAN_POINT('',(3.437192891127,1.5));
#983 = CARTESIAN_POINT('',(6.873778816046,1.5));
#984 = CARTESIAN_POINT('',(10.310016021048,1.5));
#985 = CARTESIAN_POINT('',(13.746267824358,1.5));
#986 = CARTESIAN_POINT('',(17.182807108872,1.5));
#987 = CARTESIAN_POINT('',(20.62,1.5));
#988 = ( GEOMETRIC_REPRESENTATION_CONTEXT(2) 
PARAMETRIC_REPRESENTATION_CONTEXT() REPRESENTATION_CONTEXT('2D SPACE',''
  ) );
#989 = ORIENTED_EDGE('',*,*,#990,.F.);
#990 = EDGE_CURVE('',#668,#943,#991,.T.);
#991 = SURFACE_CURVE('',#992,(#996,#1002),.PCURVE_S1.);
#992 = ( BOUNDED_CURVE() B_SPLINE_CURVE(2,(#993,#994,#995),
.UNSPECIFIED.,.F.,.F.) B_SPLINE_CURVE_WITH_KNOTS((3,3),(0.,
1.590797661517),.PIECEWISE_BEZIER_KNOTS.) CURVE() 
GEOMETRIC_REPRESENTATION_ITEM() RATIONAL_B_SPLINE_CURVE((1.,
0.707106781187,1.)) REPRESENTATION_ITEM('') );
#993 = CARTESIAN_POINT('',(-11.02301638262,6.499469965194,-4.));
#994 = CARTESIAN_POINT('',(-11.09206553048,7.997879860777,-4.));
#995 = CARTESIAN_POINT('',(-11.09206553048,7.997879860777,-5.5));
#996 = PCURVE('',#734,#997);
#997 = DEFINITIONAL_REPRESENTATION('',(#998),#1001);
#998 = B_SPLINE_CURVE_WITH_KNOTS('',1,(#999,#1000),.UNSPECIFIED.,.F.,.F.
  ,(2,2),(0.,1.590797661517),.PIECEWISE_BEZIER_KNOTS.);
#999 = CARTESIAN_POINT('',(0.,10.152763168585));
#1000 = CARTESIAN_POINT('',(1.590797661517,10.152763168585));
#1001 = ( GEOMETRIC_REPRESENTATION_CONTEXT(2) 
PARAMETRIC_REPRESENTATION_CONTEXT() REPRESENTATION_CONTEXT('2D SPACE',''
  ) );
#1002 = PCURVE('',#688,#1003);
#1003 = DEFINITIONAL_REPRESENTATION('',(#1004),#1015);
#1004 = B_SPLINE_CURVE_WITH_KNOTS('',9,(#1005,#1006,#1007,#1008,#1009,
    #1010,#1011,#1012,#1013,#1014),.UNSPECIFIED.,.F.,.F.,(10,10),(0.,
    1.590797661517),.PIECEWISE_BEZIER_KNOTS.);
#1005 = CARTESIAN_POINT('',(2.22044604925E-16,4.712388980385));
#1006 = CARTESIAN_POINT('',(2.22044604925E-16,4.869523820648));
#1007 = CARTESIAN_POINT('',(2.22044604925E-16,5.038163697256));
#1008 = CARTESIAN_POINT('',(2.22044604925E-16,5.216955367103));
#1009 = CARTESIAN_POINT('',(2.22044604925E-16,5.403133832112));
#1010 = CARTESIAN_POINT('',(2.22044604925E-16,5.592440455683));
#1011 = CARTESIAN_POINT('',(2.22044604925E-16,5.778618920158));
#1012 = CARTESIAN_POINT('',(2.22044604925E-16,5.957410590409));
#1013 = CARTESIAN_POINT('',(2.22044604925E-16,6.126050466916));
#1014 = CARTESIAN_POINT('',(2.22044604925E-16,6.28318530718));
#1015 = ( GEOMETRIC_REPRESENTATION_CONTEXT(2) 
PARAMETRIC_REPRESENTATION_CONTEXT() REPRESENTATION_CONTEXT('2D SPACE',''
  ) );
#1016 = ORIENTED_EDGE('',*,*,#710,.F.);
#1017 = ADVANCED_FACE('',(#1018),#194,.T.);
#1018 = FACE_BOUND('',#1019,.T.);
#1019 = EDGE_LOOP('',(#1020,#1042,#1068,#1069));
#1020 = ORIENTED_EDGE('',*,*,#1021,.T.);
#1021 = EDGE_CURVE('',#179,#1022,#1024,.T.);
#1022 = VERTEX_POINT('',#1023);
#1023 = CARTESIAN_POINT('',(0.,10.,-5.5));
#1024 = SURFACE_CURVE('',#1025,(#1030,#1036),.PCURVE_S1.);
#1025 = CIRCLE('',#1026,1.5);
#1026 = AXIS2_PLACEMENT_3D('',#1027,#1028,#1029);
#1027 = CARTESIAN_POINT('',(-1.5,10.,-5.5));
#1028 = DIRECTION('',(1.608122649677E-16,1.,0.));
#1029 = DIRECTION('',(-1.,1.608122649677E-16,0.));
#1030 = PCURVE('',#194,#1031);
#1031 = DEFINITIONAL_REPRESENTATION('',(#1032),#1035);
#1032 = B_SPLINE_CURVE_WITH_KNOTS('',1,(#1033,#1034),.UNSPECIFIED.,.F.,
  .F.,(2,2),(1.570796326795,3.14159265359),.PIECEWISE_BEZIER_KNOTS.);
#1033 = CARTESIAN_POINT('',(0.,0.));
#1034 = CARTESIAN_POINT('',(1.570796326795,0.));
#1035 = ( GEOMETRIC_REPRESENTATION_CONTEXT(2) 
PARAMETRIC_REPRESENTATION_CONTEXT() REPRESENTATION_CONTEXT('2D SPACE',''
  ) );
#1036 = PCURVE('',#223,#1037);
#1037 = DEFINITIONAL_REPRESENTATION('',(#1038),#1041);
#1038 = B_SPLINE_CURVE_WITH_KNOTS('',1,(#1039,#1040),.UNSPECIFIED.,.F.,
  .F.,(2,2),(1.570796326795,3.14159265359),.PIECEWISE_BEZIER_KNOTS.);
#1039 = CARTESIAN_POINT('',(-1.570796326795,1.570796326795));
#1040 = CARTESIAN_POINT('',(-1.570796326795,3.14159265359));
#1041 = ( GEOMETRIC_REPRESENTATION_CONTEXT(2) 
PARAMETRIC_REPRESENTATION_CONTEXT() REPRESENTATION_CONTEXT('2D SPACE',''
  ) );
#1042 = ORIENTED_EDGE('',*,*,#1043,.T.);
#1043 = EDGE_CURVE('',#1022,#888,#1044,.T.);
#1044 = SURFACE_CURVE('',#1045,(#1049,#1056),.PCURVE_S1.);
#1045 = LINE('',#1046,#1047);
#1046 = CARTESIAN_POINT('',(2.22044604925E-16,10.,-5.5));
#1047 = VECTOR('',#1048,1.);
#1048 = DIRECTION('',(0.,1.,0.));
#1049 = PCURVE('',#194,#1050);
#1050 = DEFINITIONAL_REPRESENTATION('',(#1051),#1055);
#1051 = LINE('',#1052,#1053);
#1052 = CARTESIAN_POINT('',(1.570796326795,0.));
#1053 = VECTOR('',#1054,1.);
#1054 = DIRECTION('',(0.,1.));
#1055 = ( GEOMETRIC_REPRESENTATION_CONTEXT(2) 
PARAMETRIC_REPRESENTATION_CONTEXT() REPRESENTATION_CONTEXT('2D SPACE',''
  ) );
#1056 = PCURVE('',#1057,#1062);
#1057 = PLANE('',#1058);
#1058 = AXIS2_PLACEMENT_3D('',#1059,#1060,#1061);
#1059 = CARTESIAN_POINT('',(0.,-13.,-24.62));
#1060 = DIRECTION('',(-1.,0.,0.));
#1061 = DIRECTION('',(0.,1.,0.));
#1062 = DEFINITIONAL_REPRESENTATION('',(#1063),#1067);
#1063 = LINE('',#1064,#1065);
#1064 = CARTESIAN_POINT('',(23.,-19.12));
#1065 = VECTOR('',#1066,1.);
#1066 = DIRECTION('',(1.,0.));
#1067 = ( GEOMETRIC_REPRESENTATION_CONTEXT(2) 
PARAMETRIC_REPRESENTATION_CONTEXT() REPRESENTATION_CONTEXT('2D SPACE',''
  ) );
#1068 = ORIENTED_EDGE('',*,*,#887,.F.);
#1069 = ORIENTED_EDGE('',*,*,#178,.F.);
#1070 = ADVANCED_FACE('',(#1071),#688,.T.);
#1071 = FACE_BOUND('',#1072,.F.);
#1072 = EDGE_LOOP('',(#1073,#1074,#1075,#1097));
#1073 = ORIENTED_EDGE('',*,*,#990,.F.);
#1074 = ORIENTED_EDGE('',*,*,#667,.T.);
#1075 = ORIENTED_EDGE('',*,*,#1076,.T.);
#1076 = EDGE_CURVE('',#640,#1077,#1079,.T.);
#1077 = VERTEX_POINT('',#1078);
#1078 = CARTESIAN_POINT('',(-13.,6.,-5.5));
#1079 = SURFACE_CURVE('',#1080,(#1085,#1091),.PCURVE_S1.);
#1080 = CIRCLE('',#1081,1.5);
#1081 = AXIS2_PLACEMENT_3D('',#1082,#1083,#1084);
#1082 = CARTESIAN_POINT('',(-11.5,6.,-5.5));
#1083 = DIRECTION('',(-4.163336342344E-17,-1.,-0.));
#1084 = DIRECTION('',(-1.,4.163336342344E-17,0.));
#1085 = PCURVE('',#688,#1086);
#1086 = DEFINITIONAL_REPRESENTATION('',(#1087),#1090);
#1087 = B_SPLINE_CURVE_WITH_KNOTS('',1,(#1088,#1089),.UNSPECIFIED.,.F.,
  .F.,(2,2),(4.712388980385,6.28318530718),.PIECEWISE_BEZIER_KNOTS.);
#1088 = CARTESIAN_POINT('',(-1.524747288673,4.712388980385));
#1089 = CARTESIAN_POINT('',(-1.524747288673,6.28318530718));
#1090 = ( GEOMETRIC_REPRESENTATION_CONTEXT(2) 
PARAMETRIC_REPRESENTATION_CONTEXT() REPRESENTATION_CONTEXT('2D SPACE',''
  ) );
#1091 = PCURVE('',#655,#1092);
#1092 = DEFINITIONAL_REPRESENTATION('',(#1093),#1096);
#1093 = B_SPLINE_CURVE_WITH_KNOTS('',1,(#1094,#1095),.UNSPECIFIED.,.F.,
  .F.,(2,2),(4.712388980385,6.28318530718),.PIECEWISE_BEZIER_KNOTS.);
#1094 = CARTESIAN_POINT('',(0.,0.));
#1095 = CARTESIAN_POINT('',(1.570796326795,0.));
#1096 = ( GEOMETRIC_REPRESENTATION_CONTEXT(2) 
PARAMETRIC_REPRESENTATION_CONTEXT() REPRESENTATION_CONTEXT('2D SPACE',''
  ) );
#1097 = ORIENTED_EDGE('',*,*,#1098,.F.);
#1098 = EDGE_CURVE('',#943,#1077,#1099,.T.);
#1099 = SURFACE_CURVE('',#1100,(#1105,#1112),.PCURVE_S1.);
#1100 = CIRCLE('',#1101,2.);
#1101 = AXIS2_PLACEMENT_3D('',#1102,#1103,#1104);
#1102 = CARTESIAN_POINT('',(-11.,6.,-5.5));
#1103 = DIRECTION('',(0.,-0.,1.));
#1104 = DIRECTION('',(-4.603276524277E-02,0.998939930388,0.));
#1105 = PCURVE('',#688,#1106);
#1106 = DEFINITIONAL_REPRESENTATION('',(#1107),#1111);
#1107 = LINE('',#1108,#1109);
#1108 = CARTESIAN_POINT('',(-0.,6.28318530718));
#1109 = VECTOR('',#1110,1.);
#1110 = DIRECTION('',(-1.,0.));
#1111 = ( GEOMETRIC_REPRESENTATION_CONTEXT(2) 
PARAMETRIC_REPRESENTATION_CONTEXT() REPRESENTATION_CONTEXT('2D SPACE',''
  ) );
#1112 = PCURVE('',#1113,#1118);
#1113 = CYLINDRICAL_SURFACE('',#1114,2.);
#1114 = AXIS2_PLACEMENT_3D('',#1115,#1116,#1117);
#1115 = CARTESIAN_POINT('',(-11.,6.,-24.62));
#1116 = DIRECTION('',(0.,0.,1.));
#1117 = DIRECTION('',(-1.,-0.,0.));
#1118 = DEFINITIONAL_REPRESENTATION('',(#1119),#1123);
#1119 = LINE('',#1120,#1121);
#1120 = CARTESIAN_POINT('',(-1.524747288673,19.12));
#1121 = VECTOR('',#1122,1.);
#1122 = DIRECTION('',(1.,-0.));
#1123 = ( GEOMETRIC_REPRESENTATION_CONTEXT(2) 
PARAMETRIC_REPRESENTATION_CONTEXT() REPRESENTATION_CONTEXT('2D SPACE',''
  ) );
#1124 = ADVANCED_FACE('',(#1125),#223,.T.);
#1125 = FACE_BOUND('',#1126,.F.);
#1126 = EDGE_LOOP('',(#1127,#1149,#1150,#1151));
#1127 = ORIENTED_EDGE('',*,*,#1128,.F.);
#1128 = EDGE_CURVE('',#207,#1129,#1131,.T.);
#1129 = VERTEX_POINT('',#1130);
#1130 = CARTESIAN_POINT('',(2.,8.,-5.5));
#1131 = SURFACE_CURVE('',#1132,(#1137,#1143),.PCURVE_S1.);
#1132 = CIRCLE('',#1133,1.5);
#1133 = AXIS2_PLACEMENT_3D('',#1134,#1135,#1136);
#1134 = CARTESIAN_POINT('',(2.,6.5,-5.5));
#1135 = DIRECTION('',(-1.,0.,-0.));
#1136 = DIRECTION('',(-0.,0.,1.));
#1137 = PCURVE('',#223,#1138);
#1138 = DEFINITIONAL_REPRESENTATION('',(#1139),#1142);
#1139 = B_SPLINE_CURVE_WITH_KNOTS('',1,(#1140,#1141),.UNSPECIFIED.,.F.,
  .F.,(2,2),(0.,1.570796326795),.PIECEWISE_BEZIER_KNOTS.);
#1140 = CARTESIAN_POINT('',(0.,1.570796326795));
#1141 = CARTESIAN_POINT('',(0.,3.14159265359));
#1142 = ( GEOMETRIC_REPRESENTATION_CONTEXT(2) 
PARAMETRIC_REPRESENTATION_CONTEXT() REPRESENTATION_CONTEXT('2D SPACE',''
  ) );
#1143 = PCURVE('',#251,#1144);
#1144 = DEFINITIONAL_REPRESENTATION('',(#1145),#1148);
#1145 = B_SPLINE_CURVE_WITH_KNOTS('',1,(#1146,#1147),.UNSPECIFIED.,.F.,
  .F.,(2,2),(0.,1.570796326795),.PIECEWISE_BEZIER_KNOTS.);
#1146 = CARTESIAN_POINT('',(0.,9.));
#1147 = CARTESIAN_POINT('',(1.570796326795,9.));
#1148 = ( GEOMETRIC_REPRESENTATION_CONTEXT(2) 
PARAMETRIC_REPRESENTATION_CONTEXT() REPRESENTATION_CONTEXT('2D SPACE',''
  ) );
#1149 = ORIENTED_EDGE('',*,*,#206,.T.);
#1150 = ORIENTED_EDGE('',*,*,#1021,.T.);
#1151 = ORIENTED_EDGE('',*,*,#1152,.F.);
#1152 = EDGE_CURVE('',#1129,#1022,#1153,.T.);
#1153 = SURFACE_CURVE('',#1154,(#1159,#1166),.PCURVE_S1.);
#1154 = CIRCLE('',#1155,2.);
#1155 = AXIS2_PLACEMENT_3D('',#1156,#1157,#1158);
#1156 = CARTESIAN_POINT('',(2.,10.,-5.5));
#1157 = DIRECTION('',(0.,0.,-1.));
#1158 = DIRECTION('',(-2.22044604925E-16,-1.,-0.));
#1159 = PCURVE('',#223,#1160);
#1160 = DEFINITIONAL_REPRESENTATION('',(#1161),#1165);
#1161 = LINE('',#1162,#1163);
#1162 = CARTESIAN_POINT('',(-0.,3.14159265359));
#1163 = VECTOR('',#1164,1.);
#1164 = DIRECTION('',(-1.,0.));
#1165 = ( GEOMETRIC_REPRESENTATION_CONTEXT(2) 
PARAMETRIC_REPRESENTATION_CONTEXT() REPRESENTATION_CONTEXT('2D SPACE',''
  ) );
#1166 = PCURVE('',#1167,#1172);
#1167 = CYLINDRICAL_SURFACE('',#1168,2.);
#1168 = AXIS2_PLACEMENT_3D('',#1169,#1170,#1171);
#1169 = CARTESIAN_POINT('',(2.,10.,-4.));
#1170 = DIRECTION('',(-0.,-0.,-1.));
#1171 = DIRECTION('',(0.,-1.,0.));
#1172 = DEFINITIONAL_REPRESENTATION('',(#1173),#1177);
#1173 = LINE('',#1174,#1175);
#1174 = CARTESIAN_POINT('',(0.,1.5));
#1175 = VECTOR('',#1176,1.);
#1176 = DIRECTION('',(1.,0.));
#1177 = ( GEOMETRIC_REPRESENTATION_CONTEXT(2) 
PARAMETRIC_REPRESENTATION_CONTEXT() REPRESENTATION_CONTEXT('2D SPACE',''
  ) );
#1178 = ADVANCED_FACE('',(#1179),#655,.T.);
#1179 = FACE_BOUND('',#1180,.T.);
#1180 = EDGE_LOOP('',(#1181,#1182,#1210,#1230));
#1181 = ORIENTED_EDGE('',*,*,#1076,.T.);
#1182 = ORIENTED_EDGE('',*,*,#1183,.T.);
#1183 = EDGE_CURVE('',#1077,#1184,#1186,.T.);
#1184 = VERTEX_POINT('',#1185);
#1185 = CARTESIAN_POINT('',(-13.,-6.,-5.5));
#1186 = SURFACE_CURVE('',#1187,(#1191,#1198),.PCURVE_S1.);
#1187 = LINE('',#1188,#1189);
#1188 = CARTESIAN_POINT('',(-13.,6.,-5.5));
#1189 = VECTOR('',#1190,1.);
#1190 = DIRECTION('',(-0.,-1.,-0.));
#1191 = PCURVE('',#655,#1192);
#1192 = DEFINITIONAL_REPRESENTATION('',(#1193),#1197);
#1193 = LINE('',#1194,#1195);
#1194 = CARTESIAN_POINT('',(1.570796326795,0.));
#1195 = VECTOR('',#1196,1.);
#1196 = DIRECTION('',(0.,1.));
#1197 = ( GEOMETRIC_REPRESENTATION_CONTEXT(2) 
PARAMETRIC_REPRESENTATION_CONTEXT() REPRESENTATION_CONTEXT('2D SPACE',''
  ) );
#1198 = PCURVE('',#1199,#1204);
#1199 = PLANE('',#1200);
#1200 = AXIS2_PLACEMENT_3D('',#1201,#1202,#1203);
#1201 = CARTESIAN_POINT('',(-13.,0.,-24.62));
#1202 = DIRECTION('',(1.,0.,-0.));
#1203 = DIRECTION('',(0.,0.,1.));
#1204 = DEFINITIONAL_REPRESENTATION('',(#1205),#1209);
#1205 = LINE('',#1206,#1207);
#1206 = CARTESIAN_POINT('',(19.12,-6.));
#1207 = VECTOR('',#1208,1.);
#1208 = DIRECTION('',(-0.,1.));
#1209 = ( GEOMETRIC_REPRESENTATION_CONTEXT(2) 
PARAMETRIC_REPRESENTATION_CONTEXT() REPRESENTATION_CONTEXT('2D SPACE',''
  ) );
#1210 = ORIENTED_EDGE('',*,*,#1211,.F.);
#1211 = EDGE_CURVE('',#597,#1184,#1212,.T.);
#1212 = SURFACE_CURVE('',#1213,(#1218,#1224),.PCURVE_S1.);
#1213 = CIRCLE('',#1214,1.5);
#1214 = AXIS2_PLACEMENT_3D('',#1215,#1216,#1217);
#1215 = CARTESIAN_POINT('',(-11.5,-6.,-5.5));
#1216 = DIRECTION('',(-0.,-1.,0.));
#1217 = DIRECTION('',(-0.,0.,1.));
#1218 = PCURVE('',#655,#1219);
#1219 = DEFINITIONAL_REPRESENTATION('',(#1220),#1223);
#1220 = B_SPLINE_CURVE_WITH_KNOTS('',1,(#1221,#1222),.UNSPECIFIED.,.F.,
  .F.,(2,2),(0.,1.570796326795),.PIECEWISE_BEZIER_KNOTS.);
#1221 = CARTESIAN_POINT('',(0.,12.));
#1222 = CARTESIAN_POINT('',(1.570796326795,12.));
#1223 = ( GEOMETRIC_REPRESENTATION_CONTEXT(2) 
PARAMETRIC_REPRESENTATION_CONTEXT() REPRESENTATION_CONTEXT('2D SPACE',''
  ) );
#1224 = PCURVE('',#617,#1225);
#1225 = DEFINITIONAL_REPRESENTATION('',(#1226),#1229);
#1226 = B_SPLINE_CURVE_WITH_KNOTS('',1,(#1227,#1228),.UNSPECIFIED.,.F.,
  .F.,(2,2),(0.,1.570796326795),.PIECEWISE_BEZIER_KNOTS.);
#1227 = CARTESIAN_POINT('',(0.,4.712388980385));
#1228 = CARTESIAN_POINT('',(0.,6.28318530718));
#1229 = ( GEOMETRIC_REPRESENTATION_CONTEXT(2) 
PARAMETRIC_REPRESENTATION_CONTEXT() REPRESENTATION_CONTEXT('2D SPACE',''
  ) );
#1230 = ORIENTED_EDGE('',*,*,#639,.F.);
#1231 = ADVANCED_FACE('',(#1232),#251,.T.);
#1232 = FACE_BOUND('',#1233,.T.);
#1233 = EDGE_LOOP('',(#1234,#1256,#1282,#1283));
#1234 = ORIENTED_EDGE('',*,*,#1235,.T.);
#1235 = EDGE_CURVE('',#236,#1236,#1238,.T.);
#1236 = VERTEX_POINT('',#1237);
#1237 = CARTESIAN_POINT('',(11.,8.,-5.5));
#1238 = SURFACE_CURVE('',#1239,(#1244,#1250),.PCURVE_S1.);
#1239 = CIRCLE('',#1240,1.5);
#1240 = AXIS2_PLACEMENT_3D('',#1241,#1242,#1243);
#1241 = CARTESIAN_POINT('',(11.,6.5,-5.5));
#1242 = DIRECTION('',(-1.,6.123233995737E-17,0.));
#1243 = DIRECTION('',(6.123233995737E-17,1.,0.));
#1244 = PCURVE('',#251,#1245);
#1245 = DEFINITIONAL_REPRESENTATION('',(#1246),#1249);
#1246 = B_SPLINE_CURVE_WITH_KNOTS('',1,(#1247,#1248),.UNSPECIFIED.,.F.,
  .F.,(2,2),(4.712388980385,6.28318530718),.PIECEWISE_BEZIER_KNOTS.);
#1247 = CARTESIAN_POINT('',(0.,0.));
#1248 = CARTESIAN_POINT('',(1.570796326795,0.));
#1249 = ( GEOMETRIC_REPRESENTATION_CONTEXT(2) 
PARAMETRIC_REPRESENTATION_CONTEXT() REPRESENTATION_CONTEXT('2D SPACE',''
  ) );
#1250 = PCURVE('',#284,#1251);
#1251 = DEFINITIONAL_REPRESENTATION('',(#1252),#1255);
#1252 = B_SPLINE_CURVE_WITH_KNOTS('',1,(#1253,#1254),.UNSPECIFIED.,.F.,
  .F.,(2,2),(4.712388980385,6.28318530718),.PIECEWISE_BEZIER_KNOTS.);
#1253 = CARTESIAN_POINT('',(-1.570796326795,4.712388980385));
#1254 = CARTESIAN_POINT('',(-1.570796326795,6.28318530718));
#1255 = ( GEOMETRIC_REPRESENTATION_CONTEXT(2) 
PARAMETRIC_REPRESENTATION_CONTEXT() REPRESENTATION_CONTEXT('2D SPACE',''
  ) );
#1256 = ORIENTED_EDGE('',*,*,#1257,.T.);
#1257 = EDGE_CURVE('',#1236,#1129,#1258,.T.);
#1258 = SURFACE_CURVE('',#1259,(#1263,#1270),.PCURVE_S1.);
#1259 = LINE('',#1260,#1261);
#1260 = CARTESIAN_POINT('',(11.,8.,-5.5));
#1261 = VECTOR('',#1262,1.);
#1262 = DIRECTION('',(-1.,-0.,-0.));
#1263 = PCURVE('',#251,#1264);
#1264 = DEFINITIONAL_REPRESENTATION('',(#1265),#1269);
#1265 = LINE('',#1266,#1267);
#1266 = CARTESIAN_POINT('',(1.570796326795,0.));
#1267 = VECTOR('',#1268,1.);
#1268 = DIRECTION('',(0.,1.));
#1269 = ( GEOMETRIC_REPRESENTATION_CONTEXT(2) 
PARAMETRIC_REPRESENTATION_CONTEXT() REPRESENTATION_CONTEXT('2D SPACE',''
  ) );
#1270 = PCURVE('',#1271,#1276);
#1271 = PLANE('',#1272);
#1272 = AXIS2_PLACEMENT_3D('',#1273,#1274,#1275);
#1273 = CARTESIAN_POINT('',(5.780457024265,8.,-18.8004323628));
#1274 = DIRECTION('',(0.,-1.,0.));
#1275 = DIRECTION('',(1.,0.,0.));
#1276 = DEFINITIONAL_REPRESENTATION('',(#1277),#1281);
#1277 = LINE('',#1278,#1279);
#1278 = CARTESIAN_POINT('',(5.219542975735,13.300432362806));
#1279 = VECTOR('',#1280,1.);
#1280 = DIRECTION('',(-1.,-0.));
#1281 = ( GEOMETRIC_REPRESENTATION_CONTEXT(2) 
PARAMETRIC_REPRESENTATION_CONTEXT() REPRESENTATION_CONTEXT('2D SPACE',''
  ) );
#1282 = ORIENTED_EDGE('',*,*,#1128,.F.);
#1283 = ORIENTED_EDGE('',*,*,#235,.F.);
#1284 = ADVANCED_FACE('',(#1285),#617,.T.);
#1285 = FACE_BOUND('',#1286,.F.);
#1286 = EDGE_LOOP('',(#1287,#1288,#1289,#1319));
#1287 = ORIENTED_EDGE('',*,*,#1211,.F.);
#1288 = ORIENTED_EDGE('',*,*,#596,.T.);
#1289 = ORIENTED_EDGE('',*,*,#1290,.T.);
#1290 = EDGE_CURVE('',#539,#1291,#1293,.T.);
#1291 = VERTEX_POINT('',#1292);
#1292 = CARTESIAN_POINT('',(-11.09206553048,-7.997879860777,-5.5));
#1293 = SURFACE_CURVE('',#1294,(#1299,#1305),.PCURVE_S1.);
#1294 = CIRCLE('',#1295,1.5);
#1295 = AXIS2_PLACEMENT_3D('',#1296,#1297,#1298);
#1296 = CARTESIAN_POINT('',(-11.02301638262,-6.499469965194,-5.5));
#1297 = DIRECTION('',(0.998939930388,-4.603276524277E-02,0.));
#1298 = DIRECTION('',(-4.603276524277E-02,-0.998939930388,0.));
#1299 = PCURVE('',#617,#1300);
#1300 = DEFINITIONAL_REPRESENTATION('',(#1301),#1304);
#1301 = B_SPLINE_CURVE_WITH_KNOTS('',1,(#1302,#1303),.UNSPECIFIED.,.F.,
  .F.,(2,2),(4.712388980385,6.28318530718),.PIECEWISE_BEZIER_KNOTS.);
#1302 = CARTESIAN_POINT('',(-1.524747288673,4.712388980385));
#1303 = CARTESIAN_POINT('',(-1.524747288673,6.28318530718));
#1304 = ( GEOMETRIC_REPRESENTATION_CONTEXT(2) 
PARAMETRIC_REPRESENTATION_CONTEXT() REPRESENTATION_CONTEXT('2D SPACE',''
  ) );
#1305 = PCURVE('',#564,#1306);
#1306 = DEFINITIONAL_REPRESENTATION('',(#1307),#1318);
#1307 = B_SPLINE_CURVE_WITH_KNOTS('',9,(#1308,#1309,#1310,#1311,#1312,
    #1313,#1314,#1315,#1316,#1317),.UNSPECIFIED.,.F.,.F.,(10,10),(
    4.712388980385,6.28318530718),.PIECEWISE_BEZIER_KNOTS.);
#1308 = CARTESIAN_POINT('',(-2.221655624318E-16,28.251752323278));
#1309 = CARTESIAN_POINT('',(0.1963257719,28.251752323277));
#1310 = CARTESIAN_POINT('',(0.376684396717,28.251752323279));
#1311 = CARTESIAN_POINT('',(0.547625915825,28.251752323275));
#1312 = CARTESIAN_POINT('',(0.713348883604,28.251752323282));
#1313 = CARTESIAN_POINT('',(0.877448777913,28.251752323274));
#1314 = CARTESIAN_POINT('',(1.043171745692,28.25175232328));
#1315 = CARTESIAN_POINT('',(1.2141132648,28.251752323276));
#1316 = CARTESIAN_POINT('',(1.394471889617,28.251752323278));
#1317 = CARTESIAN_POINT('',(1.590797661517,28.251752323278));
#1318 = ( GEOMETRIC_REPRESENTATION_CONTEXT(2) 
PARAMETRIC_REPRESENTATION_CONTEXT() REPRESENTATION_CONTEXT('2D SPACE',''
  ) );
#1319 = ORIENTED_EDGE('',*,*,#1320,.F.);
#1320 = EDGE_CURVE('',#1184,#1291,#1321,.T.);
#1321 = SURFACE_CURVE('',#1322,(#1327,#1334),.PCURVE_S1.);
#1322 = CIRCLE('',#1323,2.);
#1323 = AXIS2_PLACEMENT_3D('',#1324,#1325,#1326);
#1324 = CARTESIAN_POINT('',(-11.,-6.,-5.5));
#1325 = DIRECTION('',(0.,-0.,1.));
#1326 = DIRECTION('',(-1.,0.,0.));
#1327 = PCURVE('',#617,#1328);
#1328 = DEFINITIONAL_REPRESENTATION('',(#1329),#1333);
#1329 = LINE('',#1330,#1331);
#1330 = CARTESIAN_POINT('',(-0.,6.28318530718));
#1331 = VECTOR('',#1332,1.);
#1332 = DIRECTION('',(-1.,0.));
#1333 = ( GEOMETRIC_REPRESENTATION_CONTEXT(2) 
PARAMETRIC_REPRESENTATION_CONTEXT() REPRESENTATION_CONTEXT('2D SPACE',''
  ) );
#1334 = PCURVE('',#1335,#1340);
#1335 = CYLINDRICAL_SURFACE('',#1336,2.);
#1336 = AXIS2_PLACEMENT_3D('',#1337,#1338,#1339);
#1337 = CARTESIAN_POINT('',(-11.,-6.,-24.62));
#1338 = DIRECTION('',(0.,0.,1.));
#1339 = DIRECTION('',(-1.,-0.,0.));
#1340 = DEFINITIONAL_REPRESENTATION('',(#1341),#1345);
#1341 = LINE('',#1342,#1343);
#1342 = CARTESIAN_POINT('',(0.,19.12));
#1343 = VECTOR('',#1344,1.);
#1344 = DIRECTION('',(1.,0.));
#1345 = ( GEOMETRIC_REPRESENTATION_CONTEXT(2) 
PARAMETRIC_REPRESENTATION_CONTEXT() REPRESENTATION_CONTEXT('2D SPACE',''
  ) );
#1346 = ADVANCED_FACE('',(#1347),#284,.T.);
#1347 = FACE_BOUND('',#1348,.F.);
#1348 = EDGE_LOOP('',(#1349,#1371,#1372,#1373));
#1349 = ORIENTED_EDGE('',*,*,#1350,.F.);
#1350 = EDGE_CURVE('',#264,#1351,#1353,.T.);
#1351 = VERTEX_POINT('',#1352);
#1352 = CARTESIAN_POINT('',(13.,6.,-5.5));
#1353 = SURFACE_CURVE('',#1354,(#1359,#1365),.PCURVE_S1.);
#1354 = CIRCLE('',#1355,1.5);
#1355 = AXIS2_PLACEMENT_3D('',#1356,#1357,#1358);
#1356 = CARTESIAN_POINT('',(11.5,6.,-5.5));
#1357 = DIRECTION('',(0.,1.,0.));
#1358 = DIRECTION('',(0.,-0.,1.));
#1359 = PCURVE('',#284,#1360);
#1360 = DEFINITIONAL_REPRESENTATION('',(#1361),#1364);
#1361 = B_SPLINE_CURVE_WITH_KNOTS('',1,(#1362,#1363),.UNSPECIFIED.,.F.,
  .F.,(2,2),(0.,1.570796326795),.PIECEWISE_BEZIER_KNOTS.);
#1362 = CARTESIAN_POINT('',(0.,4.712388980385));
#1363 = CARTESIAN_POINT('',(0.,6.28318530718));
#1364 = ( GEOMETRIC_REPRESENTATION_CONTEXT(2) 
PARAMETRIC_REPRESENTATION_CONTEXT() REPRESENTATION_CONTEXT('2D SPACE',''
  ) );
#1365 = PCURVE('',#322,#1366);
#1366 = DEFINITIONAL_REPRESENTATION('',(#1367),#1370);
#1367 = B_SPLINE_CURVE_WITH_KNOTS('',1,(#1368,#1369),.UNSPECIFIED.,.F.,
  .F.,(2,2),(0.,1.570796326795),.PIECEWISE_BEZIER_KNOTS.);
#1368 = CARTESIAN_POINT('',(0.,12.));
#1369 = CARTESIAN_POINT('',(1.570796326795,12.));
#1370 = ( GEOMETRIC_REPRESENTATION_CONTEXT(2) 
PARAMETRIC_REPRESENTATION_CONTEXT() REPRESENTATION_CONTEXT('2D SPACE',''
  ) );
#1371 = ORIENTED_EDGE('',*,*,#263,.T.);
#1372 = ORIENTED_EDGE('',*,*,#1235,.T.);
#1373 = ORIENTED_EDGE('',*,*,#1374,.F.);
#1374 = EDGE_CURVE('',#1351,#1236,#1375,.T.);
#1375 = SURFACE_CURVE('',#1376,(#1381,#1388),.PCURVE_S1.);
#1376 = CIRCLE('',#1377,2.);
#1377 = AXIS2_PLACEMENT_3D('',#1378,#1379,#1380);
#1378 = CARTESIAN_POINT('',(11.,6.,-5.5));
#1379 = DIRECTION('',(0.,-0.,1.));
#1380 = DIRECTION('',(1.,0.,0.));
#1381 = PCURVE('',#284,#1382);
#1382 = DEFINITIONAL_REPRESENTATION('',(#1383),#1387);
#1383 = LINE('',#1384,#1385);
#1384 = CARTESIAN_POINT('',(-0.,6.28318530718));
#1385 = VECTOR('',#1386,1.);
#1386 = DIRECTION('',(-1.,0.));
#1387 = ( GEOMETRIC_REPRESENTATION_CONTEXT(2) 
PARAMETRIC_REPRESENTATION_CONTEXT() REPRESENTATION_CONTEXT('2D SPACE',''
  ) );
#1388 = PCURVE('',#1389,#1394);
#1389 = CYLINDRICAL_SURFACE('',#1390,2.);
#1390 = AXIS2_PLACEMENT_3D('',#1391,#1392,#1393);
#1391 = CARTESIAN_POINT('',(11.,6.,-10.64595555576));
#1392 = DIRECTION('',(0.,0.,1.));
#1393 = DIRECTION('',(-0.,1.,0.));
#1394 = DEFINITIONAL_REPRESENTATION('',(#1395),#1399);
#1395 = LINE('',#1396,#1397);
#1396 = CARTESIAN_POINT('',(-1.570796326795,5.145955555763));
#1397 = VECTOR('',#1398,1.);
#1398 = DIRECTION('',(1.,-0.));
#1399 = ( GEOMETRIC_REPRESENTATION_CONTEXT(2) 
PARAMETRIC_REPRESENTATION_CONTEXT() REPRESENTATION_CONTEXT('2D SPACE',''
  ) );
#1400 = ADVANCED_FACE('',(#1401),#564,.T.);
#1401 = FACE_BOUND('',#1402,.T.);
#1402 = EDGE_LOOP('',(#1403,#1404,#1452,#1479));
#1403 = ORIENTED_EDGE('',*,*,#1290,.T.);
#1404 = ORIENTED_EDGE('',*,*,#1405,.T.);
#1405 = EDGE_CURVE('',#1291,#1406,#1408,.T.);
#1406 = VERTEX_POINT('',#1407);
#1407 = CARTESIAN_POINT('',(-9.692913586175,-8.662991758679,-5.5));
#1408 = SURFACE_CURVE('',#1409,(#1418,#1425),.PCURVE_S1.);
#1409 = ( BOUNDED_CURVE() B_SPLINE_CURVE(7,(#1410,#1411,#1412,#1413,
    #1414,#1415,#1416,#1417),.UNSPECIFIED.,.F.,.F.) 
B_SPLINE_CURVE_WITH_KNOTS((8,8),(28.251752323278,29.842549984795),
.PIECEWISE_BEZIER_KNOTS.) CURVE() GEOMETRIC_REPRESENTATION_ITEM() 
RATIONAL_B_SPLINE_CURVE((1.,1.,1.,1.,1.,1.,1.,1.)) REPRESENTATION_ITEM(
  '') );
#1410 = CARTESIAN_POINT('',(-11.09206553048,-7.997879860777,-5.5));
#1411 = CARTESIAN_POINT('',(-10.87095295225,-8.00806908547,-5.5));
#1412 = CARTESIAN_POINT('',(-10.64543675444,-8.047076082105,-5.5));
#1413 = CARTESIAN_POINT('',(-10.42198878445,-8.117235004602,-5.5));
#1414 = CARTESIAN_POINT('',(-10.2085264402,-8.218708461288,-5.5));
#1415 = CARTESIAN_POINT('',(-10.01304458425,-8.347696002413,-5.5));
#1416 = CARTESIAN_POINT('',(-9.840415829051,-8.497953336181,-5.5));
#1417 = CARTESIAN_POINT('',(-9.692913586175,-8.662991758679,-5.5));
#1418 = PCURVE('',#564,#1419);
#1419 = DEFINITIONAL_REPRESENTATION('',(#1420),#1424);
#1420 = LINE('',#1421,#1422);
#1421 = CARTESIAN_POINT('',(1.590797661517,0.));
#1422 = VECTOR('',#1423,1.);
#1423 = DIRECTION('',(0.,1.));
#1424 = ( GEOMETRIC_REPRESENTATION_CONTEXT(2) 
PARAMETRIC_REPRESENTATION_CONTEXT() REPRESENTATION_CONTEXT('2D SPACE',''
  ) );
#1425 = PCURVE('',#1426,#1442);
#1426 = ( BOUNDED_SURFACE() B_SPLINE_SURFACE(2,2,(
    (#1427,#1428,#1429,#1430,#1431)
    ,(#1432,#1433,#1434,#1435,#1436)
    ,(#1437,#1438,#1439,#1440,#1441
)),.UNSPECIFIED.,.F.,.F.,.F.) B_SPLINE_SURFACE_WITH_KNOTS((3,3),(3,1,1,3
    ),(0.,20.62),(-1.261944,5.932133074912E-14,20.62,21.881944),
.UNSPECIFIED.) GEOMETRIC_REPRESENTATION_ITEM() RATIONAL_B_SPLINE_SURFACE
((
    (1.,1.,1.,1.,1.)
    ,(0.921954445729,0.921954445729,0.921954445729,0.921954445729
      ,0.921954445729)
,(1.,1.,1.,1.,1.))) REPRESENTATION_ITEM('') SURFACE() );
#1427 = CARTESIAN_POINT('',(-11.09206553048,-7.997879860777,-2.738056));
#1428 = CARTESIAN_POINT('',(-11.09206553048,-7.997879860777,-3.369028));
#1429 = CARTESIAN_POINT('',(-11.09206553048,-7.997879860777,-14.31));
#1430 = CARTESIAN_POINT('',(-11.09206553048,-7.997879860777,-25.250972)
  );
#1431 = CARTESIAN_POINT('',(-11.09206553048,-7.997879860777,-25.881944)
  );
#1432 = CARTESIAN_POINT('',(-10.25278811668,-8.036555119406,-2.738056));
#1433 = CARTESIAN_POINT('',(-10.25278811668,-8.036555119406,-3.369028));
#1434 = CARTESIAN_POINT('',(-10.25278811668,-8.036555119406,-14.31));
#1435 = CARTESIAN_POINT('',(-10.25278811668,-8.036555119406,-25.250972)
  );
#1436 = CARTESIAN_POINT('',(-10.25278811668,-8.036555119406,-25.881944)
  );
#1437 = CARTESIAN_POINT('',(-9.692913586175,-8.662991758679,-2.738056));
#1438 = CARTESIAN_POINT('',(-9.692913586175,-8.662991758679,-3.369028));
#1439 = CARTESIAN_POINT('',(-9.692913586175,-8.662991758679,-14.31));
#1440 = CARTESIAN_POINT('',(-9.692913586175,-8.662991758679,-25.250972)
  );
#1441 = CARTESIAN_POINT('',(-9.692913586175,-8.662991758679,-25.881944)
  );
#1442 = DEFINITIONAL_REPRESENTATION('',(#1443),#1451);
#1443 = B_SPLINE_CURVE_WITH_KNOTS('',6,(#1444,#1445,#1446,#1447,#1448,
    #1449,#1450),.UNSPECIFIED.,.F.,.F.,(7,7),(28.251752323278,
    29.842549984795),.PIECEWISE_BEZIER_KNOTS.);
#1444 = CARTESIAN_POINT('',(3.552713678801E-15,1.5));
#1445 = CARTESIAN_POINT('',(3.437192891127,1.5));
#1446 = CARTESIAN_POINT('',(6.87377881605,1.5));
#1447 = CARTESIAN_POINT('',(10.310016021032,1.5));
#1448 = CARTESIAN_POINT('',(13.746267824377,1.5));
#1449 = CARTESIAN_POINT('',(17.182807108874,1.5));
#1450 = CARTESIAN_POINT('',(20.62,1.5));
#1451 = ( GEOMETRIC_REPRESENTATION_CONTEXT(2) 
PARAMETRIC_REPRESENTATION_CONTEXT() REPRESENTATION_CONTEXT('2D SPACE',''
  ) );
#1452 = ORIENTED_EDGE('',*,*,#1453,.F.);
#1453 = EDGE_CURVE('',#506,#1406,#1454,.T.);
#1454 = SURFACE_CURVE('',#1455,(#1459,#1465),.PCURVE_S1.);
#1455 = ( BOUNDED_CURVE() B_SPLINE_CURVE(2,(#1456,#1457,#1458),
.UNSPECIFIED.,.F.,.F.) B_SPLINE_CURVE_WITH_KNOTS((3,3),(0.,
1.590797661517),.PIECEWISE_BEZIER_KNOTS.) CURVE() 
GEOMETRIC_REPRESENTATION_ITEM() RATIONAL_B_SPLINE_CURVE((1.,
0.707106781187,1.)) REPRESENTATION_ITEM('') );
#1456 = CARTESIAN_POINT('',(-8.574500480078,-7.663415786524,-4.));
#1457 = CARTESIAN_POINT('',(-9.692913586175,-8.662991758679,-4.));
#1458 = CARTESIAN_POINT('',(-9.692913586175,-8.662991758679,-5.5));
#1459 = PCURVE('',#564,#1460);
#1460 = DEFINITIONAL_REPRESENTATION('',(#1461),#1464);
#1461 = B_SPLINE_CURVE_WITH_KNOTS('',1,(#1462,#1463),.UNSPECIFIED.,.F.,
  .F.,(2,2),(0.,1.590797661517),.PIECEWISE_BEZIER_KNOTS.);
#1462 = CARTESIAN_POINT('',(0.,29.842549984795));
#1463 = CARTESIAN_POINT('',(1.590797661517,29.842549984795));
#1464 = ( GEOMETRIC_REPRESENTATION_CONTEXT(2) 
PARAMETRIC_REPRESENTATION_CONTEXT() REPRESENTATION_CONTEXT('2D SPACE',''
  ) );
#1465 = PCURVE('',#526,#1466);
#1466 = DEFINITIONAL_REPRESENTATION('',(#1467),#1478);
#1467 = B_SPLINE_CURVE_WITH_KNOTS('',9,(#1468,#1469,#1470,#1471,#1472,
    #1473,#1474,#1475,#1476,#1477),.UNSPECIFIED.,.F.,.F.,(10,10),(0.,
    1.590797661517),.PIECEWISE_BEZIER_KNOTS.);
#1468 = CARTESIAN_POINT('',(0.,4.712388980385));
#1469 = CARTESIAN_POINT('',(0.,4.869523820648));
#1470 = CARTESIAN_POINT('',(0.,5.038163697256));
#1471 = CARTESIAN_POINT('',(0.,5.216955367103));
#1472 = CARTESIAN_POINT('',(0.,5.403133832113));
#1473 = CARTESIAN_POINT('',(0.,5.592440455682));
#1474 = CARTESIAN_POINT('',(0.,5.778618920158));
#1475 = CARTESIAN_POINT('',(0.,5.957410590409));
#1476 = CARTESIAN_POINT('',(0.,6.126050466916));
#1477 = CARTESIAN_POINT('',(0.,6.28318530718));
#1478 = ( GEOMETRIC_REPRESENTATION_CONTEXT(2) 
PARAMETRIC_REPRESENTATION_CONTEXT() REPRESENTATION_CONTEXT('2D SPACE',''
  ) );
#1479 = ORIENTED_EDGE('',*,*,#538,.F.);
#1480 = ADVANCED_FACE('',(#1481),#322,.T.);
#1481 = FACE_BOUND('',#1482,.T.);
#1482 = EDGE_LOOP('',(#1483,#1505,#1531,#1532));
#1483 = ORIENTED_EDGE('',*,*,#1484,.T.);
#1484 = EDGE_CURVE('',#307,#1485,#1487,.T.);
#1485 = VERTEX_POINT('',#1486);
#1486 = CARTESIAN_POINT('',(13.,-6.,-5.5));
#1487 = SURFACE_CURVE('',#1488,(#1493,#1499),.PCURVE_S1.);
#1488 = CIRCLE('',#1489,1.5);
#1489 = AXIS2_PLACEMENT_3D('',#1490,#1491,#1492);
#1490 = CARTESIAN_POINT('',(11.5,-6.,-5.5));
#1491 = DIRECTION('',(6.123233995737E-17,1.,0.));
#1492 = DIRECTION('',(1.,-6.123233995737E-17,0.));
#1493 = PCURVE('',#322,#1494);
#1494 = DEFINITIONAL_REPRESENTATION('',(#1495),#1498);
#1495 = B_SPLINE_CURVE_WITH_KNOTS('',1,(#1496,#1497),.UNSPECIFIED.,.F.,
  .F.,(2,2),(4.712388980385,6.28318530718),.PIECEWISE_BEZIER_KNOTS.);
#1496 = CARTESIAN_POINT('',(0.,0.));
#1497 = CARTESIAN_POINT('',(1.570796326795,0.));
#1498 = ( GEOMETRIC_REPRESENTATION_CONTEXT(2) 
PARAMETRIC_REPRESENTATION_CONTEXT() REPRESENTATION_CONTEXT('2D SPACE',''
  ) );
#1499 = PCURVE('',#355,#1500);
#1500 = DEFINITIONAL_REPRESENTATION('',(#1501),#1504);
#1501 = B_SPLINE_CURVE_WITH_KNOTS('',1,(#1502,#1503),.UNSPECIFIED.,.F.,
  .F.,(2,2),(4.712388980385,6.28318530718),.PIECEWISE_BEZIER_KNOTS.);
#1502 = CARTESIAN_POINT('',(-1.570796326795,4.712388980385));
#1503 = CARTESIAN_POINT('',(-1.570796326795,6.28318530718));
#1504 = ( GEOMETRIC_REPRESENTATION_CONTEXT(2) 
PARAMETRIC_REPRESENTATION_CONTEXT() REPRESENTATION_CONTEXT('2D SPACE',''
  ) );
#1505 = ORIENTED_EDGE('',*,*,#1506,.T.);
#1506 = EDGE_CURVE('',#1485,#1351,#1507,.T.);
#1507 = SURFACE_CURVE('',#1508,(#1512,#1519),.PCURVE_S1.);
#1508 = LINE('',#1509,#1510);
#1509 = CARTESIAN_POINT('',(13.,-6.,-5.5));
#1510 = VECTOR('',#1511,1.);
#1511 = DIRECTION('',(0.,1.,0.));
#1512 = PCURVE('',#322,#1513);
#1513 = DEFINITIONAL_REPRESENTATION('',(#1514),#1518);
#1514 = LINE('',#1515,#1516);
#1515 = CARTESIAN_POINT('',(1.570796326795,0.));
#1516 = VECTOR('',#1517,1.);
#1517 = DIRECTION('',(0.,1.));
#1518 = ( GEOMETRIC_REPRESENTATION_CONTEXT(2) 
PARAMETRIC_REPRESENTATION_CONTEXT() REPRESENTATION_CONTEXT('2D SPACE',''
  ) );
#1519 = PCURVE('',#1520,#1525);
#1520 = PLANE('',#1521);
#1521 = AXIS2_PLACEMENT_3D('',#1522,#1523,#1524);
#1522 = CARTESIAN_POINT('',(13.,0.,-10.64595555576));
#1523 = DIRECTION('',(1.,0.,-0.));
#1524 = DIRECTION('',(0.,0.,1.));
#1525 = DEFINITIONAL_REPRESENTATION('',(#1526),#1530);
#1526 = LINE('',#1527,#1528);
#1527 = CARTESIAN_POINT('',(5.145955555763,6.));
#1528 = VECTOR('',#1529,1.);
#1529 = DIRECTION('',(0.,-1.));
#1530 = ( GEOMETRIC_REPRESENTATION_CONTEXT(2) 
PARAMETRIC_REPRESENTATION_CONTEXT() REPRESENTATION_CONTEXT('2D SPACE',''
  ) );
#1531 = ORIENTED_EDGE('',*,*,#1350,.F.);
#1532 = ORIENTED_EDGE('',*,*,#306,.F.);
#1533 = ADVANCED_FACE('',(#1534),#526,.T.);
#1534 = FACE_BOUND('',#1535,.F.);
#1535 = EDGE_LOOP('',(#1536,#1537,#1538,#1560));
#1536 = ORIENTED_EDGE('',*,*,#1453,.F.);
#1537 = ORIENTED_EDGE('',*,*,#505,.T.);
#1538 = ORIENTED_EDGE('',*,*,#1539,.T.);
#1539 = EDGE_CURVE('',#463,#1540,#1542,.T.);
#1540 = VERTEX_POINT('',#1541);
#1541 = CARTESIAN_POINT('',(-2.363636363636,-12.78331815846,-5.5));
#1542 = SURFACE_CURVE('',#1543,(#1548,#1554),.PCURVE_S1.);
#1543 = CIRCLE('',#1544,1.5);
#1544 = AXIS2_PLACEMENT_3D('',#1545,#1546,#1547);
#1545 = CARTESIAN_POINT('',(-2.090909090909,-11.30831990941,-5.5));
#1546 = DIRECTION('',(0.983332166036,-0.181818181818,0.));
#1547 = DIRECTION('',(-0.181818181818,-0.983332166036,0.));
#1548 = PCURVE('',#526,#1549);
#1549 = DEFINITIONAL_REPRESENTATION('',(#1550),#1553);
#1550 = B_SPLINE_CURVE_WITH_KNOTS('',1,(#1551,#1552),.UNSPECIFIED.,.F.,
  .F.,(2,2),(4.712388980385,6.28318530718),.PIECEWISE_BEZIER_KNOTS.);
#1551 = CARTESIAN_POINT('',(-0.658612731313,4.712388980385));
#1552 = CARTESIAN_POINT('',(-0.658612731313,6.28318530718));
#1553 = ( GEOMETRIC_REPRESENTATION_CONTEXT(2) 
PARAMETRIC_REPRESENTATION_CONTEXT() REPRESENTATION_CONTEXT('2D SPACE',''
  ) );
#1554 = PCURVE('',#483,#1555);
#1555 = DEFINITIONAL_REPRESENTATION('',(#1556),#1559);
#1556 = B_SPLINE_CURVE_WITH_KNOTS('',1,(#1557,#1558),.UNSPECIFIED.,.F.,
  .F.,(2,2),(4.712388980385,6.28318530718),.PIECEWISE_BEZIER_KNOTS.);
#1557 = CARTESIAN_POINT('',(6.661338147751E-16,4.712388980385));
#1558 = CARTESIAN_POINT('',(6.661338147751E-16,6.28318530718));
#1559 = ( GEOMETRIC_REPRESENTATION_CONTEXT(2) 
PARAMETRIC_REPRESENTATION_CONTEXT() REPRESENTATION_CONTEXT('2D SPACE',''
  ) );
#1560 = ORIENTED_EDGE('',*,*,#1561,.F.);
#1561 = EDGE_CURVE('',#1406,#1540,#1562,.T.);
#1562 = SURFACE_CURVE('',#1563,(#1568,#1575),.PCURVE_S1.);
#1563 = CIRCLE('',#1564,13.);
#1564 = AXIS2_PLACEMENT_3D('',#1565,#1566,#1567);
#1565 = CARTESIAN_POINT('',(0.,0.,-5.5));
#1566 = DIRECTION('',(-0.,0.,1.));
#1567 = DIRECTION('',(-0.745608737398,-0.666383981437,-0.));
#1568 = PCURVE('',#526,#1569);
#1569 = DEFINITIONAL_REPRESENTATION('',(#1570),#1574);
#1570 = LINE('',#1571,#1572);
#1571 = CARTESIAN_POINT('',(-0.,6.28318530718));
#1572 = VECTOR('',#1573,1.);
#1573 = DIRECTION('',(-1.,0.));
#1574 = ( GEOMETRIC_REPRESENTATION_CONTEXT(2) 
PARAMETRIC_REPRESENTATION_CONTEXT() REPRESENTATION_CONTEXT('2D SPACE',''
  ) );
#1575 = PCURVE('',#1576,#1581);
#1576 = CYLINDRICAL_SURFACE('',#1577,13.);
#1577 = AXIS2_PLACEMENT_3D('',#1578,#1579,#1580);
#1578 = CARTESIAN_POINT('',(0.,0.,-24.62));
#1579 = DIRECTION('',(-0.,-0.,-1.));
#1580 = DIRECTION('',(1.,0.,0.));
#1581 = DEFINITIONAL_REPRESENTATION('',(#1582),#1586);
#1582 = LINE('',#1583,#1584);
#1583 = CARTESIAN_POINT('',(-3.870941112079,-19.12));
#1584 = VECTOR('',#1585,1.);
#1585 = DIRECTION('',(-1.,0.));
#1586 = ( GEOMETRIC_REPRESENTATION_CONTEXT(2) 
PARAMETRIC_REPRESENTATION_CONTEXT() REPRESENTATION_CONTEXT('2D SPACE',''
  ) );
#1587 = ADVANCED_FACE('',(#1588),#355,.T.);
#1588 = FACE_BOUND('',#1589,.F.);
#1589 = EDGE_LOOP('',(#1590,#1612,#1613,#1614));
#1590 = ORIENTED_EDGE('',*,*,#1591,.F.);
#1591 = EDGE_CURVE('',#335,#1592,#1594,.T.);
#1592 = VERTEX_POINT('',#1593);
#1593 = CARTESIAN_POINT('',(11.,-8.,-5.5));
#1594 = SURFACE_CURVE('',#1595,(#1600,#1606),.PCURVE_S1.);
#1595 = CIRCLE('',#1596,1.5);
#1596 = AXIS2_PLACEMENT_3D('',#1597,#1598,#1599);
#1597 = CARTESIAN_POINT('',(11.,-6.5,-5.5));
#1598 = DIRECTION('',(1.,0.,0.));
#1599 = DIRECTION('',(0.,-0.,1.));
#1600 = PCURVE('',#355,#1601);
#1601 = DEFINITIONAL_REPRESENTATION('',(#1602),#1605);
#1602 = B_SPLINE_CURVE_WITH_KNOTS('',1,(#1603,#1604),.UNSPECIFIED.,.F.,
  .F.,(2,2),(0.,1.570796326795),.PIECEWISE_BEZIER_KNOTS.);
#1603 = CARTESIAN_POINT('',(0.,4.712388980385));
#1604 = CARTESIAN_POINT('',(0.,6.28318530718));
#1605 = ( GEOMETRIC_REPRESENTATION_CONTEXT(2) 
PARAMETRIC_REPRESENTATION_CONTEXT() REPRESENTATION_CONTEXT('2D SPACE',''
  ) );
#1606 = PCURVE('',#393,#1607);
#1607 = DEFINITIONAL_REPRESENTATION('',(#1608),#1611);
#1608 = B_SPLINE_CURVE_WITH_KNOTS('',1,(#1609,#1610),.UNSPECIFIED.,.F.,
  .F.,(2,2),(0.,1.570796326795),.PIECEWISE_BEZIER_KNOTS.);
#1609 = CARTESIAN_POINT('',(0.,9.));
#1610 = CARTESIAN_POINT('',(1.570796326795,9.));
#1611 = ( GEOMETRIC_REPRESENTATION_CONTEXT(2) 
PARAMETRIC_REPRESENTATION_CONTEXT() REPRESENTATION_CONTEXT('2D SPACE',''
  ) );
#1612 = ORIENTED_EDGE('',*,*,#334,.T.);
#1613 = ORIENTED_EDGE('',*,*,#1484,.T.);
#1614 = ORIENTED_EDGE('',*,*,#1615,.F.);
#1615 = EDGE_CURVE('',#1592,#1485,#1616,.T.);
#1616 = SURFACE_CURVE('',#1617,(#1622,#1629),.PCURVE_S1.);
#1617 = CIRCLE('',#1618,2.);
#1618 = AXIS2_PLACEMENT_3D('',#1619,#1620,#1621);
#1619 = CARTESIAN_POINT('',(11.,-6.,-5.5));
#1620 = DIRECTION('',(-0.,0.,1.));
#1621 = DIRECTION('',(0.,-1.,0.));
#1622 = PCURVE('',#355,#1623);
#1623 = DEFINITIONAL_REPRESENTATION('',(#1624),#1628);
#1624 = LINE('',#1625,#1626);
#1625 = CARTESIAN_POINT('',(-0.,6.28318530718));
#1626 = VECTOR('',#1627,1.);
#1627 = DIRECTION('',(-1.,0.));
#1628 = ( GEOMETRIC_REPRESENTATION_CONTEXT(2) 
PARAMETRIC_REPRESENTATION_CONTEXT() REPRESENTATION_CONTEXT('2D SPACE',''
  ) );
#1629 = PCURVE('',#1630,#1635);
#1630 = CYLINDRICAL_SURFACE('',#1631,2.);
#1631 = AXIS2_PLACEMENT_3D('',#1632,#1633,#1634);
#1632 = CARTESIAN_POINT('',(11.,-6.,-10.64595555576));
#1633 = DIRECTION('',(0.,0.,1.));
#1634 = DIRECTION('',(0.,-1.,0.));
#1635 = DEFINITIONAL_REPRESENTATION('',(#1636),#1640);
#1636 = LINE('',#1637,#1638);
#1637 = CARTESIAN_POINT('',(0.,5.145955555763));
#1638 = VECTOR('',#1639,1.);
#1639 = DIRECTION('',(1.,0.));
#1640 = ( GEOMETRIC_REPRESENTATION_CONTEXT(2) 
PARAMETRIC_REPRESENTATION_CONTEXT() REPRESENTATION_CONTEXT('2D SPACE',''
  ) );
#1641 = ADVANCED_FACE('',(#1642),#483,.T.);
#1642 = FACE_BOUND('',#1643,.F.);
#1643 = EDGE_LOOP('',(#1644,#1645,#1646,#1668));
#1644 = ORIENTED_EDGE('',*,*,#1539,.F.);
#1645 = ORIENTED_EDGE('',*,*,#462,.T.);
#1646 = ORIENTED_EDGE('',*,*,#1647,.T.);
#1647 = EDGE_CURVE('',#435,#1648,#1650,.T.);
#1648 = VERTEX_POINT('',#1649);
#1649 = CARTESIAN_POINT('',(0.,-10.81665382639,-5.5));
#1650 = SURFACE_CURVE('',#1651,(#1656,#1662),.PCURVE_S1.);
#1651 = CIRCLE('',#1652,1.5);
#1652 = AXIS2_PLACEMENT_3D('',#1653,#1654,#1655);
#1653 = CARTESIAN_POINT('',(-1.5,-10.81665382639,-5.5));
#1654 = DIRECTION('',(1.110223024625E-16,1.,0.));
#1655 = DIRECTION('',(1.,-1.110223024625E-16,0.));
#1656 = PCURVE('',#483,#1657);
#1657 = DEFINITIONAL_REPRESENTATION('',(#1658),#1661);
#1658 = B_SPLINE_CURVE_WITH_KNOTS('',1,(#1659,#1660),.UNSPECIFIED.,.F.,
  .F.,(2,2),(4.712388980385,6.28318530718),.PIECEWISE_BEZIER_KNOTS.);
#1659 = CARTESIAN_POINT('',(-1.753631463788,4.712388980385));
#1660 = CARTESIAN_POINT('',(-1.753631463788,6.28318530718));
#1661 = ( GEOMETRIC_REPRESENTATION_CONTEXT(2) 
PARAMETRIC_REPRESENTATION_CONTEXT() REPRESENTATION_CONTEXT('2D SPACE',''
  ) );
#1662 = PCURVE('',#450,#1663);
#1663 = DEFINITIONAL_REPRESENTATION('',(#1664),#1667);
#1664 = B_SPLINE_CURVE_WITH_KNOTS('',1,(#1665,#1666),.UNSPECIFIED.,.F.,
  .F.,(2,2),(4.712388980385,6.28318530718),.PIECEWISE_BEZIER_KNOTS.);
#1665 = CARTESIAN_POINT('',(0.,0.));
#1666 = CARTESIAN_POINT('',(1.570796326795,0.));
#1667 = ( GEOMETRIC_REPRESENTATION_CONTEXT(2) 
PARAMETRIC_REPRESENTATION_CONTEXT() REPRESENTATION_CONTEXT('2D SPACE',''
  ) );
#1668 = ORIENTED_EDGE('',*,*,#1669,.F.);
#1669 = EDGE_CURVE('',#1540,#1648,#1670,.T.);
#1670 = SURFACE_CURVE('',#1671,(#1676,#1683),.PCURVE_S1.);
#1671 = CIRCLE('',#1672,2.);
#1672 = AXIS2_PLACEMENT_3D('',#1673,#1674,#1675);
#1673 = CARTESIAN_POINT('',(-2.,-10.81665382639,-5.5));
#1674 = DIRECTION('',(-0.,0.,1.));
#1675 = DIRECTION('',(-0.181818181818,-0.983332166036,-0.));
#1676 = PCURVE('',#483,#1677);
#1677 = DEFINITIONAL_REPRESENTATION('',(#1678),#1682);
#1678 = LINE('',#1679,#1680);
#1679 = CARTESIAN_POINT('',(-0.,6.28318530718));
#1680 = VECTOR('',#1681,1.);
#1681 = DIRECTION('',(-1.,0.));
#1682 = ( GEOMETRIC_REPRESENTATION_CONTEXT(2) 
PARAMETRIC_REPRESENTATION_CONTEXT() REPRESENTATION_CONTEXT('2D SPACE',''
  ) );
#1683 = PCURVE('',#1684,#1689);
#1684 = CYLINDRICAL_SURFACE('',#1685,2.);
#1685 = AXIS2_PLACEMENT_3D('',#1686,#1687,#1688);
#1686 = CARTESIAN_POINT('',(-2.,-10.81665382639,-9.144380660903));
#1687 = DIRECTION('',(0.,0.,1.));
#1688 = DIRECTION('',(-0.181818181818,-0.983332166036,0.));
#1689 = DEFINITIONAL_REPRESENTATION('',(#1690),#1694);
#1690 = LINE('',#1691,#1692);
#1691 = CARTESIAN_POINT('',(6.661338147751E-16,3.644380660903));
#1692 = VECTOR('',#1693,1.);
#1693 = DIRECTION('',(1.,0.));
#1694 = ( GEOMETRIC_REPRESENTATION_CONTEXT(2) 
PARAMETRIC_REPRESENTATION_CONTEXT() REPRESENTATION_CONTEXT('2D SPACE',''
  ) );
#1695 = ADVANCED_FACE('',(#1696),#393,.T.);
#1696 = FACE_BOUND('',#1697,.T.);
#1697 = EDGE_LOOP('',(#1698,#1720,#1746,#1747));
#1698 = ORIENTED_EDGE('',*,*,#1699,.T.);
#1699 = EDGE_CURVE('',#378,#1700,#1702,.T.);
#1700 = VERTEX_POINT('',#1701);
#1701 = CARTESIAN_POINT('',(2.,-8.,-5.5));
#1702 = SURFACE_CURVE('',#1703,(#1708,#1714),.PCURVE_S1.);
#1703 = CIRCLE('',#1704,1.5);
#1704 = AXIS2_PLACEMENT_3D('',#1705,#1706,#1707);
#1705 = CARTESIAN_POINT('',(2.,-6.5,-5.5));
#1706 = DIRECTION('',(1.,6.123233995737E-17,0.));
#1707 = DIRECTION('',(-6.123233995737E-17,1.,0.));
#1708 = PCURVE('',#393,#1709);
#1709 = DEFINITIONAL_REPRESENTATION('',(#1710),#1713);
#1710 = B_SPLINE_CURVE_WITH_KNOTS('',1,(#1711,#1712),.UNSPECIFIED.,.F.,
  .F.,(2,2),(1.570796326795,3.14159265359),.PIECEWISE_BEZIER_KNOTS.);
#1711 = CARTESIAN_POINT('',(0.,-8.881784197001E-16));
#1712 = CARTESIAN_POINT('',(1.570796326795,-8.881784197001E-16));
#1713 = ( GEOMETRIC_REPRESENTATION_CONTEXT(2) 
PARAMETRIC_REPRESENTATION_CONTEXT() REPRESENTATION_CONTEXT('2D SPACE',''
  ) );
#1714 = PCURVE('',#422,#1715);
#1715 = DEFINITIONAL_REPRESENTATION('',(#1716),#1719);
#1716 = B_SPLINE_CURVE_WITH_KNOTS('',1,(#1717,#1718),.UNSPECIFIED.,.F.,
  .F.,(2,2),(1.570796326795,3.14159265359),.PIECEWISE_BEZIER_KNOTS.);
#1717 = CARTESIAN_POINT('',(-1.570796326795,1.570796326795));
#1718 = CARTESIAN_POINT('',(-1.570796326795,3.14159265359));
#1719 = ( GEOMETRIC_REPRESENTATION_CONTEXT(2) 
PARAMETRIC_REPRESENTATION_CONTEXT() REPRESENTATION_CONTEXT('2D SPACE',''
  ) );
#1720 = ORIENTED_EDGE('',*,*,#1721,.T.);
#1721 = EDGE_CURVE('',#1700,#1592,#1722,.T.);
#1722 = SURFACE_CURVE('',#1723,(#1727,#1734),.PCURVE_S1.);
#1723 = LINE('',#1724,#1725);
#1724 = CARTESIAN_POINT('',(2.,-8.,-5.5));
#1725 = VECTOR('',#1726,1.);
#1726 = DIRECTION('',(1.,0.,0.));
#1727 = PCURVE('',#393,#1728);
#1728 = DEFINITIONAL_REPRESENTATION('',(#1729),#1733);
#1729 = LINE('',#1730,#1731);
#1730 = CARTESIAN_POINT('',(1.570796326795,0.));
#1731 = VECTOR('',#1732,1.);
#1732 = DIRECTION('',(0.,1.));
#1733 = ( GEOMETRIC_REPRESENTATION_CONTEXT(2) 
PARAMETRIC_REPRESENTATION_CONTEXT() REPRESENTATION_CONTEXT('2D SPACE',''
  ) );
#1734 = PCURVE('',#1735,#1740);
#1735 = PLANE('',#1736);
#1736 = AXIS2_PLACEMENT_3D('',#1737,#1738,#1739);
#1737 = CARTESIAN_POINT('',(5.780457024265,-8.,-18.8004323628));
#1738 = DIRECTION('',(0.,-1.,0.));
#1739 = DIRECTION('',(1.,0.,0.));
#1740 = DEFINITIONAL_REPRESENTATION('',(#1741),#1745);
#1741 = LINE('',#1742,#1743);
#1742 = CARTESIAN_POINT('',(-3.780457024265,13.300432362806));
#1743 = VECTOR('',#1744,1.);
#1744 = DIRECTION('',(1.,0.));
#1745 = ( GEOMETRIC_REPRESENTATION_CONTEXT(2) 
PARAMETRIC_REPRESENTATION_CONTEXT() REPRESENTATION_CONTEXT('2D SPACE',''
  ) );
#1746 = ORIENTED_EDGE('',*,*,#1591,.F.);
#1747 = ORIENTED_EDGE('',*,*,#377,.F.);
#1748 = ADVANCED_FACE('',(#1749),#450,.T.);
#1749 = FACE_BOUND('',#1750,.T.);
#1750 = EDGE_LOOP('',(#1751,#1752,#1780,#1800));
#1751 = ORIENTED_EDGE('',*,*,#1647,.T.);
#1752 = ORIENTED_EDGE('',*,*,#1753,.T.);
#1753 = EDGE_CURVE('',#1648,#1754,#1756,.T.);
#1754 = VERTEX_POINT('',#1755);
#1755 = CARTESIAN_POINT('',(2.22044604925E-16,-10.,-5.5));
#1756 = SURFACE_CURVE('',#1757,(#1761,#1768),.PCURVE_S1.);
#1757 = LINE('',#1758,#1759);
#1758 = CARTESIAN_POINT('',(2.22044604925E-16,-10.81665382639,-5.5));
#1759 = VECTOR('',#1760,1.);
#1760 = DIRECTION('',(0.,1.,0.));
#1761 = PCURVE('',#450,#1762);
#1762 = DEFINITIONAL_REPRESENTATION('',(#1763),#1767);
#1763 = LINE('',#1764,#1765);
#1764 = CARTESIAN_POINT('',(1.570796326795,0.));
#1765 = VECTOR('',#1766,1.);
#1766 = DIRECTION('',(0.,1.));
#1767 = ( GEOMETRIC_REPRESENTATION_CONTEXT(2) 
PARAMETRIC_REPRESENTATION_CONTEXT() REPRESENTATION_CONTEXT('2D SPACE',''
  ) );
#1768 = PCURVE('',#1769,#1774);
#1769 = PLANE('',#1770);
#1770 = AXIS2_PLACEMENT_3D('',#1771,#1772,#1773);
#1771 = CARTESIAN_POINT('',(0.,-13.,-24.62));
#1772 = DIRECTION('',(-1.,0.,0.));
#1773 = DIRECTION('',(0.,1.,0.));
#1774 = DEFINITIONAL_REPRESENTATION('',(#1775),#1779);
#1775 = LINE('',#1776,#1777);
#1776 = CARTESIAN_POINT('',(2.183346173608,-19.12));
#1777 = VECTOR('',#1778,1.);
#1778 = DIRECTION('',(1.,0.));
#1779 = ( GEOMETRIC_REPRESENTATION_CONTEXT(2) 
PARAMETRIC_REPRESENTATION_CONTEXT() REPRESENTATION_CONTEXT('2D SPACE',''
  ) );
#1780 = ORIENTED_EDGE('',*,*,#1781,.F.);
#1781 = EDGE_CURVE('',#406,#1754,#1782,.T.);
#1782 = SURFACE_CURVE('',#1783,(#1788,#1794),.PCURVE_S1.);
#1783 = CIRCLE('',#1784,1.5);
#1784 = AXIS2_PLACEMENT_3D('',#1785,#1786,#1787);
#1785 = CARTESIAN_POINT('',(-1.5,-10.,-5.5));
#1786 = DIRECTION('',(0.,1.,0.));
#1787 = DIRECTION('',(0.,-0.,1.));
#1788 = PCURVE('',#450,#1789);
#1789 = DEFINITIONAL_REPRESENTATION('',(#1790),#1793);
#1790 = B_SPLINE_CURVE_WITH_KNOTS('',1,(#1791,#1792),.UNSPECIFIED.,.F.,
  .F.,(2,2),(0.,1.570796326795),.PIECEWISE_BEZIER_KNOTS.);
#1791 = CARTESIAN_POINT('',(0.,0.816653826392));
#1792 = CARTESIAN_POINT('',(1.570796326795,0.816653826392));
#1793 = ( GEOMETRIC_REPRESENTATION_CONTEXT(2) 
PARAMETRIC_REPRESENTATION_CONTEXT() REPRESENTATION_CONTEXT('2D SPACE',''
  ) );
#1794 = PCURVE('',#422,#1795);
#1795 = DEFINITIONAL_REPRESENTATION('',(#1796),#1799);
#1796 = B_SPLINE_CURVE_WITH_KNOTS('',1,(#1797,#1798),.UNSPECIFIED.,.F.,
  .F.,(2,2),(0.,1.570796326795),.PIECEWISE_BEZIER_KNOTS.);
#1797 = CARTESIAN_POINT('',(0.,1.570796326795));
#1798 = CARTESIAN_POINT('',(0.,3.14159265359));
#1799 = ( GEOMETRIC_REPRESENTATION_CONTEXT(2) 
PARAMETRIC_REPRESENTATION_CONTEXT() REPRESENTATION_CONTEXT('2D SPACE',''
  ) );
#1800 = ORIENTED_EDGE('',*,*,#434,.F.);
#1801 = ADVANCED_FACE('',(#1802),#422,.T.);
#1802 = FACE_BOUND('',#1803,.F.);
#1803 = EDGE_LOOP('',(#1804,#1805,#1806,#1807));
#1804 = ORIENTED_EDGE('',*,*,#1781,.F.);
#1805 = ORIENTED_EDGE('',*,*,#405,.T.);
#1806 = ORIENTED_EDGE('',*,*,#1699,.T.);
#1807 = ORIENTED_EDGE('',*,*,#1808,.F.);
#1808 = EDGE_CURVE('',#1754,#1700,#1809,.T.);
#1809 = SURFACE_CURVE('',#1810,(#1815,#1822),.PCURVE_S1.);
#1810 = CIRCLE('',#1811,2.);
#1811 = AXIS2_PLACEMENT_3D('',#1812,#1813,#1814);
#1812 = CARTESIAN_POINT('',(2.,-10.,-5.5));
#1813 = DIRECTION('',(0.,0.,-1.));
#1814 = DIRECTION('',(-1.,0.,0.));
#1815 = PCURVE('',#422,#1816);
#1816 = DEFINITIONAL_REPRESENTATION('',(#1817),#1821);
#1817 = LINE('',#1818,#1819);
#1818 = CARTESIAN_POINT('',(-0.,3.14159265359));
#1819 = VECTOR('',#1820,1.);
#1820 = DIRECTION('',(-1.,0.));
#1821 = ( GEOMETRIC_REPRESENTATION_CONTEXT(2) 
PARAMETRIC_REPRESENTATION_CONTEXT() REPRESENTATION_CONTEXT('2D SPACE',''
  ) );
#1822 = PCURVE('',#1823,#1828);
#1823 = CYLINDRICAL_SURFACE('',#1824,2.);
#1824 = AXIS2_PLACEMENT_3D('',#1825,#1826,#1827);
#1825 = CARTESIAN_POINT('',(2.,-10.,-4.));
#1826 = DIRECTION('',(-0.,-0.,-1.));
#1827 = DIRECTION('',(-1.,0.,0.));
#1828 = DEFINITIONAL_REPRESENTATION('',(#1829),#1833);
#1829 = LINE('',#1830,#1831);
#1830 = CARTESIAN_POINT('',(0.,1.5));
#1831 = VECTOR('',#1832,1.);
#1832 = DIRECTION('',(1.,0.));
#1833 = ( GEOMETRIC_REPRESENTATION_CONTEXT(2) 
PARAMETRIC_REPRESENTATION_CONTEXT() REPRESENTATION_CONTEXT('2D SPACE',''
  ) );
#1834 = ADVANCED_FACE('',(#1835),#789,.F.);
#1835 = FACE_BOUND('',#1836,.F.);
#1836 = EDGE_LOOP('',(#1837,#1838,#1861,#1888));
#1837 = ORIENTED_EDGE('',*,*,#768,.F.);
#1838 = ORIENTED_EDGE('',*,*,#1839,.F.);
#1839 = EDGE_CURVE('',#1840,#769,#1842,.T.);
#1840 = VERTEX_POINT('',#1841);
#1841 = CARTESIAN_POINT('',(6.,-1.469576158977E-15,-19.));
#1842 = SEAM_CURVE('',#1843,(#1847,#1854),.PCURVE_S1.);
#1843 = LINE('',#1844,#1845);
#1844 = CARTESIAN_POINT('',(6.,-1.469576158977E-15,-19.));
#1845 = VECTOR('',#1846,1.);
#1846 = DIRECTION('',(0.,0.,1.));
#1847 = PCURVE('',#789,#1848);
#1848 = DEFINITIONAL_REPRESENTATION('',(#1849),#1853);
#1849 = LINE('',#1850,#1851);
#1850 = CARTESIAN_POINT('',(6.28318530718,-0.));
#1851 = VECTOR('',#1852,1.);
#1852 = DIRECTION('',(0.,1.));
#1853 = ( GEOMETRIC_REPRESENTATION_CONTEXT(2) 
PARAMETRIC_REPRESENTATION_CONTEXT() REPRESENTATION_CONTEXT('2D SPACE',''
  ) );
#1854 = PCURVE('',#789,#1855);
#1855 = DEFINITIONAL_REPRESENTATION('',(#1856),#1860);
#1856 = LINE('',#1857,#1858);
#1857 = CARTESIAN_POINT('',(0.,-0.));
#1858 = VECTOR('',#1859,1.);
#1859 = DIRECTION('',(0.,1.));
#1860 = ( GEOMETRIC_REPRESENTATION_CONTEXT(2) 
PARAMETRIC_REPRESENTATION_CONTEXT() REPRESENTATION_CONTEXT('2D SPACE',''
  ) );
#1861 = ORIENTED_EDGE('',*,*,#1862,.T.);
#1862 = EDGE_CURVE('',#1840,#1840,#1863,.T.);
#1863 = SURFACE_CURVE('',#1864,(#1869,#1876),.PCURVE_S1.);
#1864 = CIRCLE('',#1865,6.);
#1865 = AXIS2_PLACEMENT_3D('',#1866,#1867,#1868);
#1866 = CARTESIAN_POINT('',(0.,0.,-19.));
#1867 = DIRECTION('',(0.,0.,1.));
#1868 = DIRECTION('',(1.,0.,-0.));
#1869 = PCURVE('',#789,#1870);
#1870 = DEFINITIONAL_REPRESENTATION('',(#1871),#1875);
#1871 = LINE('',#1872,#1873);
#1872 = CARTESIAN_POINT('',(0.,0.));
#1873 = VECTOR('',#1874,1.);
#1874 = DIRECTION('',(1.,0.));
#1875 = ( GEOMETRIC_REPRESENTATION_CONTEXT(2) 
PARAMETRIC_REPRESENTATION_CONTEXT() REPRESENTATION_CONTEXT('2D SPACE',''
  ) );
#1876 = PCURVE('',#1877,#1882);
#1877 = PLANE('',#1878);
#1878 = AXIS2_PLACEMENT_3D('',#1879,#1880,#1881);
#1879 = CARTESIAN_POINT('',(0.,0.,-19.));
#1880 = DIRECTION('',(0.,0.,1.));
#1881 = DIRECTION('',(1.,0.,-0.));
#1882 = DEFINITIONAL_REPRESENTATION('',(#1883),#1887);
#1883 = CIRCLE('',#1884,6.);
#1884 = AXIS2_PLACEMENT_2D('',#1885,#1886);
#1885 = CARTESIAN_POINT('',(0.,0.));
#1886 = DIRECTION('',(1.,0.));
#1887 = ( GEOMETRIC_REPRESENTATION_CONTEXT(2) 
PARAMETRIC_REPRESENTATION_CONTEXT() REPRESENTATION_CONTEXT('2D SPACE',''
  ) );
#1888 = ORIENTED_EDGE('',*,*,#1839,.T.);
#1889 = ADVANCED_FACE('',(#1890),#872,.T.);
#1890 = FACE_BOUND('',#1891,.F.);
#1891 = EDGE_LOOP('',(#1892,#1916,#1949,#2028,#2049));
#1892 = ORIENTED_EDGE('',*,*,#1893,.T.);
#1893 = EDGE_CURVE('',#828,#1894,#1896,.T.);
#1894 = VERTEX_POINT('',#1895);
#1895 = CARTESIAN_POINT('',(-9.692913586175,8.662991758679,-24.62));
#1896 = SURFACE_CURVE('',#1897,(#1903,#1909),.PCURVE_S1.);
#1897 = B_SPLINE_CURVE_WITH_KNOTS('',2,(#1898,#1899,#1900,#1901,#1902),
  .UNSPECIFIED.,.F.,.F.,(3,1,1,3),(-1.261944,5.989002696549E-14,20.62,
    21.881944),.UNSPECIFIED.);
#1898 = CARTESIAN_POINT('',(-9.692913586175,8.662991758679,-2.738056));
#1899 = CARTESIAN_POINT('',(-9.692913586175,8.662991758679,-3.369028));
#1900 = CARTESIAN_POINT('',(-9.692913586175,8.662991758679,-14.31));
#1901 = CARTESIAN_POINT('',(-9.692913586175,8.662991758679,-25.250972));
#1902 = CARTESIAN_POINT('',(-9.692913586175,8.662991758679,-25.881944));
#1903 = PCURVE('',#872,#1904);
#1904 = DEFINITIONAL_REPRESENTATION('',(#1905),#1908);
#1905 = B_SPLINE_CURVE_WITH_KNOTS('',1,(#1906,#1907),.UNSPECIFIED.,.F.,
  .F.,(2,2),(5.989002696549E-14,20.62),.PIECEWISE_BEZIER_KNOTS.);
#1906 = CARTESIAN_POINT('',(-2.412244195101,-20.62));
#1907 = CARTESIAN_POINT('',(-2.412244195101,-5.773159728039E-15));
#1908 = ( GEOMETRIC_REPRESENTATION_CONTEXT(2) 
PARAMETRIC_REPRESENTATION_CONTEXT() REPRESENTATION_CONTEXT('2D SPACE',''
  ) );
#1909 = PCURVE('',#963,#1910);
#1910 = DEFINITIONAL_REPRESENTATION('',(#1911),#1915);
#1911 = LINE('',#1912,#1913);
#1912 = CARTESIAN_POINT('',(0.,0.));
#1913 = VECTOR('',#1914,1.);
#1914 = DIRECTION('',(0.,1.));
#1915 = ( GEOMETRIC_REPRESENTATION_CONTEXT(2) 
PARAMETRIC_REPRESENTATION_CONTEXT() REPRESENTATION_CONTEXT('2D SPACE',''
  ) );
#1916 = ORIENTED_EDGE('',*,*,#1917,.F.);
#1917 = EDGE_CURVE('',#1918,#1894,#1920,.T.);
#1918 = VERTEX_POINT('',#1919);
#1919 = CARTESIAN_POINT('',(-8.114415881343,10.156586774336,-24.62));
#1920 = SURFACE_CURVE('',#1921,(#1926,#1933),.PCURVE_S1.);
#1921 = CIRCLE('',#1922,13.);
#1922 = AXIS2_PLACEMENT_3D('',#1923,#1924,#1925);
#1923 = CARTESIAN_POINT('',(0.,0.,-24.62));
#1924 = DIRECTION('',(0.,0.,1.));
#1925 = DIRECTION('',(1.,0.,0.));
#1926 = PCURVE('',#872,#1927);
#1927 = DEFINITIONAL_REPRESENTATION('',(#1928),#1932);
#1928 = LINE('',#1929,#1930);
#1929 = CARTESIAN_POINT('',(-0.,0.));
#1930 = VECTOR('',#1931,1.);
#1931 = DIRECTION('',(-1.,0.));
#1932 = ( GEOMETRIC_REPRESENTATION_CONTEXT(2) 
PARAMETRIC_REPRESENTATION_CONTEXT() REPRESENTATION_CONTEXT('2D SPACE',''
  ) );
#1933 = PCURVE('',#1934,#1939);
#1934 = PLANE('',#1935);
#1935 = AXIS2_PLACEMENT_3D('',#1936,#1937,#1938);
#1936 = CARTESIAN_POINT('',(-13.,0.,-24.62));
#1937 = DIRECTION('',(0.,0.,-1.));
#1938 = DIRECTION('',(1.,0.,0.));
#1939 = DEFINITIONAL_REPRESENTATION('',(#1940),#1948);
#1940 = ( BOUNDED_CURVE() B_SPLINE_CURVE(2,(#1941,#1942,#1943,#1944,
#1945,#1946,#1947),.UNSPECIFIED.,.T.,.F.) B_SPLINE_CURVE_WITH_KNOTS((1,2
    ,2,2,2,1),(-2.094395102393,0.,2.094395102393,4.188790204786,
6.28318530718,8.377580409573),.UNSPECIFIED.) CURVE() 
GEOMETRIC_REPRESENTATION_ITEM() RATIONAL_B_SPLINE_CURVE((1.,0.5,1.,0.5,
1.,0.5,1.)) REPRESENTATION_ITEM('') );
#1941 = CARTESIAN_POINT('',(26.,0.));
#1942 = CARTESIAN_POINT('',(26.,-22.51666049839));
#1943 = CARTESIAN_POINT('',(6.5,-11.25833024919));
#1944 = CARTESIAN_POINT('',(-13.,-3.184081677783E-15));
#1945 = CARTESIAN_POINT('',(6.5,11.258330249198));
#1946 = CARTESIAN_POINT('',(26.,22.516660498395));
#1947 = CARTESIAN_POINT('',(26.,0.));
#1948 = ( GEOMETRIC_REPRESENTATION_CONTEXT(2) 
PARAMETRIC_REPRESENTATION_CONTEXT() REPRESENTATION_CONTEXT('2D SPACE',''
  ) );
#1949 = ORIENTED_EDGE('',*,*,#1950,.F.);
#1950 = EDGE_CURVE('',#1951,#1918,#1953,.T.);
#1951 = VERTEX_POINT('',#1952);
#1952 = CARTESIAN_POINT('',(-2.363636363636,12.783318158463,
    -11.66285098859));
#1953 = SURFACE_CURVE('',#1954,(#1975,#1999),.PCURVE_S1.);
#1954 = B_SPLINE_CURVE_WITH_KNOTS('',7,(#1955,#1956,#1957,#1958,#1959,
    #1960,#1961,#1962,#1963,#1964,#1965,#1966,#1967,#1968,#1969,#1970,
    #1971,#1972,#1973,#1974),.UNSPECIFIED.,.F.,.F.,(8,6,6,8),(0.,
    0.320475638311,0.617010048336,1.),.UNSPECIFIED.);
#1955 = CARTESIAN_POINT('',(4.796163466381E-13,13.,-9.144380660903));
#1956 = CARTESIAN_POINT('',(-0.662326909989,13.,-9.763741729169));
#1957 = CARTESIAN_POINT('',(-1.290270756807,12.960631601413,
    -10.40051377447));
#1958 = CARTESIAN_POINT('',(-1.883417945581,12.889251824206,
    -11.0517080589));
#1959 = CARTESIAN_POINT('',(-2.442139335235,12.792043046962,
    -11.71478642904));
#1960 = CARTESIAN_POINT('',(-2.967262049018,12.674279804237,
    -12.38775902962));
#1961 = CARTESIAN_POINT('',(-3.459905261625,12.540465370115,
    -13.06923535536));
#1962 = CARTESIAN_POINT('',(-4.348268753857,12.259408131103,
    -14.39630240915));
#1963 = CARTESIAN_POINT('',(-4.748647314471,12.113862529028,
    -15.04102019931));
#1964 = CARTESIAN_POINT('',(-5.123290623402,11.960947671339,
    -15.6919401922));
#1965 = CARTESIAN_POINT('',(-5.473016995523,11.803391949575,
    -16.34858321395));
#1966 = CARTESIAN_POINT('',(-5.798583997082,11.643672043206,
    -17.01070524688));
#1967 = CARTESIAN_POINT('',(-6.100647152228,11.48410620695,
    -17.67827551945));
#1968 = CARTESIAN_POINT('',(-6.740165731949,11.123906643477,
    -19.22088340207));
#1969 = CARTESIAN_POINT('',(-7.06261412421,10.924665641243,
    -20.10050871115));
#1970 = CARTESIAN_POINT('',(-7.347400430168,10.734372571033,
    -20.98912238828));
#1971 = CARTESIAN_POINT('',(-7.594811446468,10.557992471771,
    -21.88573384421));
#1972 = CARTESIAN_POINT('',(-7.805111791114,10.400217968635,
    -22.78974278611));
#1973 = CARTESIAN_POINT('',(-7.9783997843,10.265254304311,
    -23.70103528404));
#1974 = CARTESIAN_POINT('',(-8.114415970149,10.156586703386,-24.6200006)
  );
#1975 = PCURVE('',#872,#1976);
#1976 = DEFINITIONAL_REPRESENTATION('',(#1977),#1998);
#1977 = B_SPLINE_CURVE_WITH_KNOTS('',7,(#1978,#1979,#1980,#1981,#1982,
    #1983,#1984,#1985,#1986,#1987,#1988,#1989,#1990,#1991,#1992,#1993,
    #1994,#1995,#1996,#1997),.UNSPECIFIED.,.F.,.F.,(8,6,6,8),(0.,
    0.320475638311,0.617010048336,1.),.UNSPECIFIED.);
#1978 = CARTESIAN_POINT('',(-1.570796326795,-15.47561933909));
#1979 = CARTESIAN_POINT('',(-1.62174455064,-14.85625827083));
#1980 = CARTESIAN_POINT('',(-1.670047933572,-14.21948622552));
#1981 = CARTESIAN_POINT('',(-1.7158905877,-13.56829194109));
#1982 = CARTESIAN_POINT('',(-1.759416423164,-12.90521357095));
#1983 = CARTESIAN_POINT('',(-1.800745785012,-12.23224097037));
#1984 = CARTESIAN_POINT('',(-1.839981207465,-11.55076464463));
#1985 = CARTESIAN_POINT('',(-1.911655308237,-10.22369759084));
#1986 = CARTESIAN_POINT('',(-1.944396257727,-9.578979800686));
#1987 = CARTESIAN_POINT('',(-1.975487429582,-8.9280598078));
#1988 = CARTESIAN_POINT('',(-2.004962840691,-8.271416786041));
#1989 = CARTESIAN_POINT('',(-2.03283714514,-7.609294753115));
#1990 = CARTESIAN_POINT('',(-2.059105988939,-6.941724480548));
#1991 = CARTESIAN_POINT('',(-2.115566046525,-5.399116597921));
#1992 = CARTESIAN_POINT('',(-2.144698893775,-4.519491288847));
#1993 = CARTESIAN_POINT('',(-2.171022303536,-3.63087761172));
#1994 = CARTESIAN_POINT('',(-2.194380899825,-2.734266155784));
#1995 = CARTESIAN_POINT('',(-2.214598956318,-1.830257213889));
#1996 = CARTESIAN_POINT('',(-2.231493421129,-0.918964715952));
#1997 = CARTESIAN_POINT('',(-2.24488534007,5.999999999062E-07));
#1998 = ( GEOMETRIC_REPRESENTATION_CONTEXT(2) 
PARAMETRIC_REPRESENTATION_CONTEXT() REPRESENTATION_CONTEXT('2D SPACE',''
  ) );
#1999 = PCURVE('',#2000,#2005);
#2000 = CYLINDRICAL_SURFACE('',#2001,26.5);
#2001 = AXIS2_PLACEMENT_3D('',#2002,#2003,#2004);
#2002 = CARTESIAN_POINT('',(18.1,18.,-28.5));
#2003 = DIRECTION('',(0.,-1.,2.22044604925E-16));
#2004 = DIRECTION('',(1.,0.,0.));
#2005 = DEFINITIONAL_REPRESENTATION('',(#2006),#2027);
#2006 = B_SPLINE_CURVE_WITH_KNOTS('',7,(#2007,#2008,#2009,#2010,#2011,
    #2012,#2013,#2014,#2015,#2016,#2017,#2018,#2019,#2020,#2021,#2022,
    #2023,#2024,#2025,#2026),.UNSPECIFIED.,.F.,.F.,(8,6,6,8),(0.,
    0.320475638311,0.617010048336,1.),.UNSPECIFIED.);
#2007 = CARTESIAN_POINT('',(2.322684183042,5.));
#2008 = CARTESIAN_POINT('',(2.356903026593,5.));
#2009 = CARTESIAN_POINT('',(2.390622948123,5.039368398587));
#2010 = CARTESIAN_POINT('',(2.423820972298,5.110748175794));
#2011 = CARTESIAN_POINT('',(2.456498709852,5.207956953038));
#2012 = CARTESIAN_POINT('',(2.48867528826,5.325720195763));
#2013 = CARTESIAN_POINT('',(2.52038664939,5.459534629885));
#2014 = CARTESIAN_POINT('',(2.580649473061,5.740591868897));
#2015 = CARTESIAN_POINT('',(2.609271349037,5.886137470972));
#2016 = CARTESIAN_POINT('',(2.637587167357,6.039052328661));
#2017 = CARTESIAN_POINT('',(2.665634558957,6.196608050424));
#2018 = CARTESIAN_POINT('',(2.69345435374,6.356327956794));
#2019 = CARTESIAN_POINT('',(2.721090437167,6.51589379305));
#2020 = CARTESIAN_POINT('',(2.784106176479,6.876093356523));
#2021 = CARTESIAN_POINT('',(2.819428881399,7.075334358757));
#2022 = CARTESIAN_POINT('',(2.854593810688,7.265627428967));
#2023 = CARTESIAN_POINT('',(2.889640178068,7.442007528228));
#2024 = CARTESIAN_POINT('',(2.924618387912,7.599782031365));
#2025 = CARTESIAN_POINT('',(2.959593620864,7.734745695689));
#2026 = CARTESIAN_POINT('',(2.994649344287,7.843413296614));
#2027 = ( GEOMETRIC_REPRESENTATION_CONTEXT(2) 
PARAMETRIC_REPRESENTATION_CONTEXT() REPRESENTATION_CONTEXT('2D SPACE',''
  ) );
#2028 = ORIENTED_EDGE('',*,*,#2029,.T.);
#2029 = EDGE_CURVE('',#1951,#805,#2030,.T.);
#2030 = SURFACE_CURVE('',#2031,(#2035,#2042),.PCURVE_S1.);
#2031 = LINE('',#2032,#2033);
#2032 = CARTESIAN_POINT('',(-2.363636363636,12.783318158463,
    -9.144380660903));
#2033 = VECTOR('',#2034,1.);
#2034 = DIRECTION('',(0.,0.,1.));
#2035 = PCURVE('',#872,#2036);
#2036 = DEFINITIONAL_REPRESENTATION('',(#2037),#2041);
#2037 = LINE('',#2038,#2039);
#2038 = CARTESIAN_POINT('',(-1.753631463788,-15.47561933909));
#2039 = VECTOR('',#2040,1.);
#2040 = DIRECTION('',(-0.,-1.));
#2041 = ( GEOMETRIC_REPRESENTATION_CONTEXT(2) 
PARAMETRIC_REPRESENTATION_CONTEXT() REPRESENTATION_CONTEXT('2D SPACE',''
  ) );
#2042 = PCURVE('',#926,#2043);
#2043 = DEFINITIONAL_REPRESENTATION('',(#2044),#2048);
#2044 = LINE('',#2045,#2046);
#2045 = CARTESIAN_POINT('',(1.753631463788,0.));
#2046 = VECTOR('',#2047,1.);
#2047 = DIRECTION('',(0.,1.));
#2048 = ( GEOMETRIC_REPRESENTATION_CONTEXT(2) 
PARAMETRIC_REPRESENTATION_CONTEXT() REPRESENTATION_CONTEXT('2D SPACE',''
  ) );
#2049 = ORIENTED_EDGE('',*,*,#857,.T.);
#2050 = ADVANCED_FACE('',(#2051),#926,.T.);
#2051 = FACE_BOUND('',#2052,.T.);
#2052 = EDGE_LOOP('',(#2053,#2076,#2169,#2170));
#2053 = ORIENTED_EDGE('',*,*,#2054,.F.);
#2054 = EDGE_CURVE('',#2055,#888,#2057,.T.);
#2055 = VERTEX_POINT('',#2056);
#2056 = CARTESIAN_POINT('',(0.,10.816653826392,-9.144380660904));
#2057 = SURFACE_CURVE('',#2058,(#2062,#2069),.PCURVE_S1.);
#2058 = LINE('',#2059,#2060);
#2059 = CARTESIAN_POINT('',(0.,10.816653826392,-9.144380660903));
#2060 = VECTOR('',#2061,1.);
#2061 = DIRECTION('',(0.,0.,1.));
#2062 = PCURVE('',#926,#2063);
#2063 = DEFINITIONAL_REPRESENTATION('',(#2064),#2068);
#2064 = LINE('',#2065,#2066);
#2065 = CARTESIAN_POINT('',(8.881784197001E-16,0.));
#2066 = VECTOR('',#2067,1.);
#2067 = DIRECTION('',(0.,1.));
#2068 = ( GEOMETRIC_REPRESENTATION_CONTEXT(2) 
PARAMETRIC_REPRESENTATION_CONTEXT() REPRESENTATION_CONTEXT('2D SPACE',''
  ) );
#2069 = PCURVE('',#1057,#2070);
#2070 = DEFINITIONAL_REPRESENTATION('',(#2071),#2075);
#2071 = LINE('',#2072,#2073);
#2072 = CARTESIAN_POINT('',(23.816653826392,-15.47561933909));
#2073 = VECTOR('',#2074,1.);
#2074 = DIRECTION('',(0.,-1.));
#2075 = ( GEOMETRIC_REPRESENTATION_CONTEXT(2) 
PARAMETRIC_REPRESENTATION_CONTEXT() REPRESENTATION_CONTEXT('2D SPACE',''
  ) );
#2076 = ORIENTED_EDGE('',*,*,#2077,.T.);
#2077 = EDGE_CURVE('',#2055,#1951,#2078,.T.);
#2078 = SURFACE_CURVE('',#2079,(#2107,#2138),.PCURVE_S1.);
#2079 = B_SPLINE_CURVE_WITH_KNOTS('',6,(#2080,#2081,#2082,#2083,#2084,
    #2085,#2086,#2087,#2088,#2089,#2090,#2091,#2092,#2093,#2094,#2095,
    #2096,#2097,#2098,#2099,#2100,#2101,#2102,#2103,#2104,#2105,#2106),
  .UNSPECIFIED.,.F.,.F.,(7,5,5,5,5,7),(0.,0.2311508265,0.331952931262,
    0.498538091298,0.678244593403,1.),.UNSPECIFIED.);
#2080 = CARTESIAN_POINT('',(1.7763568394E-15,10.816653826392,
    -9.144380660904));
#2081 = CARTESIAN_POINT('',(1.7763568394E-15,10.97190117422,
    -9.144380660904));
#2082 = CARTESIAN_POINT('',(-1.446144451605E-02,11.127218363451,
    -9.157904070951));
#2083 = CARTESIAN_POINT('',(-4.340582951811E-02,11.280190639697,
    -9.184970304067));
#2084 = CARTESIAN_POINT('',(-8.615328116137E-02,11.428691460831,
    -9.225098140092));
#2085 = CARTESIAN_POINT('',(-0.141601611629,11.570855884274,
    -9.277553412662));
#2086 = CARTESIAN_POINT('',(-0.23722346022,11.763697205267,
    -9.368929751689));
#2087 = CARTESIAN_POINT('',(-0.268385695418,11.8207720471,
    -9.398809444931));
#2088 = CARTESIAN_POINT('',(-0.301551352208,11.876244828564,
    -9.430733053774));
#2089 = CARTESIAN_POINT('',(-0.336590350164,11.930017539501,
    -9.464605667317));
#2090 = CARTESIAN_POINT('',(-0.37336781243,11.982010276544,
    -9.50032741058));
#2091 = CARTESIAN_POINT('',(-0.475173446819,12.11503563165,
    -9.599714597962));
#2092 = CARTESIAN_POINT('',(-0.542976048689,12.192877568353,
    -9.666403511647));
#2093 = CARTESIAN_POINT('',(-0.614541139413,12.265402864998,
    -9.737399514353));
#2094 = CARTESIAN_POINT('',(-0.689263859535,12.332466990001,
    -9.812234169354));
#2095 = CARTESIAN_POINT('',(-0.766575967804,12.394029979757,
    -9.890453888644));
#2096 = CARTESIAN_POINT('',(-0.93162431732,12.510634685696,
    -10.05922229154));
#2097 = CARTESIAN_POINT('',(-1.019700069888,12.564779619827,
    -10.15025493578));
#2098 = CARTESIAN_POINT('',(-1.109577976698,12.61260861518,
    -10.24422680075));
#2099 = CARTESIAN_POINT('',(-1.200712576336,12.654255786321,
    -10.34066704306));
#2100 = CARTESIAN_POINT('',(-1.292642551918,12.6899038602,
    -10.43915884802));
#2101 = CARTESIAN_POINT('',(-1.550355308738,12.773186021127,
    -10.71874411935));
#2102 = CARTESIAN_POINT('',(-1.716983451075,12.807991651546,
    -10.90349116216));
#2103 = CARTESIAN_POINT('',(-1.882888128451,12.825378526711,
    -11.09172429283));
#2104 = CARTESIAN_POINT('',(-2.046593886859,12.826470577742,
    -11.28184998402));
#2105 = CARTESIAN_POINT('',(-2.207067539911,12.812267744211,
    -11.4725594229));
#2106 = CARTESIAN_POINT('',(-2.363636363636,12.783318158463,
    -11.66285099024));
#2107 = PCURVE('',#926,#2108);
#2108 = DEFINITIONAL_REPRESENTATION('',(#2109),#2137);
#2109 = B_SPLINE_CURVE_WITH_KNOTS('',6,(#2110,#2111,#2112,#2113,#2114,
    #2115,#2116,#2117,#2118,#2119,#2120,#2121,#2122,#2123,#2124,#2125,
    #2126,#2127,#2128,#2129,#2130,#2131,#2132,#2133,#2134,#2135,#2136),
  .UNSPECIFIED.,.F.,.F.,(7,5,5,5,5,7),(0.,0.2311508265,0.331952931262,
    0.498538091298,0.678244593403,1.),.UNSPECIFIED.);
#2110 = CARTESIAN_POINT('',(0.,-4.511946372077E-13));
#2111 = CARTESIAN_POINT('',(7.76236739138E-02,-4.511946372077E-13));
#2112 = CARTESIAN_POINT('',(0.155281987219,-1.352341004767E-02));
#2113 = CARTESIAN_POINT('',(0.232611442234,-4.058964316337E-02));
#2114 = CARTESIAN_POINT('',(0.309387137011,-8.071747918861E-02));
#2115 = CARTESIAN_POINT('',(0.385386091518,-0.133172751759));
#2116 = CARTESIAN_POINT('',(0.4930096403,-0.224549090786));
#2117 = CARTESIAN_POINT('',(0.525498283245,-0.254428784028));
#2118 = CARTESIAN_POINT('',(0.557777167612,-0.286352392871));
#2119 = CARTESIAN_POINT('',(0.589832474665,-0.320225006413));
#2120 = CARTESIAN_POINT('',(0.621652692353,-0.355946749677));
#2121 = CARTESIAN_POINT('',(0.705408486622,-0.455333937058));
#2122 = CARTESIAN_POINT('',(0.756920032111,-0.522022850744));
#2123 = CARTESIAN_POINT('',(0.807720510768,-0.59301885345));
#2124 = CARTESIAN_POINT('',(0.857789306287,-0.667853508451));
#2125 = CARTESIAN_POINT('',(0.907122634818,-0.746073227741));
#2126 = CARTESIAN_POINT('',(1.008164229131,-0.914841630642));
#2127 = CARTESIAN_POINT('',(1.059752526075,-1.005874274884));
#2128 = CARTESIAN_POINT('',(1.110514618264,-1.099846139847));
#2129 = CARTESIAN_POINT('',(1.160482645555,-1.196286382164));
#2130 = CARTESIAN_POINT('',(1.209701592902,-1.294778187124));
#2131 = CARTESIAN_POINT('',(1.345119264714,-1.574363458455));
#2132 = CARTESIAN_POINT('',(1.429748370375,-1.759110501265));
#2133 = CARTESIAN_POINT('',(1.512533473843,-1.94734363193));
#2134 = CARTESIAN_POINT('',(1.593829093227,-2.13746932312));
#2135 = CARTESIAN_POINT('',(1.674020102981,-2.328178761997));
#2136 = CARTESIAN_POINT('',(1.753631463788,-2.518470329337));
#2137 = ( GEOMETRIC_REPRESENTATION_CONTEXT(2) 
PARAMETRIC_REPRESENTATION_CONTEXT() REPRESENTATION_CONTEXT('2D SPACE',''
  ) );
#2138 = PCURVE('',#2000,#2139);
#2139 = DEFINITIONAL_REPRESENTATION('',(#2140),#2168);
#2140 = B_SPLINE_CURVE_WITH_KNOTS('',6,(#2141,#2142,#2143,#2144,#2145,
    #2146,#2147,#2148,#2149,#2150,#2151,#2152,#2153,#2154,#2155,#2156,
    #2157,#2158,#2159,#2160,#2161,#2162,#2163,#2164,#2165,#2166,#2167),
  .UNSPECIFIED.,.F.,.F.,(7,5,5,5,5,7),(0.,0.2311508265,0.331952931262,
    0.498538091298,0.678244593403,1.),.UNSPECIFIED.);
#2141 = CARTESIAN_POINT('',(2.322684183042,7.183346173608));
#2142 = CARTESIAN_POINT('',(2.322684183042,7.02809882578));
#2143 = CARTESIAN_POINT('',(2.323431329524,6.872781636549));
#2144 = CARTESIAN_POINT('',(2.324926718382,6.719809360303));
#2145 = CARTESIAN_POINT('',(2.327139197573,6.571308539169));
#2146 = CARTESIAN_POINT('',(2.330019489498,6.429144115726));
#2147 = CARTESIAN_POINT('',(2.335010499324,6.236302794733));
#2148 = CARTESIAN_POINT('',(2.336639655045,6.1792279529));
#2149 = CARTESIAN_POINT('',(2.33837676081,6.123755171436));
#2150 = CARTESIAN_POINT('',(2.340215804527,6.069982460499));
#2151 = CARTESIAN_POINT('',(2.34215051957,6.017989723456));
#2152 = CARTESIAN_POINT('',(2.347519390755,5.88496436835));
#2153 = CARTESIAN_POINT('',(2.351108163122,5.807122431647));
#2154 = CARTESIAN_POINT('',(2.354912133966,5.734597135002));
#2155 = CARTESIAN_POINT('',(2.358902742799,5.667533009999));
#2156 = CARTESIAN_POINT('',(2.363052853043,5.605970020243));
#2157 = CARTESIAN_POINT('',(2.371960730245,5.489365314304));
#2158 = CARTESIAN_POINT('',(2.376740511223,5.435220380173));
#2159 = CARTESIAN_POINT('',(2.38164731578,5.38739138482));
#2160 = CARTESIAN_POINT('',(2.386654287818,5.345744213679));
#2161 = CARTESIAN_POINT('',(2.391738281411,5.3100961398));
#2162 = CARTESIAN_POINT('',(2.40608702672,5.226813978873));
#2163 = CARTESIAN_POINT('',(2.4154747736,5.192008348454));
#2164 = CARTESIAN_POINT('',(2.424942147049,5.174621473289));
#2165 = CARTESIAN_POINT('',(2.434408885049,5.173529422258));
#2166 = CARTESIAN_POINT('',(2.443813694766,5.187732255789));
#2167 = CARTESIAN_POINT('',(2.453112705165,5.216681841537));
#2168 = ( GEOMETRIC_REPRESENTATION_CONTEXT(2) 
PARAMETRIC_REPRESENTATION_CONTEXT() REPRESENTATION_CONTEXT('2D SPACE',''
  ) );
#2169 = ORIENTED_EDGE('',*,*,#2029,.T.);
#2170 = ORIENTED_EDGE('',*,*,#911,.F.);
#2171 = ADVANCED_FACE('',(#2172),#963,.F.);
#2172 = FACE_BOUND('',#2173,.F.);
#2173 = EDGE_LOOP('',(#2174,#2175,#2176,#2200));
#2174 = ORIENTED_EDGE('',*,*,#1893,.F.);
#2175 = ORIENTED_EDGE('',*,*,#942,.T.);
#2176 = ORIENTED_EDGE('',*,*,#2177,.T.);
#2177 = EDGE_CURVE('',#943,#2178,#2180,.T.);
#2178 = VERTEX_POINT('',#2179);
#2179 = CARTESIAN_POINT('',(-11.09206553048,7.997879860777,-24.62));
#2180 = SURFACE_CURVE('',#2181,(#2187,#2194),.PCURVE_S1.);
#2181 = B_SPLINE_CURVE_WITH_KNOTS('',2,(#2182,#2183,#2184,#2185,#2186),
  .UNSPECIFIED.,.F.,.F.,(3,1,1,3),(-1.261944,5.989002696549E-14,20.62,
    21.881944),.UNSPECIFIED.);
#2182 = CARTESIAN_POINT('',(-11.09206553048,7.997879860777,-2.738056));
#2183 = CARTESIAN_POINT('',(-11.09206553048,7.997879860777,-3.369028));
#2184 = CARTESIAN_POINT('',(-11.09206553048,7.997879860777,-14.31));
#2185 = CARTESIAN_POINT('',(-11.09206553048,7.997879860777,-25.250972));
#2186 = CARTESIAN_POINT('',(-11.09206553048,7.997879860777,-25.881944));
#2187 = PCURVE('',#963,#2188);
#2188 = DEFINITIONAL_REPRESENTATION('',(#2189),#2193);
#2189 = LINE('',#2190,#2191);
#2190 = CARTESIAN_POINT('',(20.62,0.));
#2191 = VECTOR('',#2192,1.);
#2192 = DIRECTION('',(0.,1.));
#2193 = ( GEOMETRIC_REPRESENTATION_CONTEXT(2) 
PARAMETRIC_REPRESENTATION_CONTEXT() REPRESENTATION_CONTEXT('2D SPACE',''
  ) );
#2194 = PCURVE('',#1113,#2195);
#2195 = DEFINITIONAL_REPRESENTATION('',(#2196),#2199);
#2196 = B_SPLINE_CURVE_WITH_KNOTS('',1,(#2197,#2198),.UNSPECIFIED.,.F.,
  .F.,(2,2),(5.989002696549E-14,20.62),.PIECEWISE_BEZIER_KNOTS.);
#2197 = CARTESIAN_POINT('',(-1.524747288673,20.62));
#2198 = CARTESIAN_POINT('',(-1.524747288673,1.06581410355E-14));
#2199 = ( GEOMETRIC_REPRESENTATION_CONTEXT(2) 
PARAMETRIC_REPRESENTATION_CONTEXT() REPRESENTATION_CONTEXT('2D SPACE',''
  ) );
#2200 = ORIENTED_EDGE('',*,*,#2201,.F.);
#2201 = EDGE_CURVE('',#1894,#2178,#2202,.T.);
#2202 = SURFACE_CURVE('',#2203,(#2222,#2244),.PCURVE_S1.);
#2203 = B_SPLINE_CURVE_WITH_KNOTS('',5,(#2204,#2205,#2206,#2207,#2208,
    #2209,#2210,#2211,#2212,#2213,#2214,#2215,#2216,#2217,#2218,#2219,
    #2220,#2221),.UNSPECIFIED.,.F.,.F.,(6,4,4,4,6),(0.,0.24998525749,0.5
    ,0.75001474251,1.),.UNSPECIFIED.);
#2204 = CARTESIAN_POINT('',(-9.692913586175,8.662991758679,-24.62));
#2205 = CARTESIAN_POINT('',(-9.744536326807,8.605231717118,-24.62));
#2206 = CARTESIAN_POINT('',(-9.79945638548,8.549410694605,-24.62));
#2207 = CARTESIAN_POINT('',(-9.857550865502,8.495885247213,-24.62));
#2208 = CARTESIAN_POINT('',(-9.918620838947,8.445001798013,-24.62));
#2209 = CARTESIAN_POINT('',(-10.0461868077,8.349111417339,-24.62));
#2210 = CARTESIAN_POINT('',(-10.11268347828,8.304105114996,-24.62));
#2211 = CARTESIAN_POINT('',(-10.1816247218,8.262340191588,-24.62));
#2212 = CARTESIAN_POINT('',(-10.25267838587,8.224067640143,-24.62));
#2213 = CARTESIAN_POINT('',(-10.3982722001,8.154857016877,-24.62));
#2214 = CARTESIAN_POINT('',(-10.47281242364,8.123918910178,-24.62));
#2215 = CARTESIAN_POINT('',(-10.54872727256,8.096823899572,-24.62));
#2216 = CARTESIAN_POINT('',(-10.62561239718,8.073671101451,-24.62));
#2217 = CARTESIAN_POINT('',(-10.78051422604,8.03528536313,-24.62));
#2218 = CARTESIAN_POINT('',(-10.85853086872,8.020051502053,-24.62));
#2219 = CARTESIAN_POINT('',(-10.93671777167,8.008793156917,-24.62));
#2220 = CARTESIAN_POINT('',(-11.01468069175,8.001445879119,-24.62));
#2221 = CARTESIAN_POINT('',(-11.09206553048,7.997879860777,-24.62));
#2222 = PCURVE('',#963,#2223);
#2223 = DEFINITIONAL_REPRESENTATION('',(#2224),#2243);
#2224 = B_SPLINE_CURVE_WITH_KNOTS('',5,(#2225,#2226,#2227,#2228,#2229,
    #2230,#2231,#2232,#2233,#2234,#2235,#2236,#2237,#2238,#2239,#2240,
    #2241,#2242),.UNSPECIFIED.,.F.,.F.,(6,4,4,4,6),(0.,0.24998525749,0.5
    ,0.75001474251,1.),.UNSPECIFIED.);
#2225 = CARTESIAN_POINT('',(0.,20.62));
#2226 = CARTESIAN_POINT('',(1.031097059918,20.62));
#2227 = CARTESIAN_POINT('',(2.062137813565,20.62));
#2228 = CARTESIAN_POINT('',(3.093129038564,20.62));
#2229 = CARTESIAN_POINT('',(4.124080001901,20.62));
#2230 = CARTESIAN_POINT('',(6.186041592054,20.62));
#2231 = CARTESIAN_POINT('',(7.217052508861,20.62));
#2232 = CARTESIAN_POINT('',(8.248041917065,20.62));
#2233 = CARTESIAN_POINT('',(9.279021038964,20.62));
#2234 = CARTESIAN_POINT('',(11.340978961036,20.62));
#2235 = CARTESIAN_POINT('',(12.371958082935,20.62));
#2236 = CARTESIAN_POINT('',(13.402947491139,20.62));
#2237 = CARTESIAN_POINT('',(14.433958407946,20.62));
#2238 = CARTESIAN_POINT('',(16.495919998099,20.62));
#2239 = CARTESIAN_POINT('',(17.526870961434,20.62));
#2240 = CARTESIAN_POINT('',(18.557862186437,20.62));
#2241 = CARTESIAN_POINT('',(19.588902940081,20.62));
#2242 = CARTESIAN_POINT('',(20.62,20.62));
#2243 = ( GEOMETRIC_REPRESENTATION_CONTEXT(2) 
PARAMETRIC_REPRESENTATION_CONTEXT() REPRESENTATION_CONTEXT('2D SPACE',''
  ) );
#2244 = PCURVE('',#1934,#2245);
#2245 = DEFINITIONAL_REPRESENTATION('',(#2246),#2265);
#2246 = B_SPLINE_CURVE_WITH_KNOTS('',5,(#2247,#2248,#2249,#2250,#2251,
    #2252,#2253,#2254,#2255,#2256,#2257,#2258,#2259,#2260,#2261,#2262,
    #2263,#2264),.UNSPECIFIED.,.F.,.F.,(6,4,4,4,6),(0.,0.24998525749,0.5
    ,0.75001474251,1.),.UNSPECIFIED.);
#2247 = CARTESIAN_POINT('',(3.307086413825,-8.662991758679));
#2248 = CARTESIAN_POINT('',(3.255463673193,-8.605231717118));
#2249 = CARTESIAN_POINT('',(3.20054361452,-8.549410694605));
#2250 = CARTESIAN_POINT('',(3.142449134498,-8.495885247213));
#2251 = CARTESIAN_POINT('',(3.081379161053,-8.445001798013));
#2252 = CARTESIAN_POINT('',(2.953813192298,-8.349111417339));
#2253 = CARTESIAN_POINT('',(2.887316521714,-8.304105114996));
#2254 = CARTESIAN_POINT('',(2.818375278194,-8.262340191588));
#2255 = CARTESIAN_POINT('',(2.747321614127,-8.224067640143));
#2256 = CARTESIAN_POINT('',(2.601727799892,-8.154857016877));
#2257 = CARTESIAN_POINT('',(2.527187576352,-8.123918910178));
#2258 = CARTESIAN_POINT('',(2.451272727439,-8.096823899572));
#2259 = CARTESIAN_POINT('',(2.374387602814,-8.073671101451));
#2260 = CARTESIAN_POINT('',(2.219485773955,-8.03528536313));
#2261 = CARTESIAN_POINT('',(2.141469131272,-8.020051502053));
#2262 = CARTESIAN_POINT('',(2.063282228324,-8.008793156917));
#2263 = CARTESIAN_POINT('',(1.985319308241,-8.001445879119));
#2264 = CARTESIAN_POINT('',(1.907934469514,-7.997879860777));
#2265 = ( GEOMETRIC_REPRESENTATION_CONTEXT(2) 
PARAMETRIC_REPRESENTATION_CONTEXT() REPRESENTATION_CONTEXT('2D SPACE',''
  ) );
#2266 = ADVANCED_FACE('',(#2267),#1057,.F.);
#2267 = FACE_BOUND('',#2268,.F.);
#2268 = EDGE_LOOP('',(#2269,#2270,#2291,#2312));
#2269 = ORIENTED_EDGE('',*,*,#2054,.F.);
#2270 = ORIENTED_EDGE('',*,*,#2271,.T.);
#2271 = EDGE_CURVE('',#2055,#2272,#2274,.T.);
#2272 = VERTEX_POINT('',#2273);
#2273 = CARTESIAN_POINT('',(-4.440892098501E-16,10.,-9.144380660904));
#2274 = SURFACE_CURVE('',#2275,(#2279,#2285),.PCURVE_S1.);
#2275 = LINE('',#2276,#2277);
#2276 = CARTESIAN_POINT('',(0.,18.,-9.144380660904));
#2277 = VECTOR('',#2278,1.);
#2278 = DIRECTION('',(0.,-1.,2.22044604925E-16));
#2279 = PCURVE('',#1057,#2280);
#2280 = DEFINITIONAL_REPRESENTATION('',(#2281),#2284);
#2281 = B_SPLINE_CURVE_WITH_KNOTS('',1,(#2282,#2283),.UNSPECIFIED.,.F.,
  .F.,(2,2),(2.4,33.6),.PIECEWISE_BEZIER_KNOTS.);
#2282 = CARTESIAN_POINT('',(28.6,-15.47561933909));
#2283 = CARTESIAN_POINT('',(-2.6,-15.47561933909));
#2284 = ( GEOMETRIC_REPRESENTATION_CONTEXT(2) 
PARAMETRIC_REPRESENTATION_CONTEXT() REPRESENTATION_CONTEXT('2D SPACE',''
  ) );
#2285 = PCURVE('',#2000,#2286);
#2286 = DEFINITIONAL_REPRESENTATION('',(#2287),#2290);
#2287 = B_SPLINE_CURVE_WITH_KNOTS('',1,(#2288,#2289),.UNSPECIFIED.,.F.,
  .F.,(2,2),(2.4,33.6),.PIECEWISE_BEZIER_KNOTS.);
#2288 = CARTESIAN_POINT('',(2.322684183042,2.4));
#2289 = CARTESIAN_POINT('',(2.322684183042,33.6));
#2290 = ( GEOMETRIC_REPRESENTATION_CONTEXT(2) 
PARAMETRIC_REPRESENTATION_CONTEXT() REPRESENTATION_CONTEXT('2D SPACE',''
  ) );
#2291 = ORIENTED_EDGE('',*,*,#2292,.F.);
#2292 = EDGE_CURVE('',#1022,#2272,#2293,.T.);
#2293 = SURFACE_CURVE('',#2294,(#2298,#2305),.PCURVE_S1.);
#2294 = LINE('',#2295,#2296);
#2295 = CARTESIAN_POINT('',(-4.440892098501E-16,10.,-4.));
#2296 = VECTOR('',#2297,1.);
#2297 = DIRECTION('',(-0.,-0.,-1.));
#2298 = PCURVE('',#1057,#2299);
#2299 = DEFINITIONAL_REPRESENTATION('',(#2300),#2304);
#2300 = LINE('',#2301,#2302);
#2301 = CARTESIAN_POINT('',(23.,-20.62));
#2302 = VECTOR('',#2303,1.);
#2303 = DIRECTION('',(-0.,1.));
#2304 = ( GEOMETRIC_REPRESENTATION_CONTEXT(2) 
PARAMETRIC_REPRESENTATION_CONTEXT() REPRESENTATION_CONTEXT('2D SPACE',''
  ) );
#2305 = PCURVE('',#1167,#2306);
#2306 = DEFINITIONAL_REPRESENTATION('',(#2307),#2311);
#2307 = LINE('',#2308,#2309);
#2308 = CARTESIAN_POINT('',(1.570796326795,0.));
#2309 = VECTOR('',#2310,1.);
#2310 = DIRECTION('',(0.,1.));
#2311 = ( GEOMETRIC_REPRESENTATION_CONTEXT(2) 
PARAMETRIC_REPRESENTATION_CONTEXT() REPRESENTATION_CONTEXT('2D SPACE',''
  ) );
#2312 = ORIENTED_EDGE('',*,*,#1043,.T.);
#2313 = ADVANCED_FACE('',(#2314),#1113,.T.);
#2314 = FACE_BOUND('',#2315,.F.);
#2315 = EDGE_LOOP('',(#2316,#2317,#2318,#2341));
#2316 = ORIENTED_EDGE('',*,*,#2177,.F.);
#2317 = ORIENTED_EDGE('',*,*,#1098,.T.);
#2318 = ORIENTED_EDGE('',*,*,#2319,.F.);
#2319 = EDGE_CURVE('',#2320,#1077,#2322,.T.);
#2320 = VERTEX_POINT('',#2321);
#2321 = CARTESIAN_POINT('',(-13.,6.,-24.62));
#2322 = SURFACE_CURVE('',#2323,(#2327,#2334),.PCURVE_S1.);
#2323 = LINE('',#2324,#2325);
#2324 = CARTESIAN_POINT('',(-13.,6.,-24.62));
#2325 = VECTOR('',#2326,1.);
#2326 = DIRECTION('',(0.,0.,1.));
#2327 = PCURVE('',#1113,#2328);
#2328 = DEFINITIONAL_REPRESENTATION('',(#2329),#2333);
#2329 = LINE('',#2330,#2331);
#2330 = CARTESIAN_POINT('',(-0.,0.));
#2331 = VECTOR('',#2332,1.);
#2332 = DIRECTION('',(-0.,1.));
#2333 = ( GEOMETRIC_REPRESENTATION_CONTEXT(2) 
PARAMETRIC_REPRESENTATION_CONTEXT() REPRESENTATION_CONTEXT('2D SPACE',''
  ) );
#2334 = PCURVE('',#1199,#2335);
#2335 = DEFINITIONAL_REPRESENTATION('',(#2336),#2340);
#2336 = LINE('',#2337,#2338);
#2337 = CARTESIAN_POINT('',(0.,-6.));
#2338 = VECTOR('',#2339,1.);
#2339 = DIRECTION('',(1.,0.));
#2340 = ( GEOMETRIC_REPRESENTATION_CONTEXT(2) 
PARAMETRIC_REPRESENTATION_CONTEXT() REPRESENTATION_CONTEXT('2D SPACE',''
  ) );
#2341 = ORIENTED_EDGE('',*,*,#2342,.T.);
#2342 = EDGE_CURVE('',#2320,#2178,#2343,.T.);
#2343 = SURFACE_CURVE('',#2344,(#2349,#2356),.PCURVE_S1.);
#2344 = CIRCLE('',#2345,2.);
#2345 = AXIS2_PLACEMENT_3D('',#2346,#2347,#2348);
#2346 = CARTESIAN_POINT('',(-11.,6.,-24.62));
#2347 = DIRECTION('',(-0.,-0.,-1.));
#2348 = DIRECTION('',(0.,-1.,0.));
#2349 = PCURVE('',#1113,#2350);
#2350 = DEFINITIONAL_REPRESENTATION('',(#2351),#2355);
#2351 = LINE('',#2352,#2353);
#2352 = CARTESIAN_POINT('',(1.570796326795,-0.));
#2353 = VECTOR('',#2354,1.);
#2354 = DIRECTION('',(-1.,0.));
#2355 = ( GEOMETRIC_REPRESENTATION_CONTEXT(2) 
PARAMETRIC_REPRESENTATION_CONTEXT() REPRESENTATION_CONTEXT('2D SPACE',''
  ) );
#2356 = PCURVE('',#1934,#2357);
#2357 = DEFINITIONAL_REPRESENTATION('',(#2358),#2362);
#2358 = CIRCLE('',#2359,2.);
#2359 = AXIS2_PLACEMENT_2D('',#2360,#2361);
#2360 = CARTESIAN_POINT('',(2.,-6.));
#2361 = DIRECTION('',(0.,1.));
#2362 = ( GEOMETRIC_REPRESENTATION_CONTEXT(2) 
PARAMETRIC_REPRESENTATION_CONTEXT() REPRESENTATION_CONTEXT('2D SPACE',''
  ) );
#2363 = ADVANCED_FACE('',(#2364),#1167,.F.);
#2364 = FACE_BOUND('',#2365,.F.);
#2365 = EDGE_LOOP('',(#2366,#2389,#2390,#2391));
#2366 = ORIENTED_EDGE('',*,*,#2367,.F.);
#2367 = EDGE_CURVE('',#1129,#2368,#2370,.T.);
#2368 = VERTEX_POINT('',#2369);
#2369 = CARTESIAN_POINT('',(2.,8.,-7.451484612923));
#2370 = SURFACE_CURVE('',#2371,(#2375,#2382),.PCURVE_S1.);
#2371 = LINE('',#2372,#2373);
#2372 = CARTESIAN_POINT('',(2.,8.,-4.));
#2373 = VECTOR('',#2374,1.);
#2374 = DIRECTION('',(-0.,-0.,-1.));
#2375 = PCURVE('',#1167,#2376);
#2376 = DEFINITIONAL_REPRESENTATION('',(#2377),#2381);
#2377 = LINE('',#2378,#2379);
#2378 = CARTESIAN_POINT('',(0.,0.));
#2379 = VECTOR('',#2380,1.);
#2380 = DIRECTION('',(0.,1.));
#2381 = ( GEOMETRIC_REPRESENTATION_CONTEXT(2) 
PARAMETRIC_REPRESENTATION_CONTEXT() REPRESENTATION_CONTEXT('2D SPACE',''
  ) );
#2382 = PCURVE('',#1271,#2383);
#2383 = DEFINITIONAL_REPRESENTATION('',(#2384),#2388);
#2384 = LINE('',#2385,#2386);
#2385 = CARTESIAN_POINT('',(-3.780457024265,14.800432362806));
#2386 = VECTOR('',#2387,1.);
#2387 = DIRECTION('',(-0.,-1.));
#2388 = ( GEOMETRIC_REPRESENTATION_CONTEXT(2) 
PARAMETRIC_REPRESENTATION_CONTEXT() REPRESENTATION_CONTEXT('2D SPACE',''
  ) );
#2389 = ORIENTED_EDGE('',*,*,#1152,.T.);
#2390 = ORIENTED_EDGE('',*,*,#2292,.T.);
#2391 = ORIENTED_EDGE('',*,*,#2392,.F.);
#2392 = EDGE_CURVE('',#2368,#2272,#2393,.T.);
#2393 = SURFACE_CURVE('',#2394,(#2433,#2475),.PCURVE_S1.);
#2394 = B_SPLINE_CURVE_WITH_KNOTS('',7,(#2395,#2396,#2397,#2398,#2399,
    #2400,#2401,#2402,#2403,#2404,#2405,#2406,#2407,#2408,#2409,#2410,
    #2411,#2412,#2413,#2414,#2415,#2416,#2417,#2418,#2419,#2420,#2421,
    #2422,#2423,#2424,#2425,#2426,#2427,#2428,#2429,#2430,#2431,#2432),
  .UNSPECIFIED.,.F.,.F.,(8,6,6,6,6,6,8),(0.,9.771014212818E-02,
    0.30144520166,0.493327159228,0.57188440853,0.68943161206,1.),
  .UNSPECIFIED.);
#2395 = CARTESIAN_POINT('',(2.,8.,-7.451484612923));
#2396 = CARTESIAN_POINT('',(1.955934230399,8.,-7.485190500371));
#2397 = CARTESIAN_POINT('',(1.91197637594,8.001132824082,-7.518984467266
    ));
#2398 = CARTESIAN_POINT('',(1.868158853698,8.003388216755,
    -7.552841302939));
#2399 = CARTESIAN_POINT('',(1.824512661321,8.006755338423,
    -7.586736202047));
#2400 = CARTESIAN_POINT('',(1.781067377033,8.011222765391,
    -7.620644764566));
#2401 = CARTESIAN_POINT('',(1.73785115963,8.01677848986,-7.654542995798)
  );
#2402 = CARTESIAN_POINT('',(1.60531415252,8.03723709048,-7.759017656316)
  );
#2403 = CARTESIAN_POINT('',(1.516853768191,8.055740865953,-7.82947744158
    ));
#2404 = CARTESIAN_POINT('',(1.429746556671,8.078809694894,-7.89957755106
    ));
#2405 = CARTESIAN_POINT('',(1.344211890794,8.106327685097,
    -7.969111008658));
#2406 = CARTESIAN_POINT('',(1.260453977063,8.138178531138,
    -8.037872554405));
#2407 = CARTESIAN_POINT('',(1.17866427767,8.174249441912,-8.105658225603
    ));
#2408 = CARTESIAN_POINT('',(1.024016982959,8.252282734878,
    -8.234996538418));
#2409 = CARTESIAN_POINT('',(0.950921737092,8.293777631503,
    -8.296678018922));
#2410 = CARTESIAN_POINT('',(0.879888505611,8.338831624901,
    -8.357140538841));
#2411 = CARTESIAN_POINT('',(0.811070813877,8.3873568308,-8.416206276477)
  );
#2412 = CARTESIAN_POINT('',(0.744625548049,8.43926446274,-8.473689002529
    ));
#2413 = CARTESIAN_POINT('',(0.680713101214,8.494463681015,
    -8.529394653571));
#2414 = CARTESIAN_POINT('',(0.594435612865,8.576768311543,
    -8.605118059716));
#2415 = CARTESIAN_POINT('',(0.569826197622,8.601211658868,
    -8.626782213877));
#2416 = CARTESIAN_POINT('',(0.545680820847,8.626183805791,
    -8.648100287764));
#2417 = CARTESIAN_POINT('',(0.522011271127,8.6516776916,-8.669057895359)
  );
#2418 = CARTESIAN_POINT('',(0.498829578589,8.67768587268,-8.689640344869
    ));
#2419 = CARTESIAN_POINT('',(0.476148014902,8.704200522512,
    -8.709832638725));
#2420 = CARTESIAN_POINT('',(0.420807173869,8.771633532418,
    -8.759227016165));
#2421 = CARTESIAN_POINT('',(0.388783169743,8.813169004028,-8.7879266471)
  );
#2422 = CARTESIAN_POINT('',(0.357948817323,8.855792137113,
    -8.815667334569));
#2423 = CARTESIAN_POINT('',(0.328347431317,8.899472284924,
    -8.842396250666));
#2424 = CARTESIAN_POINT('',(0.300023368849,8.944175309204,
    -8.868059425627));
#2425 = CARTESIAN_POINT('',(0.273021493594,8.989863026055,
    -8.892602402051));
#2426 = CARTESIAN_POINT('',(0.179657464365,9.159691564762,
    -8.977712156849));
#2427 = CARTESIAN_POINT('',(0.12141225324,9.289572128576,-9.031308315412
    ));
#2428 = CARTESIAN_POINT('',(7.358575327186E-02,9.425221364662,
    -9.075661503723));
#2429 = CARTESIAN_POINT('',(3.700354803246E-02,9.56553187346,
    -9.109777465127));
#2430 = CARTESIAN_POINT('',(1.232860395251E-02,9.709184919905,
    -9.132851849982));
#2431 = CARTESIAN_POINT('',(1.554312234475E-15,9.854622527049,
    -9.144380660904));
#2432 = CARTESIAN_POINT('',(1.554312234475E-15,10.,-9.144380660904));
#2433 = PCURVE('',#1167,#2434);
#2434 = DEFINITIONAL_REPRESENTATION('',(#2435),#2474);
#2435 = B_SPLINE_CURVE_WITH_KNOTS('',7,(#2436,#2437,#2438,#2439,#2440,
    #2441,#2442,#2443,#2444,#2445,#2446,#2447,#2448,#2449,#2450,#2451,
    #2452,#2453,#2454,#2455,#2456,#2457,#2458,#2459,#2460,#2461,#2462,
    #2463,#2464,#2465,#2466,#2467,#2468,#2469,#2470,#2471,#2472,#2473),
  .UNSPECIFIED.,.F.,.F.,(8,6,6,6,6,6,8),(0.,9.771014212818E-02,
    0.30144520166,0.493327159228,0.57188440853,0.68943161206,1.),
  .UNSPECIFIED.);
#2436 = CARTESIAN_POINT('',(0.,3.451484612923));
#2437 = CARTESIAN_POINT('',(2.203288480058E-02,3.485190500371));
#2438 = CARTESIAN_POINT('',(4.401181871446E-02,3.518984467266));
#2439 = CARTESIAN_POINT('',(6.593804933654E-02,3.552841302939));
#2440 = CARTESIAN_POINT('',(8.781316000621E-02,3.586736202047));
#2441 = CARTESIAN_POINT('',(0.109639069807,3.620644764566));
#2442 = CARTESIAN_POINT('',(0.131418033569,3.654542995798));
#2443 = CARTESIAN_POINT('',(0.198471394023,3.759017656316));
#2444 = CARTESIAN_POINT('',(0.243595228096,3.82947744158));
#2445 = CARTESIAN_POINT('',(0.288550804202,3.89957755106));
#2446 = CARTESIAN_POINT('',(0.333366743352,3.969111008658));
#2447 = CARTESIAN_POINT('',(0.378074558145,4.037872554405));
#2448 = CARTESIAN_POINT('',(0.422709583473,4.105658225603));
#2449 = CARTESIAN_POINT('',(0.509319312391,4.234996538418));
#2450 = CARTESIAN_POINT('',(0.551294874203,4.296678018922));
#2451 = CARTESIAN_POINT('',(0.593272682569,4.357140538841));
#2452 = CARTESIAN_POINT('',(0.635284724959,4.416206276477));
#2453 = CARTESIAN_POINT('',(0.677361916126,4.473689002529));
#2454 = CARTESIAN_POINT('',(0.719535127817,4.529394653571));
#2455 = CARTESIAN_POINT('',(0.779154456064,4.605118059716));
#2456 = CARTESIAN_POINT('',(0.796493801555,4.626782213877));
#2457 = CARTESIAN_POINT('',(0.813856242772,4.648100287764));
#2458 = CARTESIAN_POINT('',(0.831243659312,4.669057895359));
#2459 = CARTESIAN_POINT('',(0.848657822572,4.689640344869));
#2460 = CARTESIAN_POINT('',(0.866100395745,4.709832638725));
#2461 = CARTESIAN_POINT('',(0.90971753547,4.759227016165));
#2462 = CARTESIAN_POINT('',(0.935929125988,4.7879266471));
#2463 = CARTESIAN_POINT('',(0.962212919133,4.815667334569));
#2464 = CARTESIAN_POINT('',(0.988573224461,4.842396250666));
#2465 = CARTESIAN_POINT('',(1.015013388091,4.868059425627));
#2466 = CARTESIAN_POINT('',(1.041535733485,4.892602402051));
#2467 = CARTESIAN_POINT('',(1.138435907005,4.977712156849));
#2468 = CARTESIAN_POINT('',(1.209373483868,5.031308315412));
#2469 = CARTESIAN_POINT('',(1.280896006059,5.075661503723));
#2470 = CARTESIAN_POINT('',(1.352934766893,5.109777465127));
#2471 = CARTESIAN_POINT('',(1.425388828639,5.132851849982));
#2472 = CARTESIAN_POINT('',(1.498107590319,5.144380660904));
#2473 = CARTESIAN_POINT('',(1.570796326795,5.144380660904));
#2474 = ( GEOMETRIC_REPRESENTATION_CONTEXT(2) 
PARAMETRIC_REPRESENTATION_CONTEXT() REPRESENTATION_CONTEXT('2D SPACE',''
  ) );
#2475 = PCURVE('',#2000,#2476);
#2476 = DEFINITIONAL_REPRESENTATION('',(#2477),#2516);
#2477 = B_SPLINE_CURVE_WITH_KNOTS('',7,(#2478,#2479,#2480,#2481,#2482,
    #2483,#2484,#2485,#2486,#2487,#2488,#2489,#2490,#2491,#2492,#2493,
    #2494,#2495,#2496,#2497,#2498,#2499,#2500,#2501,#2502,#2503,#2504,
    #2505,#2506,#2507,#2508,#2509,#2510,#2511,#2512,#2513,#2514,#2515),
  .UNSPECIFIED.,.F.,.F.,(8,6,6,6,6,6,8),(0.,9.771014212818E-02,
    0.30144520166,0.493327159228,0.57188440853,0.68943161206,1.),
  .UNSPECIFIED.);
#2478 = CARTESIAN_POINT('',(2.223765153173,10.));
#2479 = CARTESIAN_POINT('',(2.225858686555,10.));
#2480 = CARTESIAN_POINT('',(2.227951004614,9.998867175918));
#2481 = CARTESIAN_POINT('',(2.230040573012,9.996611783245));
#2482 = CARTESIAN_POINT('',(2.232125908786,9.993244661577));
#2483 = CARTESIAN_POINT('',(2.23420558035,9.988777234609));
#2484 = CARTESIAN_POINT('',(2.236278207493,9.98322151014));
#2485 = CARTESIAN_POINT('',(2.242646629606,9.96276290952));
#2486 = CARTESIAN_POINT('',(2.246914200709,9.944259134047));
#2487 = CARTESIAN_POINT('',(2.251133398299,9.921190305106));
#2488 = CARTESIAN_POINT('',(2.255293005259,9.893672314903));
#2489 = CARTESIAN_POINT('',(2.259382276537,9.861821468862));
#2490 = CARTESIAN_POINT('',(2.263390851935,9.825750558088));
#2491 = CARTESIAN_POINT('',(2.270998551181,9.747717265122));
#2492 = CARTESIAN_POINT('',(2.274607673397,9.706222368497));
#2493 = CARTESIAN_POINT('',(2.278127679588,9.661168375099));
#2494 = CARTESIAN_POINT('',(2.281549886121,9.6126431692));
#2495 = CARTESIAN_POINT('',(2.284865289952,9.56073553726));
#2496 = CARTESIAN_POINT('',(2.28806457691,9.505536318985));
#2497 = CARTESIAN_POINT('',(2.292396455026,9.423231688457));
#2498 = CARTESIAN_POINT('',(2.293633682545,9.398788341132));
#2499 = CARTESIAN_POINT('',(2.294849137803,9.373816194209));
#2500 = CARTESIAN_POINT('',(2.296042131119,9.3483223084));
#2501 = CARTESIAN_POINT('',(2.297211957866,9.32231412732));
#2502 = CARTESIAN_POINT('',(2.298357898465,9.295799477488));
#2503 = CARTESIAN_POINT('',(2.301157077822,9.228366467582));
#2504 = CARTESIAN_POINT('',(2.302779806235,9.186830995972));
#2505 = CARTESIAN_POINT('',(2.304344954062,9.144207862887));
#2506 = CARTESIAN_POINT('',(2.305849979808,9.100527715076));
#2507 = CARTESIAN_POINT('',(2.307292281789,9.055824690796));
#2508 = CARTESIAN_POINT('',(2.308669229864,9.010136973945));
#2509 = CARTESIAN_POINT('',(2.313436585381,8.840308435238));
#2510 = CARTESIAN_POINT('',(2.316423423994,8.710427871424));
#2511 = CARTESIAN_POINT('',(2.318884802808,8.574778635337));
#2512 = CARTESIAN_POINT('',(2.320772407483,8.43446812654));
#2513 = CARTESIAN_POINT('',(2.322047231458,8.290815080095));
#2514 = CARTESIAN_POINT('',(2.322684183042,8.145377472951));
#2515 = CARTESIAN_POINT('',(2.322684183042,8.));
#2516 = ( GEOMETRIC_REPRESENTATION_CONTEXT(2) 
PARAMETRIC_REPRESENTATION_CONTEXT() REPRESENTATION_CONTEXT('2D SPACE',''
  ) );
#2517 = ADVANCED_FACE('',(#2518),#1199,.F.);
#2518 = FACE_BOUND('',#2519,.F.);
#2519 = EDGE_LOOP('',(#2520,#2543,#2564,#2565));
#2520 = ORIENTED_EDGE('',*,*,#2521,.F.);
#2521 = EDGE_CURVE('',#2522,#1184,#2524,.T.);
#2522 = VERTEX_POINT('',#2523);
#2523 = CARTESIAN_POINT('',(-13.,-6.,-24.62));
#2524 = SURFACE_CURVE('',#2525,(#2529,#2536),.PCURVE_S1.);
#2525 = LINE('',#2526,#2527);
#2526 = CARTESIAN_POINT('',(-13.,-6.,-24.62));
#2527 = VECTOR('',#2528,1.);
#2528 = DIRECTION('',(0.,0.,1.));
#2529 = PCURVE('',#1199,#2530);
#2530 = DEFINITIONAL_REPRESENTATION('',(#2531),#2535);
#2531 = LINE('',#2532,#2533);
#2532 = CARTESIAN_POINT('',(0.,6.));
#2533 = VECTOR('',#2534,1.);
#2534 = DIRECTION('',(1.,0.));
#2535 = ( GEOMETRIC_REPRESENTATION_CONTEXT(2) 
PARAMETRIC_REPRESENTATION_CONTEXT() REPRESENTATION_CONTEXT('2D SPACE',''
  ) );
#2536 = PCURVE('',#1335,#2537);
#2537 = DEFINITIONAL_REPRESENTATION('',(#2538),#2542);
#2538 = LINE('',#2539,#2540);
#2539 = CARTESIAN_POINT('',(0.,0.));
#2540 = VECTOR('',#2541,1.);
#2541 = DIRECTION('',(0.,1.));
#2542 = ( GEOMETRIC_REPRESENTATION_CONTEXT(2) 
PARAMETRIC_REPRESENTATION_CONTEXT() REPRESENTATION_CONTEXT('2D SPACE',''
  ) );
#2543 = ORIENTED_EDGE('',*,*,#2544,.F.);
#2544 = EDGE_CURVE('',#2320,#2522,#2545,.T.);
#2545 = SURFACE_CURVE('',#2546,(#2550,#2557),.PCURVE_S1.);
#2546 = LINE('',#2547,#2548);
#2547 = CARTESIAN_POINT('',(-13.,8.,-24.62));
#2548 = VECTOR('',#2549,1.);
#2549 = DIRECTION('',(0.,-1.,0.));
#2550 = PCURVE('',#1199,#2551);
#2551 = DEFINITIONAL_REPRESENTATION('',(#2552),#2556);
#2552 = LINE('',#2553,#2554);
#2553 = CARTESIAN_POINT('',(0.,-8.));
#2554 = VECTOR('',#2555,1.);
#2555 = DIRECTION('',(0.,1.));
#2556 = ( GEOMETRIC_REPRESENTATION_CONTEXT(2) 
PARAMETRIC_REPRESENTATION_CONTEXT() REPRESENTATION_CONTEXT('2D SPACE',''
  ) );
#2557 = PCURVE('',#1934,#2558);
#2558 = DEFINITIONAL_REPRESENTATION('',(#2559),#2563);
#2559 = LINE('',#2560,#2561);
#2560 = CARTESIAN_POINT('',(0.,-8.));
#2561 = VECTOR('',#2562,1.);
#2562 = DIRECTION('',(0.,1.));
#2563 = ( GEOMETRIC_REPRESENTATION_CONTEXT(2) 
PARAMETRIC_REPRESENTATION_CONTEXT() REPRESENTATION_CONTEXT('2D SPACE',''
  ) );
#2564 = ORIENTED_EDGE('',*,*,#2319,.T.);
#2565 = ORIENTED_EDGE('',*,*,#1183,.T.);
#2566 = ADVANCED_FACE('',(#2567,#2799),#1271,.F.);
#2567 = FACE_BOUND('',#2568,.F.);
#2568 = EDGE_LOOP('',(#2569,#2592,#2593,#2594,#2622,#2650,#2683,#2711,
    #2740,#2768));
#2569 = ORIENTED_EDGE('',*,*,#2570,.T.);
#2570 = EDGE_CURVE('',#2571,#1236,#2573,.T.);
#2571 = VERTEX_POINT('',#2572);
#2572 = CARTESIAN_POINT('',(11.,8.,-10.64595555576));
#2573 = SURFACE_CURVE('',#2574,(#2578,#2585),.PCURVE_S1.);
#2574 = LINE('',#2575,#2576);
#2575 = CARTESIAN_POINT('',(11.,8.,-10.64595555576));
#2576 = VECTOR('',#2577,1.);
#2577 = DIRECTION('',(0.,0.,1.));
#2578 = PCURVE('',#1271,#2579);
#2579 = DEFINITIONAL_REPRESENTATION('',(#2580),#2584);
#2580 = LINE('',#2581,#2582);
#2581 = CARTESIAN_POINT('',(5.219542975735,8.154476807043));
#2582 = VECTOR('',#2583,1.);
#2583 = DIRECTION('',(0.,1.));
#2584 = ( GEOMETRIC_REPRESENTATION_CONTEXT(2) 
PARAMETRIC_REPRESENTATION_CONTEXT() REPRESENTATION_CONTEXT('2D SPACE',''
  ) );
#2585 = PCURVE('',#1389,#2586);
#2586 = DEFINITIONAL_REPRESENTATION('',(#2587),#2591);
#2587 = LINE('',#2588,#2589);
#2588 = CARTESIAN_POINT('',(-0.,0.));
#2589 = VECTOR('',#2590,1.);
#2590 = DIRECTION('',(-0.,1.));
#2591 = ( GEOMETRIC_REPRESENTATION_CONTEXT(2) 
PARAMETRIC_REPRESENTATION_CONTEXT() REPRESENTATION_CONTEXT('2D SPACE',''
  ) );
#2592 = ORIENTED_EDGE('',*,*,#1257,.T.);
#2593 = ORIENTED_EDGE('',*,*,#2367,.T.);
#2594 = ORIENTED_EDGE('',*,*,#2595,.F.);
#2595 = EDGE_CURVE('',#2596,#2368,#2598,.T.);
#2596 = VERTEX_POINT('',#2597);
#2597 = CARTESIAN_POINT('',(-7.739419498123,8.,-22.62));
#2598 = SURFACE_CURVE('',#2599,(#2604,#2615),.PCURVE_S1.);
#2599 = CIRCLE('',#2600,26.5);
#2600 = AXIS2_PLACEMENT_3D('',#2601,#2602,#2603);
#2601 = CARTESIAN_POINT('',(18.1,8.,-28.5));
#2602 = DIRECTION('',(-5.305925209562E-17,1.,-2.331667131217E-16));
#2603 = DIRECTION('',(-0.975072433891,6.162975822039E-33,0.221886792453)
  );
#2604 = PCURVE('',#1271,#2605);
#2605 = DEFINITIONAL_REPRESENTATION('',(#2606),#2614);
#2606 = ( BOUNDED_CURVE() B_SPLINE_CURVE(2,(#2607,#2608,#2609,#2610,
#2611,#2612,#2613),.UNSPECIFIED.,.T.,.F.) B_SPLINE_CURVE_WITH_KNOTS((1,2
    ,2,2,2,1),(-2.094395102393,0.,2.094395102393,4.188790204786,
6.28318530718,8.377580409573),.UNSPECIFIED.) CURVE() 
GEOMETRIC_REPRESENTATION_ITEM() RATIONAL_B_SPLINE_CURVE((1.,0.5,1.,0.5,
1.,0.5,1.)) REPRESENTATION_ITEM('') );
#2607 = CARTESIAN_POINT('',(-13.51987652238,-3.819567637194));
#2608 = CARTESIAN_POINT('',(-3.335417773883,40.935619771642));
#2609 = CARTESIAN_POINT('',(30.33148209905,9.738026067224));
#2610 = CARTESIAN_POINT('',(63.998381971982,-21.45956763719));
#2611 = CARTESIAN_POINT('',(20.147023350545,-35.01716134161));
#2612 = CARTESIAN_POINT('',(-23.70433527089,-48.57475504602));
#2613 = CARTESIAN_POINT('',(-13.51987652238,-3.819567637194));
#2614 = ( GEOMETRIC_REPRESENTATION_CONTEXT(2) 
PARAMETRIC_REPRESENTATION_CONTEXT() REPRESENTATION_CONTEXT('2D SPACE',''
  ) );
#2615 = PCURVE('',#2000,#2616);
#2616 = DEFINITIONAL_REPRESENTATION('',(#2617),#2621);
#2617 = LINE('',#2618,#2619);
#2618 = CARTESIAN_POINT('',(2.917843579737,10.));
#2619 = VECTOR('',#2620,1.);
#2620 = DIRECTION('',(-1.,-0.));
#2621 = ( GEOMETRIC_REPRESENTATION_CONTEXT(2) 
PARAMETRIC_REPRESENTATION_CONTEXT() REPRESENTATION_CONTEXT('2D SPACE',''
  ) );
#2622 = ORIENTED_EDGE('',*,*,#2623,.T.);
#2623 = EDGE_CURVE('',#2596,#2624,#2626,.T.);
#2624 = VERTEX_POINT('',#2625);
#2625 = CARTESIAN_POINT('',(4.166129918183,8.,-22.62));
#2626 = SURFACE_CURVE('',#2627,(#2631,#2638),.PCURVE_S1.);
#2627 = LINE('',#2628,#2629);
#2628 = CARTESIAN_POINT('',(-8.114415881343,8.,-22.62));
#2629 = VECTOR('',#2630,1.);
#2630 = DIRECTION('',(1.,0.,0.));
#2631 = PCURVE('',#1271,#2632);
#2632 = DEFINITIONAL_REPRESENTATION('',(#2633),#2637);
#2633 = LINE('',#2634,#2635);
#2634 = CARTESIAN_POINT('',(-13.8948729056,-3.819567637194));
#2635 = VECTOR('',#2636,1.);
#2636 = DIRECTION('',(1.,0.));
#2637 = ( GEOMETRIC_REPRESENTATION_CONTEXT(2) 
PARAMETRIC_REPRESENTATION_CONTEXT() REPRESENTATION_CONTEXT('2D SPACE',''
  ) );
#2638 = PCURVE('',#2639,#2644);
#2639 = CYLINDRICAL_SURFACE('',#2640,2.);
#2640 = AXIS2_PLACEMENT_3D('',#2641,#2642,#2643);
#2641 = CARTESIAN_POINT('',(-8.114415881343,6.,-22.62));
#2642 = DIRECTION('',(1.,0.,0.));
#2643 = DIRECTION('',(-0.,1.,0.));
#2644 = DEFINITIONAL_REPRESENTATION('',(#2645),#2649);
#2645 = LINE('',#2646,#2647);
#2646 = CARTESIAN_POINT('',(-0.,0.));
#2647 = VECTOR('',#2648,1.);
#2648 = DIRECTION('',(-0.,1.));
#2649 = ( GEOMETRIC_REPRESENTATION_CONTEXT(2) 
PARAMETRIC_REPRESENTATION_CONTEXT() REPRESENTATION_CONTEXT('2D SPACE',''
  ) );
#2650 = ORIENTED_EDGE('',*,*,#2651,.T.);
#2651 = EDGE_CURVE('',#2624,#2652,#2654,.T.);
#2652 = VERTEX_POINT('',#2653);
#2653 = CARTESIAN_POINT('',(8.616162153135,8.,-25.3402602613));
#2654 = SURFACE_CURVE('',#2655,(#2660,#2671),.PCURVE_S1.);
#2655 = CIRCLE('',#2656,5.);
#2656 = AXIS2_PLACEMENT_3D('',#2657,#2658,#2659);
#2657 = CARTESIAN_POINT('',(4.166129918183,8.,-27.61999996308));
#2658 = DIRECTION('',(-0.,1.,0.));
#2659 = DIRECTION('',(0.,0.,1.));
#2660 = PCURVE('',#1271,#2661);
#2661 = DEFINITIONAL_REPRESENTATION('',(#2662),#2670);
#2662 = ( BOUNDED_CURVE() B_SPLINE_CURVE(2,(#2663,#2664,#2665,#2666,
#2667,#2668,#2669),.UNSPECIFIED.,.T.,.F.) B_SPLINE_CURVE_WITH_KNOTS((1,2
    ,2,2,2,1),(-2.094395102393,0.,2.094395102393,4.188790204786,
6.28318530718,8.377580409573),.UNSPECIFIED.) CURVE() 
GEOMETRIC_REPRESENTATION_ITEM() RATIONAL_B_SPLINE_CURVE((1.,0.5,1.,0.5,
1.,0.5,1.)) REPRESENTATION_ITEM('') );
#2663 = CARTESIAN_POINT('',(-1.614327106081,-3.819567600282));
#2664 = CARTESIAN_POINT('',(7.045926931763,-3.819567600282));
#2665 = CARTESIAN_POINT('',(2.715799912841,-11.31956760028));
#2666 = CARTESIAN_POINT('',(-1.614327106081,-18.81956760028));
#2667 = CARTESIAN_POINT('',(-5.944454125004,-11.31956760028));
#2668 = CARTESIAN_POINT('',(-10.27458114392,-3.819567600282));
#2669 = CARTESIAN_POINT('',(-1.614327106081,-3.819567600282));
#2670 = ( GEOMETRIC_REPRESENTATION_CONTEXT(2) 
PARAMETRIC_REPRESENTATION_CONTEXT() REPRESENTATION_CONTEXT('2D SPACE',''
  ) );
#2671 = PCURVE('',#2672,#2677);
#2672 = TOROIDAL_SURFACE('',#2673,5.,2.);
#2673 = AXIS2_PLACEMENT_3D('',#2674,#2675,#2676);
#2674 = CARTESIAN_POINT('',(4.166129918183,6.,-27.61999996308));
#2675 = DIRECTION('',(-0.,1.,-0.));
#2676 = DIRECTION('',(0.,0.,1.));
#2677 = DEFINITIONAL_REPRESENTATION('',(#2678),#2682);
#2678 = LINE('',#2679,#2680);
#2679 = CARTESIAN_POINT('',(0.,1.570796326795));
#2680 = VECTOR('',#2681,1.);
#2681 = DIRECTION('',(1.,0.));
#2682 = ( GEOMETRIC_REPRESENTATION_CONTEXT(2) 
PARAMETRIC_REPRESENTATION_CONTEXT() REPRESENTATION_CONTEXT('2D SPACE',''
  ) );
#2683 = ORIENTED_EDGE('',*,*,#2684,.T.);
#2684 = EDGE_CURVE('',#2652,#2685,#2687,.T.);
#2685 = VERTEX_POINT('',#2686);
#2686 = CARTESIAN_POINT('',(11.869954871067,8.,-31.69163558249));
#2687 = SURFACE_CURVE('',#2688,(#2692,#2699),.PCURVE_S1.);
#2688 = LINE('',#2689,#2690);
#2689 = CARTESIAN_POINT('',(8.616162153135,8.,-25.3402602613));
#2690 = VECTOR('',#2691,1.);
#2691 = DIRECTION('',(0.455947940357,0.,-0.89000644699));
#2692 = PCURVE('',#1271,#2693);
#2693 = DEFINITIONAL_REPRESENTATION('',(#2694),#2698);
#2694 = LINE('',#2695,#2696);
#2695 = CARTESIAN_POINT('',(2.835705128871,-6.539827898498));
#2696 = VECTOR('',#2697,1.);
#2697 = DIRECTION('',(0.455947940357,-0.89000644699));
#2698 = ( GEOMETRIC_REPRESENTATION_CONTEXT(2) 
PARAMETRIC_REPRESENTATION_CONTEXT() REPRESENTATION_CONTEXT('2D SPACE',''
  ) );
#2699 = PCURVE('',#2700,#2705);
#2700 = CYLINDRICAL_SURFACE('',#2701,2.);
#2701 = AXIS2_PLACEMENT_3D('',#2702,#2703,#2704);
#2702 = CARTESIAN_POINT('',(8.616162153135,6.,-25.3402602613));
#2703 = DIRECTION('',(0.455947940357,0.,-0.89000644699));
#2704 = DIRECTION('',(-0.,1.,0.));
#2705 = DEFINITIONAL_REPRESENTATION('',(#2706),#2710);
#2706 = LINE('',#2707,#2708);
#2707 = CARTESIAN_POINT('',(-0.,0.));
#2708 = VECTOR('',#2709,1.);
#2709 = DIRECTION('',(-0.,1.));
#2710 = ( GEOMETRIC_REPRESENTATION_CONTEXT(2) 
PARAMETRIC_REPRESENTATION_CONTEXT() REPRESENTATION_CONTEXT('2D SPACE',''
  ) );
#2711 = ORIENTED_EDGE('',*,*,#2712,.T.);
#2712 = EDGE_CURVE('',#2685,#2713,#2715,.T.);
#2713 = VERTEX_POINT('',#2714);
#2714 = CARTESIAN_POINT('',(22.730658565078,8.,-23.25052371624));
#2715 = SURFACE_CURVE('',#2716,(#2721,#2728),.PCURVE_S1.);
#2716 = CIRCLE('',#2717,7.);
#2717 = AXIS2_PLACEMENT_3D('',#2718,#2719,#2720);
#2718 = CARTESIAN_POINT('',(18.1,8.,-28.5));
#2719 = DIRECTION('',(0.,-1.,0.));
#2720 = DIRECTION('',(-0.89000644699,-0.,-0.455947940357));
#2721 = PCURVE('',#1271,#2722);
#2722 = DEFINITIONAL_REPRESENTATION('',(#2723),#2727);
#2723 = CIRCLE('',#2724,7.);
#2724 = AXIS2_PLACEMENT_2D('',#2725,#2726);
#2725 = CARTESIAN_POINT('',(12.319542975735,-9.699567637194));
#2726 = DIRECTION('',(-0.89000644699,-0.455947940357));
#2727 = ( GEOMETRIC_REPRESENTATION_CONTEXT(2) 
PARAMETRIC_REPRESENTATION_CONTEXT() REPRESENTATION_CONTEXT('2D SPACE',''
  ) );
#2728 = PCURVE('',#2729,#2734);
#2729 = TOROIDAL_SURFACE('',#2730,7.,2.);
#2730 = AXIS2_PLACEMENT_3D('',#2731,#2732,#2733);
#2731 = CARTESIAN_POINT('',(18.1,6.,-28.5));
#2732 = DIRECTION('',(0.,-1.,0.));
#2733 = DIRECTION('',(-0.89000644699,-0.,-0.455947940357));
#2734 = DEFINITIONAL_REPRESENTATION('',(#2735),#2739);
#2735 = LINE('',#2736,#2737);
#2736 = CARTESIAN_POINT('',(0.,4.712388980385));
#2737 = VECTOR('',#2738,1.);
#2738 = DIRECTION('',(1.,0.));
#2739 = ( GEOMETRIC_REPRESENTATION_CONTEXT(2) 
PARAMETRIC_REPRESENTATION_CONTEXT() REPRESENTATION_CONTEXT('2D SPACE',''
  ) );
#2740 = ORIENTED_EDGE('',*,*,#2741,.T.);
#2741 = EDGE_CURVE('',#2713,#2742,#2744,.T.);
#2742 = VERTEX_POINT('',#2743);
#2743 = CARTESIAN_POINT('',(12.692386749398,8.,-14.3955814612));
#2744 = SURFACE_CURVE('',#2745,(#2749,#2756),.PCURVE_S1.);
#2745 = LINE('',#2746,#2747);
#2746 = CARTESIAN_POINT('',(22.730658565078,8.,-23.25052371624));
#2747 = VECTOR('',#2748,1.);
#2748 = DIRECTION('',(-0.749925183393,0.,0.661522652154));
#2749 = PCURVE('',#1271,#2750);
#2750 = DEFINITIONAL_REPRESENTATION('',(#2751),#2755);
#2751 = LINE('',#2752,#2753);
#2752 = CARTESIAN_POINT('',(16.950201540814,-4.450091353442));
#2753 = VECTOR('',#2754,1.);
#2754 = DIRECTION('',(-0.749925183393,0.661522652154));
#2755 = ( GEOMETRIC_REPRESENTATION_CONTEXT(2) 
PARAMETRIC_REPRESENTATION_CONTEXT() REPRESENTATION_CONTEXT('2D SPACE',''
  ) );
#2756 = PCURVE('',#2757,#2762);
#2757 = CYLINDRICAL_SURFACE('',#2758,2.);
#2758 = AXIS2_PLACEMENT_3D('',#2759,#2760,#2761);
#2759 = CARTESIAN_POINT('',(22.730658565078,6.,-23.25052371624));
#2760 = DIRECTION('',(-0.749925183393,0.,0.661522652154));
#2761 = DIRECTION('',(0.,1.,-0.));
#2762 = DEFINITIONAL_REPRESENTATION('',(#2763),#2767);
#2763 = LINE('',#2764,#2765);
#2764 = CARTESIAN_POINT('',(-0.,0.));
#2765 = VECTOR('',#2766,1.);
#2766 = DIRECTION('',(-0.,1.));
#2767 = ( GEOMETRIC_REPRESENTATION_CONTEXT(2) 
PARAMETRIC_REPRESENTATION_CONTEXT() REPRESENTATION_CONTEXT('2D SPACE',''
  ) );
#2768 = ORIENTED_EDGE('',*,*,#2769,.T.);
#2769 = EDGE_CURVE('',#2742,#2571,#2770,.T.);
#2770 = SURFACE_CURVE('',#2771,(#2776,#2787),.PCURVE_S1.);
#2771 = CIRCLE('',#2772,5.);
#2772 = AXIS2_PLACEMENT_3D('',#2773,#2774,#2775);
#2773 = CARTESIAN_POINT('',(16.,8.,-10.64595555576));
#2774 = DIRECTION('',(0.,1.,-0.));
#2775 = DIRECTION('',(-0.661522652154,-0.,-0.749925183393));
#2776 = PCURVE('',#1271,#2777);
#2777 = DEFINITIONAL_REPRESENTATION('',(#2778),#2786);
#2778 = ( BOUNDED_CURVE() B_SPLINE_CURVE(2,(#2779,#2780,#2781,#2782,
#2783,#2784,#2785),.UNSPECIFIED.,.T.,.F.) B_SPLINE_CURVE_WITH_KNOTS((1,2
    ,2,2,2,1),(-2.094395102393,0.,2.094395102393,4.188790204786,
6.28318530718,8.377580409573),.UNSPECIFIED.) CURVE() 
GEOMETRIC_REPRESENTATION_ITEM() RATIONAL_B_SPLINE_CURVE((1.,0.5,1.,0.5,
1.,0.5,1.)) REPRESENTATION_ITEM('') );
#2779 = CARTESIAN_POINT('',(6.911929714965,4.404850890078));
#2780 = CARTESIAN_POINT('',(0.417387117404,10.13380510952));
#2781 = CARTESIAN_POINT('',(8.62607830734,12.893766875247));
#2782 = CARTESIAN_POINT('',(16.834769497276,15.653728640974));
#2783 = CARTESIAN_POINT('',(15.120620904901,7.164812655805));
#2784 = CARTESIAN_POINT('',(13.406472312526,-1.324103329365));
#2785 = CARTESIAN_POINT('',(6.911929714965,4.404850890078));
#2786 = ( GEOMETRIC_REPRESENTATION_CONTEXT(2) 
PARAMETRIC_REPRESENTATION_CONTEXT() REPRESENTATION_CONTEXT('2D SPACE',''
  ) );
#2787 = PCURVE('',#2788,#2793);
#2788 = TOROIDAL_SURFACE('',#2789,5.,2.);
#2789 = AXIS2_PLACEMENT_3D('',#2790,#2791,#2792);
#2790 = CARTESIAN_POINT('',(16.,6.,-10.64595555576));
#2791 = DIRECTION('',(-0.,1.,-0.));
#2792 = DIRECTION('',(-0.661522652154,-0.,-0.749925183393));
#2793 = DEFINITIONAL_REPRESENTATION('',(#2794),#2798);
#2794 = LINE('',#2795,#2796);
#2795 = CARTESIAN_POINT('',(0.,1.570796326795));
#2796 = VECTOR('',#2797,1.);
#2797 = DIRECTION('',(1.,0.));
#2798 = ( GEOMETRIC_REPRESENTATION_CONTEXT(2) 
PARAMETRIC_REPRESENTATION_CONTEXT() REPRESENTATION_CONTEXT('2D SPACE',''
  ) );
#2799 = FACE_BOUND('',#2800,.F.);
#2800 = EDGE_LOOP('',(#2801));
#2801 = ORIENTED_EDGE('',*,*,#2802,.F.);
#2802 = EDGE_CURVE('',#2803,#2803,#2805,.T.);
#2803 = VERTEX_POINT('',#2804);
#2804 = CARTESIAN_POINT('',(22.1,8.,-28.5));
#2805 = SURFACE_CURVE('',#2806,(#2811,#2818),.PCURVE_S1.);
#2806 = CIRCLE('',#2807,4.);
#2807 = AXIS2_PLACEMENT_3D('',#2808,#2809,#2810);
#2808 = CARTESIAN_POINT('',(18.1,8.,-28.5));
#2809 = DIRECTION('',(0.,-1.,2.22044604925E-16));
#2810 = DIRECTION('',(1.,0.,0.));
#2811 = PCURVE('',#1271,#2812);
#2812 = DEFINITIONAL_REPRESENTATION('',(#2813),#2817);
#2813 = CIRCLE('',#2814,4.);
#2814 = AXIS2_PLACEMENT_2D('',#2815,#2816);
#2815 = CARTESIAN_POINT('',(12.319542975735,-9.699567637194));
#2816 = DIRECTION('',(1.,0.));
#2817 = ( GEOMETRIC_REPRESENTATION_CONTEXT(2) 
PARAMETRIC_REPRESENTATION_CONTEXT() REPRESENTATION_CONTEXT('2D SPACE',''
  ) );
#2818 = PCURVE('',#2819,#2824);
#2819 = CYLINDRICAL_SURFACE('',#2820,4.);
#2820 = AXIS2_PLACEMENT_3D('',#2821,#2822,#2823);
#2821 = CARTESIAN_POINT('',(18.1,9.,-28.5));
#2822 = DIRECTION('',(0.,-1.,2.22044604925E-16));
#2823 = DIRECTION('',(1.,0.,0.));
#2824 = DEFINITIONAL_REPRESENTATION('',(#2825),#2829);
#2825 = LINE('',#2826,#2827);
#2826 = CARTESIAN_POINT('',(0.,1.));
#2827 = VECTOR('',#2828,1.);
#2828 = DIRECTION('',(1.,0.));
#2829 = ( GEOMETRIC_REPRESENTATION_CONTEXT(2) 
PARAMETRIC_REPRESENTATION_CONTEXT() REPRESENTATION_CONTEXT('2D SPACE',''
  ) );
#2830 = ADVANCED_FACE('',(#2831),#1335,.T.);
#2831 = FACE_BOUND('',#2832,.T.);
#2832 = EDGE_LOOP('',(#2833,#2857,#2858,#2859));
#2833 = ORIENTED_EDGE('',*,*,#2834,.F.);
#2834 = EDGE_CURVE('',#1291,#2835,#2837,.T.);
#2835 = VERTEX_POINT('',#2836);
#2836 = CARTESIAN_POINT('',(-11.09206553048,-7.997879860777,-24.62));
#2837 = SURFACE_CURVE('',#2838,(#2844,#2850),.PCURVE_S1.);
#2838 = B_SPLINE_CURVE_WITH_KNOTS('',2,(#2839,#2840,#2841,#2842,#2843),
  .UNSPECIFIED.,.F.,.F.,(3,1,1,3),(-1.261944,5.932133074912E-14,20.62,
    21.881944),.UNSPECIFIED.);
#2839 = CARTESIAN_POINT('',(-11.09206553048,-7.997879860777,-2.738056));
#2840 = CARTESIAN_POINT('',(-11.09206553048,-7.997879860777,-3.369028));
#2841 = CARTESIAN_POINT('',(-11.09206553048,-7.997879860777,-14.31));
#2842 = CARTESIAN_POINT('',(-11.09206553048,-7.997879860777,-25.250972)
  );
#2843 = CARTESIAN_POINT('',(-11.09206553048,-7.997879860777,-25.881944)
  );
#2844 = PCURVE('',#1335,#2845);
#2845 = DEFINITIONAL_REPRESENTATION('',(#2846),#2849);
#2846 = B_SPLINE_CURVE_WITH_KNOTS('',1,(#2847,#2848),.UNSPECIFIED.,.F.,
  .F.,(2,2),(5.932133074912E-14,20.62),.PIECEWISE_BEZIER_KNOTS.);
#2847 = CARTESIAN_POINT('',(1.524747288673,20.62));
#2848 = CARTESIAN_POINT('',(1.524747288673,1.06581410355E-14));
#2849 = ( GEOMETRIC_REPRESENTATION_CONTEXT(2) 
PARAMETRIC_REPRESENTATION_CONTEXT() REPRESENTATION_CONTEXT('2D SPACE',''
  ) );
#2850 = PCURVE('',#1426,#2851);
#2851 = DEFINITIONAL_REPRESENTATION('',(#2852),#2856);
#2852 = LINE('',#2853,#2854);
#2853 = CARTESIAN_POINT('',(0.,0.));
#2854 = VECTOR('',#2855,1.);
#2855 = DIRECTION('',(0.,1.));
#2856 = ( GEOMETRIC_REPRESENTATION_CONTEXT(2) 
PARAMETRIC_REPRESENTATION_CONTEXT() REPRESENTATION_CONTEXT('2D SPACE',''
  ) );
#2857 = ORIENTED_EDGE('',*,*,#1320,.F.);
#2858 = ORIENTED_EDGE('',*,*,#2521,.F.);
#2859 = ORIENTED_EDGE('',*,*,#2860,.T.);
#2860 = EDGE_CURVE('',#2522,#2835,#2861,.T.);
#2861 = SURFACE_CURVE('',#2862,(#2867,#2874),.PCURVE_S1.);
#2862 = CIRCLE('',#2863,2.);
#2863 = AXIS2_PLACEMENT_3D('',#2864,#2865,#2866);
#2864 = CARTESIAN_POINT('',(-11.,-6.,-24.62));
#2865 = DIRECTION('',(0.,0.,1.));
#2866 = DIRECTION('',(0.,-1.,0.));
#2867 = PCURVE('',#1335,#2868);
#2868 = DEFINITIONAL_REPRESENTATION('',(#2869),#2873);
#2869 = LINE('',#2870,#2871);
#2870 = CARTESIAN_POINT('',(-4.712388980385,0.));
#2871 = VECTOR('',#2872,1.);
#2872 = DIRECTION('',(1.,0.));
#2873 = ( GEOMETRIC_REPRESENTATION_CONTEXT(2) 
PARAMETRIC_REPRESENTATION_CONTEXT() REPRESENTATION_CONTEXT('2D SPACE',''
  ) );
#2874 = PCURVE('',#1934,#2875);
#2875 = DEFINITIONAL_REPRESENTATION('',(#2876),#2884);
#2876 = ( BOUNDED_CURVE() B_SPLINE_CURVE(2,(#2877,#2878,#2879,#2880,
#2881,#2882,#2883),.UNSPECIFIED.,.T.,.F.) B_SPLINE_CURVE_WITH_KNOTS((1,2
    ,2,2,2,1),(-2.094395102393,0.,2.094395102393,4.188790204786,
6.28318530718,8.377580409573),.UNSPECIFIED.) CURVE() 
GEOMETRIC_REPRESENTATION_ITEM() RATIONAL_B_SPLINE_CURVE((1.,0.5,1.,0.5,
1.,0.5,1.)) REPRESENTATION_ITEM('') );
#2877 = CARTESIAN_POINT('',(2.,8.));
#2878 = CARTESIAN_POINT('',(5.464101615138,8.));
#2879 = CARTESIAN_POINT('',(3.732050807569,5.));
#2880 = CARTESIAN_POINT('',(2.,2.));
#2881 = CARTESIAN_POINT('',(0.267949192431,5.));
#2882 = CARTESIAN_POINT('',(-1.464101615138,8.));
#2883 = CARTESIAN_POINT('',(2.,8.));
#2884 = ( GEOMETRIC_REPRESENTATION_CONTEXT(2) 
PARAMETRIC_REPRESENTATION_CONTEXT() REPRESENTATION_CONTEXT('2D SPACE',''
  ) );
#2885 = ADVANCED_FACE('',(#2886),#1389,.T.);
#2886 = FACE_BOUND('',#2887,.F.);
#2887 = EDGE_LOOP('',(#2888,#2889,#2911,#2932));
#2888 = ORIENTED_EDGE('',*,*,#2570,.F.);
#2889 = ORIENTED_EDGE('',*,*,#2890,.T.);
#2890 = EDGE_CURVE('',#2571,#2891,#2893,.T.);
#2891 = VERTEX_POINT('',#2892);
#2892 = CARTESIAN_POINT('',(13.,6.,-10.64595555576));
#2893 = SURFACE_CURVE('',#2894,(#2899,#2905),.PCURVE_S1.);
#2894 = CIRCLE('',#2895,2.);
#2895 = AXIS2_PLACEMENT_3D('',#2896,#2897,#2898);
#2896 = CARTESIAN_POINT('',(11.,6.,-10.64595555576));
#2897 = DIRECTION('',(2.775557561563E-16,0.,-1.));
#2898 = DIRECTION('',(-1.,0.,-2.775557561563E-16));
#2899 = PCURVE('',#1389,#2900);
#2900 = DEFINITIONAL_REPRESENTATION('',(#2901),#2904);
#2901 = B_SPLINE_CURVE_WITH_KNOTS('',1,(#2902,#2903),.UNSPECIFIED.,.F.,
  .F.,(2,2),(1.570796326795,3.14159265359),.PIECEWISE_BEZIER_KNOTS.);
#2902 = CARTESIAN_POINT('',(0.,0.));
#2903 = CARTESIAN_POINT('',(-1.570796326795,0.));
#2904 = ( GEOMETRIC_REPRESENTATION_CONTEXT(2) 
PARAMETRIC_REPRESENTATION_CONTEXT() REPRESENTATION_CONTEXT('2D SPACE',''
  ) );
#2905 = PCURVE('',#2788,#2906);
#2906 = DEFINITIONAL_REPRESENTATION('',(#2907),#2910);
#2907 = B_SPLINE_CURVE_WITH_KNOTS('',1,(#2908,#2909),.UNSPECIFIED.,.F.,
  .F.,(2,2),(1.570796326795,3.14159265359),.PIECEWISE_BEZIER_KNOTS.);
#2908 = CARTESIAN_POINT('',(0.847948974156,1.570796326795));
#2909 = CARTESIAN_POINT('',(0.847948974156,3.14159265359));
#2910 = ( GEOMETRIC_REPRESENTATION_CONTEXT(2) 
PARAMETRIC_REPRESENTATION_CONTEXT() REPRESENTATION_CONTEXT('2D SPACE',''
  ) );
#2911 = ORIENTED_EDGE('',*,*,#2912,.T.);
#2912 = EDGE_CURVE('',#2891,#1351,#2913,.T.);
#2913 = SURFACE_CURVE('',#2914,(#2918,#2925),.PCURVE_S1.);
#2914 = LINE('',#2915,#2916);
#2915 = CARTESIAN_POINT('',(13.,6.,-10.64595555576));
#2916 = VECTOR('',#2917,1.);
#2917 = DIRECTION('',(0.,0.,1.));
#2918 = PCURVE('',#1389,#2919);
#2919 = DEFINITIONAL_REPRESENTATION('',(#2920),#2924);
#2920 = LINE('',#2921,#2922);
#2921 = CARTESIAN_POINT('',(-1.570796326795,0.));
#2922 = VECTOR('',#2923,1.);
#2923 = DIRECTION('',(-0.,1.));
#2924 = ( GEOMETRIC_REPRESENTATION_CONTEXT(2) 
PARAMETRIC_REPRESENTATION_CONTEXT() REPRESENTATION_CONTEXT('2D SPACE',''
  ) );
#2925 = PCURVE('',#1520,#2926);
#2926 = DEFINITIONAL_REPRESENTATION('',(#2927),#2931);
#2927 = LINE('',#2928,#2929);
#2928 = CARTESIAN_POINT('',(0.,-6.));
#2929 = VECTOR('',#2930,1.);
#2930 = DIRECTION('',(1.,0.));
#2931 = ( GEOMETRIC_REPRESENTATION_CONTEXT(2) 
PARAMETRIC_REPRESENTATION_CONTEXT() REPRESENTATION_CONTEXT('2D SPACE',''
  ) );
#2932 = ORIENTED_EDGE('',*,*,#1374,.T.);
#2933 = ADVANCED_FACE('',(#2934),#1426,.F.);
#2934 = FACE_BOUND('',#2935,.F.);
#2935 = EDGE_LOOP('',(#2936,#2937,#2938,#2962));
#2936 = ORIENTED_EDGE('',*,*,#2834,.F.);
#2937 = ORIENTED_EDGE('',*,*,#1405,.T.);
#2938 = ORIENTED_EDGE('',*,*,#2939,.T.);
#2939 = EDGE_CURVE('',#1406,#2940,#2942,.T.);
#2940 = VERTEX_POINT('',#2941);
#2941 = CARTESIAN_POINT('',(-9.692913586175,-8.662991758679,-24.62));
#2942 = SURFACE_CURVE('',#2943,(#2949,#2956),.PCURVE_S1.);
#2943 = B_SPLINE_CURVE_WITH_KNOTS('',2,(#2944,#2945,#2946,#2947,#2948),
  .UNSPECIFIED.,.F.,.F.,(3,1,1,3),(-1.261944,5.932133074912E-14,20.62,
    21.881944),.UNSPECIFIED.);
#2944 = CARTESIAN_POINT('',(-9.692913586175,-8.662991758679,-2.738056));
#2945 = CARTESIAN_POINT('',(-9.692913586175,-8.662991758679,-3.369028));
#2946 = CARTESIAN_POINT('',(-9.692913586175,-8.662991758679,-14.31));
#2947 = CARTESIAN_POINT('',(-9.692913586175,-8.662991758679,-25.250972)
  );
#2948 = CARTESIAN_POINT('',(-9.692913586175,-8.662991758679,-25.881944)
  );
#2949 = PCURVE('',#1426,#2950);
#2950 = DEFINITIONAL_REPRESENTATION('',(#2951),#2955);
#2951 = LINE('',#2952,#2953);
#2952 = CARTESIAN_POINT('',(20.62,0.));
#2953 = VECTOR('',#2954,1.);
#2954 = DIRECTION('',(0.,1.));
#2955 = ( GEOMETRIC_REPRESENTATION_CONTEXT(2) 
PARAMETRIC_REPRESENTATION_CONTEXT() REPRESENTATION_CONTEXT('2D SPACE',''
  ) );
#2956 = PCURVE('',#1576,#2957);
#2957 = DEFINITIONAL_REPRESENTATION('',(#2958),#2961);
#2958 = B_SPLINE_CURVE_WITH_KNOTS('',1,(#2959,#2960),.UNSPECIFIED.,.F.,
  .F.,(2,2),(5.932133074912E-14,20.62),.PIECEWISE_BEZIER_KNOTS.);
#2959 = CARTESIAN_POINT('',(-3.870941112079,-20.62));
#2960 = CARTESIAN_POINT('',(-3.870941112079,-5.773159728039E-15));
#2961 = ( GEOMETRIC_REPRESENTATION_CONTEXT(2) 
PARAMETRIC_REPRESENTATION_CONTEXT() REPRESENTATION_CONTEXT('2D SPACE',''
  ) );
#2962 = ORIENTED_EDGE('',*,*,#2963,.F.);
#2963 = EDGE_CURVE('',#2835,#2940,#2964,.T.);
#2964 = SURFACE_CURVE('',#2965,(#2984,#3006),.PCURVE_S1.);
#2965 = B_SPLINE_CURVE_WITH_KNOTS('',5,(#2966,#2967,#2968,#2969,#2970,
    #2971,#2972,#2973,#2974,#2975,#2976,#2977,#2978,#2979,#2980,#2981,
    #2982,#2983),.UNSPECIFIED.,.F.,.F.,(6,4,4,4,6),(0.,0.24998525749,0.5
    ,0.75001474251,1.),.UNSPECIFIED.);
#2966 = CARTESIAN_POINT('',(-11.09206553048,-7.997879860777,-24.62));
#2967 = CARTESIAN_POINT('',(-11.01468069175,-8.001445879119,-24.62));
#2968 = CARTESIAN_POINT('',(-10.93671777167,-8.008793156917,-24.62));
#2969 = CARTESIAN_POINT('',(-10.85853086872,-8.020051502053,-24.62));
#2970 = CARTESIAN_POINT('',(-10.78051422604,-8.03528536313,-24.62));
#2971 = CARTESIAN_POINT('',(-10.62561239718,-8.073671101451,-24.62));
#2972 = CARTESIAN_POINT('',(-10.54872727256,-8.096823899572,-24.62));
#2973 = CARTESIAN_POINT('',(-10.47281242364,-8.123918910178,-24.62));
#2974 = CARTESIAN_POINT('',(-10.3982722001,-8.154857016877,-24.62));
#2975 = CARTESIAN_POINT('',(-10.25267838587,-8.224067640143,-24.62));
#2976 = CARTESIAN_POINT('',(-10.1816247218,-8.262340191588,-24.62));
#2977 = CARTESIAN_POINT('',(-10.11268347828,-8.304105114995,-24.62));
#2978 = CARTESIAN_POINT('',(-10.0461868077,-8.349111417339,-24.62));
#2979 = CARTESIAN_POINT('',(-9.918620838947,-8.445001798013,-24.62));
#2980 = CARTESIAN_POINT('',(-9.857550865502,-8.495885247213,-24.62));
#2981 = CARTESIAN_POINT('',(-9.79945638548,-8.549410694605,-24.62));
#2982 = CARTESIAN_POINT('',(-9.744536326807,-8.605231717118,-24.62));
#2983 = CARTESIAN_POINT('',(-9.692913586175,-8.662991758679,-24.62));
#2984 = PCURVE('',#1426,#2985);
#2985 = DEFINITIONAL_REPRESENTATION('',(#2986),#3005);
#2986 = B_SPLINE_CURVE_WITH_KNOTS('',5,(#2987,#2988,#2989,#2990,#2991,
    #2992,#2993,#2994,#2995,#2996,#2997,#2998,#2999,#3000,#3001,#3002,
    #3003,#3004),.UNSPECIFIED.,.F.,.F.,(6,4,4,4,6),(0.,0.24998525749,0.5
    ,0.75001474251,1.),.UNSPECIFIED.);
#2987 = CARTESIAN_POINT('',(0.,20.62));
#2988 = CARTESIAN_POINT('',(1.031097059918,20.62));
#2989 = CARTESIAN_POINT('',(2.062137813565,20.62));
#2990 = CARTESIAN_POINT('',(3.093129038564,20.62));
#2991 = CARTESIAN_POINT('',(4.124080001901,20.62));
#2992 = CARTESIAN_POINT('',(6.186041592054,20.62));
#2993 = CARTESIAN_POINT('',(7.217052508862,20.62));
#2994 = CARTESIAN_POINT('',(8.248041917064,20.62));
#2995 = CARTESIAN_POINT('',(9.279021038964,20.62));
#2996 = CARTESIAN_POINT('',(11.340978961036,20.62));
#2997 = CARTESIAN_POINT('',(12.371958082936,20.62));
#2998 = CARTESIAN_POINT('',(13.402947491138,20.62));
#2999 = CARTESIAN_POINT('',(14.433958407946,20.62));
#3000 = CARTESIAN_POINT('',(16.495919998099,20.62));
#3001 = CARTESIAN_POINT('',(17.526870961435,20.62));
#3002 = CARTESIAN_POINT('',(18.557862186436,20.62));
#3003 = CARTESIAN_POINT('',(19.588902940081,20.62));
#3004 = CARTESIAN_POINT('',(20.62,20.62));
#3005 = ( GEOMETRIC_REPRESENTATION_CONTEXT(2) 
PARAMETRIC_REPRESENTATION_CONTEXT() REPRESENTATION_CONTEXT('2D SPACE',''
  ) );
#3006 = PCURVE('',#1934,#3007);
#3007 = DEFINITIONAL_REPRESENTATION('',(#3008),#3027);
#3008 = B_SPLINE_CURVE_WITH_KNOTS('',5,(#3009,#3010,#3011,#3012,#3013,
    #3014,#3015,#3016,#3017,#3018,#3019,#3020,#3021,#3022,#3023,#3024,
    #3025,#3026),.UNSPECIFIED.,.F.,.F.,(6,4,4,4,6),(0.,0.24998525749,0.5
    ,0.75001474251,1.),.UNSPECIFIED.);
#3009 = CARTESIAN_POINT('',(1.907934469514,7.997879860777));
#3010 = CARTESIAN_POINT('',(1.985319308241,8.001445879119));
#3011 = CARTESIAN_POINT('',(2.063282228324,8.008793156917));
#3012 = CARTESIAN_POINT('',(2.141469131272,8.020051502053));
#3013 = CARTESIAN_POINT('',(2.219485773955,8.03528536313));
#3014 = CARTESIAN_POINT('',(2.374387602814,8.073671101451));
#3015 = CARTESIAN_POINT('',(2.451272727439,8.096823899572));
#3016 = CARTESIAN_POINT('',(2.527187576352,8.123918910178));
#3017 = CARTESIAN_POINT('',(2.601727799892,8.154857016877));
#3018 = CARTESIAN_POINT('',(2.747321614127,8.224067640143));
#3019 = CARTESIAN_POINT('',(2.818375278195,8.262340191588));
#3020 = CARTESIAN_POINT('',(2.887316521714,8.304105114995));
#3021 = CARTESIAN_POINT('',(2.953813192298,8.349111417339));
#3022 = CARTESIAN_POINT('',(3.081379161053,8.445001798013));
#3023 = CARTESIAN_POINT('',(3.142449134498,8.495885247213));
#3024 = CARTESIAN_POINT('',(3.20054361452,8.549410694605));
#3025 = CARTESIAN_POINT('',(3.255463673193,8.605231717118));
#3026 = CARTESIAN_POINT('',(3.307086413825,8.662991758679));
#3027 = ( GEOMETRIC_REPRESENTATION_CONTEXT(2) 
PARAMETRIC_REPRESENTATION_CONTEXT() REPRESENTATION_CONTEXT('2D SPACE',''
  ) );
#3028 = ADVANCED_FACE('',(#3029),#1520,.T.);
#3029 = FACE_BOUND('',#3030,.T.);
#3030 = EDGE_LOOP('',(#3031,#3032,#3033,#3056));
#3031 = ORIENTED_EDGE('',*,*,#2912,.T.);
#3032 = ORIENTED_EDGE('',*,*,#1506,.F.);
#3033 = ORIENTED_EDGE('',*,*,#3034,.F.);
#3034 = EDGE_CURVE('',#3035,#1485,#3037,.T.);
#3035 = VERTEX_POINT('',#3036);
#3036 = CARTESIAN_POINT('',(13.,-6.,-10.64595555576));
#3037 = SURFACE_CURVE('',#3038,(#3042,#3049),.PCURVE_S1.);
#3038 = LINE('',#3039,#3040);
#3039 = CARTESIAN_POINT('',(13.,-6.,-10.64595555576));
#3040 = VECTOR('',#3041,1.);
#3041 = DIRECTION('',(0.,0.,1.));
#3042 = PCURVE('',#1520,#3043);
#3043 = DEFINITIONAL_REPRESENTATION('',(#3044),#3048);
#3044 = LINE('',#3045,#3046);
#3045 = CARTESIAN_POINT('',(0.,6.));
#3046 = VECTOR('',#3047,1.);
#3047 = DIRECTION('',(1.,0.));
#3048 = ( GEOMETRIC_REPRESENTATION_CONTEXT(2) 
PARAMETRIC_REPRESENTATION_CONTEXT() REPRESENTATION_CONTEXT('2D SPACE',''
  ) );
#3049 = PCURVE('',#1630,#3050);
#3050 = DEFINITIONAL_REPRESENTATION('',(#3051),#3055);
#3051 = LINE('',#3052,#3053);
#3052 = CARTESIAN_POINT('',(1.570796326795,0.));
#3053 = VECTOR('',#3054,1.);
#3054 = DIRECTION('',(0.,1.));
#3055 = ( GEOMETRIC_REPRESENTATION_CONTEXT(2) 
PARAMETRIC_REPRESENTATION_CONTEXT() REPRESENTATION_CONTEXT('2D SPACE',''
  ) );
#3056 = ORIENTED_EDGE('',*,*,#3057,.T.);
#3057 = EDGE_CURVE('',#3035,#2891,#3058,.T.);
#3058 = SURFACE_CURVE('',#3059,(#3063,#3070),.PCURVE_S1.);
#3059 = LINE('',#3060,#3061);
#3060 = CARTESIAN_POINT('',(13.,-8.,-10.64595555576));
#3061 = VECTOR('',#3062,1.);
#3062 = DIRECTION('',(0.,1.,0.));
#3063 = PCURVE('',#1520,#3064);
#3064 = DEFINITIONAL_REPRESENTATION('',(#3065),#3069);
#3065 = LINE('',#3066,#3067);
#3066 = CARTESIAN_POINT('',(0.,8.));
#3067 = VECTOR('',#3068,1.);
#3068 = DIRECTION('',(0.,-1.));
#3069 = ( GEOMETRIC_REPRESENTATION_CONTEXT(2) 
PARAMETRIC_REPRESENTATION_CONTEXT() REPRESENTATION_CONTEXT('2D SPACE',''
  ) );
#3070 = PCURVE('',#3071,#3076);
#3071 = CYLINDRICAL_SURFACE('',#3072,3.);
#3072 = AXIS2_PLACEMENT_3D('',#3073,#3074,#3075);
#3073 = CARTESIAN_POINT('',(16.,0.,-10.64595555576));
#3074 = DIRECTION('',(0.,-1.,0.));
#3075 = DIRECTION('',(1.,0.,0.));
#3076 = DEFINITIONAL_REPRESENTATION('',(#3077),#3081);
#3077 = LINE('',#3078,#3079);
#3078 = CARTESIAN_POINT('',(3.14159265359,8.));
#3079 = VECTOR('',#3080,1.);
#3080 = DIRECTION('',(0.,-1.));
#3081 = ( GEOMETRIC_REPRESENTATION_CONTEXT(2) 
PARAMETRIC_REPRESENTATION_CONTEXT() REPRESENTATION_CONTEXT('2D SPACE',''
  ) );
#3082 = ADVANCED_FACE('',(#3083),#1576,.T.);
#3083 = FACE_BOUND('',#3084,.F.);
#3084 = EDGE_LOOP('',(#3085,#3108,#3187,#3213,#3214));
#3085 = ORIENTED_EDGE('',*,*,#3086,.F.);
#3086 = EDGE_CURVE('',#3087,#1540,#3089,.T.);
#3087 = VERTEX_POINT('',#3088);
#3088 = CARTESIAN_POINT('',(-2.363636363636,-12.78331815846,
    -11.66285098859));
#3089 = SURFACE_CURVE('',#3090,(#3094,#3101),.PCURVE_S1.);
#3090 = LINE('',#3091,#3092);
#3091 = CARTESIAN_POINT('',(-2.363636363636,-12.78331815846,
    -9.144380660903));
#3092 = VECTOR('',#3093,1.);
#3093 = DIRECTION('',(0.,0.,1.));
#3094 = PCURVE('',#1576,#3095);
#3095 = DEFINITIONAL_REPRESENTATION('',(#3096),#3100);
#3096 = LINE('',#3097,#3098);
#3097 = CARTESIAN_POINT('',(-4.529553843392,-15.47561933909));
#3098 = VECTOR('',#3099,1.);
#3099 = DIRECTION('',(-0.,-1.));
#3100 = ( GEOMETRIC_REPRESENTATION_CONTEXT(2) 
PARAMETRIC_REPRESENTATION_CONTEXT() REPRESENTATION_CONTEXT('2D SPACE',''
  ) );
#3101 = PCURVE('',#1684,#3102);
#3102 = DEFINITIONAL_REPRESENTATION('',(#3103),#3107);
#3103 = LINE('',#3104,#3105);
#3104 = CARTESIAN_POINT('',(0.,0.));
#3105 = VECTOR('',#3106,1.);
#3106 = DIRECTION('',(0.,1.));
#3107 = ( GEOMETRIC_REPRESENTATION_CONTEXT(2) 
PARAMETRIC_REPRESENTATION_CONTEXT() REPRESENTATION_CONTEXT('2D SPACE',''
  ) );
#3108 = ORIENTED_EDGE('',*,*,#3109,.T.);
#3109 = EDGE_CURVE('',#3087,#3110,#3112,.T.);
#3110 = VERTEX_POINT('',#3111);
#3111 = CARTESIAN_POINT('',(-8.114415881343,-10.15658677433,-24.62));
#3112 = SURFACE_CURVE('',#3113,(#3134,#3158),.PCURVE_S1.);
#3113 = B_SPLINE_CURVE_WITH_KNOTS('',7,(#3114,#3115,#3116,#3117,#3118,
    #3119,#3120,#3121,#3122,#3123,#3124,#3125,#3126,#3127,#3128,#3129,
    #3130,#3131,#3132,#3133),.UNSPECIFIED.,.F.,.F.,(8,6,6,8),(0.,
    0.320475638382,0.617010049144,1.),.UNSPECIFIED.);
#3114 = CARTESIAN_POINT('',(4.742872761199E-13,-13.,-9.144380660903));
#3115 = CARTESIAN_POINT('',(-0.662326912048,-13.,-9.763741731095));
#3116 = CARTESIAN_POINT('',(-1.290270752214,-12.96063160126,
    -10.40051377044));
#3117 = CARTESIAN_POINT('',(-1.883417948722,-12.88925182489,
    -11.05170806064));
#3118 = CARTESIAN_POINT('',(-2.442139336323,-12.79204304574,
    -11.71478643215));
#3119 = CARTESIAN_POINT('',(-2.9672620465,-12.67427980522,
    -12.38775902557));
#3120 = CARTESIAN_POINT('',(-3.459905262666,-12.54046536978,
    -13.06923535691));
#3121 = CARTESIAN_POINT('',(-4.348268753858,-12.2594081311,
    -14.39630240916));
#3122 = CARTESIAN_POINT('',(-4.748647314471,-12.11386252902,
    -15.04102019931));
#3123 = CARTESIAN_POINT('',(-5.123290623401,-11.96094767134,
    -15.69194019219));
#3124 = CARTESIAN_POINT('',(-5.473016995522,-11.80339194957,
    -16.34858321395));
#3125 = CARTESIAN_POINT('',(-5.798583997082,-11.6436720432,
    -17.01070524688));
#3126 = CARTESIAN_POINT('',(-6.100647152228,-11.48410620695,
    -17.67827551945));
#3127 = CARTESIAN_POINT('',(-6.740165730294,-11.1239066444,
    -19.22088339808));
#3128 = CARTESIAN_POINT('',(-7.062614128617,-10.92466563876,
    -20.10050872088));
#3129 = CARTESIAN_POINT('',(-7.347400425792,-10.7343725733,
    -20.98912238226));
#3130 = CARTESIAN_POINT('',(-7.594811447438,-10.5579924717,
    -21.88573383766));
#3131 = CARTESIAN_POINT('',(-7.805111792352,-10.40021796747,
    -22.78974279731));
#3132 = CARTESIAN_POINT('',(-7.978399783564,-10.2652543049,
    -23.70103527907));
#3133 = CARTESIAN_POINT('',(-8.114415970149,-10.15658670338,-24.6200006)
  );
#3134 = PCURVE('',#1576,#3135);
#3135 = DEFINITIONAL_REPRESENTATION('',(#3136),#3157);
#3136 = B_SPLINE_CURVE_WITH_KNOTS('',7,(#3137,#3138,#3139,#3140,#3141,
    #3142,#3143,#3144,#3145,#3146,#3147,#3148,#3149,#3150,#3151,#3152,
    #3153,#3154,#3155,#3156),.UNSPECIFIED.,.F.,.F.,(8,6,6,8),(0.,
    0.320475638382,0.617010049144,1.),.UNSPECIFIED.);
#3137 = CARTESIAN_POINT('',(-4.712388980385,-15.47561933909));
#3138 = CARTESIAN_POINT('',(-4.661440756381,-14.8562582689));
#3139 = CARTESIAN_POINT('',(-4.613137373959,-14.21948622955));
#3140 = CARTESIAN_POINT('',(-4.567294719245,-13.56829193935));
#3141 = CARTESIAN_POINT('',(-4.523768883919,-12.90521356785));
#3142 = CARTESIAN_POINT('',(-4.482439522372,-12.23224097442));
#3143 = CARTESIAN_POINT('',(-4.44320409963,-11.55076464308));
#3144 = CARTESIAN_POINT('',(-4.371529998942,-10.22369759084));
#3145 = CARTESIAN_POINT('',(-4.338789049452,-9.578979800686));
#3146 = CARTESIAN_POINT('',(-4.307697877598,-8.928059807802));
#3147 = CARTESIAN_POINT('',(-4.278222466489,-8.271416786042));
#3148 = CARTESIAN_POINT('',(-4.25034816204,-7.609294753115));
#3149 = CARTESIAN_POINT('',(-4.22407931824,-6.941724480547));
#3150 = CARTESIAN_POINT('',(-4.167619260801,-5.399116601913));
#3151 = CARTESIAN_POINT('',(-4.138486413016,-4.519491279116));
#3152 = CARTESIAN_POINT('',(-4.112163004022,-3.630877617742));
#3153 = CARTESIAN_POINT('',(-4.08880440729,-2.734266162329));
#3154 = CARTESIAN_POINT('',(-4.068586350732,-1.830257202684));
#3155 = CARTESIAN_POINT('',(-4.051691886123,-0.918964720927));
#3156 = CARTESIAN_POINT('',(-4.038299967109,5.999999999062E-07));
#3157 = ( GEOMETRIC_REPRESENTATION_CONTEXT(2) 
PARAMETRIC_REPRESENTATION_CONTEXT() REPRESENTATION_CONTEXT('2D SPACE',''
  ) );
#3158 = PCURVE('',#3159,#3164);
#3159 = CYLINDRICAL_SURFACE('',#3160,26.5);
#3160 = AXIS2_PLACEMENT_3D('',#3161,#3162,#3163);
#3161 = CARTESIAN_POINT('',(18.1,18.,-28.5));
#3162 = DIRECTION('',(0.,-1.,2.22044604925E-16));
#3163 = DIRECTION('',(1.,0.,0.));
#3164 = DEFINITIONAL_REPRESENTATION('',(#3165),#3186);
#3165 = B_SPLINE_CURVE_WITH_KNOTS('',7,(#3166,#3167,#3168,#3169,#3170,
    #3171,#3172,#3173,#3174,#3175,#3176,#3177,#3178,#3179,#3180,#3181,
    #3182,#3183,#3184,#3185),.UNSPECIFIED.,.F.,.F.,(8,6,6,8),(0.,
    0.320475638382,0.617010049144,1.),.UNSPECIFIED.);
#3166 = CARTESIAN_POINT('',(2.322684183042,31.));
#3167 = CARTESIAN_POINT('',(2.356903026699,31.));
#3168 = CARTESIAN_POINT('',(2.390622947894,30.960631601268));
#3169 = CARTESIAN_POINT('',(2.423820972426,30.889251824898));
#3170 = CARTESIAN_POINT('',(2.456498709968,30.792043045746));
#3171 = CARTESIAN_POINT('',(2.488675288081,30.674279805222));
#3172 = CARTESIAN_POINT('',(2.520386649461,30.540465369785));
#3173 = CARTESIAN_POINT('',(2.580649473061,30.259408131103));
#3174 = CARTESIAN_POINT('',(2.609271349037,30.113862529028));
#3175 = CARTESIAN_POINT('',(2.637587167357,29.96094767134));
#3176 = CARTESIAN_POINT('',(2.665634558957,29.803391949576));
#3177 = CARTESIAN_POINT('',(2.69345435374,29.643672043206));
#3178 = CARTESIAN_POINT('',(2.721090437167,29.48410620695));
#3179 = CARTESIAN_POINT('',(2.784106176316,29.123906644409));
#3180 = CARTESIAN_POINT('',(2.819428881799,28.924665638768));
#3181 = CARTESIAN_POINT('',(2.854593810424,28.734372573309));
#3182 = CARTESIAN_POINT('',(2.889640177839,28.557992471705));
#3183 = CARTESIAN_POINT('',(2.924618388335,28.400217967471));
#3184 = CARTESIAN_POINT('',(2.959593620674,28.2652543049));
#3185 = CARTESIAN_POINT('',(2.994649344287,28.156586703386));
#3186 = ( GEOMETRIC_REPRESENTATION_CONTEXT(2) 
PARAMETRIC_REPRESENTATION_CONTEXT() REPRESENTATION_CONTEXT('2D SPACE',''
  ) );
#3187 = ORIENTED_EDGE('',*,*,#3188,.F.);
#3188 = EDGE_CURVE('',#2940,#3110,#3189,.T.);
#3189 = SURFACE_CURVE('',#3190,(#3195,#3202),.PCURVE_S1.);
#3190 = CIRCLE('',#3191,13.);
#3191 = AXIS2_PLACEMENT_3D('',#3192,#3193,#3194);
#3192 = CARTESIAN_POINT('',(0.,0.,-24.62));
#3193 = DIRECTION('',(0.,0.,1.));
#3194 = DIRECTION('',(1.,0.,0.));
#3195 = PCURVE('',#1576,#3196);
#3196 = DEFINITIONAL_REPRESENTATION('',(#3197),#3201);
#3197 = LINE('',#3198,#3199);
#3198 = CARTESIAN_POINT('',(-0.,0.));
#3199 = VECTOR('',#3200,1.);
#3200 = DIRECTION('',(-1.,0.));
#3201 = ( GEOMETRIC_REPRESENTATION_CONTEXT(2) 
PARAMETRIC_REPRESENTATION_CONTEXT() REPRESENTATION_CONTEXT('2D SPACE',''
  ) );
#3202 = PCURVE('',#1934,#3203);
#3203 = DEFINITIONAL_REPRESENTATION('',(#3204),#3212);
#3204 = ( BOUNDED_CURVE() B_SPLINE_CURVE(2,(#3205,#3206,#3207,#3208,
#3209,#3210,#3211),.UNSPECIFIED.,.T.,.F.) B_SPLINE_CURVE_WITH_KNOTS((1,2
    ,2,2,2,1),(-2.094395102393,0.,2.094395102393,4.188790204786,
6.28318530718,8.377580409573),.UNSPECIFIED.) CURVE() 
GEOMETRIC_REPRESENTATION_ITEM() RATIONAL_B_SPLINE_CURVE((1.,0.5,1.,0.5,
1.,0.5,1.)) REPRESENTATION_ITEM('') );
#3205 = CARTESIAN_POINT('',(26.,0.));
#3206 = CARTESIAN_POINT('',(26.,-22.51666049839));
#3207 = CARTESIAN_POINT('',(6.5,-11.25833024919));
#3208 = CARTESIAN_POINT('',(-13.,-3.184081677783E-15));
#3209 = CARTESIAN_POINT('',(6.5,11.258330249198));
#3210 = CARTESIAN_POINT('',(26.,22.516660498395));
#3211 = CARTESIAN_POINT('',(26.,0.));
#3212 = ( GEOMETRIC_REPRESENTATION_CONTEXT(2) 
PARAMETRIC_REPRESENTATION_CONTEXT() REPRESENTATION_CONTEXT('2D SPACE',''
  ) );
#3213 = ORIENTED_EDGE('',*,*,#2939,.F.);
#3214 = ORIENTED_EDGE('',*,*,#1561,.T.);
#3215 = ADVANCED_FACE('',(#3216),#1630,.T.);
#3216 = FACE_BOUND('',#3217,.T.);
#3217 = EDGE_LOOP('',(#3218,#3241,#3266,#3267));
#3218 = ORIENTED_EDGE('',*,*,#3219,.F.);
#3219 = EDGE_CURVE('',#3220,#1592,#3222,.T.);
#3220 = VERTEX_POINT('',#3221);
#3221 = CARTESIAN_POINT('',(11.,-8.,-10.64595555576));
#3222 = SURFACE_CURVE('',#3223,(#3227,#3234),.PCURVE_S1.);
#3223 = LINE('',#3224,#3225);
#3224 = CARTESIAN_POINT('',(11.,-8.,-10.64595555576));
#3225 = VECTOR('',#3226,1.);
#3226 = DIRECTION('',(0.,0.,1.));
#3227 = PCURVE('',#1630,#3228);
#3228 = DEFINITIONAL_REPRESENTATION('',(#3229),#3233);
#3229 = LINE('',#3230,#3231);
#3230 = CARTESIAN_POINT('',(0.,0.));
#3231 = VECTOR('',#3232,1.);
#3232 = DIRECTION('',(0.,1.));
#3233 = ( GEOMETRIC_REPRESENTATION_CONTEXT(2) 
PARAMETRIC_REPRESENTATION_CONTEXT() REPRESENTATION_CONTEXT('2D SPACE',''
  ) );
#3234 = PCURVE('',#1735,#3235);
#3235 = DEFINITIONAL_REPRESENTATION('',(#3236),#3240);
#3236 = LINE('',#3237,#3238);
#3237 = CARTESIAN_POINT('',(5.219542975735,8.154476807043));
#3238 = VECTOR('',#3239,1.);
#3239 = DIRECTION('',(0.,1.));
#3240 = ( GEOMETRIC_REPRESENTATION_CONTEXT(2) 
PARAMETRIC_REPRESENTATION_CONTEXT() REPRESENTATION_CONTEXT('2D SPACE',''
  ) );
#3241 = ORIENTED_EDGE('',*,*,#3242,.T.);
#3242 = EDGE_CURVE('',#3220,#3035,#3243,.T.);
#3243 = SURFACE_CURVE('',#3244,(#3249,#3255),.PCURVE_S1.);
#3244 = CIRCLE('',#3245,2.);
#3245 = AXIS2_PLACEMENT_3D('',#3246,#3247,#3248);
#3246 = CARTESIAN_POINT('',(11.,-6.,-10.64595555576));
#3247 = DIRECTION('',(-2.775557561563E-16,0.,1.));
#3248 = DIRECTION('',(-1.,0.,-2.775557561563E-16));
#3249 = PCURVE('',#1630,#3250);
#3250 = DEFINITIONAL_REPRESENTATION('',(#3251),#3254);
#3251 = B_SPLINE_CURVE_WITH_KNOTS('',1,(#3252,#3253),.UNSPECIFIED.,.F.,
  .F.,(2,2),(1.570796326795,3.14159265359),.PIECEWISE_BEZIER_KNOTS.);
#3252 = CARTESIAN_POINT('',(0.,0.));
#3253 = CARTESIAN_POINT('',(1.570796326795,0.));
#3254 = ( GEOMETRIC_REPRESENTATION_CONTEXT(2) 
PARAMETRIC_REPRESENTATION_CONTEXT() REPRESENTATION_CONTEXT('2D SPACE',''
  ) );
#3255 = PCURVE('',#3256,#3261);
#3256 = TOROIDAL_SURFACE('',#3257,5.,2.);
#3257 = AXIS2_PLACEMENT_3D('',#3258,#3259,#3260);
#3258 = CARTESIAN_POINT('',(16.,-6.,-10.64595555576));
#3259 = DIRECTION('',(0.,-1.,0.));
#3260 = DIRECTION('',(-0.661522652154,-0.,-0.749925183393));
#3261 = DEFINITIONAL_REPRESENTATION('',(#3262),#3265);
#3262 = B_SPLINE_CURVE_WITH_KNOTS('',1,(#3263,#3264),.UNSPECIFIED.,.F.,
  .F.,(2,2),(1.570796326795,3.14159265359),.PIECEWISE_BEZIER_KNOTS.);
#3263 = CARTESIAN_POINT('',(-0.847948974156,1.570796326795));
#3264 = CARTESIAN_POINT('',(-0.847948974156,3.14159265359));
#3265 = ( GEOMETRIC_REPRESENTATION_CONTEXT(2) 
PARAMETRIC_REPRESENTATION_CONTEXT() REPRESENTATION_CONTEXT('2D SPACE',''
  ) );
#3266 = ORIENTED_EDGE('',*,*,#3034,.T.);
#3267 = ORIENTED_EDGE('',*,*,#1615,.F.);
#3268 = ADVANCED_FACE('',(#3269),#1684,.T.);
#3269 = FACE_BOUND('',#3270,.T.);
#3270 = EDGE_LOOP('',(#3271,#3272,#3367,#3388));
#3271 = ORIENTED_EDGE('',*,*,#3086,.F.);
#3272 = ORIENTED_EDGE('',*,*,#3273,.T.);
#3273 = EDGE_CURVE('',#3087,#3274,#3276,.T.);
#3274 = VERTEX_POINT('',#3275);
#3275 = CARTESIAN_POINT('',(4.440892098501E-16,-10.81665382639,
    -9.144380660904));
#3276 = SURFACE_CURVE('',#3277,(#3305,#3336),.PCURVE_S1.);
#3277 = B_SPLINE_CURVE_WITH_KNOTS('',6,(#3278,#3279,#3280,#3281,#3282,
    #3283,#3284,#3285,#3286,#3287,#3288,#3289,#3290,#3291,#3292,#3293,
    #3294,#3295,#3296,#3297,#3298,#3299,#3300,#3301,#3302,#3303,#3304),
  .UNSPECIFIED.,.F.,.F.,(7,5,5,5,5,7),(0.,0.32175556746,0.501461954149,
    0.668047007196,0.768849047218,1.),.UNSPECIFIED.);
#3278 = CARTESIAN_POINT('',(-2.363636363636,-12.78331815846,
    -11.66285099024));
#3279 = CARTESIAN_POINT('',(-2.20706805,-12.81226764989,-11.47256004285)
  );
#3280 = CARTESIAN_POINT('',(-2.046593907732,-12.82647066785,
    -11.28184998184));
#3281 = CARTESIAN_POINT('',(-1.882887940827,-12.82537851373,
    -11.09172408117));
#3282 = CARTESIAN_POINT('',(-1.716983381992,-12.80799159112,
    -10.90349109512));
#3283 = CARTESIAN_POINT('',(-1.550355497611,-12.77318608216,
    -10.71874432426));
#3284 = CARTESIAN_POINT('',(-1.292642551918,-12.6899038602,
    -10.43915884802));
#3285 = CARTESIAN_POINT('',(-1.200712576336,-12.65425578632,
    -10.34066704306));
#3286 = CARTESIAN_POINT('',(-1.109577976698,-12.61260861518,
    -10.24422680075));
#3287 = CARTESIAN_POINT('',(-1.019700069888,-12.56477961982,
    -10.15025493578));
#3288 = CARTESIAN_POINT('',(-0.93162431732,-12.51063468569,
    -10.05922229154));
#3289 = CARTESIAN_POINT('',(-0.766575967804,-12.39402997975,
    -9.890453888644));
#3290 = CARTESIAN_POINT('',(-0.689263859535,-12.33246699,-9.812234169354
    ));
#3291 = CARTESIAN_POINT('',(-0.614541139413,-12.26540286499,
    -9.737399514353));
#3292 = CARTESIAN_POINT('',(-0.542976048689,-12.19287756835,
    -9.666403511647));
#3293 = CARTESIAN_POINT('',(-0.475173446819,-12.11503563165,
    -9.599714597962));
#3294 = CARTESIAN_POINT('',(-0.37336781243,-11.98201027654,
    -9.50032741058));
#3295 = CARTESIAN_POINT('',(-0.336590350164,-11.9300175395,
    -9.464605667317));
#3296 = CARTESIAN_POINT('',(-0.301551352208,-11.87624482856,
    -9.430733053774));
#3297 = CARTESIAN_POINT('',(-0.268385695418,-11.8207720471,
    -9.398809444931));
#3298 = CARTESIAN_POINT('',(-0.23722346022,-11.76369720526,
    -9.368929751689));
#3299 = CARTESIAN_POINT('',(-0.141601532488,-11.57085572467,
    -9.277553337035));
#3300 = CARTESIAN_POINT('',(-8.615340485421E-02,-11.42869165583,
    -9.225098259311));
#3301 = CARTESIAN_POINT('',(-4.340589131276E-02,-11.28019091772,
    -9.184970359538));
#3302 = CARTESIAN_POINT('',(-1.446142050031E-02,-11.12721857507,
    -9.157904049353));
#3303 = CARTESIAN_POINT('',(1.7763568394E-15,-10.97190098607,
    -9.144380660904));
#3304 = CARTESIAN_POINT('',(1.7763568394E-15,-10.81665382639,
    -9.144380660904));
#3305 = PCURVE('',#1684,#3306);
#3306 = DEFINITIONAL_REPRESENTATION('',(#3307),#3335);
#3307 = B_SPLINE_CURVE_WITH_KNOTS('',6,(#3308,#3309,#3310,#3311,#3312,
    #3313,#3314,#3315,#3316,#3317,#3318,#3319,#3320,#3321,#3322,#3323,
    #3324,#3325,#3326,#3327,#3328,#3329,#3330,#3331,#3332,#3333,#3334),
  .UNSPECIFIED.,.F.,.F.,(7,5,5,5,5,7),(0.,0.32175556746,0.501461954149,
    0.668047007196,0.768849047218,1.),.UNSPECIFIED.);
#3308 = CARTESIAN_POINT('',(0.,-2.518470329337));
#3309 = CARTESIAN_POINT('',(7.96111014385E-02,-2.328179381953));
#3310 = CARTESIAN_POINT('',(0.159802366776,-2.137469320946));
#3311 = CARTESIAN_POINT('',(0.241098076079,-1.947343420275));
#3312 = CARTESIAN_POINT('',(0.323883135566,-1.759110434219));
#3313 = CARTESIAN_POINT('',(0.408512099829,-1.574363663358));
#3314 = CARTESIAN_POINT('',(0.543929870886,-1.294778187124));
#3315 = CARTESIAN_POINT('',(0.593148818233,-1.196286382164));
#3316 = CARTESIAN_POINT('',(0.643116845524,-1.099846139847));
#3317 = CARTESIAN_POINT('',(0.693878937713,-1.005874274884));
#3318 = CARTESIAN_POINT('',(0.745467234656,-0.914841630642));
#3319 = CARTESIAN_POINT('',(0.846508828969,-0.746073227741));
#3320 = CARTESIAN_POINT('',(0.8958421575,-0.667853508451));
#3321 = CARTESIAN_POINT('',(0.94591095302,-0.59301885345));
#3322 = CARTESIAN_POINT('',(0.996711431677,-0.522022850744));
#3323 = CARTESIAN_POINT('',(1.048222977166,-0.455333937058));
#3324 = CARTESIAN_POINT('',(1.131978771435,-0.355946749677));
#3325 = CARTESIAN_POINT('',(1.163798989123,-0.320225006413));
#3326 = CARTESIAN_POINT('',(1.195854296176,-0.286352392871));
#3327 = CARTESIAN_POINT('',(1.228133180543,-0.254428784028));
#3328 = CARTESIAN_POINT('',(1.260621823488,-0.224549090786));
#3329 = CARTESIAN_POINT('',(1.368245461344,-0.133172676132));
#3330 = CARTESIAN_POINT('',(1.444244212361,-8.071759840736E-02));
#3331 = CARTESIAN_POINT('',(1.521019885236,-4.058969863517E-02));
#3332 = CARTESIAN_POINT('',(1.598349371309,-1.35233884501E-02));
#3333 = CARTESIAN_POINT('',(1.676007883945,-4.440892098501E-13));
#3334 = CARTESIAN_POINT('',(1.753631463788,-4.440892098501E-13));
#3335 = ( GEOMETRIC_REPRESENTATION_CONTEXT(2) 
PARAMETRIC_REPRESENTATION_CONTEXT() REPRESENTATION_CONTEXT('2D SPACE',''
  ) );
#3336 = PCURVE('',#3159,#3337);
#3337 = DEFINITIONAL_REPRESENTATION('',(#3338),#3366);
#3338 = B_SPLINE_CURVE_WITH_KNOTS('',6,(#3339,#3340,#3341,#3342,#3343,
    #3344,#3345,#3346,#3347,#3348,#3349,#3350,#3351,#3352,#3353,#3354,
    #3355,#3356,#3357,#3358,#3359,#3360,#3361,#3362,#3363,#3364,#3365),
  .UNSPECIFIED.,.F.,.F.,(7,5,5,5,5,7),(0.,0.32175556746,0.501461954149,
    0.668047007196,0.768849047218,1.),.UNSPECIFIED.);
#3339 = CARTESIAN_POINT('',(2.453112705165,30.783318158463));
#3340 = CARTESIAN_POINT('',(2.443813725062,30.812267649895));
#3341 = CARTESIAN_POINT('',(2.434408885488,30.826470667854));
#3342 = CARTESIAN_POINT('',(2.424942136389,30.825378513738));
#3343 = CARTESIAN_POINT('',(2.415474769971,30.807991591127));
#3344 = CARTESIAN_POINT('',(2.406087037236,30.773186082163));
#3345 = CARTESIAN_POINT('',(2.391738281411,30.6899038602));
#3346 = CARTESIAN_POINT('',(2.386654287818,30.654255786321));
#3347 = CARTESIAN_POINT('',(2.38164731578,30.61260861518));
#3348 = CARTESIAN_POINT('',(2.376740511223,30.564779619827));
#3349 = CARTESIAN_POINT('',(2.371960730245,30.510634685696));
#3350 = CARTESIAN_POINT('',(2.363052853043,30.394029979757));
#3351 = CARTESIAN_POINT('',(2.358902742799,30.332466990001));
#3352 = CARTESIAN_POINT('',(2.354912133966,30.265402864998));
#3353 = CARTESIAN_POINT('',(2.351108163122,30.192877568353));
#3354 = CARTESIAN_POINT('',(2.347519390755,30.11503563165));
#3355 = CARTESIAN_POINT('',(2.34215051957,29.982010276544));
#3356 = CARTESIAN_POINT('',(2.340215804527,29.930017539501));
#3357 = CARTESIAN_POINT('',(2.33837676081,29.876244828564));
#3358 = CARTESIAN_POINT('',(2.336639655045,29.8207720471));
#3359 = CARTESIAN_POINT('',(2.335010499324,29.763697205267));
#3360 = CARTESIAN_POINT('',(2.330019485367,29.57085572467));
#3361 = CARTESIAN_POINT('',(2.327139204054,29.428691655839));
#3362 = CARTESIAN_POINT('',(2.324926721517,29.280190917727));
#3363 = CARTESIAN_POINT('',(2.323431328303,29.127218575071));
#3364 = CARTESIAN_POINT('',(2.322684183042,28.971900986078));
#3365 = CARTESIAN_POINT('',(2.322684183042,28.816653826392));
#3366 = ( GEOMETRIC_REPRESENTATION_CONTEXT(2) 
PARAMETRIC_REPRESENTATION_CONTEXT() REPRESENTATION_CONTEXT('2D SPACE',''
  ) );
#3367 = ORIENTED_EDGE('',*,*,#3368,.T.);
#3368 = EDGE_CURVE('',#3274,#1648,#3369,.T.);
#3369 = SURFACE_CURVE('',#3370,(#3374,#3381),.PCURVE_S1.);
#3370 = LINE('',#3371,#3372);
#3371 = CARTESIAN_POINT('',(0.,-10.81665382639,-9.144380660903));
#3372 = VECTOR('',#3373,1.);
#3373 = DIRECTION('',(0.,0.,1.));
#3374 = PCURVE('',#1684,#3375);
#3375 = DEFINITIONAL_REPRESENTATION('',(#3376),#3380);
#3376 = LINE('',#3377,#3378);
#3377 = CARTESIAN_POINT('',(1.753631463788,0.));
#3378 = VECTOR('',#3379,1.);
#3379 = DIRECTION('',(0.,1.));
#3380 = ( GEOMETRIC_REPRESENTATION_CONTEXT(2) 
PARAMETRIC_REPRESENTATION_CONTEXT() REPRESENTATION_CONTEXT('2D SPACE',''
  ) );
#3381 = PCURVE('',#1769,#3382);
#3382 = DEFINITIONAL_REPRESENTATION('',(#3383),#3387);
#3383 = LINE('',#3384,#3385);
#3384 = CARTESIAN_POINT('',(2.183346173608,-15.47561933909));
#3385 = VECTOR('',#3386,1.);
#3386 = DIRECTION('',(0.,-1.));
#3387 = ( GEOMETRIC_REPRESENTATION_CONTEXT(2) 
PARAMETRIC_REPRESENTATION_CONTEXT() REPRESENTATION_CONTEXT('2D SPACE',''
  ) );
#3388 = ORIENTED_EDGE('',*,*,#1669,.F.);
#3389 = ADVANCED_FACE('',(#3390,#3613),#1735,.T.);
#3390 = FACE_BOUND('',#3391,.T.);
#3391 = EDGE_LOOP('',(#3392,#3393,#3394,#3417,#3441,#3469,#3502,#3530,
    #3559,#3587));
#3392 = ORIENTED_EDGE('',*,*,#3219,.T.);
#3393 = ORIENTED_EDGE('',*,*,#1721,.F.);
#3394 = ORIENTED_EDGE('',*,*,#3395,.T.);
#3395 = EDGE_CURVE('',#1700,#3396,#3398,.T.);
#3396 = VERTEX_POINT('',#3397);
#3397 = CARTESIAN_POINT('',(2.,-8.,-7.451484612923));
#3398 = SURFACE_CURVE('',#3399,(#3403,#3410),.PCURVE_S1.);
#3399 = LINE('',#3400,#3401);
#3400 = CARTESIAN_POINT('',(2.,-8.,-4.));
#3401 = VECTOR('',#3402,1.);
#3402 = DIRECTION('',(-0.,-0.,-1.));
#3403 = PCURVE('',#1735,#3404);
#3404 = DEFINITIONAL_REPRESENTATION('',(#3405),#3409);
#3405 = LINE('',#3406,#3407);
#3406 = CARTESIAN_POINT('',(-3.780457024265,14.800432362806));
#3407 = VECTOR('',#3408,1.);
#3408 = DIRECTION('',(-0.,-1.));
#3409 = ( GEOMETRIC_REPRESENTATION_CONTEXT(2) 
PARAMETRIC_REPRESENTATION_CONTEXT() REPRESENTATION_CONTEXT('2D SPACE',''
  ) );
#3410 = PCURVE('',#1823,#3411);
#3411 = DEFINITIONAL_REPRESENTATION('',(#3412),#3416);
#3412 = LINE('',#3413,#3414);
#3413 = CARTESIAN_POINT('',(1.570796326795,0.));
#3414 = VECTOR('',#3415,1.);
#3415 = DIRECTION('',(0.,1.));
#3416 = ( GEOMETRIC_REPRESENTATION_CONTEXT(2) 
PARAMETRIC_REPRESENTATION_CONTEXT() REPRESENTATION_CONTEXT('2D SPACE',''
  ) );
#3417 = ORIENTED_EDGE('',*,*,#3418,.T.);
#3418 = EDGE_CURVE('',#3396,#3419,#3421,.T.);
#3419 = VERTEX_POINT('',#3420);
#3420 = CARTESIAN_POINT('',(-7.739419498123,-8.,-22.62));
#3421 = SURFACE_CURVE('',#3422,(#3427,#3434),.PCURVE_S1.);
#3422 = CIRCLE('',#3423,26.5);
#3423 = AXIS2_PLACEMENT_3D('',#3424,#3425,#3426);
#3424 = CARTESIAN_POINT('',(18.1,-8.,-28.5));
#3425 = DIRECTION('',(-1.347809723714E-15,-1.,-1.030939054501E-15));
#3426 = DIRECTION('',(-0.607547169811,0.,0.794283599512));
#3427 = PCURVE('',#1735,#3428);
#3428 = DEFINITIONAL_REPRESENTATION('',(#3429),#3433);
#3429 = CIRCLE('',#3430,26.5);
#3430 = AXIS2_PLACEMENT_2D('',#3431,#3432);
#3431 = CARTESIAN_POINT('',(12.319542975735,-9.699567637194));
#3432 = DIRECTION('',(-0.607547169811,0.794283599512));
#3433 = ( GEOMETRIC_REPRESENTATION_CONTEXT(2) 
PARAMETRIC_REPRESENTATION_CONTEXT() REPRESENTATION_CONTEXT('2D SPACE',''
  ) );
#3434 = PCURVE('',#3159,#3435);
#3435 = DEFINITIONAL_REPRESENTATION('',(#3436),#3440);
#3436 = LINE('',#3437,#3438);
#3437 = CARTESIAN_POINT('',(2.223765153173,26.));
#3438 = VECTOR('',#3439,1.);
#3439 = DIRECTION('',(1.,-0.));
#3440 = ( GEOMETRIC_REPRESENTATION_CONTEXT(2) 
PARAMETRIC_REPRESENTATION_CONTEXT() REPRESENTATION_CONTEXT('2D SPACE',''
  ) );
#3441 = ORIENTED_EDGE('',*,*,#3442,.T.);
#3442 = EDGE_CURVE('',#3419,#3443,#3445,.T.);
#3443 = VERTEX_POINT('',#3444);
#3444 = CARTESIAN_POINT('',(4.166129918183,-8.,-22.62));
#3445 = SURFACE_CURVE('',#3446,(#3450,#3457),.PCURVE_S1.);
#3446 = LINE('',#3447,#3448);
#3447 = CARTESIAN_POINT('',(-8.114415881343,-8.,-22.62));
#3448 = VECTOR('',#3449,1.);
#3449 = DIRECTION('',(1.,0.,0.));
#3450 = PCURVE('',#1735,#3451);
#3451 = DEFINITIONAL_REPRESENTATION('',(#3452),#3456);
#3452 = LINE('',#3453,#3454);
#3453 = CARTESIAN_POINT('',(-13.8948729056,-3.819567637194));
#3454 = VECTOR('',#3455,1.);
#3455 = DIRECTION('',(1.,0.));
#3456 = ( GEOMETRIC_REPRESENTATION_CONTEXT(2) 
PARAMETRIC_REPRESENTATION_CONTEXT() REPRESENTATION_CONTEXT('2D SPACE',''
  ) );
#3457 = PCURVE('',#3458,#3463);
#3458 = CYLINDRICAL_SURFACE('',#3459,2.);
#3459 = AXIS2_PLACEMENT_3D('',#3460,#3461,#3462);
#3460 = CARTESIAN_POINT('',(-8.114415881343,-6.,-22.62));
#3461 = DIRECTION('',(1.,0.,0.));
#3462 = DIRECTION('',(0.,-1.,0.));
#3463 = DEFINITIONAL_REPRESENTATION('',(#3464),#3468);
#3464 = LINE('',#3465,#3466);
#3465 = CARTESIAN_POINT('',(0.,0.));
#3466 = VECTOR('',#3467,1.);
#3467 = DIRECTION('',(0.,1.));
#3468 = ( GEOMETRIC_REPRESENTATION_CONTEXT(2) 
PARAMETRIC_REPRESENTATION_CONTEXT() REPRESENTATION_CONTEXT('2D SPACE',''
  ) );
#3469 = ORIENTED_EDGE('',*,*,#3470,.T.);
#3470 = EDGE_CURVE('',#3443,#3471,#3473,.T.);
#3471 = VERTEX_POINT('',#3472);
#3472 = CARTESIAN_POINT('',(8.616162153135,-8.,-25.3402602613));
#3473 = SURFACE_CURVE('',#3474,(#3479,#3490),.PCURVE_S1.);
#3474 = CIRCLE('',#3475,5.);
#3475 = AXIS2_PLACEMENT_3D('',#3476,#3477,#3478);
#3476 = CARTESIAN_POINT('',(4.166129918183,-8.,-27.61999996308));
#3477 = DIRECTION('',(-0.,1.,0.));
#3478 = DIRECTION('',(0.,0.,1.));
#3479 = PCURVE('',#1735,#3480);
#3480 = DEFINITIONAL_REPRESENTATION('',(#3481),#3489);
#3481 = ( BOUNDED_CURVE() B_SPLINE_CURVE(2,(#3482,#3483,#3484,#3485,
#3486,#3487,#3488),.UNSPECIFIED.,.T.,.F.) B_SPLINE_CURVE_WITH_KNOTS((1,2
    ,2,2,2,1),(-2.094395102393,0.,2.094395102393,4.188790204786,
6.28318530718,8.377580409573),.UNSPECIFIED.) CURVE() 
GEOMETRIC_REPRESENTATION_ITEM() RATIONAL_B_SPLINE_CURVE((1.,0.5,1.,0.5,
1.,0.5,1.)) REPRESENTATION_ITEM('') );
#3482 = CARTESIAN_POINT('',(-1.614327106081,-3.819567600282));
#3483 = CARTESIAN_POINT('',(7.045926931763,-3.819567600282));
#3484 = CARTESIAN_POINT('',(2.715799912841,-11.31956760028));
#3485 = CARTESIAN_POINT('',(-1.614327106081,-18.81956760028));
#3486 = CARTESIAN_POINT('',(-5.944454125004,-11.31956760028));
#3487 = CARTESIAN_POINT('',(-10.27458114392,-3.819567600282));
#3488 = CARTESIAN_POINT('',(-1.614327106081,-3.819567600282));
#3489 = ( GEOMETRIC_REPRESENTATION_CONTEXT(2) 
PARAMETRIC_REPRESENTATION_CONTEXT() REPRESENTATION_CONTEXT('2D SPACE',''
  ) );
#3490 = PCURVE('',#3491,#3496);
#3491 = TOROIDAL_SURFACE('',#3492,5.,2.);
#3492 = AXIS2_PLACEMENT_3D('',#3493,#3494,#3495);
#3493 = CARTESIAN_POINT('',(4.166129918183,-6.,-27.61999996308));
#3494 = DIRECTION('',(0.,-1.,0.));
#3495 = DIRECTION('',(0.,0.,1.));
#3496 = DEFINITIONAL_REPRESENTATION('',(#3497),#3501);
#3497 = LINE('',#3498,#3499);
#3498 = CARTESIAN_POINT('',(-0.,1.570796326795));
#3499 = VECTOR('',#3500,1.);
#3500 = DIRECTION('',(-1.,0.));
#3501 = ( GEOMETRIC_REPRESENTATION_CONTEXT(2) 
PARAMETRIC_REPRESENTATION_CONTEXT() REPRESENTATION_CONTEXT('2D SPACE',''
  ) );
#3502 = ORIENTED_EDGE('',*,*,#3503,.T.);
#3503 = EDGE_CURVE('',#3471,#3504,#3506,.T.);
#3504 = VERTEX_POINT('',#3505);
#3505 = CARTESIAN_POINT('',(11.869954871067,-8.,-31.69163558249));
#3506 = SURFACE_CURVE('',#3507,(#3511,#3518),.PCURVE_S1.);
#3507 = LINE('',#3508,#3509);
#3508 = CARTESIAN_POINT('',(8.616162153135,-8.,-25.3402602613));
#3509 = VECTOR('',#3510,1.);
#3510 = DIRECTION('',(0.455947940357,0.,-0.89000644699));
#3511 = PCURVE('',#1735,#3512);
#3512 = DEFINITIONAL_REPRESENTATION('',(#3513),#3517);
#3513 = LINE('',#3514,#3515);
#3514 = CARTESIAN_POINT('',(2.835705128871,-6.539827898498));
#3515 = VECTOR('',#3516,1.);
#3516 = DIRECTION('',(0.455947940357,-0.89000644699));
#3517 = ( GEOMETRIC_REPRESENTATION_CONTEXT(2) 
PARAMETRIC_REPRESENTATION_CONTEXT() REPRESENTATION_CONTEXT('2D SPACE',''
  ) );
#3518 = PCURVE('',#3519,#3524);
#3519 = CYLINDRICAL_SURFACE('',#3520,2.);
#3520 = AXIS2_PLACEMENT_3D('',#3521,#3522,#3523);
#3521 = CARTESIAN_POINT('',(8.616162153135,-6.,-25.3402602613));
#3522 = DIRECTION('',(0.455947940357,0.,-0.89000644699));
#3523 = DIRECTION('',(0.,-1.,0.));
#3524 = DEFINITIONAL_REPRESENTATION('',(#3525),#3529);
#3525 = LINE('',#3526,#3527);
#3526 = CARTESIAN_POINT('',(0.,0.));
#3527 = VECTOR('',#3528,1.);
#3528 = DIRECTION('',(0.,1.));
#3529 = ( GEOMETRIC_REPRESENTATION_CONTEXT(2) 
PARAMETRIC_REPRESENTATION_CONTEXT() REPRESENTATION_CONTEXT('2D SPACE',''
  ) );
#3530 = ORIENTED_EDGE('',*,*,#3531,.T.);
#3531 = EDGE_CURVE('',#3504,#3532,#3534,.T.);
#3532 = VERTEX_POINT('',#3533);
#3533 = CARTESIAN_POINT('',(22.730658565078,-8.,-23.25052371624));
#3534 = SURFACE_CURVE('',#3535,(#3540,#3547),.PCURVE_S1.);
#3535 = CIRCLE('',#3536,7.);
#3536 = AXIS2_PLACEMENT_3D('',#3537,#3538,#3539);
#3537 = CARTESIAN_POINT('',(18.1,-8.,-28.5));
#3538 = DIRECTION('',(0.,-1.,0.));
#3539 = DIRECTION('',(-0.89000644699,-0.,-0.455947940357));
#3540 = PCURVE('',#1735,#3541);
#3541 = DEFINITIONAL_REPRESENTATION('',(#3542),#3546);
#3542 = CIRCLE('',#3543,7.);
#3543 = AXIS2_PLACEMENT_2D('',#3544,#3545);
#3544 = CARTESIAN_POINT('',(12.319542975735,-9.699567637194));
#3545 = DIRECTION('',(-0.89000644699,-0.455947940357));
#3546 = ( GEOMETRIC_REPRESENTATION_CONTEXT(2) 
PARAMETRIC_REPRESENTATION_CONTEXT() REPRESENTATION_CONTEXT('2D SPACE',''
  ) );
#3547 = PCURVE('',#3548,#3553);
#3548 = TOROIDAL_SURFACE('',#3549,7.,2.);
#3549 = AXIS2_PLACEMENT_3D('',#3550,#3551,#3552);
#3550 = CARTESIAN_POINT('',(18.1,-6.,-28.5));
#3551 = DIRECTION('',(-0.,1.,-0.));
#3552 = DIRECTION('',(-0.89000644699,-0.,-0.455947940357));
#3553 = DEFINITIONAL_REPRESENTATION('',(#3554),#3558);
#3554 = LINE('',#3555,#3556);
#3555 = CARTESIAN_POINT('',(-0.,4.712388980385));
#3556 = VECTOR('',#3557,1.);
#3557 = DIRECTION('',(-1.,0.));
#3558 = ( GEOMETRIC_REPRESENTATION_CONTEXT(2) 
PARAMETRIC_REPRESENTATION_CONTEXT() REPRESENTATION_CONTEXT('2D SPACE',''
  ) );
#3559 = ORIENTED_EDGE('',*,*,#3560,.T.);
#3560 = EDGE_CURVE('',#3532,#3561,#3563,.T.);
#3561 = VERTEX_POINT('',#3562);
#3562 = CARTESIAN_POINT('',(12.692386749398,-8.,-14.3955814612));
#3563 = SURFACE_CURVE('',#3564,(#3568,#3575),.PCURVE_S1.);
#3564 = LINE('',#3565,#3566);
#3565 = CARTESIAN_POINT('',(22.730658565078,-8.,-23.25052371624));
#3566 = VECTOR('',#3567,1.);
#3567 = DIRECTION('',(-0.749925183393,0.,0.661522652154));
#3568 = PCURVE('',#1735,#3569);
#3569 = DEFINITIONAL_REPRESENTATION('',(#3570),#3574);
#3570 = LINE('',#3571,#3572);
#3571 = CARTESIAN_POINT('',(16.950201540814,-4.450091353442));
#3572 = VECTOR('',#3573,1.);
#3573 = DIRECTION('',(-0.749925183393,0.661522652154));
#3574 = ( GEOMETRIC_REPRESENTATION_CONTEXT(2) 
PARAMETRIC_REPRESENTATION_CONTEXT() REPRESENTATION_CONTEXT('2D SPACE',''
  ) );
#3575 = PCURVE('',#3576,#3581);
#3576 = CYLINDRICAL_SURFACE('',#3577,2.);
#3577 = AXIS2_PLACEMENT_3D('',#3578,#3579,#3580);
#3578 = CARTESIAN_POINT('',(22.730658565078,-6.,-23.25052371624));
#3579 = DIRECTION('',(-0.749925183393,0.,0.661522652154));
#3580 = DIRECTION('',(0.,-1.,0.));
#3581 = DEFINITIONAL_REPRESENTATION('',(#3582),#3586);
#3582 = LINE('',#3583,#3584);
#3583 = CARTESIAN_POINT('',(0.,0.));
#3584 = VECTOR('',#3585,1.);
#3585 = DIRECTION('',(0.,1.));
#3586 = ( GEOMETRIC_REPRESENTATION_CONTEXT(2) 
PARAMETRIC_REPRESENTATION_CONTEXT() REPRESENTATION_CONTEXT('2D SPACE',''
  ) );
#3587 = ORIENTED_EDGE('',*,*,#3588,.T.);
#3588 = EDGE_CURVE('',#3561,#3220,#3589,.T.);
#3589 = SURFACE_CURVE('',#3590,(#3595,#3606),.PCURVE_S1.);
#3590 = CIRCLE('',#3591,5.);
#3591 = AXIS2_PLACEMENT_3D('',#3592,#3593,#3594);
#3592 = CARTESIAN_POINT('',(16.,-8.,-10.64595555576));
#3593 = DIRECTION('',(0.,1.,-0.));
#3594 = DIRECTION('',(-0.661522652154,-0.,-0.749925183393));
#3595 = PCURVE('',#1735,#3596);
#3596 = DEFINITIONAL_REPRESENTATION('',(#3597),#3605);
#3597 = ( BOUNDED_CURVE() B_SPLINE_CURVE(2,(#3598,#3599,#3600,#3601,
#3602,#3603,#3604),.UNSPECIFIED.,.T.,.F.) B_SPLINE_CURVE_WITH_KNOTS((1,2
    ,2,2,2,1),(-2.094395102393,0.,2.094395102393,4.188790204786,
6.28318530718,8.377580409573),.UNSPECIFIED.) CURVE() 
GEOMETRIC_REPRESENTATION_ITEM() RATIONAL_B_SPLINE_CURVE((1.,0.5,1.,0.5,
1.,0.5,1.)) REPRESENTATION_ITEM('') );
#3598 = CARTESIAN_POINT('',(6.911929714965,4.404850890078));
#3599 = CARTESIAN_POINT('',(0.417387117404,10.13380510952));
#3600 = CARTESIAN_POINT('',(8.62607830734,12.893766875247));
#3601 = CARTESIAN_POINT('',(16.834769497276,15.653728640974));
#3602 = CARTESIAN_POINT('',(15.120620904901,7.164812655805));
#3603 = CARTESIAN_POINT('',(13.406472312526,-1.324103329365));
#3604 = CARTESIAN_POINT('',(6.911929714965,4.404850890078));
#3605 = ( GEOMETRIC_REPRESENTATION_CONTEXT(2) 
PARAMETRIC_REPRESENTATION_CONTEXT() REPRESENTATION_CONTEXT('2D SPACE',''
  ) );
#3606 = PCURVE('',#3256,#3607);
#3607 = DEFINITIONAL_REPRESENTATION('',(#3608),#3612);
#3608 = LINE('',#3609,#3610);
#3609 = CARTESIAN_POINT('',(-0.,1.570796326795));
#3610 = VECTOR('',#3611,1.);
#3611 = DIRECTION('',(-1.,0.));
#3612 = ( GEOMETRIC_REPRESENTATION_CONTEXT(2) 
PARAMETRIC_REPRESENTATION_CONTEXT() REPRESENTATION_CONTEXT('2D SPACE',''
  ) );
#3613 = FACE_BOUND('',#3614,.T.);
#3614 = EDGE_LOOP('',(#3615));
#3615 = ORIENTED_EDGE('',*,*,#3616,.F.);
#3616 = EDGE_CURVE('',#3617,#3617,#3619,.T.);
#3617 = VERTEX_POINT('',#3618);
#3618 = CARTESIAN_POINT('',(22.1,-8.,-28.5));
#3619 = SURFACE_CURVE('',#3620,(#3625,#3632),.PCURVE_S1.);
#3620 = CIRCLE('',#3621,4.);
#3621 = AXIS2_PLACEMENT_3D('',#3622,#3623,#3624);
#3622 = CARTESIAN_POINT('',(18.1,-8.,-28.5));
#3623 = DIRECTION('',(0.,-1.,2.22044604925E-16));
#3624 = DIRECTION('',(1.,0.,0.));
#3625 = PCURVE('',#1735,#3626);
#3626 = DEFINITIONAL_REPRESENTATION('',(#3627),#3631);
#3627 = CIRCLE('',#3628,4.);
#3628 = AXIS2_PLACEMENT_2D('',#3629,#3630);
#3629 = CARTESIAN_POINT('',(12.319542975735,-9.699567637194));
#3630 = DIRECTION('',(1.,0.));
#3631 = ( GEOMETRIC_REPRESENTATION_CONTEXT(2) 
PARAMETRIC_REPRESENTATION_CONTEXT() REPRESENTATION_CONTEXT('2D SPACE',''
  ) );
#3632 = PCURVE('',#2819,#3633);
#3633 = DEFINITIONAL_REPRESENTATION('',(#3634),#3638);
#3634 = LINE('',#3635,#3636);
#3635 = CARTESIAN_POINT('',(0.,17.));
#3636 = VECTOR('',#3637,1.);
#3637 = DIRECTION('',(1.,0.));
#3638 = ( GEOMETRIC_REPRESENTATION_CONTEXT(2) 
PARAMETRIC_REPRESENTATION_CONTEXT() REPRESENTATION_CONTEXT('2D SPACE',''
  ) );
#3639 = ADVANCED_FACE('',(#3640),#1769,.F.);
#3640 = FACE_BOUND('',#3641,.F.);
#3641 = EDGE_LOOP('',(#3642,#3665,#3684,#3685));
#3642 = ORIENTED_EDGE('',*,*,#3643,.T.);
#3643 = EDGE_CURVE('',#1754,#3644,#3646,.T.);
#3644 = VERTEX_POINT('',#3645);
#3645 = CARTESIAN_POINT('',(-4.440892098501E-16,-10.,-9.144380660904));
#3646 = SURFACE_CURVE('',#3647,(#3651,#3658),.PCURVE_S1.);
#3647 = LINE('',#3648,#3649);
#3648 = CARTESIAN_POINT('',(-4.440892098501E-16,-10.,-4.));
#3649 = VECTOR('',#3650,1.);
#3650 = DIRECTION('',(-0.,-0.,-1.));
#3651 = PCURVE('',#1769,#3652);
#3652 = DEFINITIONAL_REPRESENTATION('',(#3653),#3657);
#3653 = LINE('',#3654,#3655);
#3654 = CARTESIAN_POINT('',(3.,-20.62));
#3655 = VECTOR('',#3656,1.);
#3656 = DIRECTION('',(-0.,1.));
#3657 = ( GEOMETRIC_REPRESENTATION_CONTEXT(2) 
PARAMETRIC_REPRESENTATION_CONTEXT() REPRESENTATION_CONTEXT('2D SPACE',''
  ) );
#3658 = PCURVE('',#1823,#3659);
#3659 = DEFINITIONAL_REPRESENTATION('',(#3660),#3664);
#3660 = LINE('',#3661,#3662);
#3661 = CARTESIAN_POINT('',(0.,0.));
#3662 = VECTOR('',#3663,1.);
#3663 = DIRECTION('',(0.,1.));
#3664 = ( GEOMETRIC_REPRESENTATION_CONTEXT(2) 
PARAMETRIC_REPRESENTATION_CONTEXT() REPRESENTATION_CONTEXT('2D SPACE',''
  ) );
#3665 = ORIENTED_EDGE('',*,*,#3666,.T.);
#3666 = EDGE_CURVE('',#3644,#3274,#3667,.T.);
#3667 = SURFACE_CURVE('',#3668,(#3672,#3678),.PCURVE_S1.);
#3668 = LINE('',#3669,#3670);
#3669 = CARTESIAN_POINT('',(0.,18.,-9.144380660904));
#3670 = VECTOR('',#3671,1.);
#3671 = DIRECTION('',(0.,-1.,2.22044604925E-16));
#3672 = PCURVE('',#1769,#3673);
#3673 = DEFINITIONAL_REPRESENTATION('',(#3674),#3677);
#3674 = B_SPLINE_CURVE_WITH_KNOTS('',1,(#3675,#3676),.UNSPECIFIED.,.F.,
  .F.,(2,2),(2.4,33.6),.PIECEWISE_BEZIER_KNOTS.);
#3675 = CARTESIAN_POINT('',(28.6,-15.47561933909));
#3676 = CARTESIAN_POINT('',(-2.6,-15.47561933909));
#3677 = ( GEOMETRIC_REPRESENTATION_CONTEXT(2) 
PARAMETRIC_REPRESENTATION_CONTEXT() REPRESENTATION_CONTEXT('2D SPACE',''
  ) );
#3678 = PCURVE('',#3159,#3679);
#3679 = DEFINITIONAL_REPRESENTATION('',(#3680),#3683);
#3680 = B_SPLINE_CURVE_WITH_KNOTS('',1,(#3681,#3682),.UNSPECIFIED.,.F.,
  .F.,(2,2),(2.4,33.6),.PIECEWISE_BEZIER_KNOTS.);
#3681 = CARTESIAN_POINT('',(2.322684183042,2.4));
#3682 = CARTESIAN_POINT('',(2.322684183042,33.6));
#3683 = ( GEOMETRIC_REPRESENTATION_CONTEXT(2) 
PARAMETRIC_REPRESENTATION_CONTEXT() REPRESENTATION_CONTEXT('2D SPACE',''
  ) );
#3684 = ORIENTED_EDGE('',*,*,#3368,.T.);
#3685 = ORIENTED_EDGE('',*,*,#1753,.T.);
#3686 = ADVANCED_FACE('',(#3687),#1823,.F.);
#3687 = FACE_BOUND('',#3688,.F.);
#3688 = EDGE_LOOP('',(#3689,#3690,#3691,#3692));
#3689 = ORIENTED_EDGE('',*,*,#3643,.F.);
#3690 = ORIENTED_EDGE('',*,*,#1808,.T.);
#3691 = ORIENTED_EDGE('',*,*,#3395,.T.);
#3692 = ORIENTED_EDGE('',*,*,#3693,.F.);
#3693 = EDGE_CURVE('',#3644,#3396,#3694,.T.);
#3694 = SURFACE_CURVE('',#3695,(#3734,#3776),.PCURVE_S1.);
#3695 = B_SPLINE_CURVE_WITH_KNOTS('',7,(#3696,#3697,#3698,#3699,#3700,
    #3701,#3702,#3703,#3704,#3705,#3706,#3707,#3708,#3709,#3710,#3711,
    #3712,#3713,#3714,#3715,#3716,#3717,#3718,#3719,#3720,#3721,#3722,
    #3723,#3724,#3725,#3726,#3727,#3728,#3729,#3730,#3731,#3732,#3733),
  .UNSPECIFIED.,.F.,.F.,(8,6,6,6,6,6,8),(0.,0.310568305771,
    0.430638226716,0.506672809108,0.69599206799,0.899767398469,1.),
  .UNSPECIFIED.);
#3696 = CARTESIAN_POINT('',(1.554312234475E-15,-10.,-9.144380660904));
#3697 = CARTESIAN_POINT('',(1.554312234475E-15,-9.854619546538,
    -9.144380660904));
#3698 = CARTESIAN_POINT('',(1.232912346724E-02,-9.709181494255,
    -9.13285136803));
#3699 = CARTESIAN_POINT('',(3.700425692264E-02,-9.565530777207,
    -9.109776793218));
#3700 = CARTESIAN_POINT('',(7.35856406093E-02,-9.425222559373,
    -9.075661630139));
#3701 = CARTESIAN_POINT('',(0.121411479063,-9.289573524211,
    -9.031309019812));
#3702 = CARTESIAN_POINT('',(0.179657474387,-9.159691546531,
    -8.977712147712));
#3703 = CARTESIAN_POINT('',(0.273571654285,-8.988862287473,
    -8.892100880835));
#3704 = CARTESIAN_POINT('',(0.30118298434,-8.942214718571,
    -8.867005440294));
#3705 = CARTESIAN_POINT('',(0.330172853871,-8.896595519551,
    -8.840742423947));
#3706 = CARTESIAN_POINT('',(0.360493455585,-8.852045271424,
    -8.813369867119));
#3707 = CARTESIAN_POINT('',(0.392097541573,-8.808600175071,
    -8.784945262784));
#3708 = CARTESIAN_POINT('',(0.424939013775,-8.766292664567,
    -8.755524840319));
#3709 = CARTESIAN_POINT('',(0.480525948441,-8.69909960316,
    -8.705936033141));
#3710 = CARTESIAN_POINT('',(0.502556747914,-8.673515200786,
    -8.686331683651));
#3711 = CARTESIAN_POINT('',(0.525054594872,-8.648406203798,
    -8.66636363747));
#3712 = CARTESIAN_POINT('',(0.548008383375,-8.623779670142,
    -8.646045467308));
#3713 = CARTESIAN_POINT('',(0.571407219533,-8.599642325298,
    -8.625390476909));
#3714 = CARTESIAN_POINT('',(0.595240421512,-8.576000562278,
    -8.604411701045));
#3715 = CARTESIAN_POINT('',(0.679895507857,-8.495243626288,
    -8.530112233035));
#3716 = CARTESIAN_POINT('',(0.742918903076,-8.440739421423,
    -8.475176569613));
#3717 = CARTESIAN_POINT('',(0.808410041307,-8.389438269689,
    -8.418508369617));
#3718 = CARTESIAN_POINT('',(0.876214765446,-8.341427493353,
    -8.36029416785));
#3719 = CARTESIAN_POINT('',(0.946182306909,-8.296792395153,
    -8.300713027883));
#3720 = CARTESIAN_POINT('',(1.018165167373,-8.255617359155,
    -8.239935990387));
#3721 = CARTESIAN_POINT('',(1.171512176998,-8.177483155147,
    -8.11159531843));
#3722 = CARTESIAN_POINT('',(1.253167237282,-8.141088915834,
    -8.043872659906));
#3723 = CARTESIAN_POINT('',(1.336803161087,-8.10890946016,
    -7.975160958968));
#3724 = CARTESIAN_POINT('',(1.422228833549,-8.081057451811,
    -7.905664356078));
#3725 = CARTESIAN_POINT('',(1.509240630671,-8.057649135165,
    -7.835588143204));
#3726 = CARTESIAN_POINT('',(1.597620004768,-8.038800478767,
    -7.765139187939));
#3727 = CARTESIAN_POINT('',(1.731159593416,-8.017649885757,
    -7.659793460025));
#3728 = CARTESIAN_POINT('',(1.775460935473,-8.011806728439,
    -7.62502166362));
#3729 = CARTESIAN_POINT('',(1.820006378715,-8.007107482227,
    -7.590236390695));
#3730 = CARTESIAN_POINT('',(1.864765639597,-8.003565144897,
    -7.555463510209));
#3731 = CARTESIAN_POINT('',(1.909706868396,-8.001192076627,
    -7.520729337784));
#3732 = CARTESIAN_POINT('',(1.954796649219,-8.,-7.486060635706));
#3733 = CARTESIAN_POINT('',(2.,-8.,-7.451484612923));
#3734 = PCURVE('',#1823,#3735);
#3735 = DEFINITIONAL_REPRESENTATION('',(#3736),#3775);
#3736 = B_SPLINE_CURVE_WITH_KNOTS('',7,(#3737,#3738,#3739,#3740,#3741,
    #3742,#3743,#3744,#3745,#3746,#3747,#3748,#3749,#3750,#3751,#3752,
    #3753,#3754,#3755,#3756,#3757,#3758,#3759,#3760,#3761,#3762,#3763,
    #3764,#3765,#3766,#3767,#3768,#3769,#3770,#3771,#3772,#3773,#3774),
  .UNSPECIFIED.,.F.,.F.,(8,6,6,6,6,6,8),(0.,0.310568305771,
    0.430638226716,0.506672809108,0.69599206799,0.899767398469,1.),
  .UNSPECIFIED.);
#3737 = CARTESIAN_POINT('',(0.,5.144380660904));
#3738 = CARTESIAN_POINT('',(7.269022673115E-02,5.144380660904));
#3739 = CARTESIAN_POINT('',(0.145409204952,5.13285136803));
#3740 = CARTESIAN_POINT('',(0.217862159796,5.109776793218));
#3741 = CARTESIAN_POINT('',(0.289899761634,5.075661630139));
#3742 = CARTESIAN_POINT('',(0.361422048255,5.031309019812));
#3743 = CARTESIAN_POINT('',(0.432360430191,4.977712147712));
#3744 = CARTESIAN_POINT('',(0.529831591229,4.892100880835));
#3745 = CARTESIAN_POINT('',(0.556921301711,4.867005440294));
#3746 = CARTESIAN_POINT('',(0.58392529279,4.840742423947));
#3747 = CARTESIAN_POINT('',(0.610846070686,4.813369867119));
#3748 = CARTESIAN_POINT('',(0.637687247002,4.784945262784));
#3749 = CARTESIAN_POINT('',(0.664453474652,4.755524840319));
#3750 = CARTESIAN_POINT('',(0.708056269306,4.705936033141));
#3751 = CARTESIAN_POINT('',(0.724934315389,4.686331683651));
#3752 = CARTESIAN_POINT('',(0.741785946561,4.66636363747));
#3753 = CARTESIAN_POINT('',(0.758612681506,4.646045467308));
#3754 = CARTESIAN_POINT('',(0.775416133075,4.625390476909));
#3755 = CARTESIAN_POINT('',(0.79219800828,4.604411701045));
#3756 = CARTESIAN_POINT('',(0.850696226959,4.530112233035));
#3757 = CARTESIAN_POINT('',(0.892307926715,4.475176569613));
#3758 = CARTESIAN_POINT('',(0.93382572904,4.418508369617));
#3759 = CARTESIAN_POINT('',(0.975279265014,4.36029416785));
#3760 = CARTESIAN_POINT('',(1.016698237181,4.300713027883));
#3761 = CARTESIAN_POINT('',(1.058113381411,4.239935990387));
#3762 = CARTESIAN_POINT('',(1.144166067593,4.11159531843));
#3763 = CARTESIAN_POINT('',(1.188805045497,4.043872659906));
#3764 = CARTESIAN_POINT('',(1.233514573136,3.975160958968));
#3765 = CARTESIAN_POINT('',(1.278330130319,3.905664356078));
#3766 = CARTESIAN_POINT('',(1.323283412653,3.835588143204));
#3767 = CARTESIAN_POINT('',(1.368403278196,3.765139187939));
#3768 = CARTESIAN_POINT('',(1.436005366405,3.659793460025));
#3769 = CARTESIAN_POINT('',(1.458340363199,3.62502166362));
#3770 = CARTESIAN_POINT('',(1.480724514661,3.590236390695));
#3771 = CARTESIAN_POINT('',(1.503160281135,3.555463510209));
#3772 = CARTESIAN_POINT('',(1.525649753147,3.520729337784));
#3773 = CARTESIAN_POINT('',(1.548194651405,3.486060635706));
#3774 = CARTESIAN_POINT('',(1.570796326795,3.451484612923));
#3775 = ( GEOMETRIC_REPRESENTATION_CONTEXT(2) 
PARAMETRIC_REPRESENTATION_CONTEXT() REPRESENTATION_CONTEXT('2D SPACE',''
  ) );
#3776 = PCURVE('',#3159,#3777);
#3777 = DEFINITIONAL_REPRESENTATION('',(#3778),#3817);
#3778 = B_SPLINE_CURVE_WITH_KNOTS('',7,(#3779,#3780,#3781,#3782,#3783,
    #3784,#3785,#3786,#3787,#3788,#3789,#3790,#3791,#3792,#3793,#3794,
    #3795,#3796,#3797,#3798,#3799,#3800,#3801,#3802,#3803,#3804,#3805,
    #3806,#3807,#3808,#3809,#3810,#3811,#3812,#3813,#3814,#3815,#3816),
  .UNSPECIFIED.,.F.,.F.,(8,6,6,6,6,6,8),(0.,0.310568305771,
    0.430638226716,0.506672809108,0.69599206799,0.899767398469,1.),
  .UNSPECIFIED.);
#3779 = CARTESIAN_POINT('',(2.322684183042,28.));
#3780 = CARTESIAN_POINT('',(2.322684183042,27.854619546538));
#3781 = CARTESIAN_POINT('',(2.322047204716,27.709181494255));
#3782 = CARTESIAN_POINT('',(2.32077237063,27.565530777207));
#3783 = CARTESIAN_POINT('',(2.318884809168,27.425222559373));
#3784 = CARTESIAN_POINT('',(2.31642346349,27.289573524211));
#3785 = CARTESIAN_POINT('',(2.313436584869,27.159691546531));
#3786 = CARTESIAN_POINT('',(2.30864113755,26.988862287473));
#3787 = CARTESIAN_POINT('',(2.307233148522,26.942214718571));
#3788 = CARTESIAN_POINT('',(2.305757029397,26.896595519551));
#3789 = CARTESIAN_POINT('',(2.304215582968,26.852045271424));
#3790 = CARTESIAN_POINT('',(2.302611580529,26.808600175071));
#3791 = CARTESIAN_POINT('',(2.300947726902,26.766292664567));
#3792 = CARTESIAN_POINT('',(2.298136733607,26.69909960316));
#3793 = CARTESIAN_POINT('',(2.297023887296,26.673515200786));
#3794 = CARTESIAN_POINT('',(2.295888750841,26.648406203798));
#3795 = CARTESIAN_POINT('',(2.294731975415,26.623779670142));
#3796 = CARTESIAN_POINT('',(2.293554199053,26.599642325298));
#3797 = CARTESIAN_POINT('',(2.292356046652,26.576000562278));
#3798 = CARTESIAN_POINT('',(2.288105627187,26.495243626288));
#3799 = CARTESIAN_POINT('',(2.28495072173,26.440739421423));
#3800 = CARTESIAN_POINT('',(2.28168265556,26.389438269689));
#3801 = CARTESIAN_POINT('',(2.278310381416,26.341427493353));
#3802 = CARTESIAN_POINT('',(2.274842554155,26.296792395153));
#3803 = CARTESIAN_POINT('',(2.271287522086,26.255617359155));
#3804 = CARTESIAN_POINT('',(2.263741613376,26.177483155147));
#3805 = CARTESIAN_POINT('',(2.259738466728,26.141088915834));
#3806 = CARTESIAN_POINT('',(2.255653946386,26.10890946016));
#3807 = CARTESIAN_POINT('',(2.251498407613,26.081057451811));
#3808 = CARTESIAN_POINT('',(2.247282579954,26.057649135165));
#3809 = CARTESIAN_POINT('',(2.243017654284,26.038800478767));
#3810 = CARTESIAN_POINT('',(2.236599170815,26.017649885757));
#3811 = CARTESIAN_POINT('',(2.234473980014,26.011806728439));
#3812 = CARTESIAN_POINT('',(2.232341226611,26.007107482227));
#3813 = CARTESIAN_POINT('',(2.230202396417,26.003565144897));
#3814 = CARTESIAN_POINT('',(2.22805903191,26.001192076627));
#3815 = CARTESIAN_POINT('',(2.225912732228,26.));
#3816 = CARTESIAN_POINT('',(2.223765153173,26.));
#3817 = ( GEOMETRIC_REPRESENTATION_CONTEXT(2) 
PARAMETRIC_REPRESENTATION_CONTEXT() REPRESENTATION_CONTEXT('2D SPACE',''
  ) );
#3818 = ADVANCED_FACE('',(#3819,#3822),#1877,.T.);
#3819 = FACE_BOUND('',#3820,.T.);
#3820 = EDGE_LOOP('',(#3821));
#3821 = ORIENTED_EDGE('',*,*,#1862,.T.);
#3822 = FACE_BOUND('',#3823,.T.);
#3823 = EDGE_LOOP('',(#3824));
#3824 = ORIENTED_EDGE('',*,*,#3825,.F.);
#3825 = EDGE_CURVE('',#3826,#3826,#3828,.T.);
#3826 = VERTEX_POINT('',#3827);
#3827 = CARTESIAN_POINT('',(5.2,-1.273632671113E-15,-19.));
#3828 = SURFACE_CURVE('',#3829,(#3834,#3841),.PCURVE_S1.);
#3829 = CIRCLE('',#3830,5.2);
#3830 = AXIS2_PLACEMENT_3D('',#3831,#3832,#3833);
#3831 = CARTESIAN_POINT('',(0.,0.,-19.));
#3832 = DIRECTION('',(0.,0.,1.));
#3833 = DIRECTION('',(1.,0.,-0.));
#3834 = PCURVE('',#1877,#3835);
#3835 = DEFINITIONAL_REPRESENTATION('',(#3836),#3840);
#3836 = CIRCLE('',#3837,5.2);
#3837 = AXIS2_PLACEMENT_2D('',#3838,#3839);
#3838 = CARTESIAN_POINT('',(0.,0.));
#3839 = DIRECTION('',(1.,0.));
#3840 = ( GEOMETRIC_REPRESENTATION_CONTEXT(2) 
PARAMETRIC_REPRESENTATION_CONTEXT() REPRESENTATION_CONTEXT('2D SPACE',''
  ) );
#3841 = PCURVE('',#3842,#3847);
#3842 = CYLINDRICAL_SURFACE('',#3843,5.2);
#3843 = AXIS2_PLACEMENT_3D('',#3844,#3845,#3846);
#3844 = CARTESIAN_POINT('',(0.,0.,-22.62));
#3845 = DIRECTION('',(0.,0.,1.));
#3846 = DIRECTION('',(1.,0.,-0.));
#3847 = DEFINITIONAL_REPRESENTATION('',(#3848),#3852);
#3848 = LINE('',#3849,#3850);
#3849 = CARTESIAN_POINT('',(0.,3.62));
#3850 = VECTOR('',#3851,1.);
#3851 = DIRECTION('',(1.,0.));
#3852 = ( GEOMETRIC_REPRESENTATION_CONTEXT(2) 
PARAMETRIC_REPRESENTATION_CONTEXT() REPRESENTATION_CONTEXT('2D SPACE',''
  ) );
#3853 = ADVANCED_FACE('',(#3854,#3981),#1934,.T.);
#3854 = FACE_BOUND('',#3855,.T.);
#3855 = EDGE_LOOP('',(#3856,#3857,#3880,#3903,#3931,#3954,#3975,#3976,
    #3977,#3978,#3979,#3980));
#3856 = ORIENTED_EDGE('',*,*,#1917,.F.);
#3857 = ORIENTED_EDGE('',*,*,#3858,.T.);
#3858 = EDGE_CURVE('',#1918,#3859,#3861,.T.);
#3859 = VERTEX_POINT('',#3860);
#3860 = CARTESIAN_POINT('',(-8.114415881343,6.,-24.62));
#3861 = SURFACE_CURVE('',#3862,(#3866,#3873),.PCURVE_S1.);
#3862 = LINE('',#3863,#3864);
#3863 = CARTESIAN_POINT('',(-8.114415881343,10.156586774336,-24.62));
#3864 = VECTOR('',#3865,1.);
#3865 = DIRECTION('',(8.547189970233E-16,-1.,-8.547189970233E-16));
#3866 = PCURVE('',#1934,#3867);
#3867 = DEFINITIONAL_REPRESENTATION('',(#3868),#3872);
#3868 = LINE('',#3869,#3870);
#3869 = CARTESIAN_POINT('',(4.885584118657,-10.15658677433));
#3870 = VECTOR('',#3871,1.);
#3871 = DIRECTION('',(8.547189970233E-16,1.));
#3872 = ( GEOMETRIC_REPRESENTATION_CONTEXT(2) 
PARAMETRIC_REPRESENTATION_CONTEXT() REPRESENTATION_CONTEXT('2D SPACE',''
  ) );
#3873 = PCURVE('',#2000,#3874);
#3874 = DEFINITIONAL_REPRESENTATION('',(#3875),#3879);
#3875 = LINE('',#3876,#3877);
#3876 = CARTESIAN_POINT('',(2.994649321399,7.843413225664));
#3877 = VECTOR('',#3878,1.);
#3878 = DIRECTION('',(0.,1.));
#3879 = ( GEOMETRIC_REPRESENTATION_CONTEXT(2) 
PARAMETRIC_REPRESENTATION_CONTEXT() REPRESENTATION_CONTEXT('2D SPACE',''
  ) );
#3880 = ORIENTED_EDGE('',*,*,#3881,.T.);
#3881 = EDGE_CURVE('',#3859,#3882,#3884,.T.);
#3882 = VERTEX_POINT('',#3883);
#3883 = CARTESIAN_POINT('',(4.166129918183,6.,-24.62));
#3884 = SURFACE_CURVE('',#3885,(#3889,#3896),.PCURVE_S1.);
#3885 = LINE('',#3886,#3887);
#3886 = CARTESIAN_POINT('',(-8.114415881343,6.,-24.62));
#3887 = VECTOR('',#3888,1.);
#3888 = DIRECTION('',(1.,0.,0.));
#3889 = PCURVE('',#1934,#3890);
#3890 = DEFINITIONAL_REPRESENTATION('',(#3891),#3895);
#3891 = LINE('',#3892,#3893);
#3892 = CARTESIAN_POINT('',(4.885584118657,-6.));
#3893 = VECTOR('',#3894,1.);
#3894 = DIRECTION('',(1.,0.));
#3895 = ( GEOMETRIC_REPRESENTATION_CONTEXT(2) 
PARAMETRIC_REPRESENTATION_CONTEXT() REPRESENTATION_CONTEXT('2D SPACE',''
  ) );
#3896 = PCURVE('',#2639,#3897);
#3897 = DEFINITIONAL_REPRESENTATION('',(#3898),#3902);
#3898 = LINE('',#3899,#3900);
#3899 = CARTESIAN_POINT('',(-1.570796326795,0.));
#3900 = VECTOR('',#3901,1.);
#3901 = DIRECTION('',(-0.,1.));
#3902 = ( GEOMETRIC_REPRESENTATION_CONTEXT(2) 
PARAMETRIC_REPRESENTATION_CONTEXT() REPRESENTATION_CONTEXT('2D SPACE',''
  ) );
#3903 = ORIENTED_EDGE('',*,*,#3904,.T.);
#3904 = EDGE_CURVE('',#3882,#3905,#3907,.T.);
#3905 = VERTEX_POINT('',#3906);
#3906 = CARTESIAN_POINT('',(4.166129918183,-6.,-24.62));
#3907 = SURFACE_CURVE('',#3908,(#3912,#3919),.PCURVE_S1.);
#3908 = LINE('',#3909,#3910);
#3909 = CARTESIAN_POINT('',(4.166129918183,8.,-24.61999998154));
#3910 = VECTOR('',#3911,1.);
#3911 = DIRECTION('',(0.,-1.,0.));
#3912 = PCURVE('',#1934,#3913);
#3913 = DEFINITIONAL_REPRESENTATION('',(#3914),#3918);
#3914 = LINE('',#3915,#3916);
#3915 = CARTESIAN_POINT('',(17.166129918183,-8.));
#3916 = VECTOR('',#3917,1.);
#3917 = DIRECTION('',(0.,1.));
#3918 = ( GEOMETRIC_REPRESENTATION_CONTEXT(2) 
PARAMETRIC_REPRESENTATION_CONTEXT() REPRESENTATION_CONTEXT('2D SPACE',''
  ) );
#3919 = PCURVE('',#3920,#3925);
#3920 = CYLINDRICAL_SURFACE('',#3921,3.);
#3921 = AXIS2_PLACEMENT_3D('',#3922,#3923,#3924);
#3922 = CARTESIAN_POINT('',(4.166129918183,0.,-27.61999996308));
#3923 = DIRECTION('',(0.,-1.,0.));
#3924 = DIRECTION('',(1.,0.,0.));
#3925 = DEFINITIONAL_REPRESENTATION('',(#3926),#3930);
#3926 = LINE('',#3927,#3928);
#3927 = CARTESIAN_POINT('',(1.570796326795,-8.));
#3928 = VECTOR('',#3929,1.);
#3929 = DIRECTION('',(-0.,1.));
#3930 = ( GEOMETRIC_REPRESENTATION_CONTEXT(2) 
PARAMETRIC_REPRESENTATION_CONTEXT() REPRESENTATION_CONTEXT('2D SPACE',''
  ) );
#3931 = ORIENTED_EDGE('',*,*,#3932,.F.);
#3932 = EDGE_CURVE('',#3933,#3905,#3935,.T.);
#3933 = VERTEX_POINT('',#3934);
#3934 = CARTESIAN_POINT('',(-8.114415881343,-6.,-24.62));
#3935 = SURFACE_CURVE('',#3936,(#3940,#3947),.PCURVE_S1.);
#3936 = LINE('',#3937,#3938);
#3937 = CARTESIAN_POINT('',(-8.114415881343,-6.,-24.62));
#3938 = VECTOR('',#3939,1.);
#3939 = DIRECTION('',(1.,0.,0.));
#3940 = PCURVE('',#1934,#3941);
#3941 = DEFINITIONAL_REPRESENTATION('',(#3942),#3946);
#3942 = LINE('',#3943,#3944);
#3943 = CARTESIAN_POINT('',(4.885584118657,6.));
#3944 = VECTOR('',#3945,1.);
#3945 = DIRECTION('',(1.,0.));
#3946 = ( GEOMETRIC_REPRESENTATION_CONTEXT(2) 
PARAMETRIC_REPRESENTATION_CONTEXT() REPRESENTATION_CONTEXT('2D SPACE',''
  ) );
#3947 = PCURVE('',#3458,#3948);
#3948 = DEFINITIONAL_REPRESENTATION('',(#3949),#3953);
#3949 = LINE('',#3950,#3951);
#3950 = CARTESIAN_POINT('',(1.570796326795,0.));
#3951 = VECTOR('',#3952,1.);
#3952 = DIRECTION('',(0.,1.));
#3953 = ( GEOMETRIC_REPRESENTATION_CONTEXT(2) 
PARAMETRIC_REPRESENTATION_CONTEXT() REPRESENTATION_CONTEXT('2D SPACE',''
  ) );
#3954 = ORIENTED_EDGE('',*,*,#3955,.T.);
#3955 = EDGE_CURVE('',#3933,#3110,#3956,.T.);
#3956 = SURFACE_CURVE('',#3957,(#3961,#3968),.PCURVE_S1.);
#3957 = LINE('',#3958,#3959);
#3958 = CARTESIAN_POINT('',(-8.114415881343,-6.,-24.62));
#3959 = VECTOR('',#3960,1.);
#3960 = DIRECTION('',(-1.282078495535E-15,-1.,8.547189970233E-16));
#3961 = PCURVE('',#1934,#3962);
#3962 = DEFINITIONAL_REPRESENTATION('',(#3963),#3967);
#3963 = LINE('',#3964,#3965);
#3964 = CARTESIAN_POINT('',(4.885584118657,6.));
#3965 = VECTOR('',#3966,1.);
#3966 = DIRECTION('',(-1.282078495535E-15,1.));
#3967 = ( GEOMETRIC_REPRESENTATION_CONTEXT(2) 
PARAMETRIC_REPRESENTATION_CONTEXT() REPRESENTATION_CONTEXT('2D SPACE',''
  ) );
#3968 = PCURVE('',#3159,#3969);
#3969 = DEFINITIONAL_REPRESENTATION('',(#3970),#3974);
#3970 = LINE('',#3971,#3972);
#3971 = CARTESIAN_POINT('',(2.994649321399,24.));
#3972 = VECTOR('',#3973,1.);
#3973 = DIRECTION('',(-0.,1.));
#3974 = ( GEOMETRIC_REPRESENTATION_CONTEXT(2) 
PARAMETRIC_REPRESENTATION_CONTEXT() REPRESENTATION_CONTEXT('2D SPACE',''
  ) );
#3975 = ORIENTED_EDGE('',*,*,#3188,.F.);
#3976 = ORIENTED_EDGE('',*,*,#2963,.F.);
#3977 = ORIENTED_EDGE('',*,*,#2860,.F.);
#3978 = ORIENTED_EDGE('',*,*,#2544,.F.);
#3979 = ORIENTED_EDGE('',*,*,#2342,.T.);
#3980 = ORIENTED_EDGE('',*,*,#2201,.F.);
#3981 = FACE_BOUND('',#3982,.T.);
#3982 = EDGE_LOOP('',(#3983));
#3983 = ORIENTED_EDGE('',*,*,#3984,.T.);
#3984 = EDGE_CURVE('',#3985,#3985,#3987,.T.);
#3985 = VERTEX_POINT('',#3986);
#3986 = CARTESIAN_POINT('',(2.75,-6.73555739531E-16,-24.62));
#3987 = SURFACE_CURVE('',#3988,(#3993,#4004),.PCURVE_S1.);
#3988 = CIRCLE('',#3989,2.75);
#3989 = AXIS2_PLACEMENT_3D('',#3990,#3991,#3992);
#3990 = CARTESIAN_POINT('',(0.,0.,-24.62));
#3991 = DIRECTION('',(0.,0.,1.));
#3992 = DIRECTION('',(1.,0.,-0.));
#3993 = PCURVE('',#1934,#3994);
#3994 = DEFINITIONAL_REPRESENTATION('',(#3995),#4003);
#3995 = ( BOUNDED_CURVE() B_SPLINE_CURVE(2,(#3996,#3997,#3998,#3999,
#4000,#4001,#4002),.UNSPECIFIED.,.T.,.F.) B_SPLINE_CURVE_WITH_KNOTS((1,2
    ,2,2,2,1),(-2.094395102393,0.,2.094395102393,4.188790204786,
6.28318530718,8.377580409573),.UNSPECIFIED.) CURVE() 
GEOMETRIC_REPRESENTATION_ITEM() RATIONAL_B_SPLINE_CURVE((1.,0.5,1.,0.5,
1.,0.5,1.)) REPRESENTATION_ITEM('') );
#3996 = CARTESIAN_POINT('',(15.75,0.));
#3997 = CARTESIAN_POINT('',(15.75,-4.763139720814));
#3998 = CARTESIAN_POINT('',(11.625,-2.381569860407));
#3999 = CARTESIAN_POINT('',(7.5,-6.73555739531E-16));
#4000 = CARTESIAN_POINT('',(11.625,2.381569860407));
#4001 = CARTESIAN_POINT('',(15.75,4.763139720814));
#4002 = CARTESIAN_POINT('',(15.75,0.));
#4003 = ( GEOMETRIC_REPRESENTATION_CONTEXT(2) 
PARAMETRIC_REPRESENTATION_CONTEXT() REPRESENTATION_CONTEXT('2D SPACE',''
  ) );
#4004 = PCURVE('',#4005,#4010);
#4005 = CYLINDRICAL_SURFACE('',#4006,2.75);
#4006 = AXIS2_PLACEMENT_3D('',#4007,#4008,#4009);
#4007 = CARTESIAN_POINT('',(0.,0.,-25.62));
#4008 = DIRECTION('',(0.,0.,1.));
#4009 = DIRECTION('',(1.,0.,-0.));
#4010 = DEFINITIONAL_REPRESENTATION('',(#4011),#4015);
#4011 = LINE('',#4012,#4013);
#4012 = CARTESIAN_POINT('',(0.,1.));
#4013 = VECTOR('',#4014,1.);
#4014 = DIRECTION('',(1.,0.));
#4015 = ( GEOMETRIC_REPRESENTATION_CONTEXT(2) 
PARAMETRIC_REPRESENTATION_CONTEXT() REPRESENTATION_CONTEXT('2D SPACE',''
  ) );
#4016 = ADVANCED_FACE('',(#4017),#2000,.F.);
#4017 = FACE_BOUND('',#4018,.F.);
#4018 = EDGE_LOOP('',(#4019,#4020,#4021,#4022,#4023,#4083,#4084));
#4019 = ORIENTED_EDGE('',*,*,#2271,.F.);
#4020 = ORIENTED_EDGE('',*,*,#2077,.T.);
#4021 = ORIENTED_EDGE('',*,*,#1950,.T.);
#4022 = ORIENTED_EDGE('',*,*,#3858,.T.);
#4023 = ORIENTED_EDGE('',*,*,#4024,.F.);
#4024 = EDGE_CURVE('',#2596,#3859,#4025,.T.);
#4025 = SURFACE_CURVE('',#4026,(#4043,#4063),.PCURVE_S1.);
#4026 = B_SPLINE_CURVE_WITH_KNOTS('',8,(#4027,#4028,#4029,#4030,#4031,
    #4032,#4033,#4034,#4035,#4036,#4037,#4038,#4039,#4040,#4041,#4042),
  .UNSPECIFIED.,.F.,.F.,(9,7,9),(0.,0.45810198811,1.),.UNSPECIFIED.);
#4027 = CARTESIAN_POINT('',(-7.739419498123,8.,-22.62));
#4028 = CARTESIAN_POINT('',(-7.786436139318,8.,-22.82661270667));
#4029 = CARTESIAN_POINT('',(-7.831627335525,7.975605759256,
    -23.03393031777));
#4030 = CARTESIAN_POINT('',(-7.873450339105,7.926531143552,
    -23.23521444237));
#4031 = CARTESIAN_POINT('',(-7.911206420383,7.855251922831,
    -23.42584230326));
#4032 = CARTESIAN_POINT('',(-7.94468788707,7.764888915763,
    -23.60257097815));
#4033 = CARTESIAN_POINT('',(-7.973977450642,7.659013671613,
    -23.76339934275));
#4034 = CARTESIAN_POINT('',(-7.999311859225,7.54108286652,
    -23.90734425822));
#4035 = CARTESIAN_POINT('',(-8.046659952816,7.264137322864,
    -24.18428980188));
#4036 = CARTESIAN_POINT('',(-8.067317269115,7.100975975488,
    -24.31104940018));
#4037 = CARTESIAN_POINT('',(-8.08368360356,6.92816290667,-24.41539582369
    ));
#4038 = CARTESIAN_POINT('',(-8.096245516865,6.748436875094,
    -24.49784861688));
#4039 = CARTESIAN_POINT('',(-8.105399582568,6.564126887632,
    -24.55908224874));
#4040 = CARTESIAN_POINT('',(-8.111403643502,6.377078678406,
    -24.59964866771));
#4041 = CARTESIAN_POINT('',(-8.114415881343,6.188717935035,-24.62));
#4042 = CARTESIAN_POINT('',(-8.114415881343,6.,-24.62));
#4043 = PCURVE('',#2000,#4044);
#4044 = DEFINITIONAL_REPRESENTATION('',(#4045),#4062);
#4045 = B_SPLINE_CURVE_WITH_KNOTS('',8,(#4046,#4047,#4048,#4049,#4050,
    #4051,#4052,#4053,#4054,#4055,#4056,#4057,#4058,#4059,#4060,#4061),
  .UNSPECIFIED.,.F.,.F.,(9,7,9),(0.,0.45810198811,1.),.UNSPECIFIED.);
#4046 = CARTESIAN_POINT('',(2.917843579737,10.));
#4047 = CARTESIAN_POINT('',(2.925839607151,10.));
#4048 = CARTESIAN_POINT('',(2.9338462873,10.024394240744));
#4049 = CARTESIAN_POINT('',(2.94160353922,10.073468856449));
#4050 = CARTESIAN_POINT('',(2.948936212779,10.144748077168));
#4051 = CARTESIAN_POINT('',(2.955723484101,10.235111084237));
#4052 = CARTESIAN_POINT('',(2.961892114461,10.340986328386));
#4053 = CARTESIAN_POINT('',(2.967407420493,10.45891713348));
#4054 = CARTESIAN_POINT('',(2.97800982933,10.735862677136));
#4055 = CARTESIAN_POINT('',(2.982856164588,10.899024024512));
#4056 = CARTESIAN_POINT('',(2.98684181698,11.07183709333));
#4057 = CARTESIAN_POINT('',(2.989989117118,11.251563124907));
#4058 = CARTESIAN_POINT('',(2.992325496038,11.435873112368));
#4059 = CARTESIAN_POINT('',(2.993872979917,11.622921321594));
#4060 = CARTESIAN_POINT('',(2.994649321399,11.811282064965));
#4061 = CARTESIAN_POINT('',(2.994649321399,12.));
#4062 = ( GEOMETRIC_REPRESENTATION_CONTEXT(2) 
PARAMETRIC_REPRESENTATION_CONTEXT() REPRESENTATION_CONTEXT('2D SPACE',''
  ) );
#4063 = PCURVE('',#2639,#4064);
#4064 = DEFINITIONAL_REPRESENTATION('',(#4065),#4082);
#4065 = B_SPLINE_CURVE_WITH_KNOTS('',8,(#4066,#4067,#4068,#4069,#4070,
    #4071,#4072,#4073,#4074,#4075,#4076,#4077,#4078,#4079,#4080,#4081),
  .UNSPECIFIED.,.F.,.F.,(9,7,9),(0.,0.45810198811,1.),.UNSPECIFIED.);
#4066 = CARTESIAN_POINT('',(0.,0.374996383219));
#4067 = CARTESIAN_POINT('',(-0.103306353335,0.327979742025));
#4068 = CARTESIAN_POINT('',(-0.206964835482,0.282788545818));
#4069 = CARTESIAN_POINT('',(-0.309288930714,0.240965542238));
#4070 = CARTESIAN_POINT('',(-0.409684337925,0.20320946096));
#4071 = CARTESIAN_POINT('',(-0.507704635128,0.169727994273));
#4072 = CARTESIAN_POINT('',(-0.603101436131,0.140438430701));
#4073 = CARTESIAN_POINT('',(-0.695688018111,0.115104022118));
#4074 = CARTESIAN_POINT('',(-0.891518090049,6.775592852734E-02));
#4075 = CARTESIAN_POINT('',(-0.994020913229,4.709861222786E-02));
#4076 = CARTESIAN_POINT('',(-1.093830797089,3.073227778329E-02));
#4077 = CARTESIAN_POINT('',(-1.19147309514,1.817036447753E-02));
#4078 = CARTESIAN_POINT('',(-1.287454375544,9.016298774792E-03));
#4079 = CARTESIAN_POINT('',(-1.38225663094,3.012237841221E-03));
#4080 = CARTESIAN_POINT('',(-1.476437359277,-3.539598802821E-15));
#4081 = CARTESIAN_POINT('',(-1.570796326795,-3.552713678801E-15));
#4082 = ( GEOMETRIC_REPRESENTATION_CONTEXT(2) 
PARAMETRIC_REPRESENTATION_CONTEXT() REPRESENTATION_CONTEXT('2D SPACE',''
  ) );
#4083 = ORIENTED_EDGE('',*,*,#2595,.T.);
#4084 = ORIENTED_EDGE('',*,*,#2392,.T.);
#4085 = ADVANCED_FACE('',(#4086),#2788,.T.);
#4086 = FACE_BOUND('',#4087,.T.);
#4087 = EDGE_LOOP('',(#4088,#4110,#4111,#4112));
#4088 = ORIENTED_EDGE('',*,*,#4089,.F.);
#4089 = EDGE_CURVE('',#2742,#4090,#4092,.T.);
#4090 = VERTEX_POINT('',#4091);
#4091 = CARTESIAN_POINT('',(14.015432053706,6.,-12.89573109441));
#4092 = SURFACE_CURVE('',#4093,(#4098,#4104),.PCURVE_S1.);
#4093 = CIRCLE('',#4094,2.);
#4094 = AXIS2_PLACEMENT_3D('',#4095,#4096,#4097);
#4095 = CARTESIAN_POINT('',(12.692386749398,6.,-14.3955814612));
#4096 = DIRECTION('',(0.749925183393,0.,-0.661522652154));
#4097 = DIRECTION('',(0.,1.,0.));
#4098 = PCURVE('',#2788,#4099);
#4099 = DEFINITIONAL_REPRESENTATION('',(#4100),#4103);
#4100 = B_SPLINE_CURVE_WITH_KNOTS('',1,(#4101,#4102),.UNSPECIFIED.,.F.,
  .F.,(2,2),(0.,1.570796326795),.PIECEWISE_BEZIER_KNOTS.);
#4101 = CARTESIAN_POINT('',(-4.440892098501E-16,1.570796326795));
#4102 = CARTESIAN_POINT('',(-4.440892098501E-16,3.14159265359));
#4103 = ( GEOMETRIC_REPRESENTATION_CONTEXT(2) 
PARAMETRIC_REPRESENTATION_CONTEXT() REPRESENTATION_CONTEXT('2D SPACE',''
  ) );
#4104 = PCURVE('',#2757,#4105);
#4105 = DEFINITIONAL_REPRESENTATION('',(#4106),#4109);
#4106 = B_SPLINE_CURVE_WITH_KNOTS('',1,(#4107,#4108),.UNSPECIFIED.,.F.,
  .F.,(2,2),(0.,1.570796326795),.PIECEWISE_BEZIER_KNOTS.);
#4107 = CARTESIAN_POINT('',(0.,13.385697717553));
#4108 = CARTESIAN_POINT('',(-1.570796326795,13.385697717553));
#4109 = ( GEOMETRIC_REPRESENTATION_CONTEXT(2) 
PARAMETRIC_REPRESENTATION_CONTEXT() REPRESENTATION_CONTEXT('2D SPACE',''
  ) );
#4110 = ORIENTED_EDGE('',*,*,#2769,.T.);
#4111 = ORIENTED_EDGE('',*,*,#2890,.T.);
#4112 = ORIENTED_EDGE('',*,*,#4113,.F.);
#4113 = EDGE_CURVE('',#4090,#2891,#4114,.T.);
#4114 = SURFACE_CURVE('',#4115,(#4120,#4127),.PCURVE_S1.);
#4115 = CIRCLE('',#4116,3.);
#4116 = AXIS2_PLACEMENT_3D('',#4117,#4118,#4119);
#4117 = CARTESIAN_POINT('',(16.,6.,-10.64595555576));
#4118 = DIRECTION('',(0.,1.,-0.));
#4119 = DIRECTION('',(-0.661522652154,-0.,-0.749925183393));
#4120 = PCURVE('',#2788,#4121);
#4121 = DEFINITIONAL_REPRESENTATION('',(#4122),#4126);
#4122 = LINE('',#4123,#4124);
#4123 = CARTESIAN_POINT('',(0.,3.14159265359));
#4124 = VECTOR('',#4125,1.);
#4125 = DIRECTION('',(1.,0.));
#4126 = ( GEOMETRIC_REPRESENTATION_CONTEXT(2) 
PARAMETRIC_REPRESENTATION_CONTEXT() REPRESENTATION_CONTEXT('2D SPACE',''
  ) );
#4127 = PCURVE('',#3071,#4128);
#4128 = DEFINITIONAL_REPRESENTATION('',(#4129),#4133);
#4129 = LINE('',#4130,#4131);
#4130 = CARTESIAN_POINT('',(3.989541627746,-6.));
#4131 = VECTOR('',#4132,1.);
#4132 = DIRECTION('',(-1.,-0.));
#4133 = ( GEOMETRIC_REPRESENTATION_CONTEXT(2) 
PARAMETRIC_REPRESENTATION_CONTEXT() REPRESENTATION_CONTEXT('2D SPACE',''
  ) );
#4134 = ADVANCED_FACE('',(#4135),#2757,.T.);
#4135 = FACE_BOUND('',#4136,.F.);
#4136 = EDGE_LOOP('',(#4137,#4159,#4185,#4186));
#4137 = ORIENTED_EDGE('',*,*,#4138,.T.);
#4138 = EDGE_CURVE('',#2713,#4139,#4141,.T.);
#4139 = VERTEX_POINT('',#4140);
#4140 = CARTESIAN_POINT('',(24.053703869386,6.,-21.75067334946));
#4141 = SURFACE_CURVE('',#4142,(#4147,#4153),.PCURVE_S1.);
#4142 = CIRCLE('',#4143,2.);
#4143 = AXIS2_PLACEMENT_3D('',#4144,#4145,#4146);
#4144 = CARTESIAN_POINT('',(22.730658565078,6.,-23.25052371624));
#4145 = DIRECTION('',(0.749925183393,0.,-0.661522652154));
#4146 = DIRECTION('',(0.661522652154,0.,0.749925183393));
#4147 = PCURVE('',#2757,#4148);
#4148 = DEFINITIONAL_REPRESENTATION('',(#4149),#4152);
#4149 = B_SPLINE_CURVE_WITH_KNOTS('',1,(#4150,#4151),.UNSPECIFIED.,.F.,
  .F.,(2,2),(4.712388980385,6.28318530718),.PIECEWISE_BEZIER_KNOTS.);
#4150 = CARTESIAN_POINT('',(0.,0.));
#4151 = CARTESIAN_POINT('',(-1.570796326795,0.));
#4152 = ( GEOMETRIC_REPRESENTATION_CONTEXT(2) 
PARAMETRIC_REPRESENTATION_CONTEXT() REPRESENTATION_CONTEXT('2D SPACE',''
  ) );
#4153 = PCURVE('',#2729,#4154);
#4154 = DEFINITIONAL_REPRESENTATION('',(#4155),#4158);
#4155 = B_SPLINE_CURVE_WITH_KNOTS('',1,(#4156,#4157),.UNSPECIFIED.,.F.,
  .F.,(2,2),(4.712388980385,6.28318530718),.PIECEWISE_BEZIER_KNOTS.);
#4156 = CARTESIAN_POINT('',(3.51610461003,4.712388980385));
#4157 = CARTESIAN_POINT('',(3.51610461003,6.28318530718));
#4158 = ( GEOMETRIC_REPRESENTATION_CONTEXT(2) 
PARAMETRIC_REPRESENTATION_CONTEXT() REPRESENTATION_CONTEXT('2D SPACE',''
  ) );
#4159 = ORIENTED_EDGE('',*,*,#4160,.T.);
#4160 = EDGE_CURVE('',#4139,#4090,#4161,.T.);
#4161 = SURFACE_CURVE('',#4162,(#4166,#4173),.PCURVE_S1.);
#4162 = LINE('',#4163,#4164);
#4163 = CARTESIAN_POINT('',(24.053703869386,6.,-21.75067334946));
#4164 = VECTOR('',#4165,1.);
#4165 = DIRECTION('',(-0.749925183393,0.,0.661522652154));
#4166 = PCURVE('',#2757,#4167);
#4167 = DEFINITIONAL_REPRESENTATION('',(#4168),#4172);
#4168 = LINE('',#4169,#4170);
#4169 = CARTESIAN_POINT('',(-1.570796326795,0.));
#4170 = VECTOR('',#4171,1.);
#4171 = DIRECTION('',(-0.,1.));
#4172 = ( GEOMETRIC_REPRESENTATION_CONTEXT(2) 
PARAMETRIC_REPRESENTATION_CONTEXT() REPRESENTATION_CONTEXT('2D SPACE',''
  ) );
#4173 = PCURVE('',#4174,#4179);
#4174 = PLANE('',#4175);
#4175 = AXIS2_PLACEMENT_3D('',#4176,#4177,#4178);
#4176 = CARTESIAN_POINT('',(24.053703869386,0.,-21.75067334946));
#4177 = DIRECTION('',(0.661522652154,0.,0.749925183393));
#4178 = DIRECTION('',(-0.749925183393,0.,0.661522652154));
#4179 = DEFINITIONAL_REPRESENTATION('',(#4180),#4184);
#4180 = LINE('',#4181,#4182);
#4181 = CARTESIAN_POINT('',(0.,-6.));
#4182 = VECTOR('',#4183,1.);
#4183 = DIRECTION('',(1.,0.));
#4184 = ( GEOMETRIC_REPRESENTATION_CONTEXT(2) 
PARAMETRIC_REPRESENTATION_CONTEXT() REPRESENTATION_CONTEXT('2D SPACE',''
  ) );
#4185 = ORIENTED_EDGE('',*,*,#4089,.F.);
#4186 = ORIENTED_EDGE('',*,*,#2741,.F.);
#4187 = ADVANCED_FACE('',(#4188),#2729,.T.);
#4188 = FACE_BOUND('',#4189,.T.);
#4189 = EDGE_LOOP('',(#4190,#4212,#4213,#4214));
#4190 = ORIENTED_EDGE('',*,*,#4191,.F.);
#4191 = EDGE_CURVE('',#2685,#4192,#4194,.T.);
#4192 = VERTEX_POINT('',#4193);
#4193 = CARTESIAN_POINT('',(10.089941977086,6.,-32.60353146321));
#4194 = SURFACE_CURVE('',#4195,(#4200,#4206),.PCURVE_S1.);
#4195 = CIRCLE('',#4196,2.);
#4196 = AXIS2_PLACEMENT_3D('',#4197,#4198,#4199);
#4197 = CARTESIAN_POINT('',(11.869954871067,6.,-31.69163558249));
#4198 = DIRECTION('',(-0.455947940357,-0.,0.89000644699));
#4199 = DIRECTION('',(-0.,1.,0.));
#4200 = PCURVE('',#2729,#4201);
#4201 = DEFINITIONAL_REPRESENTATION('',(#4202),#4205);
#4202 = B_SPLINE_CURVE_WITH_KNOTS('',1,(#4203,#4204),.UNSPECIFIED.,.F.,
  .F.,(2,2),(0.,1.570796326795),.PIECEWISE_BEZIER_KNOTS.);
#4203 = CARTESIAN_POINT('',(-1.578983857245E-15,4.712388980385));
#4204 = CARTESIAN_POINT('',(-1.578983857245E-15,6.28318530718));
#4205 = ( GEOMETRIC_REPRESENTATION_CONTEXT(2) 
PARAMETRIC_REPRESENTATION_CONTEXT() REPRESENTATION_CONTEXT('2D SPACE',''
  ) );
#4206 = PCURVE('',#2700,#4207);
#4207 = DEFINITIONAL_REPRESENTATION('',(#4208),#4211);
#4208 = B_SPLINE_CURVE_WITH_KNOTS('',1,(#4209,#4210),.UNSPECIFIED.,.F.,
  .F.,(2,2),(0.,1.570796326795),.PIECEWISE_BEZIER_KNOTS.);
#4209 = CARTESIAN_POINT('',(0.,7.136325071205));
#4210 = CARTESIAN_POINT('',(-1.570796326795,7.136325071205));
#4211 = ( GEOMETRIC_REPRESENTATION_CONTEXT(2) 
PARAMETRIC_REPRESENTATION_CONTEXT() REPRESENTATION_CONTEXT('2D SPACE',''
  ) );
#4212 = ORIENTED_EDGE('',*,*,#2712,.T.);
#4213 = ORIENTED_EDGE('',*,*,#4138,.T.);
#4214 = ORIENTED_EDGE('',*,*,#4215,.F.);
#4215 = EDGE_CURVE('',#4192,#4139,#4216,.T.);
#4216 = SURFACE_CURVE('',#4217,(#4222,#4229),.PCURVE_S1.);
#4217 = CIRCLE('',#4218,9.);
#4218 = AXIS2_PLACEMENT_3D('',#4219,#4220,#4221);
#4219 = CARTESIAN_POINT('',(18.1,6.,-28.5));
#4220 = DIRECTION('',(0.,-1.,0.));
#4221 = DIRECTION('',(-0.89000644699,-0.,-0.455947940357));
#4222 = PCURVE('',#2729,#4223);
#4223 = DEFINITIONAL_REPRESENTATION('',(#4224),#4228);
#4224 = LINE('',#4225,#4226);
#4225 = CARTESIAN_POINT('',(0.,6.28318530718));
#4226 = VECTOR('',#4227,1.);
#4227 = DIRECTION('',(1.,0.));
#4228 = ( GEOMETRIC_REPRESENTATION_CONTEXT(2) 
PARAMETRIC_REPRESENTATION_CONTEXT() REPRESENTATION_CONTEXT('2D SPACE',''
  ) );
#4229 = PCURVE('',#4230,#4235);
#4230 = CYLINDRICAL_SURFACE('',#4231,9.);
#4231 = AXIS2_PLACEMENT_3D('',#4232,#4233,#4234);
#4232 = CARTESIAN_POINT('',(18.1,0.,-28.5));
#4233 = DIRECTION('',(0.,-1.,0.));
#4234 = DIRECTION('',(-0.89000644699,-0.,-0.455947940357));
#4235 = DEFINITIONAL_REPRESENTATION('',(#4236),#4240);
#4236 = LINE('',#4237,#4238);
#4237 = CARTESIAN_POINT('',(1.578983857245E-15,-6.));
#4238 = VECTOR('',#4239,1.);
#4239 = DIRECTION('',(1.,0.));
#4240 = ( GEOMETRIC_REPRESENTATION_CONTEXT(2) 
PARAMETRIC_REPRESENTATION_CONTEXT() REPRESENTATION_CONTEXT('2D SPACE',''
  ) );
#4241 = ADVANCED_FACE('',(#4242),#2639,.T.);
#4242 = FACE_BOUND('',#4243,.F.);
#4243 = EDGE_LOOP('',(#4244,#4245,#4246,#4266));
#4244 = ORIENTED_EDGE('',*,*,#4024,.T.);
#4245 = ORIENTED_EDGE('',*,*,#3881,.T.);
#4246 = ORIENTED_EDGE('',*,*,#4247,.F.);
#4247 = EDGE_CURVE('',#2624,#3882,#4248,.T.);
#4248 = SURFACE_CURVE('',#4249,(#4254,#4260),.PCURVE_S1.);
#4249 = CIRCLE('',#4250,2.);
#4250 = AXIS2_PLACEMENT_3D('',#4251,#4252,#4253);
#4251 = CARTESIAN_POINT('',(4.166129918183,6.,-22.62));
#4252 = DIRECTION('',(-1.,0.,-0.));
#4253 = DIRECTION('',(-0.,1.,0.));
#4254 = PCURVE('',#2639,#4255);
#4255 = DEFINITIONAL_REPRESENTATION('',(#4256),#4259);
#4256 = B_SPLINE_CURVE_WITH_KNOTS('',1,(#4257,#4258),.UNSPECIFIED.,.F.,
  .F.,(2,2),(0.,1.570796326795),.PIECEWISE_BEZIER_KNOTS.);
#4257 = CARTESIAN_POINT('',(0.,12.280545799526));
#4258 = CARTESIAN_POINT('',(-1.570796326795,12.280545799526));
#4259 = ( GEOMETRIC_REPRESENTATION_CONTEXT(2) 
PARAMETRIC_REPRESENTATION_CONTEXT() REPRESENTATION_CONTEXT('2D SPACE',''
  ) );
#4260 = PCURVE('',#2672,#4261);
#4261 = DEFINITIONAL_REPRESENTATION('',(#4262),#4265);
#4262 = B_SPLINE_CURVE_WITH_KNOTS('',1,(#4263,#4264),.UNSPECIFIED.,.F.,
  .F.,(2,2),(0.,1.570796326795),.PIECEWISE_BEZIER_KNOTS.);
#4263 = CARTESIAN_POINT('',(0.,1.570796326795));
#4264 = CARTESIAN_POINT('',(0.,3.14159265359));
#4265 = ( GEOMETRIC_REPRESENTATION_CONTEXT(2) 
PARAMETRIC_REPRESENTATION_CONTEXT() REPRESENTATION_CONTEXT('2D SPACE',''
  ) );
#4266 = ORIENTED_EDGE('',*,*,#2623,.F.);
#4267 = ADVANCED_FACE('',(#4268),#2700,.T.);
#4268 = FACE_BOUND('',#4269,.F.);
#4269 = EDGE_LOOP('',(#4270,#4292,#4318,#4319));
#4270 = ORIENTED_EDGE('',*,*,#4271,.T.);
#4271 = EDGE_CURVE('',#2652,#4272,#4274,.T.);
#4272 = VERTEX_POINT('',#4273);
#4273 = CARTESIAN_POINT('',(6.836149259154,6.,-26.25215614201));
#4274 = SURFACE_CURVE('',#4275,(#4280,#4286),.PCURVE_S1.);
#4275 = CIRCLE('',#4276,2.);
#4276 = AXIS2_PLACEMENT_3D('',#4277,#4278,#4279);
#4277 = CARTESIAN_POINT('',(8.616162153135,6.,-25.3402602613));
#4278 = DIRECTION('',(-0.455947940357,0.,0.89000644699));
#4279 = DIRECTION('',(0.89000644699,0.,0.455947940357));
#4280 = PCURVE('',#2700,#4281);
#4281 = DEFINITIONAL_REPRESENTATION('',(#4282),#4285);
#4282 = B_SPLINE_CURVE_WITH_KNOTS('',1,(#4283,#4284),.UNSPECIFIED.,.F.,
  .F.,(2,2),(1.570796326795,3.14159265359),.PIECEWISE_BEZIER_KNOTS.);
#4283 = CARTESIAN_POINT('',(0.,0.));
#4284 = CARTESIAN_POINT('',(-1.570796326795,0.));
#4285 = ( GEOMETRIC_REPRESENTATION_CONTEXT(2) 
PARAMETRIC_REPRESENTATION_CONTEXT() REPRESENTATION_CONTEXT('2D SPACE',''
  ) );
#4286 = PCURVE('',#2672,#4287);
#4287 = DEFINITIONAL_REPRESENTATION('',(#4288),#4291);
#4288 = B_SPLINE_CURVE_WITH_KNOTS('',1,(#4289,#4290),.UNSPECIFIED.,.F.,
  .F.,(2,2),(1.570796326795,3.14159265359),.PIECEWISE_BEZIER_KNOTS.);
#4289 = CARTESIAN_POINT('',(1.097359309079,1.570796326795));
#4290 = CARTESIAN_POINT('',(1.097359309079,3.14159265359));
#4291 = ( GEOMETRIC_REPRESENTATION_CONTEXT(2) 
PARAMETRIC_REPRESENTATION_CONTEXT() REPRESENTATION_CONTEXT('2D SPACE',''
  ) );
#4292 = ORIENTED_EDGE('',*,*,#4293,.T.);
#4293 = EDGE_CURVE('',#4272,#4192,#4294,.T.);
#4294 = SURFACE_CURVE('',#4295,(#4299,#4306),.PCURVE_S1.);
#4295 = LINE('',#4296,#4297);
#4296 = CARTESIAN_POINT('',(6.836149259154,6.,-26.25215614201));
#4297 = VECTOR('',#4298,1.);
#4298 = DIRECTION('',(0.455947940357,0.,-0.89000644699));
#4299 = PCURVE('',#2700,#4300);
#4300 = DEFINITIONAL_REPRESENTATION('',(#4301),#4305);
#4301 = LINE('',#4302,#4303);
#4302 = CARTESIAN_POINT('',(-1.570796326795,0.));
#4303 = VECTOR('',#4304,1.);
#4304 = DIRECTION('',(-0.,1.));
#4305 = ( GEOMETRIC_REPRESENTATION_CONTEXT(2) 
PARAMETRIC_REPRESENTATION_CONTEXT() REPRESENTATION_CONTEXT('2D SPACE',''
  ) );
#4306 = PCURVE('',#4307,#4312);
#4307 = PLANE('',#4308);
#4308 = AXIS2_PLACEMENT_3D('',#4309,#4310,#4311);
#4309 = CARTESIAN_POINT('',(6.836149259154,0.,-26.25215614201));
#4310 = DIRECTION('',(-0.89000644699,-0.,-0.455947940357));
#4311 = DIRECTION('',(0.455947940357,0.,-0.89000644699));
#4312 = DEFINITIONAL_REPRESENTATION('',(#4313),#4317);
#4313 = LINE('',#4314,#4315);
#4314 = CARTESIAN_POINT('',(0.,-6.));
#4315 = VECTOR('',#4316,1.);
#4316 = DIRECTION('',(1.,0.));
#4317 = ( GEOMETRIC_REPRESENTATION_CONTEXT(2) 
PARAMETRIC_REPRESENTATION_CONTEXT() REPRESENTATION_CONTEXT('2D SPACE',''
  ) );
#4318 = ORIENTED_EDGE('',*,*,#4191,.F.);
#4319 = ORIENTED_EDGE('',*,*,#2684,.F.);
#4320 = ADVANCED_FACE('',(#4321),#2672,.T.);
#4321 = FACE_BOUND('',#4322,.T.);
#4322 = EDGE_LOOP('',(#4323,#4324,#4325,#4326));
#4323 = ORIENTED_EDGE('',*,*,#4247,.F.);
#4324 = ORIENTED_EDGE('',*,*,#2651,.T.);
#4325 = ORIENTED_EDGE('',*,*,#4271,.T.);
#4326 = ORIENTED_EDGE('',*,*,#4327,.F.);
#4327 = EDGE_CURVE('',#3882,#4272,#4328,.T.);
#4328 = SURFACE_CURVE('',#4329,(#4334,#4341),.PCURVE_S1.);
#4329 = CIRCLE('',#4330,3.);
#4330 = AXIS2_PLACEMENT_3D('',#4331,#4332,#4333);
#4331 = CARTESIAN_POINT('',(4.166129918183,6.,-27.61999996308));
#4332 = DIRECTION('',(-0.,1.,0.));
#4333 = DIRECTION('',(0.,0.,1.));
#4334 = PCURVE('',#2672,#4335);
#4335 = DEFINITIONAL_REPRESENTATION('',(#4336),#4340);
#4336 = LINE('',#4337,#4338);
#4337 = CARTESIAN_POINT('',(0.,3.14159265359));
#4338 = VECTOR('',#4339,1.);
#4339 = DIRECTION('',(1.,0.));
#4340 = ( GEOMETRIC_REPRESENTATION_CONTEXT(2) 
PARAMETRIC_REPRESENTATION_CONTEXT() REPRESENTATION_CONTEXT('2D SPACE',''
  ) );
#4341 = PCURVE('',#3920,#4342);
#4342 = DEFINITIONAL_REPRESENTATION('',(#4343),#4347);
#4343 = LINE('',#4344,#4345);
#4344 = CARTESIAN_POINT('',(1.570796326795,-6.));
#4345 = VECTOR('',#4346,1.);
#4346 = DIRECTION('',(-1.,-0.));
#4347 = ( GEOMETRIC_REPRESENTATION_CONTEXT(2) 
PARAMETRIC_REPRESENTATION_CONTEXT() REPRESENTATION_CONTEXT('2D SPACE',''
  ) );
#4348 = ADVANCED_FACE('',(#4349),#2819,.F.);
#4349 = FACE_BOUND('',#4350,.F.);
#4350 = EDGE_LOOP('',(#4351,#4352,#4373,#4374));
#4351 = ORIENTED_EDGE('',*,*,#3616,.F.);
#4352 = ORIENTED_EDGE('',*,*,#4353,.F.);
#4353 = EDGE_CURVE('',#2803,#3617,#4354,.T.);
#4354 = SEAM_CURVE('',#4355,(#4359,#4366),.PCURVE_S1.);
#4355 = LINE('',#4356,#4357);
#4356 = CARTESIAN_POINT('',(22.1,9.,-28.5));
#4357 = VECTOR('',#4358,1.);
#4358 = DIRECTION('',(0.,-1.,2.22044604925E-16));
#4359 = PCURVE('',#2819,#4360);
#4360 = DEFINITIONAL_REPRESENTATION('',(#4361),#4365);
#4361 = LINE('',#4362,#4363);
#4362 = CARTESIAN_POINT('',(6.28318530718,-0.));
#4363 = VECTOR('',#4364,1.);
#4364 = DIRECTION('',(0.,1.));
#4365 = ( GEOMETRIC_REPRESENTATION_CONTEXT(2) 
PARAMETRIC_REPRESENTATION_CONTEXT() REPRESENTATION_CONTEXT('2D SPACE',''
  ) );
#4366 = PCURVE('',#2819,#4367);
#4367 = DEFINITIONAL_REPRESENTATION('',(#4368),#4372);
#4368 = LINE('',#4369,#4370);
#4369 = CARTESIAN_POINT('',(0.,-0.));
#4370 = VECTOR('',#4371,1.);
#4371 = DIRECTION('',(0.,1.));
#4372 = ( GEOMETRIC_REPRESENTATION_CONTEXT(2) 
PARAMETRIC_REPRESENTATION_CONTEXT() REPRESENTATION_CONTEXT('2D SPACE',''
  ) );
#4373 = ORIENTED_EDGE('',*,*,#2802,.T.);
#4374 = ORIENTED_EDGE('',*,*,#4353,.T.);
#4375 = ADVANCED_FACE('',(#4376),#3071,.F.);
#4376 = FACE_BOUND('',#4377,.F.);
#4377 = EDGE_LOOP('',(#4378,#4401,#4423,#4424));
#4378 = ORIENTED_EDGE('',*,*,#4379,.T.);
#4379 = EDGE_CURVE('',#4090,#4380,#4382,.T.);
#4380 = VERTEX_POINT('',#4381);
#4381 = CARTESIAN_POINT('',(14.015432053706,-6.,-12.89573109441));
#4382 = SURFACE_CURVE('',#4383,(#4387,#4394),.PCURVE_S1.);
#4383 = LINE('',#4384,#4385);
#4384 = CARTESIAN_POINT('',(14.015432048622,8.,-12.89573110017));
#4385 = VECTOR('',#4386,1.);
#4386 = DIRECTION('',(0.,-1.,0.));
#4387 = PCURVE('',#3071,#4388);
#4388 = DEFINITIONAL_REPRESENTATION('',(#4389),#4393);
#4389 = LINE('',#4390,#4391);
#4390 = CARTESIAN_POINT('',(3.989541627746,-8.));
#4391 = VECTOR('',#4392,1.);
#4392 = DIRECTION('',(-0.,1.));
#4393 = ( GEOMETRIC_REPRESENTATION_CONTEXT(2) 
PARAMETRIC_REPRESENTATION_CONTEXT() REPRESENTATION_CONTEXT('2D SPACE',''
  ) );
#4394 = PCURVE('',#4174,#4395);
#4395 = DEFINITIONAL_REPRESENTATION('',(#4396),#4400);
#4396 = LINE('',#4397,#4398);
#4397 = CARTESIAN_POINT('',(13.385697717553,-8.));
#4398 = VECTOR('',#4399,1.);
#4399 = DIRECTION('',(0.,1.));
#4400 = ( GEOMETRIC_REPRESENTATION_CONTEXT(2) 
PARAMETRIC_REPRESENTATION_CONTEXT() REPRESENTATION_CONTEXT('2D SPACE',''
  ) );
#4401 = ORIENTED_EDGE('',*,*,#4402,.T.);
#4402 = EDGE_CURVE('',#4380,#3035,#4403,.T.);
#4403 = SURFACE_CURVE('',#4404,(#4409,#4416),.PCURVE_S1.);
#4404 = CIRCLE('',#4405,3.);
#4405 = AXIS2_PLACEMENT_3D('',#4406,#4407,#4408);
#4406 = CARTESIAN_POINT('',(16.,-6.,-10.64595555576));
#4407 = DIRECTION('',(0.,1.,-0.));
#4408 = DIRECTION('',(-0.661522652154,-0.,-0.749925183393));
#4409 = PCURVE('',#3071,#4410);
#4410 = DEFINITIONAL_REPRESENTATION('',(#4411),#4415);
#4411 = LINE('',#4412,#4413);
#4412 = CARTESIAN_POINT('',(3.989541627746,6.));
#4413 = VECTOR('',#4414,1.);
#4414 = DIRECTION('',(-1.,-0.));
#4415 = ( GEOMETRIC_REPRESENTATION_CONTEXT(2) 
PARAMETRIC_REPRESENTATION_CONTEXT() REPRESENTATION_CONTEXT('2D SPACE',''
  ) );
#4416 = PCURVE('',#3256,#4417);
#4417 = DEFINITIONAL_REPRESENTATION('',(#4418),#4422);
#4418 = LINE('',#4419,#4420);
#4419 = CARTESIAN_POINT('',(-0.,3.14159265359));
#4420 = VECTOR('',#4421,1.);
#4421 = DIRECTION('',(-1.,0.));
#4422 = ( GEOMETRIC_REPRESENTATION_CONTEXT(2) 
PARAMETRIC_REPRESENTATION_CONTEXT() REPRESENTATION_CONTEXT('2D SPACE',''
  ) );
#4423 = ORIENTED_EDGE('',*,*,#3057,.T.);
#4424 = ORIENTED_EDGE('',*,*,#4113,.F.);
#4425 = ADVANCED_FACE('',(#4426),#3159,.F.);
#4426 = FACE_BOUND('',#4427,.F.);
#4427 = EDGE_LOOP('',(#4428,#4488,#4489,#4490,#4491,#4492,#4493));
#4428 = ORIENTED_EDGE('',*,*,#4429,.T.);
#4429 = EDGE_CURVE('',#3419,#3933,#4430,.T.);
#4430 = SURFACE_CURVE('',#4431,(#4448,#4468),.PCURVE_S1.);
#4431 = B_SPLINE_CURVE_WITH_KNOTS('',8,(#4432,#4433,#4434,#4435,#4436,
    #4437,#4438,#4439,#4440,#4441,#4442,#4443,#4444,#4445,#4446,#4447),
  .UNSPECIFIED.,.F.,.F.,(9,7,9),(0.,0.45810198811,1.),.UNSPECIFIED.);
#4432 = CARTESIAN_POINT('',(-7.739419498123,-8.,-22.62));
#4433 = CARTESIAN_POINT('',(-7.786436139318,-8.,-22.82661270667));
#4434 = CARTESIAN_POINT('',(-7.831627335525,-7.975605759256,
    -23.03393031777));
#4435 = CARTESIAN_POINT('',(-7.873450339105,-7.926531143551,
    -23.23521444237));
#4436 = CARTESIAN_POINT('',(-7.911206420383,-7.855251922832,
    -23.42584230327));
#4437 = CARTESIAN_POINT('',(-7.94468788707,-7.764888915763,
    -23.60257097815));
#4438 = CARTESIAN_POINT('',(-7.973977450642,-7.659013671614,
    -23.76339934275));
#4439 = CARTESIAN_POINT('',(-7.999311859225,-7.54108286652,
    -23.90734425822));
#4440 = CARTESIAN_POINT('',(-8.046659952816,-7.264137322864,
    -24.18428980188));
#4441 = CARTESIAN_POINT('',(-8.067317269115,-7.100975975488,
    -24.31104940018));
#4442 = CARTESIAN_POINT('',(-8.08368360356,-6.928162906669,
    -24.41539582369));
#4443 = CARTESIAN_POINT('',(-8.096245516865,-6.748436875094,
    -24.49784861688));
#4444 = CARTESIAN_POINT('',(-8.105399582568,-6.564126887631,
    -24.55908224874));
#4445 = CARTESIAN_POINT('',(-8.111403643502,-6.377078678406,
    -24.59964866771));
#4446 = CARTESIAN_POINT('',(-8.114415881343,-6.188717935035,-24.62));
#4447 = CARTESIAN_POINT('',(-8.114415881343,-6.,-24.62));
#4448 = PCURVE('',#3159,#4449);
#4449 = DEFINITIONAL_REPRESENTATION('',(#4450),#4467);
#4450 = B_SPLINE_CURVE_WITH_KNOTS('',8,(#4451,#4452,#4453,#4454,#4455,
    #4456,#4457,#4458,#4459,#4460,#4461,#4462,#4463,#4464,#4465,#4466),
  .UNSPECIFIED.,.F.,.F.,(9,7,9),(0.,0.45810198811,1.),.UNSPECIFIED.);
#4451 = CARTESIAN_POINT('',(2.917843579737,26.));
#4452 = CARTESIAN_POINT('',(2.925839607151,26.));
#4453 = CARTESIAN_POINT('',(2.9338462873,25.975605759256));
#4454 = CARTESIAN_POINT('',(2.94160353922,25.926531143551));
#4455 = CARTESIAN_POINT('',(2.948936212779,25.855251922832));
#4456 = CARTESIAN_POINT('',(2.955723484101,25.764888915763));
#4457 = CARTESIAN_POINT('',(2.961892114461,25.659013671614));
#4458 = CARTESIAN_POINT('',(2.967407420493,25.54108286652));
#4459 = CARTESIAN_POINT('',(2.97800982933,25.264137322864));
#4460 = CARTESIAN_POINT('',(2.982856164588,25.100975975488));
#4461 = CARTESIAN_POINT('',(2.98684181698,24.928162906669));
#4462 = CARTESIAN_POINT('',(2.989989117118,24.748436875094));
#4463 = CARTESIAN_POINT('',(2.992325496038,24.564126887631));
#4464 = CARTESIAN_POINT('',(2.993872979917,24.377078678406));
#4465 = CARTESIAN_POINT('',(2.994649321399,24.188717935035));
#4466 = CARTESIAN_POINT('',(2.994649321399,24.));
#4467 = ( GEOMETRIC_REPRESENTATION_CONTEXT(2) 
PARAMETRIC_REPRESENTATION_CONTEXT() REPRESENTATION_CONTEXT('2D SPACE',''
  ) );
#4468 = PCURVE('',#3458,#4469);
#4469 = DEFINITIONAL_REPRESENTATION('',(#4470),#4487);
#4470 = B_SPLINE_CURVE_WITH_KNOTS('',8,(#4471,#4472,#4473,#4474,#4475,
    #4476,#4477,#4478,#4479,#4480,#4481,#4482,#4483,#4484,#4485,#4486),
  .UNSPECIFIED.,.F.,.F.,(9,7,9),(0.,0.45810198811,1.),.UNSPECIFIED.);
#4471 = CARTESIAN_POINT('',(0.,0.374996383219));
#4472 = CARTESIAN_POINT('',(0.103306353335,0.327979742025));
#4473 = CARTESIAN_POINT('',(0.206964835482,0.282788545818));
#4474 = CARTESIAN_POINT('',(0.309288930713,0.240965542238));
#4475 = CARTESIAN_POINT('',(0.409684337925,0.20320946096));
#4476 = CARTESIAN_POINT('',(0.507704635128,0.169727994273));
#4477 = CARTESIAN_POINT('',(0.603101436131,0.140438430701));
#4478 = CARTESIAN_POINT('',(0.695688018111,0.115104022118));
#4479 = CARTESIAN_POINT('',(0.891518090049,6.775592852734E-02));
#4480 = CARTESIAN_POINT('',(0.994020913229,4.709861222788E-02));
#4481 = CARTESIAN_POINT('',(1.093830797089,3.073227778325E-02));
#4482 = CARTESIAN_POINT('',(1.19147309514,1.817036447756E-02));
#4483 = CARTESIAN_POINT('',(1.287454375544,9.01629877477E-03));
#4484 = CARTESIAN_POINT('',(1.38225663094,3.012237841224E-03));
#4485 = CARTESIAN_POINT('',(1.476437359277,-3.56582855478E-15));
#4486 = CARTESIAN_POINT('',(1.570796326795,-3.552713678801E-15));
#4487 = ( GEOMETRIC_REPRESENTATION_CONTEXT(2) 
PARAMETRIC_REPRESENTATION_CONTEXT() REPRESENTATION_CONTEXT('2D SPACE',''
  ) );
#4488 = ORIENTED_EDGE('',*,*,#3955,.T.);
#4489 = ORIENTED_EDGE('',*,*,#3109,.F.);
#4490 = ORIENTED_EDGE('',*,*,#3273,.T.);
#4491 = ORIENTED_EDGE('',*,*,#3666,.F.);
#4492 = ORIENTED_EDGE('',*,*,#3693,.T.);
#4493 = ORIENTED_EDGE('',*,*,#3418,.T.);
#4494 = ADVANCED_FACE('',(#4495),#3256,.T.);
#4495 = FACE_BOUND('',#4496,.F.);
#4496 = EDGE_LOOP('',(#4497,#4517,#4518,#4519));
#4497 = ORIENTED_EDGE('',*,*,#4498,.F.);
#4498 = EDGE_CURVE('',#3561,#4380,#4499,.T.);
#4499 = SURFACE_CURVE('',#4500,(#4505,#4511),.PCURVE_S1.);
#4500 = CIRCLE('',#4501,2.);
#4501 = AXIS2_PLACEMENT_3D('',#4502,#4503,#4504);
#4502 = CARTESIAN_POINT('',(12.692386749398,-6.,-14.3955814612));
#4503 = DIRECTION('',(-0.749925183393,0.,0.661522652154));
#4504 = DIRECTION('',(0.,-1.,0.));
#4505 = PCURVE('',#3256,#4506);
#4506 = DEFINITIONAL_REPRESENTATION('',(#4507),#4510);
#4507 = B_SPLINE_CURVE_WITH_KNOTS('',1,(#4508,#4509),.UNSPECIFIED.,.F.,
  .F.,(2,2),(0.,1.570796326795),.PIECEWISE_BEZIER_KNOTS.);
#4508 = CARTESIAN_POINT('',(4.440892098501E-16,1.570796326795));
#4509 = CARTESIAN_POINT('',(4.440892098501E-16,3.14159265359));
#4510 = ( GEOMETRIC_REPRESENTATION_CONTEXT(2) 
PARAMETRIC_REPRESENTATION_CONTEXT() REPRESENTATION_CONTEXT('2D SPACE',''
  ) );
#4511 = PCURVE('',#3576,#4512);
#4512 = DEFINITIONAL_REPRESENTATION('',(#4513),#4516);
#4513 = B_SPLINE_CURVE_WITH_KNOTS('',1,(#4514,#4515),.UNSPECIFIED.,.F.,
  .F.,(2,2),(0.,1.570796326795),.PIECEWISE_BEZIER_KNOTS.);
#4514 = CARTESIAN_POINT('',(0.,13.385697717553));
#4515 = CARTESIAN_POINT('',(1.570796326795,13.385697717553));
#4516 = ( GEOMETRIC_REPRESENTATION_CONTEXT(2) 
PARAMETRIC_REPRESENTATION_CONTEXT() REPRESENTATION_CONTEXT('2D SPACE',''
  ) );
#4517 = ORIENTED_EDGE('',*,*,#3588,.T.);
#4518 = ORIENTED_EDGE('',*,*,#3242,.T.);
#4519 = ORIENTED_EDGE('',*,*,#4402,.F.);
#4520 = ADVANCED_FACE('',(#4521),#3576,.T.);
#4521 = FACE_BOUND('',#4522,.T.);
#4522 = EDGE_LOOP('',(#4523,#4545,#4566,#4567));
#4523 = ORIENTED_EDGE('',*,*,#4524,.T.);
#4524 = EDGE_CURVE('',#3532,#4525,#4527,.T.);
#4525 = VERTEX_POINT('',#4526);
#4526 = CARTESIAN_POINT('',(24.053703869386,-6.,-21.75067334946));
#4527 = SURFACE_CURVE('',#4528,(#4533,#4539),.PCURVE_S1.);
#4528 = CIRCLE('',#4529,2.);
#4529 = AXIS2_PLACEMENT_3D('',#4530,#4531,#4532);
#4530 = CARTESIAN_POINT('',(22.730658565078,-6.,-23.25052371624));
#4531 = DIRECTION('',(-0.749925183393,0.,0.661522652154));
#4532 = DIRECTION('',(0.661522652154,0.,0.749925183393));
#4533 = PCURVE('',#3576,#4534);
#4534 = DEFINITIONAL_REPRESENTATION('',(#4535),#4538);
#4535 = B_SPLINE_CURVE_WITH_KNOTS('',1,(#4536,#4537),.UNSPECIFIED.,.F.,
  .F.,(2,2),(4.712388980385,6.28318530718),.PIECEWISE_BEZIER_KNOTS.);
#4536 = CARTESIAN_POINT('',(0.,0.));
#4537 = CARTESIAN_POINT('',(1.570796326795,0.));
#4538 = ( GEOMETRIC_REPRESENTATION_CONTEXT(2) 
PARAMETRIC_REPRESENTATION_CONTEXT() REPRESENTATION_CONTEXT('2D SPACE',''
  ) );
#4539 = PCURVE('',#3548,#4540);
#4540 = DEFINITIONAL_REPRESENTATION('',(#4541),#4544);
#4541 = B_SPLINE_CURVE_WITH_KNOTS('',1,(#4542,#4543),.UNSPECIFIED.,.F.,
  .F.,(2,2),(4.712388980385,6.28318530718),.PIECEWISE_BEZIER_KNOTS.);
#4542 = CARTESIAN_POINT('',(-3.51610461003,4.712388980385));
#4543 = CARTESIAN_POINT('',(-3.51610461003,6.28318530718));
#4544 = ( GEOMETRIC_REPRESENTATION_CONTEXT(2) 
PARAMETRIC_REPRESENTATION_CONTEXT() REPRESENTATION_CONTEXT('2D SPACE',''
  ) );
#4545 = ORIENTED_EDGE('',*,*,#4546,.T.);
#4546 = EDGE_CURVE('',#4525,#4380,#4547,.T.);
#4547 = SURFACE_CURVE('',#4548,(#4552,#4559),.PCURVE_S1.);
#4548 = LINE('',#4549,#4550);
#4549 = CARTESIAN_POINT('',(24.053703869386,-6.,-21.75067334946));
#4550 = VECTOR('',#4551,1.);
#4551 = DIRECTION('',(-0.749925183393,0.,0.661522652154));
#4552 = PCURVE('',#3576,#4553);
#4553 = DEFINITIONAL_REPRESENTATION('',(#4554),#4558);
#4554 = LINE('',#4555,#4556);
#4555 = CARTESIAN_POINT('',(1.570796326795,0.));
#4556 = VECTOR('',#4557,1.);
#4557 = DIRECTION('',(0.,1.));
#4558 = ( GEOMETRIC_REPRESENTATION_CONTEXT(2) 
PARAMETRIC_REPRESENTATION_CONTEXT() REPRESENTATION_CONTEXT('2D SPACE',''
  ) );
#4559 = PCURVE('',#4174,#4560);
#4560 = DEFINITIONAL_REPRESENTATION('',(#4561),#4565);
#4561 = LINE('',#4562,#4563);
#4562 = CARTESIAN_POINT('',(0.,6.));
#4563 = VECTOR('',#4564,1.);
#4564 = DIRECTION('',(1.,0.));
#4565 = ( GEOMETRIC_REPRESENTATION_CONTEXT(2) 
PARAMETRIC_REPRESENTATION_CONTEXT() REPRESENTATION_CONTEXT('2D SPACE',''
  ) );
#4566 = ORIENTED_EDGE('',*,*,#4498,.F.);
#4567 = ORIENTED_EDGE('',*,*,#3560,.F.);
#4568 = ADVANCED_FACE('',(#4569),#3548,.T.);
#4569 = FACE_BOUND('',#4570,.F.);
#4570 = EDGE_LOOP('',(#4571,#4593,#4594,#4595));
#4571 = ORIENTED_EDGE('',*,*,#4572,.F.);
#4572 = EDGE_CURVE('',#3504,#4573,#4575,.T.);
#4573 = VERTEX_POINT('',#4574);
#4574 = CARTESIAN_POINT('',(10.089941977086,-6.,-32.60353146321));
#4575 = SURFACE_CURVE('',#4576,(#4581,#4587),.PCURVE_S1.);
#4576 = CIRCLE('',#4577,2.);
#4577 = AXIS2_PLACEMENT_3D('',#4578,#4579,#4580);
#4578 = CARTESIAN_POINT('',(11.869954871067,-6.,-31.69163558249));
#4579 = DIRECTION('',(0.455947940357,0.,-0.89000644699));
#4580 = DIRECTION('',(0.,-1.,0.));
#4581 = PCURVE('',#3548,#4582);
#4582 = DEFINITIONAL_REPRESENTATION('',(#4583),#4586);
#4583 = B_SPLINE_CURVE_WITH_KNOTS('',1,(#4584,#4585),.UNSPECIFIED.,.F.,
  .F.,(2,2),(0.,1.570796326795),.PIECEWISE_BEZIER_KNOTS.);
#4584 = CARTESIAN_POINT('',(1.578983857245E-15,4.712388980385));
#4585 = CARTESIAN_POINT('',(1.578983857245E-15,6.28318530718));
#4586 = ( GEOMETRIC_REPRESENTATION_CONTEXT(2) 
PARAMETRIC_REPRESENTATION_CONTEXT() REPRESENTATION_CONTEXT('2D SPACE',''
  ) );
#4587 = PCURVE('',#3519,#4588);
#4588 = DEFINITIONAL_REPRESENTATION('',(#4589),#4592);
#4589 = B_SPLINE_CURVE_WITH_KNOTS('',1,(#4590,#4591),.UNSPECIFIED.,.F.,
  .F.,(2,2),(0.,1.570796326795),.PIECEWISE_BEZIER_KNOTS.);
#4590 = CARTESIAN_POINT('',(0.,7.136325071205));
#4591 = CARTESIAN_POINT('',(1.570796326795,7.136325071205));
#4592 = ( GEOMETRIC_REPRESENTATION_CONTEXT(2) 
PARAMETRIC_REPRESENTATION_CONTEXT() REPRESENTATION_CONTEXT('2D SPACE',''
  ) );
#4593 = ORIENTED_EDGE('',*,*,#3531,.T.);
#4594 = ORIENTED_EDGE('',*,*,#4524,.T.);
#4595 = ORIENTED_EDGE('',*,*,#4596,.F.);
#4596 = EDGE_CURVE('',#4573,#4525,#4597,.T.);
#4597 = SURFACE_CURVE('',#4598,(#4603,#4610),.PCURVE_S1.);
#4598 = CIRCLE('',#4599,9.);
#4599 = AXIS2_PLACEMENT_3D('',#4600,#4601,#4602);
#4600 = CARTESIAN_POINT('',(18.1,-6.,-28.5));
#4601 = DIRECTION('',(0.,-1.,0.));
#4602 = DIRECTION('',(-0.89000644699,-0.,-0.455947940357));
#4603 = PCURVE('',#3548,#4604);
#4604 = DEFINITIONAL_REPRESENTATION('',(#4605),#4609);
#4605 = LINE('',#4606,#4607);
#4606 = CARTESIAN_POINT('',(-0.,6.28318530718));
#4607 = VECTOR('',#4608,1.);
#4608 = DIRECTION('',(-1.,0.));
#4609 = ( GEOMETRIC_REPRESENTATION_CONTEXT(2) 
PARAMETRIC_REPRESENTATION_CONTEXT() REPRESENTATION_CONTEXT('2D SPACE',''
  ) );
#4610 = PCURVE('',#4230,#4611);
#4611 = DEFINITIONAL_REPRESENTATION('',(#4612),#4616);
#4612 = LINE('',#4613,#4614);
#4613 = CARTESIAN_POINT('',(1.578983857245E-15,6.));
#4614 = VECTOR('',#4615,1.);
#4615 = DIRECTION('',(1.,0.));
#4616 = ( GEOMETRIC_REPRESENTATION_CONTEXT(2) 
PARAMETRIC_REPRESENTATION_CONTEXT() REPRESENTATION_CONTEXT('2D SPACE',''
  ) );
#4617 = ADVANCED_FACE('',(#4618),#3458,.T.);
#4618 = FACE_BOUND('',#4619,.T.);
#4619 = EDGE_LOOP('',(#4620,#4621,#4622,#4642));
#4620 = ORIENTED_EDGE('',*,*,#4429,.T.);
#4621 = ORIENTED_EDGE('',*,*,#3932,.T.);
#4622 = ORIENTED_EDGE('',*,*,#4623,.F.);
#4623 = EDGE_CURVE('',#3443,#3905,#4624,.T.);
#4624 = SURFACE_CURVE('',#4625,(#4630,#4636),.PCURVE_S1.);
#4625 = CIRCLE('',#4626,2.);
#4626 = AXIS2_PLACEMENT_3D('',#4627,#4628,#4629);
#4627 = CARTESIAN_POINT('',(4.166129918183,-6.,-22.62));
#4628 = DIRECTION('',(1.,0.,0.));
#4629 = DIRECTION('',(0.,-1.,0.));
#4630 = PCURVE('',#3458,#4631);
#4631 = DEFINITIONAL_REPRESENTATION('',(#4632),#4635);
#4632 = B_SPLINE_CURVE_WITH_KNOTS('',1,(#4633,#4634),.UNSPECIFIED.,.F.,
  .F.,(2,2),(0.,1.570796326795),.PIECEWISE_BEZIER_KNOTS.);
#4633 = CARTESIAN_POINT('',(0.,12.280545799526));
#4634 = CARTESIAN_POINT('',(1.570796326795,12.280545799526));
#4635 = ( GEOMETRIC_REPRESENTATION_CONTEXT(2) 
PARAMETRIC_REPRESENTATION_CONTEXT() REPRESENTATION_CONTEXT('2D SPACE',''
  ) );
#4636 = PCURVE('',#3491,#4637);
#4637 = DEFINITIONAL_REPRESENTATION('',(#4638),#4641);
#4638 = B_SPLINE_CURVE_WITH_KNOTS('',1,(#4639,#4640),.UNSPECIFIED.,.F.,
  .F.,(2,2),(0.,1.570796326795),.PIECEWISE_BEZIER_KNOTS.);
#4639 = CARTESIAN_POINT('',(0.,1.570796326795));
#4640 = CARTESIAN_POINT('',(0.,3.14159265359));
#4641 = ( GEOMETRIC_REPRESENTATION_CONTEXT(2) 
PARAMETRIC_REPRESENTATION_CONTEXT() REPRESENTATION_CONTEXT('2D SPACE',''
  ) );
#4642 = ORIENTED_EDGE('',*,*,#3442,.F.);
#4643 = ADVANCED_FACE('',(#4644),#3519,.T.);
#4644 = FACE_BOUND('',#4645,.T.);
#4645 = EDGE_LOOP('',(#4646,#4668,#4689,#4690));
#4646 = ORIENTED_EDGE('',*,*,#4647,.T.);
#4647 = EDGE_CURVE('',#3471,#4648,#4650,.T.);
#4648 = VERTEX_POINT('',#4649);
#4649 = CARTESIAN_POINT('',(6.836149259154,-6.,-26.25215614201));
#4650 = SURFACE_CURVE('',#4651,(#4656,#4662),.PCURVE_S1.);
#4651 = CIRCLE('',#4652,2.);
#4652 = AXIS2_PLACEMENT_3D('',#4653,#4654,#4655);
#4653 = CARTESIAN_POINT('',(8.616162153135,-6.,-25.3402602613));
#4654 = DIRECTION('',(0.455947940357,0.,-0.89000644699));
#4655 = DIRECTION('',(0.89000644699,0.,0.455947940357));
#4656 = PCURVE('',#3519,#4657);
#4657 = DEFINITIONAL_REPRESENTATION('',(#4658),#4661);
#4658 = B_SPLINE_CURVE_WITH_KNOTS('',1,(#4659,#4660),.UNSPECIFIED.,.F.,
  .F.,(2,2),(1.570796326795,3.14159265359),.PIECEWISE_BEZIER_KNOTS.);
#4659 = CARTESIAN_POINT('',(0.,0.));
#4660 = CARTESIAN_POINT('',(1.570796326795,0.));
#4661 = ( GEOMETRIC_REPRESENTATION_CONTEXT(2) 
PARAMETRIC_REPRESENTATION_CONTEXT() REPRESENTATION_CONTEXT('2D SPACE',''
  ) );
#4662 = PCURVE('',#3491,#4663);
#4663 = DEFINITIONAL_REPRESENTATION('',(#4664),#4667);
#4664 = B_SPLINE_CURVE_WITH_KNOTS('',1,(#4665,#4666),.UNSPECIFIED.,.F.,
  .F.,(2,2),(1.570796326795,3.14159265359),.PIECEWISE_BEZIER_KNOTS.);
#4665 = CARTESIAN_POINT('',(-1.097359309079,1.570796326795));
#4666 = CARTESIAN_POINT('',(-1.097359309079,3.14159265359));
#4667 = ( GEOMETRIC_REPRESENTATION_CONTEXT(2) 
PARAMETRIC_REPRESENTATION_CONTEXT() REPRESENTATION_CONTEXT('2D SPACE',''
  ) );
#4668 = ORIENTED_EDGE('',*,*,#4669,.T.);
#4669 = EDGE_CURVE('',#4648,#4573,#4670,.T.);
#4670 = SURFACE_CURVE('',#4671,(#4675,#4682),.PCURVE_S1.);
#4671 = LINE('',#4672,#4673);
#4672 = CARTESIAN_POINT('',(6.836149259154,-6.,-26.25215614201));
#4673 = VECTOR('',#4674,1.);
#4674 = DIRECTION('',(0.455947940357,0.,-0.89000644699));
#4675 = PCURVE('',#3519,#4676);
#4676 = DEFINITIONAL_REPRESENTATION('',(#4677),#4681);
#4677 = LINE('',#4678,#4679);
#4678 = CARTESIAN_POINT('',(1.570796326795,0.));
#4679 = VECTOR('',#4680,1.);
#4680 = DIRECTION('',(0.,1.));
#4681 = ( GEOMETRIC_REPRESENTATION_CONTEXT(2) 
PARAMETRIC_REPRESENTATION_CONTEXT() REPRESENTATION_CONTEXT('2D SPACE',''
  ) );
#4682 = PCURVE('',#4307,#4683);
#4683 = DEFINITIONAL_REPRESENTATION('',(#4684),#4688);
#4684 = LINE('',#4685,#4686);
#4685 = CARTESIAN_POINT('',(0.,6.));
#4686 = VECTOR('',#4687,1.);
#4687 = DIRECTION('',(1.,0.));
#4688 = ( GEOMETRIC_REPRESENTATION_CONTEXT(2) 
PARAMETRIC_REPRESENTATION_CONTEXT() REPRESENTATION_CONTEXT('2D SPACE',''
  ) );
#4689 = ORIENTED_EDGE('',*,*,#4572,.F.);
#4690 = ORIENTED_EDGE('',*,*,#3503,.F.);
#4691 = ADVANCED_FACE('',(#4692),#3491,.T.);
#4692 = FACE_BOUND('',#4693,.F.);
#4693 = EDGE_LOOP('',(#4694,#4695,#4696,#4697));
#4694 = ORIENTED_EDGE('',*,*,#4623,.F.);
#4695 = ORIENTED_EDGE('',*,*,#3470,.T.);
#4696 = ORIENTED_EDGE('',*,*,#4647,.T.);
#4697 = ORIENTED_EDGE('',*,*,#4698,.F.);
#4698 = EDGE_CURVE('',#3905,#4648,#4699,.T.);
#4699 = SURFACE_CURVE('',#4700,(#4705,#4712),.PCURVE_S1.);
#4700 = CIRCLE('',#4701,3.);
#4701 = AXIS2_PLACEMENT_3D('',#4702,#4703,#4704);
#4702 = CARTESIAN_POINT('',(4.166129918183,-6.,-27.61999996308));
#4703 = DIRECTION('',(-0.,1.,0.));
#4704 = DIRECTION('',(0.,0.,1.));
#4705 = PCURVE('',#3491,#4706);
#4706 = DEFINITIONAL_REPRESENTATION('',(#4707),#4711);
#4707 = LINE('',#4708,#4709);
#4708 = CARTESIAN_POINT('',(-0.,3.14159265359));
#4709 = VECTOR('',#4710,1.);
#4710 = DIRECTION('',(-1.,0.));
#4711 = ( GEOMETRIC_REPRESENTATION_CONTEXT(2) 
PARAMETRIC_REPRESENTATION_CONTEXT() REPRESENTATION_CONTEXT('2D SPACE',''
  ) );
#4712 = PCURVE('',#3920,#4713);
#4713 = DEFINITIONAL_REPRESENTATION('',(#4714),#4718);
#4714 = LINE('',#4715,#4716);
#4715 = CARTESIAN_POINT('',(1.570796326795,6.));
#4716 = VECTOR('',#4717,1.);
#4717 = DIRECTION('',(-1.,-0.));
#4718 = ( GEOMETRIC_REPRESENTATION_CONTEXT(2) 
PARAMETRIC_REPRESENTATION_CONTEXT() REPRESENTATION_CONTEXT('2D SPACE',''
  ) );
#4719 = ADVANCED_FACE('',(#4720),#3842,.F.);
#4720 = FACE_BOUND('',#4721,.F.);
#4721 = EDGE_LOOP('',(#4722,#4723,#4746,#4773));
#4722 = ORIENTED_EDGE('',*,*,#3825,.F.);
#4723 = ORIENTED_EDGE('',*,*,#4724,.F.);
#4724 = EDGE_CURVE('',#4725,#3826,#4727,.T.);
#4725 = VERTEX_POINT('',#4726);
#4726 = CARTESIAN_POINT('',(5.2,-1.273632671113E-15,-22.62));
#4727 = SEAM_CURVE('',#4728,(#4732,#4739),.PCURVE_S1.);
#4728 = LINE('',#4729,#4730);
#4729 = CARTESIAN_POINT('',(5.2,-1.273632671113E-15,-22.62));
#4730 = VECTOR('',#4731,1.);
#4731 = DIRECTION('',(0.,0.,1.));
#4732 = PCURVE('',#3842,#4733);
#4733 = DEFINITIONAL_REPRESENTATION('',(#4734),#4738);
#4734 = LINE('',#4735,#4736);
#4735 = CARTESIAN_POINT('',(6.28318530718,-0.));
#4736 = VECTOR('',#4737,1.);
#4737 = DIRECTION('',(0.,1.));
#4738 = ( GEOMETRIC_REPRESENTATION_CONTEXT(2) 
PARAMETRIC_REPRESENTATION_CONTEXT() REPRESENTATION_CONTEXT('2D SPACE',''
  ) );
#4739 = PCURVE('',#3842,#4740);
#4740 = DEFINITIONAL_REPRESENTATION('',(#4741),#4745);
#4741 = LINE('',#4742,#4743);
#4742 = CARTESIAN_POINT('',(0.,-0.));
#4743 = VECTOR('',#4744,1.);
#4744 = DIRECTION('',(0.,1.));
#4745 = ( GEOMETRIC_REPRESENTATION_CONTEXT(2) 
PARAMETRIC_REPRESENTATION_CONTEXT() REPRESENTATION_CONTEXT('2D SPACE',''
  ) );
#4746 = ORIENTED_EDGE('',*,*,#4747,.T.);
#4747 = EDGE_CURVE('',#4725,#4725,#4748,.T.);
#4748 = SURFACE_CURVE('',#4749,(#4754,#4761),.PCURVE_S1.);
#4749 = CIRCLE('',#4750,5.2);
#4750 = AXIS2_PLACEMENT_3D('',#4751,#4752,#4753);
#4751 = CARTESIAN_POINT('',(0.,0.,-22.62));
#4752 = DIRECTION('',(0.,0.,1.));
#4753 = DIRECTION('',(1.,0.,-0.));
#4754 = PCURVE('',#3842,#4755);
#4755 = DEFINITIONAL_REPRESENTATION('',(#4756),#4760);
#4756 = LINE('',#4757,#4758);
#4757 = CARTESIAN_POINT('',(0.,0.));
#4758 = VECTOR('',#4759,1.);
#4759 = DIRECTION('',(1.,0.));
#4760 = ( GEOMETRIC_REPRESENTATION_CONTEXT(2) 
PARAMETRIC_REPRESENTATION_CONTEXT() REPRESENTATION_CONTEXT('2D SPACE',''
  ) );
#4761 = PCURVE('',#4762,#4767);
#4762 = PLANE('',#4763);
#4763 = AXIS2_PLACEMENT_3D('',#4764,#4765,#4766);
#4764 = CARTESIAN_POINT('',(0.,0.,-22.62));
#4765 = DIRECTION('',(0.,0.,1.));
#4766 = DIRECTION('',(1.,0.,-0.));
#4767 = DEFINITIONAL_REPRESENTATION('',(#4768),#4772);
#4768 = CIRCLE('',#4769,5.2);
#4769 = AXIS2_PLACEMENT_2D('',#4770,#4771);
#4770 = CARTESIAN_POINT('',(0.,0.));
#4771 = DIRECTION('',(1.,0.));
#4772 = ( GEOMETRIC_REPRESENTATION_CONTEXT(2) 
PARAMETRIC_REPRESENTATION_CONTEXT() REPRESENTATION_CONTEXT('2D SPACE',''
  ) );
#4773 = ORIENTED_EDGE('',*,*,#4724,.T.);
#4774 = ADVANCED_FACE('',(#4775),#3920,.F.);
#4775 = FACE_BOUND('',#4776,.F.);
#4776 = EDGE_LOOP('',(#4777,#4798,#4799,#4800));
#4777 = ORIENTED_EDGE('',*,*,#4778,.F.);
#4778 = EDGE_CURVE('',#4272,#4648,#4779,.T.);
#4779 = SURFACE_CURVE('',#4780,(#4784,#4791),.PCURVE_S1.);
#4780 = LINE('',#4781,#4782);
#4781 = CARTESIAN_POINT('',(6.836149259154,8.,-26.25215614201));
#4782 = VECTOR('',#4783,1.);
#4783 = DIRECTION('',(0.,-1.,0.));
#4784 = PCURVE('',#3920,#4785);
#4785 = DEFINITIONAL_REPRESENTATION('',(#4786),#4790);
#4786 = LINE('',#4787,#4788);
#4787 = CARTESIAN_POINT('',(0.473437017716,-8.));
#4788 = VECTOR('',#4789,1.);
#4789 = DIRECTION('',(-0.,1.));
#4790 = ( GEOMETRIC_REPRESENTATION_CONTEXT(2) 
PARAMETRIC_REPRESENTATION_CONTEXT() REPRESENTATION_CONTEXT('2D SPACE',''
  ) );
#4791 = PCURVE('',#4307,#4792);
#4792 = DEFINITIONAL_REPRESENTATION('',(#4793),#4797);
#4793 = LINE('',#4794,#4795);
#4794 = CARTESIAN_POINT('',(0.,-8.));
#4795 = VECTOR('',#4796,1.);
#4796 = DIRECTION('',(0.,1.));
#4797 = ( GEOMETRIC_REPRESENTATION_CONTEXT(2) 
PARAMETRIC_REPRESENTATION_CONTEXT() REPRESENTATION_CONTEXT('2D SPACE',''
  ) );
#4798 = ORIENTED_EDGE('',*,*,#4327,.F.);
#4799 = ORIENTED_EDGE('',*,*,#3904,.T.);
#4800 = ORIENTED_EDGE('',*,*,#4698,.T.);
#4801 = ADVANCED_FACE('',(#4802),#4005,.F.);
#4802 = FACE_BOUND('',#4803,.F.);
#4803 = EDGE_LOOP('',(#4804,#4828,#4849,#4850));
#4804 = ORIENTED_EDGE('',*,*,#4805,.F.);
#4805 = EDGE_CURVE('',#4806,#4806,#4808,.T.);
#4806 = VERTEX_POINT('',#4807);
#4807 = CARTESIAN_POINT('',(2.75,-6.73555739531E-16,-22.62));
#4808 = SURFACE_CURVE('',#4809,(#4814,#4821),.PCURVE_S1.);
#4809 = CIRCLE('',#4810,2.75);
#4810 = AXIS2_PLACEMENT_3D('',#4811,#4812,#4813);
#4811 = CARTESIAN_POINT('',(0.,0.,-22.62));
#4812 = DIRECTION('',(0.,0.,1.));
#4813 = DIRECTION('',(1.,0.,-0.));
#4814 = PCURVE('',#4005,#4815);
#4815 = DEFINITIONAL_REPRESENTATION('',(#4816),#4820);
#4816 = LINE('',#4817,#4818);
#4817 = CARTESIAN_POINT('',(0.,3.));
#4818 = VECTOR('',#4819,1.);
#4819 = DIRECTION('',(1.,0.));
#4820 = ( GEOMETRIC_REPRESENTATION_CONTEXT(2) 
PARAMETRIC_REPRESENTATION_CONTEXT() REPRESENTATION_CONTEXT('2D SPACE',''
  ) );
#4821 = PCURVE('',#4762,#4822);
#4822 = DEFINITIONAL_REPRESENTATION('',(#4823),#4827);
#4823 = CIRCLE('',#4824,2.75);
#4824 = AXIS2_PLACEMENT_2D('',#4825,#4826);
#4825 = CARTESIAN_POINT('',(0.,0.));
#4826 = DIRECTION('',(1.,0.));
#4827 = ( GEOMETRIC_REPRESENTATION_CONTEXT(2) 
PARAMETRIC_REPRESENTATION_CONTEXT() REPRESENTATION_CONTEXT('2D SPACE',''
  ) );
#4828 = ORIENTED_EDGE('',*,*,#4829,.F.);
#4829 = EDGE_CURVE('',#3985,#4806,#4830,.T.);
#4830 = SEAM_CURVE('',#4831,(#4835,#4842),.PCURVE_S1.);
#4831 = LINE('',#4832,#4833);
#4832 = CARTESIAN_POINT('',(2.75,-6.73555739531E-16,-25.62));
#4833 = VECTOR('',#4834,1.);
#4834 = DIRECTION('',(0.,0.,1.));
#4835 = PCURVE('',#4005,#4836);
#4836 = DEFINITIONAL_REPRESENTATION('',(#4837),#4841);
#4837 = LINE('',#4838,#4839);
#4838 = CARTESIAN_POINT('',(6.28318530718,-0.));
#4839 = VECTOR('',#4840,1.);
#4840 = DIRECTION('',(0.,1.));
#4841 = ( GEOMETRIC_REPRESENTATION_CONTEXT(2) 
PARAMETRIC_REPRESENTATION_CONTEXT() REPRESENTATION_CONTEXT('2D SPACE',''
  ) );
#4842 = PCURVE('',#4005,#4843);
#4843 = DEFINITIONAL_REPRESENTATION('',(#4844),#4848);
#4844 = LINE('',#4845,#4846);
#4845 = CARTESIAN_POINT('',(0.,-0.));
#4846 = VECTOR('',#4847,1.);
#4847 = DIRECTION('',(0.,1.));
#4848 = ( GEOMETRIC_REPRESENTATION_CONTEXT(2) 
PARAMETRIC_REPRESENTATION_CONTEXT() REPRESENTATION_CONTEXT('2D SPACE',''
  ) );
#4849 = ORIENTED_EDGE('',*,*,#3984,.T.);
#4850 = ORIENTED_EDGE('',*,*,#4829,.T.);
#4851 = ADVANCED_FACE('',(#4852),#4174,.T.);
#4852 = FACE_BOUND('',#4853,.T.);
#4853 = EDGE_LOOP('',(#4854,#4875,#4876,#4877));
#4854 = ORIENTED_EDGE('',*,*,#4855,.F.);
#4855 = EDGE_CURVE('',#4139,#4525,#4856,.T.);
#4856 = SURFACE_CURVE('',#4857,(#4861,#4868),.PCURVE_S1.);
#4857 = LINE('',#4858,#4859);
#4858 = CARTESIAN_POINT('',(24.053703869386,8.,-21.75067334946));
#4859 = VECTOR('',#4860,1.);
#4860 = DIRECTION('',(0.,-1.,0.));
#4861 = PCURVE('',#4174,#4862);
#4862 = DEFINITIONAL_REPRESENTATION('',(#4863),#4867);
#4863 = LINE('',#4864,#4865);
#4864 = CARTESIAN_POINT('',(0.,-8.));
#4865 = VECTOR('',#4866,1.);
#4866 = DIRECTION('',(0.,1.));
#4867 = ( GEOMETRIC_REPRESENTATION_CONTEXT(2) 
PARAMETRIC_REPRESENTATION_CONTEXT() REPRESENTATION_CONTEXT('2D SPACE',''
  ) );
#4868 = PCURVE('',#4230,#4869);
#4869 = DEFINITIONAL_REPRESENTATION('',(#4870),#4874);
#4870 = LINE('',#4871,#4872);
#4871 = CARTESIAN_POINT('',(3.51610461003,-8.));
#4872 = VECTOR('',#4873,1.);
#4873 = DIRECTION('',(-0.,1.));
#4874 = ( GEOMETRIC_REPRESENTATION_CONTEXT(2) 
PARAMETRIC_REPRESENTATION_CONTEXT() REPRESENTATION_CONTEXT('2D SPACE',''
  ) );
#4875 = ORIENTED_EDGE('',*,*,#4160,.T.);
#4876 = ORIENTED_EDGE('',*,*,#4379,.T.);
#4877 = ORIENTED_EDGE('',*,*,#4546,.F.);
#4878 = ADVANCED_FACE('',(#4879),#4230,.T.);
#4879 = FACE_BOUND('',#4880,.T.);
#4880 = EDGE_LOOP('',(#4881,#4902,#4903,#4904));
#4881 = ORIENTED_EDGE('',*,*,#4882,.F.);
#4882 = EDGE_CURVE('',#4192,#4573,#4883,.T.);
#4883 = SURFACE_CURVE('',#4884,(#4888,#4895),.PCURVE_S1.);
#4884 = LINE('',#4885,#4886);
#4885 = CARTESIAN_POINT('',(10.089941977086,8.,-32.60353146321));
#4886 = VECTOR('',#4887,1.);
#4887 = DIRECTION('',(0.,-1.,0.));
#4888 = PCURVE('',#4230,#4889);
#4889 = DEFINITIONAL_REPRESENTATION('',(#4890),#4894);
#4890 = LINE('',#4891,#4892);
#4891 = CARTESIAN_POINT('',(0.,-8.));
#4892 = VECTOR('',#4893,1.);
#4893 = DIRECTION('',(-0.,1.));
#4894 = ( GEOMETRIC_REPRESENTATION_CONTEXT(2) 
PARAMETRIC_REPRESENTATION_CONTEXT() REPRESENTATION_CONTEXT('2D SPACE',''
  ) );
#4895 = PCURVE('',#4307,#4896);
#4896 = DEFINITIONAL_REPRESENTATION('',(#4897),#4901);
#4897 = LINE('',#4898,#4899);
#4898 = CARTESIAN_POINT('',(7.136325071205,-8.));
#4899 = VECTOR('',#4900,1.);
#4900 = DIRECTION('',(0.,1.));
#4901 = ( GEOMETRIC_REPRESENTATION_CONTEXT(2) 
PARAMETRIC_REPRESENTATION_CONTEXT() REPRESENTATION_CONTEXT('2D SPACE',''
  ) );
#4902 = ORIENTED_EDGE('',*,*,#4215,.T.);
#4903 = ORIENTED_EDGE('',*,*,#4855,.T.);
#4904 = ORIENTED_EDGE('',*,*,#4596,.F.);
#4905 = ADVANCED_FACE('',(#4906),#4307,.T.);
#4906 = FACE_BOUND('',#4907,.T.);
#4907 = EDGE_LOOP('',(#4908,#4909,#4910,#4911));
#4908 = ORIENTED_EDGE('',*,*,#4778,.F.);
#4909 = ORIENTED_EDGE('',*,*,#4293,.T.);
#4910 = ORIENTED_EDGE('',*,*,#4882,.T.);
#4911 = ORIENTED_EDGE('',*,*,#4669,.F.);
#4912 = ADVANCED_FACE('',(#4913,#4916),#4762,.T.);
#4913 = FACE_BOUND('',#4914,.T.);
#4914 = EDGE_LOOP('',(#4915));
#4915 = ORIENTED_EDGE('',*,*,#4747,.T.);
#4916 = FACE_BOUND('',#4917,.T.);
#4917 = EDGE_LOOP('',(#4918));
#4918 = ORIENTED_EDGE('',*,*,#4805,.F.);
#4919 = ( GEOMETRIC_REPRESENTATION_CONTEXT(3) 
GLOBAL_UNCERTAINTY_ASSIGNED_CONTEXT((#4923)) 
GLOBAL_UNIT_ASSIGNED_CONTEXT((#4920,#4921,#4922)) REPRESENTATION_CONTEXT
('Context #1','3D Context with UNIT and UNCERTAINTY') );
#4920 = ( LENGTH_UNIT() NAMED_UNIT(*) SI_UNIT(.MILLI.,.METRE.) );
#4921 = ( NAMED_UNIT(*) PLANE_ANGLE_UNIT() SI_UNIT($,.RADIAN.) );
#4922 = ( NAMED_UNIT(*) SI_UNIT($,.STERADIAN.) SOLID_ANGLE_UNIT() );
#4923 = UNCERTAINTY_MEASURE_WITH_UNIT(LENGTH_MEASURE(5.E-06),#4920,
  'distance_accuracy_value','confusion accuracy');
#4924 = CONTEXT_DEPENDENT_SHAPE_REPRESENTATION(#4925,#4927);
#4925 = ( REPRESENTATION_RELATIONSHIP('','',#88,#10) 
REPRESENTATION_RELATIONSHIP_WITH_TRANSFORMATION(#4926) 
SHAPE_REPRESENTATION_RELATIONSHIP() );
#4926 = ITEM_DEFINED_TRANSFORMATION('','',#11,#15);
#4927 = PRODUCT_DEFINITION_SHAPE('Placement','Placement of an item',
  #4928);
#4928 = NEXT_ASSEMBLY_USAGE_OCCURRENCE('6','body','',#5,#83,$);
#4929 = PRODUCT_RELATED_PRODUCT_CATEGORY('part',$,(#85));
#4930 = SHAPE_DEFINITION_REPRESENTATION(#4931,#4937);
#4931 = PRODUCT_DEFINITION_SHAPE('','',#4932);
#4932 = PRODUCT_DEFINITION('design','',#4933,#4936);
#4933 = PRODUCT_DEFINITION_FORMATION('','',#4934);
#4934 = PRODUCT('axle_pin','axle_pin','',(#4935));
#4935 = PRODUCT_CONTEXT('',#2,'mechanical');
#4936 = PRODUCT_DEFINITION_CONTEXT('part definition',#2,'design');
#4937 = ADVANCED_BREP_SHAPE_REPRESENTATION('',(#11,#4938),#5396);
#4938 = MANIFOLD_SOLID_BREP('',#4939);
#4939 = CLOSED_SHELL('',(#4940,#5028,#5063,#5098,#5153,#5208,#5243,#5278
    ,#5333,#5388,#5392));
#4940 = ADVANCED_FACE('',(#4941),#4954,.T.);
#4941 = FACE_BOUND('',#4942,.T.);
#4942 = EDGE_LOOP('',(#4943,#4977,#5000,#5027));
#4943 = ORIENTED_EDGE('',*,*,#4944,.T.);
#4944 = EDGE_CURVE('',#4945,#4945,#4947,.T.);
#4945 = VERTEX_POINT('',#4946);
#4946 = CARTESIAN_POINT('',(4.,20.8,-5.598245221759E-15));
#4947 = SURFACE_CURVE('',#4948,(#4953,#4965),.PCURVE_S1.);
#4948 = CIRCLE('',#4949,4.);
#4949 = AXIS2_PLACEMENT_3D('',#4950,#4951,#4952);
#4950 = CARTESIAN_POINT('',(0.,20.8,-4.618527782441E-15));
#4951 = DIRECTION('',(0.,-1.,2.22044604925E-16));
#4952 = DIRECTION('',(1.,0.,0.));
#4953 = PCURVE('',#4954,#4959);
#4954 = CYLINDRICAL_SURFACE('',#4955,4.);
#4955 = AXIS2_PLACEMENT_3D('',#4956,#4957,#4958);
#4956 = CARTESIAN_POINT('',(0.,23.2,-5.151434834261E-15));
#4957 = DIRECTION('',(0.,-1.,2.22044604925E-16));
#4958 = DIRECTION('',(1.,0.,0.));
#4959 = DEFINITIONAL_REPRESENTATION('',(#4960),#4964);
#4960 = LINE('',#4961,#4962);
#4961 = CARTESIAN_POINT('',(0.,2.4));
#4962 = VECTOR('',#4963,1.);
#4963 = DIRECTION('',(1.,0.));
#4964 = ( GEOMETRIC_REPRESENTATION_CONTEXT(2) 
PARAMETRIC_REPRESENTATION_CONTEXT() REPRESENTATION_CONTEXT('2D SPACE',''
  ) );
#4965 = PCURVE('',#4966,#4971);
#4966 = PLANE('',#4967);
#4967 = AXIS2_PLACEMENT_3D('',#4968,#4969,#4970);
#4968 = CARTESIAN_POINT('',(0.,20.8,9.992007221626E-17));
#4969 = DIRECTION('',(0.,-1.,2.22044604925E-16));
#4970 = DIRECTION('',(1.,0.,0.));
#4971 = DEFINITIONAL_REPRESENTATION('',(#4972),#4976);
#4972 = CIRCLE('',#4973,4.);
#4973 = AXIS2_PLACEMENT_2D('',#4974,#4975);
#4974 = CARTESIAN_POINT('',(0.,-4.718447854657E-15));
#4975 = DIRECTION('',(1.,0.));
#4976 = ( GEOMETRIC_REPRESENTATION_CONTEXT(2) 
PARAMETRIC_REPRESENTATION_CONTEXT() REPRESENTATION_CONTEXT('2D SPACE',''
  ) );
#4977 = ORIENTED_EDGE('',*,*,#4978,.T.);
#4978 = EDGE_CURVE('',#4945,#4979,#4981,.T.);
#4979 = VERTEX_POINT('',#4980);
#4980 = CARTESIAN_POINT('',(4.,-20.8,3.638810343123E-15));
#4981 = SEAM_CURVE('',#4982,(#4986,#4993),.PCURVE_S1.);
#4982 = LINE('',#4983,#4984);
#4983 = CARTESIAN_POINT('',(4.,23.2,-6.131152273579E-15));
#4984 = VECTOR('',#4985,1.);
#4985 = DIRECTION('',(0.,-1.,2.22044604925E-16));
#4986 = PCURVE('',#4954,#4987);
#4987 = DEFINITIONAL_REPRESENTATION('',(#4988),#4992);
#4988 = LINE('',#4989,#4990);
#4989 = CARTESIAN_POINT('',(0.,-0.));
#4990 = VECTOR('',#4991,1.);
#4991 = DIRECTION('',(0.,1.));
#4992 = ( GEOMETRIC_REPRESENTATION_CONTEXT(2) 
PARAMETRIC_REPRESENTATION_CONTEXT() REPRESENTATION_CONTEXT('2D SPACE',''
  ) );
#4993 = PCURVE('',#4954,#4994);
#4994 = DEFINITIONAL_REPRESENTATION('',(#4995),#4999);
#4995 = LINE('',#4996,#4997);
#4996 = CARTESIAN_POINT('',(6.28318530718,-0.));
#4997 = VECTOR('',#4998,1.);
#4998 = DIRECTION('',(0.,1.));
#4999 = ( GEOMETRIC_REPRESENTATION_CONTEXT(2) 
PARAMETRIC_REPRESENTATION_CONTEXT() REPRESENTATION_CONTEXT('2D SPACE',''
  ) );
#5000 = ORIENTED_EDGE('',*,*,#5001,.F.);
#5001 = EDGE_CURVE('',#4979,#4979,#5002,.T.);
#5002 = SURFACE_CURVE('',#5003,(#5008,#5015),.PCURVE_S1.);
#5003 = CIRCLE('',#5004,4.);
#5004 = AXIS2_PLACEMENT_3D('',#5005,#5006,#5007);
#5005 = CARTESIAN_POINT('',(0.,-20.8,4.618527782441E-15));
#5006 = DIRECTION('',(0.,-1.,2.22044604925E-16));
#5007 = DIRECTION('',(1.,0.,0.));
#5008 = PCURVE('',#4954,#5009);
#5009 = DEFINITIONAL_REPRESENTATION('',(#5010),#5014);
#5010 = LINE('',#5011,#5012);
#5011 = CARTESIAN_POINT('',(0.,44.));
#5012 = VECTOR('',#5013,1.);
#5013 = DIRECTION('',(1.,0.));
#5014 = ( GEOMETRIC_REPRESENTATION_CONTEXT(2) 
PARAMETRIC_REPRESENTATION_CONTEXT() REPRESENTATION_CONTEXT('2D SPACE',''
  ) );
#5015 = PCURVE('',#5016,#5021);
#5016 = PLANE('',#5017);
#5017 = AXIS2_PLACEMENT_3D('',#5018,#5019,#5020);
#5018 = CARTESIAN_POINT('',(0.,-20.8,-9.992007221626E-17));
#5019 = DIRECTION('',(0.,-1.,2.22044604925E-16));
#5020 = DIRECTION('',(1.,0.,0.));
#5021 = DEFINITIONAL_REPRESENTATION('',(#5022),#5026);
#5022 = CIRCLE('',#5023,4.);
#5023 = AXIS2_PLACEMENT_2D('',#5024,#5025);
#5024 = CARTESIAN_POINT('',(0.,4.718447854657E-15));
#5025 = DIRECTION('',(1.,0.));
#5026 = ( GEOMETRIC_REPRESENTATION_CONTEXT(2) 
PARAMETRIC_REPRESENTATION_CONTEXT() REPRESENTATION_CONTEXT('2D SPACE',''
  ) );
#5027 = ORIENTED_EDGE('',*,*,#4978,.F.);
#5028 = ADVANCED_FACE('',(#5029,#5032),#4966,.F.);
#5029 = FACE_BOUND('',#5030,.F.);
#5030 = EDGE_LOOP('',(#5031));
#5031 = ORIENTED_EDGE('',*,*,#4944,.T.);
#5032 = FACE_BOUND('',#5033,.F.);
#5033 = EDGE_LOOP('',(#5034));
#5034 = ORIENTED_EDGE('',*,*,#5035,.F.);
#5035 = EDGE_CURVE('',#5036,#5036,#5038,.T.);
#5036 = VERTEX_POINT('',#5037);
#5037 = CARTESIAN_POINT('',(3.8,20.8,-8.308114951357E-16));
#5038 = SURFACE_CURVE('',#5039,(#5044,#5051),.PCURVE_S1.);
#5039 = CIRCLE('',#5040,3.8);
#5040 = AXIS2_PLACEMENT_3D('',#5041,#5042,#5043);
#5041 = CARTESIAN_POINT('',(0.,20.8,9.992007221626E-17));
#5042 = DIRECTION('',(0.,-1.,2.22044604925E-16));
#5043 = DIRECTION('',(1.,0.,0.));
#5044 = PCURVE('',#4966,#5045);
#5045 = DEFINITIONAL_REPRESENTATION('',(#5046),#5050);
#5046 = CIRCLE('',#5047,3.8);
#5047 = AXIS2_PLACEMENT_2D('',#5048,#5049);
#5048 = CARTESIAN_POINT('',(0.,0.));
#5049 = DIRECTION('',(1.,0.));
#5050 = ( GEOMETRIC_REPRESENTATION_CONTEXT(2) 
PARAMETRIC_REPRESENTATION_CONTEXT() REPRESENTATION_CONTEXT('2D SPACE',''
  ) );
#5051 = PCURVE('',#5052,#5057);
#5052 = CYLINDRICAL_SURFACE('',#5053,3.8);
#5053 = AXIS2_PLACEMENT_3D('',#5054,#5055,#5056);
#5054 = CARTESIAN_POINT('',(0.,22.2,-2.109423746788E-16));
#5055 = DIRECTION('',(0.,-1.,2.22044604925E-16));
#5056 = DIRECTION('',(1.,0.,0.));
#5057 = DEFINITIONAL_REPRESENTATION('',(#5058),#5062);
#5058 = LINE('',#5059,#5060);
#5059 = CARTESIAN_POINT('',(0.,1.4));
#5060 = VECTOR('',#5061,1.);
#5061 = DIRECTION('',(1.,0.));
#5062 = ( GEOMETRIC_REPRESENTATION_CONTEXT(2) 
PARAMETRIC_REPRESENTATION_CONTEXT() REPRESENTATION_CONTEXT('2D SPACE',''
  ) );
#5063 = ADVANCED_FACE('',(#5064,#5067),#5016,.T.);
#5064 = FACE_BOUND('',#5065,.T.);
#5065 = EDGE_LOOP('',(#5066));
#5066 = ORIENTED_EDGE('',*,*,#5001,.T.);
#5067 = FACE_BOUND('',#5068,.T.);
#5068 = EDGE_LOOP('',(#5069));
#5069 = ORIENTED_EDGE('',*,*,#5070,.F.);
#5070 = EDGE_CURVE('',#5071,#5071,#5073,.T.);
#5071 = VERTEX_POINT('',#5072);
#5072 = CARTESIAN_POINT('',(3.8,-20.8,-1.030651639568E-15));
#5073 = SURFACE_CURVE('',#5074,(#5079,#5086),.PCURVE_S1.);
#5074 = CIRCLE('',#5075,3.8);
#5075 = AXIS2_PLACEMENT_3D('',#5076,#5077,#5078);
#5076 = CARTESIAN_POINT('',(0.,-20.8,-9.992007221626E-17));
#5077 = DIRECTION('',(0.,-1.,2.22044604925E-16));
#5078 = DIRECTION('',(1.,0.,0.));
#5079 = PCURVE('',#5016,#5080);
#5080 = DEFINITIONAL_REPRESENTATION('',(#5081),#5085);
#5081 = CIRCLE('',#5082,3.8);
#5082 = AXIS2_PLACEMENT_2D('',#5083,#5084);
#5083 = CARTESIAN_POINT('',(0.,0.));
#5084 = DIRECTION('',(1.,0.));
#5085 = ( GEOMETRIC_REPRESENTATION_CONTEXT(2) 
PARAMETRIC_REPRESENTATION_CONTEXT() REPRESENTATION_CONTEXT('2D SPACE',''
  ) );
#5086 = PCURVE('',#5087,#5092);
#5087 = CYLINDRICAL_SURFACE('',#5088,3.8);
#5088 = AXIS2_PLACEMENT_3D('',#5089,#5090,#5091);
#5089 = CARTESIAN_POINT('',(0.,-20.3,-2.109423746788E-16));
#5090 = DIRECTION('',(0.,-1.,2.22044604925E-16));
#5091 = DIRECTION('',(1.,0.,0.));
#5092 = DEFINITIONAL_REPRESENTATION('',(#5093),#5097);
#5093 = LINE('',#5094,#5095);
#5094 = CARTESIAN_POINT('',(0.,0.5));
#5095 = VECTOR('',#5096,1.);
#5096 = DIRECTION('',(1.,0.));
#5097 = ( GEOMETRIC_REPRESENTATION_CONTEXT(2) 
PARAMETRIC_REPRESENTATION_CONTEXT() REPRESENTATION_CONTEXT('2D SPACE',''
  ) );
#5098 = ADVANCED_FACE('',(#5099),#5052,.T.);
#5099 = FACE_BOUND('',#5100,.T.);
#5100 = EDGE_LOOP('',(#5101,#5102,#5125,#5152));
#5101 = ORIENTED_EDGE('',*,*,#5035,.F.);
#5102 = ORIENTED_EDGE('',*,*,#5103,.F.);
#5103 = EDGE_CURVE('',#5104,#5036,#5106,.T.);
#5104 = VERTEX_POINT('',#5105);
#5105 = CARTESIAN_POINT('',(3.8,21.7,-1.030651639568E-15));
#5106 = SEAM_CURVE('',#5107,(#5111,#5118),.PCURVE_S1.);
#5107 = LINE('',#5108,#5109);
#5108 = CARTESIAN_POINT('',(3.8,22.2,-1.141673942031E-15));
#5109 = VECTOR('',#5110,1.);
#5110 = DIRECTION('',(0.,-1.,2.22044604925E-16));
#5111 = PCURVE('',#5052,#5112);
#5112 = DEFINITIONAL_REPRESENTATION('',(#5113),#5117);
#5113 = LINE('',#5114,#5115);
#5114 = CARTESIAN_POINT('',(6.28318530718,-0.));
#5115 = VECTOR('',#5116,1.);
#5116 = DIRECTION('',(0.,1.));
#5117 = ( GEOMETRIC_REPRESENTATION_CONTEXT(2) 
PARAMETRIC_REPRESENTATION_CONTEXT() REPRESENTATION_CONTEXT('2D SPACE',''
  ) );
#5118 = PCURVE('',#5052,#5119);
#5119 = DEFINITIONAL_REPRESENTATION('',(#5120),#5124);
#5120 = LINE('',#5121,#5122);
#5121 = CARTESIAN_POINT('',(0.,-0.));
#5122 = VECTOR('',#5123,1.);
#5123 = DIRECTION('',(0.,1.));
#5124 = ( GEOMETRIC_REPRESENTATION_CONTEXT(2) 
PARAMETRIC_REPRESENTATION_CONTEXT() REPRESENTATION_CONTEXT('2D SPACE',''
  ) );
#5125 = ORIENTED_EDGE('',*,*,#5126,.T.);
#5126 = EDGE_CURVE('',#5104,#5104,#5127,.T.);
#5127 = SURFACE_CURVE('',#5128,(#5133,#5140),.PCURVE_S1.);
#5128 = CIRCLE('',#5129,3.8);
#5129 = AXIS2_PLACEMENT_3D('',#5130,#5131,#5132);
#5130 = CARTESIAN_POINT('',(0.,21.7,-9.992007221626E-17));
#5131 = DIRECTION('',(0.,-1.,2.22044604925E-16));
#5132 = DIRECTION('',(1.,0.,0.));
#5133 = PCURVE('',#5052,#5134);
#5134 = DEFINITIONAL_REPRESENTATION('',(#5135),#5139);
#5135 = LINE('',#5136,#5137);
#5136 = CARTESIAN_POINT('',(0.,0.5));
#5137 = VECTOR('',#5138,1.);
#5138 = DIRECTION('',(1.,0.));
#5139 = ( GEOMETRIC_REPRESENTATION_CONTEXT(2) 
PARAMETRIC_REPRESENTATION_CONTEXT() REPRESENTATION_CONTEXT('2D SPACE',''
  ) );
#5140 = PCURVE('',#5141,#5146);
#5141 = PLANE('',#5142);
#5142 = AXIS2_PLACEMENT_3D('',#5143,#5144,#5145);
#5143 = CARTESIAN_POINT('',(0.,21.7,-9.992007221626E-17));
#5144 = DIRECTION('',(0.,-1.,2.22044604925E-16));
#5145 = DIRECTION('',(1.,0.,0.));
#5146 = DEFINITIONAL_REPRESENTATION('',(#5147),#5151);
#5147 = CIRCLE('',#5148,3.8);
#5148 = AXIS2_PLACEMENT_2D('',#5149,#5150);
#5149 = CARTESIAN_POINT('',(0.,0.));
#5150 = DIRECTION('',(1.,0.));
#5151 = ( GEOMETRIC_REPRESENTATION_CONTEXT(2) 
PARAMETRIC_REPRESENTATION_CONTEXT() REPRESENTATION_CONTEXT('2D SPACE',''
  ) );
#5152 = ORIENTED_EDGE('',*,*,#5103,.T.);
#5153 = ADVANCED_FACE('',(#5154),#5087,.T.);
#5154 = FACE_BOUND('',#5155,.T.);
#5155 = EDGE_LOOP('',(#5156,#5185,#5206,#5207));
#5156 = ORIENTED_EDGE('',*,*,#5157,.F.);
#5157 = EDGE_CURVE('',#5158,#5158,#5160,.T.);
#5158 = VERTEX_POINT('',#5159);
#5159 = CARTESIAN_POINT('',(3.8,-21.7,-8.308114951357E-16));
#5160 = SURFACE_CURVE('',#5161,(#5166,#5173),.PCURVE_S1.);
#5161 = CIRCLE('',#5162,3.8);
#5162 = AXIS2_PLACEMENT_3D('',#5163,#5164,#5165);
#5163 = CARTESIAN_POINT('',(0.,-21.7,9.992007221626E-17));
#5164 = DIRECTION('',(0.,-1.,2.22044604925E-16));
#5165 = DIRECTION('',(1.,0.,0.));
#5166 = PCURVE('',#5087,#5167);
#5167 = DEFINITIONAL_REPRESENTATION('',(#5168),#5172);
#5168 = LINE('',#5169,#5170);
#5169 = CARTESIAN_POINT('',(0.,1.4));
#5170 = VECTOR('',#5171,1.);
#5171 = DIRECTION('',(1.,0.));
#5172 = ( GEOMETRIC_REPRESENTATION_CONTEXT(2) 
PARAMETRIC_REPRESENTATION_CONTEXT() REPRESENTATION_CONTEXT('2D SPACE',''
  ) );
#5173 = PCURVE('',#5174,#5179);
#5174 = PLANE('',#5175);
#5175 = AXIS2_PLACEMENT_3D('',#5176,#5177,#5178);
#5176 = CARTESIAN_POINT('',(0.,-21.7,9.992007221626E-17));
#5177 = DIRECTION('',(0.,-1.,2.22044604925E-16));
#5178 = DIRECTION('',(1.,0.,0.));
#5179 = DEFINITIONAL_REPRESENTATION('',(#5180),#5184);
#5180 = CIRCLE('',#5181,3.8);
#5181 = AXIS2_PLACEMENT_2D('',#5182,#5183);
#5182 = CARTESIAN_POINT('',(0.,0.));
#5183 = DIRECTION('',(1.,0.));
#5184 = ( GEOMETRIC_REPRESENTATION_CONTEXT(2) 
PARAMETRIC_REPRESENTATION_CONTEXT() REPRESENTATION_CONTEXT('2D SPACE',''
  ) );
#5185 = ORIENTED_EDGE('',*,*,#5186,.F.);
#5186 = EDGE_CURVE('',#5071,#5158,#5187,.T.);
#5187 = SEAM_CURVE('',#5188,(#5192,#5199),.PCURVE_S1.);
#5188 = LINE('',#5189,#5190);
#5189 = CARTESIAN_POINT('',(3.8,-20.3,-1.141673942031E-15));
#5190 = VECTOR('',#5191,1.);
#5191 = DIRECTION('',(0.,-1.,2.22044604925E-16));
#5192 = PCURVE('',#5087,#5193);
#5193 = DEFINITIONAL_REPRESENTATION('',(#5194),#5198);
#5194 = LINE('',#5195,#5196);
#5195 = CARTESIAN_POINT('',(6.28318530718,-0.));
#5196 = VECTOR('',#5197,1.);
#5197 = DIRECTION('',(0.,1.));
#5198 = ( GEOMETRIC_REPRESENTATION_CONTEXT(2) 
PARAMETRIC_REPRESENTATION_CONTEXT() REPRESENTATION_CONTEXT('2D SPACE',''
  ) );
#5199 = PCURVE('',#5087,#5200);
#5200 = DEFINITIONAL_REPRESENTATION('',(#5201),#5205);
#5201 = LINE('',#5202,#5203);
#5202 = CARTESIAN_POINT('',(0.,-0.));
#5203 = VECTOR('',#5204,1.);
#5204 = DIRECTION('',(0.,1.));
#5205 = ( GEOMETRIC_REPRESENTATION_CONTEXT(2) 
PARAMETRIC_REPRESENTATION_CONTEXT() REPRESENTATION_CONTEXT('2D SPACE',''
  ) );
#5206 = ORIENTED_EDGE('',*,*,#5070,.T.);
#5207 = ORIENTED_EDGE('',*,*,#5186,.T.);
#5208 = ADVANCED_FACE('',(#5209,#5240),#5141,.T.);
#5209 = FACE_BOUND('',#5210,.T.);
#5210 = EDGE_LOOP('',(#5211));
#5211 = ORIENTED_EDGE('',*,*,#5212,.T.);
#5212 = EDGE_CURVE('',#5213,#5213,#5215,.T.);
#5213 = VERTEX_POINT('',#5214);
#5214 = CARTESIAN_POINT('',(4.,21.7,-5.798085366191E-15));
#5215 = SURFACE_CURVE('',#5216,(#5221,#5228),.PCURVE_S1.);
#5216 = CIRCLE('',#5217,4.);
#5217 = AXIS2_PLACEMENT_3D('',#5218,#5219,#5220);
#5218 = CARTESIAN_POINT('',(0.,21.7,-4.818367926873E-15));
#5219 = DIRECTION('',(0.,-1.,2.22044604925E-16));
#5220 = DIRECTION('',(1.,0.,0.));
#5221 = PCURVE('',#5141,#5222);
#5222 = DEFINITIONAL_REPRESENTATION('',(#5223),#5227);
#5223 = CIRCLE('',#5224,4.);
#5224 = AXIS2_PLACEMENT_2D('',#5225,#5226);
#5225 = CARTESIAN_POINT('',(0.,-4.718447854657E-15));
#5226 = DIRECTION('',(1.,0.));
#5227 = ( GEOMETRIC_REPRESENTATION_CONTEXT(2) 
PARAMETRIC_REPRESENTATION_CONTEXT() REPRESENTATION_CONTEXT('2D SPACE',''
  ) );
#5228 = PCURVE('',#5229,#5234);
#5229 = CYLINDRICAL_SURFACE('',#5230,4.);
#5230 = AXIS2_PLACEMENT_3D('',#5231,#5232,#5233);
#5231 = CARTESIAN_POINT('',(0.,23.2,-5.151434834261E-15));
#5232 = DIRECTION('',(0.,-1.,2.22044604925E-16));
#5233 = DIRECTION('',(1.,0.,0.));
#5234 = DEFINITIONAL_REPRESENTATION('',(#5235),#5239);
#5235 = LINE('',#5236,#5237);
#5236 = CARTESIAN_POINT('',(0.,1.5));
#5237 = VECTOR('',#5238,1.);
#5238 = DIRECTION('',(1.,0.));
#5239 = ( GEOMETRIC_REPRESENTATION_CONTEXT(2) 
PARAMETRIC_REPRESENTATION_CONTEXT() REPRESENTATION_CONTEXT('2D SPACE',''
  ) );
#5240 = FACE_BOUND('',#5241,.T.);
#5241 = EDGE_LOOP('',(#5242));
#5242 = ORIENTED_EDGE('',*,*,#5126,.F.);
#5243 = ADVANCED_FACE('',(#5244,#5275),#5174,.F.);
#5244 = FACE_BOUND('',#5245,.F.);
#5245 = EDGE_LOOP('',(#5246));
#5246 = ORIENTED_EDGE('',*,*,#5247,.T.);
#5247 = EDGE_CURVE('',#5248,#5248,#5250,.T.);
#5248 = VERTEX_POINT('',#5249);
#5249 = CARTESIAN_POINT('',(4.,-21.7,3.838650487555E-15));
#5250 = SURFACE_CURVE('',#5251,(#5256,#5263),.PCURVE_S1.);
#5251 = CIRCLE('',#5252,4.);
#5252 = AXIS2_PLACEMENT_3D('',#5253,#5254,#5255);
#5253 = CARTESIAN_POINT('',(0.,-21.7,4.818367926873E-15));
#5254 = DIRECTION('',(0.,-1.,2.22044604925E-16));
#5255 = DIRECTION('',(1.,0.,0.));
#5256 = PCURVE('',#5174,#5257);
#5257 = DEFINITIONAL_REPRESENTATION('',(#5258),#5262);
#5258 = CIRCLE('',#5259,4.);
#5259 = AXIS2_PLACEMENT_2D('',#5260,#5261);
#5260 = CARTESIAN_POINT('',(0.,4.718447854657E-15));
#5261 = DIRECTION('',(1.,0.));
#5262 = ( GEOMETRIC_REPRESENTATION_CONTEXT(2) 
PARAMETRIC_REPRESENTATION_CONTEXT() REPRESENTATION_CONTEXT('2D SPACE',''
  ) );
#5263 = PCURVE('',#5264,#5269);
#5264 = CYLINDRICAL_SURFACE('',#5265,4.);
#5265 = AXIS2_PLACEMENT_3D('',#5266,#5267,#5268);
#5266 = CARTESIAN_POINT('',(0.,23.2,-5.151434834261E-15));
#5267 = DIRECTION('',(0.,-1.,2.22044604925E-16));
#5268 = DIRECTION('',(1.,0.,0.));
#5269 = DEFINITIONAL_REPRESENTATION('',(#5270),#5274);
#5270 = LINE('',#5271,#5272);
#5271 = CARTESIAN_POINT('',(0.,44.9));
#5272 = VECTOR('',#5273,1.);
#5273 = DIRECTION('',(1.,0.));
#5274 = ( GEOMETRIC_REPRESENTATION_CONTEXT(2) 
PARAMETRIC_REPRESENTATION_CONTEXT() REPRESENTATION_CONTEXT('2D SPACE',''
  ) );
#5275 = FACE_BOUND('',#5276,.F.);
#5276 = EDGE_LOOP('',(#5277));
#5277 = ORIENTED_EDGE('',*,*,#5157,.F.);
#5278 = ADVANCED_FACE('',(#5279),#5229,.T.);
#5279 = FACE_BOUND('',#5280,.T.);
#5280 = EDGE_LOOP('',(#5281,#5282,#5305,#5332));
#5281 = ORIENTED_EDGE('',*,*,#5212,.F.);
#5282 = ORIENTED_EDGE('',*,*,#5283,.F.);
#5283 = EDGE_CURVE('',#5284,#5213,#5286,.T.);
#5284 = VERTEX_POINT('',#5285);
#5285 = CARTESIAN_POINT('',(4.,23.2,-6.131152273579E-15));
#5286 = SEAM_CURVE('',#5287,(#5291,#5298),.PCURVE_S1.);
#5287 = LINE('',#5288,#5289);
#5288 = CARTESIAN_POINT('',(4.,23.2,-6.131152273579E-15));
#5289 = VECTOR('',#5290,1.);
#5290 = DIRECTION('',(0.,-1.,2.22044604925E-16));
#5291 = PCURVE('',#5229,#5292);
#5292 = DEFINITIONAL_REPRESENTATION('',(#5293),#5297);
#5293 = LINE('',#5294,#5295);
#5294 = CARTESIAN_POINT('',(6.28318530718,-0.));
#5295 = VECTOR('',#5296,1.);
#5296 = DIRECTION('',(0.,1.));
#5297 = ( GEOMETRIC_REPRESENTATION_CONTEXT(2) 
PARAMETRIC_REPRESENTATION_CONTEXT() REPRESENTATION_CONTEXT('2D SPACE',''
  ) );
#5298 = PCURVE('',#5229,#5299);
#5299 = DEFINITIONAL_REPRESENTATION('',(#5300),#5304);
#5300 = LINE('',#5301,#5302);
#5301 = CARTESIAN_POINT('',(0.,-0.));
#5302 = VECTOR('',#5303,1.);
#5303 = DIRECTION('',(0.,1.));
#5304 = ( GEOMETRIC_REPRESENTATION_CONTEXT(2) 
PARAMETRIC_REPRESENTATION_CONTEXT() REPRESENTATION_CONTEXT('2D SPACE',''
  ) );
#5305 = ORIENTED_EDGE('',*,*,#5306,.T.);
#5306 = EDGE_CURVE('',#5284,#5284,#5307,.T.);
#5307 = SURFACE_CURVE('',#5308,(#5313,#5320),.PCURVE_S1.);
#5308 = CIRCLE('',#5309,4.);
#5309 = AXIS2_PLACEMENT_3D('',#5310,#5311,#5312);
#5310 = CARTESIAN_POINT('',(0.,23.2,-5.151434834261E-15));
#5311 = DIRECTION('',(0.,-1.,2.22044604925E-16));
#5312 = DIRECTION('',(1.,0.,0.));
#5313 = PCURVE('',#5229,#5314);
#5314 = DEFINITIONAL_REPRESENTATION('',(#5315),#5319);
#5315 = LINE('',#5316,#5317);
#5316 = CARTESIAN_POINT('',(0.,0.));
#5317 = VECTOR('',#5318,1.);
#5318 = DIRECTION('',(1.,0.));
#5319 = ( GEOMETRIC_REPRESENTATION_CONTEXT(2) 
PARAMETRIC_REPRESENTATION_CONTEXT() REPRESENTATION_CONTEXT('2D SPACE',''
  ) );
#5320 = PCURVE('',#5321,#5326);
#5321 = PLANE('',#5322);
#5322 = AXIS2_PLACEMENT_3D('',#5323,#5324,#5325);
#5323 = CARTESIAN_POINT('',(0.,23.2,-5.151434834261E-15));
#5324 = DIRECTION('',(0.,-1.,2.22044604925E-16));
#5325 = DIRECTION('',(1.,0.,0.));
#5326 = DEFINITIONAL_REPRESENTATION('',(#5327),#5331);
#5327 = CIRCLE('',#5328,4.);
#5328 = AXIS2_PLACEMENT_2D('',#5329,#5330);
#5329 = CARTESIAN_POINT('',(0.,0.));
#5330 = DIRECTION('',(1.,0.));
#5331 = ( GEOMETRIC_REPRESENTATION_CONTEXT(2) 
PARAMETRIC_REPRESENTATION_CONTEXT() REPRESENTATION_CONTEXT('2D SPACE',''
  ) );
#5332 = ORIENTED_EDGE('',*,*,#5283,.T.);
#5333 = ADVANCED_FACE('',(#5334),#5264,.T.);
#5334 = FACE_BOUND('',#5335,.T.);
#5335 = EDGE_LOOP('',(#5336,#5337,#5360,#5387));
#5336 = ORIENTED_EDGE('',*,*,#5247,.T.);
#5337 = ORIENTED_EDGE('',*,*,#5338,.T.);
#5338 = EDGE_CURVE('',#5248,#5339,#5341,.T.);
#5339 = VERTEX_POINT('',#5340);
#5340 = CARTESIAN_POINT('',(4.,-23.2,4.171717394943E-15));
#5341 = SEAM_CURVE('',#5342,(#5346,#5353),.PCURVE_S1.);
#5342 = LINE('',#5343,#5344);
#5343 = CARTESIAN_POINT('',(4.,23.2,-6.131152273579E-15));
#5344 = VECTOR('',#5345,1.);
#5345 = DIRECTION('',(0.,-1.,2.22044604925E-16));
#5346 = PCURVE('',#5264,#5347);
#5347 = DEFINITIONAL_REPRESENTATION('',(#5348),#5352);
#5348 = LINE('',#5349,#5350);
#5349 = CARTESIAN_POINT('',(0.,-0.));
#5350 = VECTOR('',#5351,1.);
#5351 = DIRECTION('',(0.,1.));
#5352 = ( GEOMETRIC_REPRESENTATION_CONTEXT(2) 
PARAMETRIC_REPRESENTATION_CONTEXT() REPRESENTATION_CONTEXT('2D SPACE',''
  ) );
#5353 = PCURVE('',#5264,#5354);
#5354 = DEFINITIONAL_REPRESENTATION('',(#5355),#5359);
#5355 = LINE('',#5356,#5357);
#5356 = CARTESIAN_POINT('',(6.28318530718,-0.));
#5357 = VECTOR('',#5358,1.);
#5358 = DIRECTION('',(0.,1.));
#5359 = ( GEOMETRIC_REPRESENTATION_CONTEXT(2) 
PARAMETRIC_REPRESENTATION_CONTEXT() REPRESENTATION_CONTEXT('2D SPACE',''
  ) );
#5360 = ORIENTED_EDGE('',*,*,#5361,.F.);
#5361 = EDGE_CURVE('',#5339,#5339,#5362,.T.);
#5362 = SURFACE_CURVE('',#5363,(#5368,#5375),.PCURVE_S1.);
#5363 = CIRCLE('',#5364,4.);
#5364 = AXIS2_PLACEMENT_3D('',#5365,#5366,#5367);
#5365 = CARTESIAN_POINT('',(0.,-23.2,5.151434834261E-15));
#5366 = DIRECTION('',(0.,-1.,2.22044604925E-16));
#5367 = DIRECTION('',(1.,0.,0.));
#5368 = PCURVE('',#5264,#5369);
#5369 = DEFINITIONAL_REPRESENTATION('',(#5370),#5374);
#5370 = LINE('',#5371,#5372);
#5371 = CARTESIAN_POINT('',(0.,46.4));
#5372 = VECTOR('',#5373,1.);
#5373 = DIRECTION('',(1.,0.));
#5374 = ( GEOMETRIC_REPRESENTATION_CONTEXT(2) 
PARAMETRIC_REPRESENTATION_CONTEXT() REPRESENTATION_CONTEXT('2D SPACE',''
  ) );
#5375 = PCURVE('',#5376,#5381);
#5376 = PLANE('',#5377);
#5377 = AXIS2_PLACEMENT_3D('',#5378,#5379,#5380);
#5378 = CARTESIAN_POINT('',(0.,-23.2,5.151434834261E-15));
#5379 = DIRECTION('',(0.,-1.,2.22044604925E-16));
#5380 = DIRECTION('',(1.,0.,0.));
#5381 = DEFINITIONAL_REPRESENTATION('',(#5382),#5386);
#5382 = CIRCLE('',#5383,4.);
#5383 = AXIS2_PLACEMENT_2D('',#5384,#5385);
#5384 = CARTESIAN_POINT('',(0.,0.));
#5385 = DIRECTION('',(1.,0.));
#5386 = ( GEOMETRIC_REPRESENTATION_CONTEXT(2) 
PARAMETRIC_REPRESENTATION_CONTEXT() REPRESENTATION_CONTEXT('2D SPACE',''
  ) );
#5387 = ORIENTED_EDGE('',*,*,#5338,.F.);
#5388 = ADVANCED_FACE('',(#5389),#5321,.F.);
#5389 = FACE_BOUND('',#5390,.T.);
#5390 = EDGE_LOOP('',(#5391));
#5391 = ORIENTED_EDGE('',*,*,#5306,.F.);
#5392 = ADVANCED_FACE('',(#5393),#5376,.T.);
#5393 = FACE_BOUND('',#5394,.T.);
#5394 = EDGE_LOOP('',(#5395));
#5395 = ORIENTED_EDGE('',*,*,#5361,.T.);
#5396 = ( GEOMETRIC_REPRESENTATION_CONTEXT(3) 
GLOBAL_UNCERTAINTY_ASSIGNED_CONTEXT((#5400)) 
GLOBAL_UNIT_ASSIGNED_CONTEXT((#5397,#5398,#5399)) REPRESENTATION_CONTEXT
('Context #1','3D Context with UNIT and UNCERTAINTY') );
#5397 = ( LENGTH_UNIT() NAMED_UNIT(*) SI_UNIT(.MILLI.,.METRE.) );
#5398 = ( NAMED_UNIT(*) PLANE_ANGLE_UNIT() SI_UNIT($,.RADIAN.) );
#5399 = ( NAMED_UNIT(*) SI_UNIT($,.STERADIAN.) SOLID_ANGLE_UNIT() );
#5400 = UNCERTAINTY_MEASURE_WITH_UNIT(LENGTH_MEASURE(1.E-07),#5397,
  'distance_accuracy_value','confusion accuracy');
#5401 = CONTEXT_DEPENDENT_SHAPE_REPRESENTATION(#5402,#5404);
#5402 = ( REPRESENTATION_RELATIONSHIP('','',#4937,#10) 
REPRESENTATION_RELATIONSHIP_WITH_TRANSFORMATION(#5403) 
SHAPE_REPRESENTATION_RELATIONSHIP() );
#5403 = ITEM_DEFINED_TRANSFORMATION('','',#11,#19);
#5404 = PRODUCT_DEFINITION_SHAPE('Placement','Placement of an item',
  #5405);
#5405 = NEXT_ASSEMBLY_USAGE_OCCURRENCE('7','axle_pin','',#5,#4932,$);
#5406 = PRODUCT_RELATED_PRODUCT_CATEGORY('part',$,(#4934));
#5407 = SHAPE_DEFINITION_REPRESENTATION(#5408,#5414);
#5408 = PRODUCT_DEFINITION_SHAPE('','',#5409);
#5409 = PRODUCT_DEFINITION('design','',#5410,#5413);
#5410 = PRODUCT_DEFINITION_FORMATION('','',#5411);
#5411 = PRODUCT('bushing','bushing','',(#5412));
#5412 = PRODUCT_CONTEXT('',#2,'mechanical');
#5413 = PRODUCT_DEFINITION_CONTEXT('part definition',#2,'design');
#5414 = ADVANCED_BREP_SHAPE_REPRESENTATION('',(#11,#5415),#5597);
#5415 = MANIFOLD_SOLID_BREP('',#5416);
#5416 = CLOSED_SHELL('',(#5417,#5505,#5540,#5590));
#5417 = ADVANCED_FACE('',(#5418),#5431,.F.);
#5418 = FACE_BOUND('',#5419,.F.);
#5419 = EDGE_LOOP('',(#5420,#5454,#5477,#5504));
#5420 = ORIENTED_EDGE('',*,*,#5421,.T.);
#5421 = EDGE_CURVE('',#5422,#5422,#5424,.T.);
#5422 = VERTEX_POINT('',#5423);
#5423 = CARTESIAN_POINT('',(5.,0.,0.));
#5424 = SURFACE_CURVE('',#5425,(#5430,#5442),.PCURVE_S1.);
#5425 = CIRCLE('',#5426,5.);
#5426 = AXIS2_PLACEMENT_3D('',#5427,#5428,#5429);
#5427 = CARTESIAN_POINT('',(0.,0.,0.));
#5428 = DIRECTION('',(0.,0.,1.));
#5429 = DIRECTION('',(1.,0.,-0.));
#5430 = PCURVE('',#5431,#5436);
#5431 = CYLINDRICAL_SURFACE('',#5432,5.);
#5432 = AXIS2_PLACEMENT_3D('',#5433,#5434,#5435);
#5433 = CARTESIAN_POINT('',(0.,0.,0.));
#5434 = DIRECTION('',(0.,0.,1.));
#5435 = DIRECTION('',(1.,0.,-0.));
#5436 = DEFINITIONAL_REPRESENTATION('',(#5437),#5441);
#5437 = LINE('',#5438,#5439);
#5438 = CARTESIAN_POINT('',(0.,0.));
#5439 = VECTOR('',#5440,1.);
#5440 = DIRECTION('',(1.,0.));
#5441 = ( GEOMETRIC_REPRESENTATION_CONTEXT(2) 
PARAMETRIC_REPRESENTATION_CONTEXT() REPRESENTATION_CONTEXT('2D SPACE',''
  ) );
#5442 = PCURVE('',#5443,#5448);
#5443 = PLANE('',#5444);
#5444 = AXIS2_PLACEMENT_3D('',#5445,#5446,#5447);
#5445 = CARTESIAN_POINT('',(0.,0.,0.));
#5446 = DIRECTION('',(0.,0.,1.));
#5447 = DIRECTION('',(1.,0.,-0.));
#5448 = DEFINITIONAL_REPRESENTATION('',(#5449),#5453);
#5449 = CIRCLE('',#5450,5.);
#5450 = AXIS2_PLACEMENT_2D('',#5451,#5452);
#5451 = CARTESIAN_POINT('',(0.,0.));
#5452 = DIRECTION('',(1.,0.));
#5453 = ( GEOMETRIC_REPRESENTATION_CONTEXT(2) 
PARAMETRIC_REPRESENTATION_CONTEXT() REPRESENTATION_CONTEXT('2D SPACE',''
  ) );
#5454 = ORIENTED_EDGE('',*,*,#5455,.T.);
#5455 = EDGE_CURVE('',#5422,#5456,#5458,.T.);
#5456 = VERTEX_POINT('',#5457);
#5457 = CARTESIAN_POINT('',(5.,0.,15.));
#5458 = SEAM_CURVE('',#5459,(#5463,#5470),.PCURVE_S1.);
#5459 = LINE('',#5460,#5461);
#5460 = CARTESIAN_POINT('',(5.,0.,0.));
#5461 = VECTOR('',#5462,1.);
#5462 = DIRECTION('',(0.,0.,1.));
#5463 = PCURVE('',#5431,#5464);
#5464 = DEFINITIONAL_REPRESENTATION('',(#5465),#5469);
#5465 = LINE('',#5466,#5467);
#5466 = CARTESIAN_POINT('',(0.,0.));
#5467 = VECTOR('',#5468,1.);
#5468 = DIRECTION('',(0.,1.));
#5469 = ( GEOMETRIC_REPRESENTATION_CONTEXT(2) 
PARAMETRIC_REPRESENTATION_CONTEXT() REPRESENTATION_CONTEXT('2D SPACE',''
  ) );
#5470 = PCURVE('',#5431,#5471);
#5471 = DEFINITIONAL_REPRESENTATION('',(#5472),#5476);
#5472 = LINE('',#5473,#5474);
#5473 = CARTESIAN_POINT('',(6.28318530718,0.));
#5474 = VECTOR('',#5475,1.);
#5475 = DIRECTION('',(0.,1.));
#5476 = ( GEOMETRIC_REPRESENTATION_CONTEXT(2) 
PARAMETRIC_REPRESENTATION_CONTEXT() REPRESENTATION_CONTEXT('2D SPACE',''
  ) );
#5477 = ORIENTED_EDGE('',*,*,#5478,.F.);
#5478 = EDGE_CURVE('',#5456,#5456,#5479,.T.);
#5479 = SURFACE_CURVE('',#5480,(#5485,#5492),.PCURVE_S1.);
#5480 = CIRCLE('',#5481,5.);
#5481 = AXIS2_PLACEMENT_3D('',#5482,#5483,#5484);
#5482 = CARTESIAN_POINT('',(0.,0.,15.));
#5483 = DIRECTION('',(0.,0.,1.));
#5484 = DIRECTION('',(1.,0.,-0.));
#5485 = PCURVE('',#5431,#5486);
#5486 = DEFINITIONAL_REPRESENTATION('',(#5487),#5491);
#5487 = LINE('',#5488,#5489);
#5488 = CARTESIAN_POINT('',(0.,15.));
#5489 = VECTOR('',#5490,1.);
#5490 = DIRECTION('',(1.,0.));
#5491 = ( GEOMETRIC_REPRESENTATION_CONTEXT(2) 
PARAMETRIC_REPRESENTATION_CONTEXT() REPRESENTATION_CONTEXT('2D SPACE',''
  ) );
#5492 = PCURVE('',#5493,#5498);
#5493 = PLANE('',#5494);
#5494 = AXIS2_PLACEMENT_3D('',#5495,#5496,#5497);
#5495 = CARTESIAN_POINT('',(0.,0.,15.));
#5496 = DIRECTION('',(0.,0.,1.));
#5497 = DIRECTION('',(1.,0.,-0.));
#5498 = DEFINITIONAL_REPRESENTATION('',(#5499),#5503);
#5499 = CIRCLE('',#5500,5.);
#5500 = AXIS2_PLACEMENT_2D('',#5501,#5502);
#5501 = CARTESIAN_POINT('',(0.,0.));
#5502 = DIRECTION('',(1.,-0.));
#5503 = ( GEOMETRIC_REPRESENTATION_CONTEXT(2) 
PARAMETRIC_REPRESENTATION_CONTEXT() REPRESENTATION_CONTEXT('2D SPACE',''
  ) );
#5504 = ORIENTED_EDGE('',*,*,#5455,.F.);
#5505 = ADVANCED_FACE('',(#5506,#5509),#5493,.T.);
#5506 = FACE_BOUND('',#5507,.F.);
#5507 = EDGE_LOOP('',(#5508));
#5508 = ORIENTED_EDGE('',*,*,#5478,.T.);
#5509 = FACE_BOUND('',#5510,.F.);
#5510 = EDGE_LOOP('',(#5511));
#5511 = ORIENTED_EDGE('',*,*,#5512,.F.);
#5512 = EDGE_CURVE('',#5513,#5513,#5515,.T.);
#5513 = VERTEX_POINT('',#5514);
#5514 = CARTESIAN_POINT('',(6.,0.,15.));
#5515 = SURFACE_CURVE('',#5516,(#5521,#5528),.PCURVE_S1.);
#5516 = CIRCLE('',#5517,6.);
#5517 = AXIS2_PLACEMENT_3D('',#5518,#5519,#5520);
#5518 = CARTESIAN_POINT('',(0.,0.,15.));
#5519 = DIRECTION('',(0.,0.,1.));
#5520 = DIRECTION('',(1.,0.,-0.));
#5521 = PCURVE('',#5493,#5522);
#5522 = DEFINITIONAL_REPRESENTATION('',(#5523),#5527);
#5523 = CIRCLE('',#5524,6.);
#5524 = AXIS2_PLACEMENT_2D('',#5525,#5526);
#5525 = CARTESIAN_POINT('',(0.,0.));
#5526 = DIRECTION('',(1.,-0.));
#5527 = ( GEOMETRIC_REPRESENTATION_CONTEXT(2) 
PARAMETRIC_REPRESENTATION_CONTEXT() REPRESENTATION_CONTEXT('2D SPACE',''
  ) );
#5528 = PCURVE('',#5529,#5534);
#5529 = CYLINDRICAL_SURFACE('',#5530,6.);
#5530 = AXIS2_PLACEMENT_3D('',#5531,#5532,#5533);
#5531 = CARTESIAN_POINT('',(0.,0.,15.));
#5532 = DIRECTION('',(-0.,-0.,-1.));
#5533 = DIRECTION('',(1.,0.,0.));
#5534 = DEFINITIONAL_REPRESENTATION('',(#5535),#5539);
#5535 = LINE('',#5536,#5537);
#5536 = CARTESIAN_POINT('',(-0.,0.));
#5537 = VECTOR('',#5538,1.);
#5538 = DIRECTION('',(-1.,0.));
#5539 = ( GEOMETRIC_REPRESENTATION_CONTEXT(2) 
PARAMETRIC_REPRESENTATION_CONTEXT() REPRESENTATION_CONTEXT('2D SPACE',''
  ) );
#5540 = ADVANCED_FACE('',(#5541),#5529,.T.);
#5541 = FACE_BOUND('',#5542,.F.);
#5542 = EDGE_LOOP('',(#5543,#5544,#5567,#5589));
#5543 = ORIENTED_EDGE('',*,*,#5512,.T.);
#5544 = ORIENTED_EDGE('',*,*,#5545,.T.);
#5545 = EDGE_CURVE('',#5513,#5546,#5548,.T.);
#5546 = VERTEX_POINT('',#5547);
#5547 = CARTESIAN_POINT('',(6.,0.,0.));
#5548 = SEAM_CURVE('',#5549,(#5553,#5560),.PCURVE_S1.);
#5549 = LINE('',#5550,#5551);
#5550 = CARTESIAN_POINT('',(6.,0.,15.));
#5551 = VECTOR('',#5552,1.);
#5552 = DIRECTION('',(0.,0.,-1.));
#5553 = PCURVE('',#5529,#5554);
#5554 = DEFINITIONAL_REPRESENTATION('',(#5555),#5559);
#5555 = LINE('',#5556,#5557);
#5556 = CARTESIAN_POINT('',(-0.,0.));
#5557 = VECTOR('',#5558,1.);
#5558 = DIRECTION('',(-0.,1.));
#5559 = ( GEOMETRIC_REPRESENTATION_CONTEXT(2) 
PARAMETRIC_REPRESENTATION_CONTEXT() REPRESENTATION_CONTEXT('2D SPACE',''
  ) );
#5560 = PCURVE('',#5529,#5561);
#5561 = DEFINITIONAL_REPRESENTATION('',(#5562),#5566);
#5562 = LINE('',#5563,#5564);
#5563 = CARTESIAN_POINT('',(-6.28318530718,0.));
#5564 = VECTOR('',#5565,1.);
#5565 = DIRECTION('',(-0.,1.));
#5566 = ( GEOMETRIC_REPRESENTATION_CONTEXT(2) 
PARAMETRIC_REPRESENTATION_CONTEXT() REPRESENTATION_CONTEXT('2D SPACE',''
  ) );
#5567 = ORIENTED_EDGE('',*,*,#5568,.F.);
#5568 = EDGE_CURVE('',#5546,#5546,#5569,.T.);
#5569 = SURFACE_CURVE('',#5570,(#5575,#5582),.PCURVE_S1.);
#5570 = CIRCLE('',#5571,6.);
#5571 = AXIS2_PLACEMENT_3D('',#5572,#5573,#5574);
#5572 = CARTESIAN_POINT('',(0.,0.,0.));
#5573 = DIRECTION('',(0.,0.,1.));
#5574 = DIRECTION('',(1.,0.,-0.));
#5575 = PCURVE('',#5529,#5576);
#5576 = DEFINITIONAL_REPRESENTATION('',(#5577),#5581);
#5577 = LINE('',#5578,#5579);
#5578 = CARTESIAN_POINT('',(-0.,15.));
#5579 = VECTOR('',#5580,1.);
#5580 = DIRECTION('',(-1.,0.));
#5581 = ( GEOMETRIC_REPRESENTATION_CONTEXT(2) 
PARAMETRIC_REPRESENTATION_CONTEXT() REPRESENTATION_CONTEXT('2D SPACE',''
  ) );
#5582 = PCURVE('',#5443,#5583);
#5583 = DEFINITIONAL_REPRESENTATION('',(#5584),#5588);
#5584 = CIRCLE('',#5585,6.);
#5585 = AXIS2_PLACEMENT_2D('',#5586,#5587);
#5586 = CARTESIAN_POINT('',(0.,0.));
#5587 = DIRECTION('',(1.,0.));
#5588 = ( GEOMETRIC_REPRESENTATION_CONTEXT(2) 
PARAMETRIC_REPRESENTATION_CONTEXT() REPRESENTATION_CONTEXT('2D SPACE',''
  ) );
#5589 = ORIENTED_EDGE('',*,*,#5545,.F.);
#5590 = ADVANCED_FACE('',(#5591,#5594),#5443,.F.);
#5591 = FACE_BOUND('',#5592,.F.);
#5592 = EDGE_LOOP('',(#5593));
#5593 = ORIENTED_EDGE('',*,*,#5568,.T.);
#5594 = FACE_BOUND('',#5595,.F.);
#5595 = EDGE_LOOP('',(#5596));
#5596 = ORIENTED_EDGE('',*,*,#5421,.F.);
#5597 = ( GEOMETRIC_REPRESENTATION_CONTEXT(3) 
GLOBAL_UNCERTAINTY_ASSIGNED_CONTEXT((#5601)) 
GLOBAL_UNIT_ASSIGNED_CONTEXT((#5598,#5599,#5600)) REPRESENTATION_CONTEXT
('Context #1','3D Context with UNIT and UNCERTAINTY') );
#5598 = ( LENGTH_UNIT() NAMED_UNIT(*) SI_UNIT(.MILLI.,.METRE.) );
#5599 = ( NAMED_UNIT(*) PLANE_ANGLE_UNIT() SI_UNIT($,.RADIAN.) );
#5600 = ( NAMED_UNIT(*) SI_UNIT($,.STERADIAN.) SOLID_ANGLE_UNIT() );
#5601 = UNCERTAINTY_MEASURE_WITH_UNIT(LENGTH_MEASURE(1.E-07),#5598,
  'distance_accuracy_value','confusion accuracy');
#5602 = CONTEXT_DEPENDENT_SHAPE_REPRESENTATION(#5603,#5605);
#5603 = ( REPRESENTATION_RELATIONSHIP('','',#5414,#10) 
REPRESENTATION_RELATIONSHIP_WITH_TRANSFORMATION(#5604) 
SHAPE_REPRESENTATION_RELATIONSHIP() );
#5604 = ITEM_DEFINED_TRANSFORMATION('','',#11,#23);
#5605 = PRODUCT_DEFINITION_SHAPE('Placement','Placement of an item',
  #5606);
#5606 = NEXT_ASSEMBLY_USAGE_OCCURRENCE('8','bushing','',#5,#5409,$);
#5607 = PRODUCT_RELATED_PRODUCT_CATEGORY('part',$,(#5411));
#5608 = SHAPE_DEFINITION_REPRESENTATION(#5609,#5615);
#5609 = PRODUCT_DEFINITION_SHAPE('','',#5610);
#5610 = PRODUCT_DEFINITION('design','',#5611,#5614);
#5611 = PRODUCT_DEFINITION_FORMATION('','',#5612);
#5612 = PRODUCT('thrust_AXK1024','thrust_AXK1024','',(#5613));
#5613 = PRODUCT_CONTEXT('',#2,'mechanical');
#5614 = PRODUCT_DEFINITION_CONTEXT('part definition',#2,'design');
#5615 = ADVANCED_BREP_SHAPE_REPRESENTATION('',(#11,#5616),#5798);
#5616 = MANIFOLD_SOLID_BREP('',#5617);
#5617 = CLOSED_SHELL('',(#5618,#5706,#5741,#5791));
#5618 = ADVANCED_FACE('',(#5619),#5632,.F.);
#5619 = FACE_BOUND('',#5620,.F.);
#5620 = EDGE_LOOP('',(#5621,#5655,#5678,#5705));
#5621 = ORIENTED_EDGE('',*,*,#5622,.T.);
#5622 = EDGE_CURVE('',#5623,#5623,#5625,.T.);
#5623 = VERTEX_POINT('',#5624);
#5624 = CARTESIAN_POINT('',(5.,0.,0.));
#5625 = SURFACE_CURVE('',#5626,(#5631,#5643),.PCURVE_S1.);
#5626 = CIRCLE('',#5627,5.);
#5627 = AXIS2_PLACEMENT_3D('',#5628,#5629,#5630);
#5628 = CARTESIAN_POINT('',(0.,0.,0.));
#5629 = DIRECTION('',(0.,0.,1.));
#5630 = DIRECTION('',(1.,0.,-0.));
#5631 = PCURVE('',#5632,#5637);
#5632 = CYLINDRICAL_SURFACE('',#5633,5.);
#5633 = AXIS2_PLACEMENT_3D('',#5634,#5635,#5636);
#5634 = CARTESIAN_POINT('',(0.,0.,0.));
#5635 = DIRECTION('',(0.,0.,1.));
#5636 = DIRECTION('',(1.,0.,-0.));
#5637 = DEFINITIONAL_REPRESENTATION('',(#5638),#5642);
#5638 = LINE('',#5639,#5640);
#5639 = CARTESIAN_POINT('',(0.,0.));
#5640 = VECTOR('',#5641,1.);
#5641 = DIRECTION('',(1.,0.));
#5642 = ( GEOMETRIC_REPRESENTATION_CONTEXT(2) 
PARAMETRIC_REPRESENTATION_CONTEXT() REPRESENTATION_CONTEXT('2D SPACE',''
  ) );
#5643 = PCURVE('',#5644,#5649);
#5644 = PLANE('',#5645);
#5645 = AXIS2_PLACEMENT_3D('',#5646,#5647,#5648);
#5646 = CARTESIAN_POINT('',(0.,0.,0.));
#5647 = DIRECTION('',(0.,0.,1.));
#5648 = DIRECTION('',(1.,0.,-0.));
#5649 = DEFINITIONAL_REPRESENTATION('',(#5650),#5654);
#5650 = CIRCLE('',#5651,5.);
#5651 = AXIS2_PLACEMENT_2D('',#5652,#5653);
#5652 = CARTESIAN_POINT('',(0.,0.));
#5653 = DIRECTION('',(1.,0.));
#5654 = ( GEOMETRIC_REPRESENTATION_CONTEXT(2) 
PARAMETRIC_REPRESENTATION_CONTEXT() REPRESENTATION_CONTEXT('2D SPACE',''
  ) );
#5655 = ORIENTED_EDGE('',*,*,#5656,.T.);
#5656 = EDGE_CURVE('',#5623,#5657,#5659,.T.);
#5657 = VERTEX_POINT('',#5658);
#5658 = CARTESIAN_POINT('',(5.,0.,4.));
#5659 = SEAM_CURVE('',#5660,(#5664,#5671),.PCURVE_S1.);
#5660 = LINE('',#5661,#5662);
#5661 = CARTESIAN_POINT('',(5.,0.,0.));
#5662 = VECTOR('',#5663,1.);
#5663 = DIRECTION('',(0.,0.,1.));
#5664 = PCURVE('',#5632,#5665);
#5665 = DEFINITIONAL_REPRESENTATION('',(#5666),#5670);
#5666 = LINE('',#5667,#5668);
#5667 = CARTESIAN_POINT('',(0.,0.));
#5668 = VECTOR('',#5669,1.);
#5669 = DIRECTION('',(0.,1.));
#5670 = ( GEOMETRIC_REPRESENTATION_CONTEXT(2) 
PARAMETRIC_REPRESENTATION_CONTEXT() REPRESENTATION_CONTEXT('2D SPACE',''
  ) );
#5671 = PCURVE('',#5632,#5672);
#5672 = DEFINITIONAL_REPRESENTATION('',(#5673),#5677);
#5673 = LINE('',#5674,#5675);
#5674 = CARTESIAN_POINT('',(6.28318530718,0.));
#5675 = VECTOR('',#5676,1.);
#5676 = DIRECTION('',(0.,1.));
#5677 = ( GEOMETRIC_REPRESENTATION_CONTEXT(2) 
PARAMETRIC_REPRESENTATION_CONTEXT() REPRESENTATION_CONTEXT('2D SPACE',''
  ) );
#5678 = ORIENTED_EDGE('',*,*,#5679,.F.);
#5679 = EDGE_CURVE('',#5657,#5657,#5680,.T.);
#5680 = SURFACE_CURVE('',#5681,(#5686,#5693),.PCURVE_S1.);
#5681 = CIRCLE('',#5682,5.);
#5682 = AXIS2_PLACEMENT_3D('',#5683,#5684,#5685);
#5683 = CARTESIAN_POINT('',(0.,0.,4.));
#5684 = DIRECTION('',(0.,0.,1.));
#5685 = DIRECTION('',(1.,0.,-0.));
#5686 = PCURVE('',#5632,#5687);
#5687 = DEFINITIONAL_REPRESENTATION('',(#5688),#5692);
#5688 = LINE('',#5689,#5690);
#5689 = CARTESIAN_POINT('',(0.,4.));
#5690 = VECTOR('',#5691,1.);
#5691 = DIRECTION('',(1.,0.));
#5692 = ( GEOMETRIC_REPRESENTATION_CONTEXT(2) 
PARAMETRIC_REPRESENTATION_CONTEXT() REPRESENTATION_CONTEXT('2D SPACE',''
  ) );
#5693 = PCURVE('',#5694,#5699);
#5694 = PLANE('',#5695);
#5695 = AXIS2_PLACEMENT_3D('',#5696,#5697,#5698);
#5696 = CARTESIAN_POINT('',(0.,0.,4.));
#5697 = DIRECTION('',(0.,0.,1.));
#5698 = DIRECTION('',(1.,0.,-0.));
#5699 = DEFINITIONAL_REPRESENTATION('',(#5700),#5704);
#5700 = CIRCLE('',#5701,5.);
#5701 = AXIS2_PLACEMENT_2D('',#5702,#5703);
#5702 = CARTESIAN_POINT('',(0.,0.));
#5703 = DIRECTION('',(1.,-0.));
#5704 = ( GEOMETRIC_REPRESENTATION_CONTEXT(2) 
PARAMETRIC_REPRESENTATION_CONTEXT() REPRESENTATION_CONTEXT('2D SPACE',''
  ) );
#5705 = ORIENTED_EDGE('',*,*,#5656,.F.);
#5706 = ADVANCED_FACE('',(#5707,#5710),#5694,.T.);
#5707 = FACE_BOUND('',#5708,.F.);
#5708 = EDGE_LOOP('',(#5709));
#5709 = ORIENTED_EDGE('',*,*,#5679,.T.);
#5710 = FACE_BOUND('',#5711,.F.);
#5711 = EDGE_LOOP('',(#5712));
#5712 = ORIENTED_EDGE('',*,*,#5713,.F.);
#5713 = EDGE_CURVE('',#5714,#5714,#5716,.T.);
#5714 = VERTEX_POINT('',#5715);
#5715 = CARTESIAN_POINT('',(12.,0.,4.));
#5716 = SURFACE_CURVE('',#5717,(#5722,#5729),.PCURVE_S1.);
#5717 = CIRCLE('',#5718,12.);
#5718 = AXIS2_PLACEMENT_3D('',#5719,#5720,#5721);
#5719 = CARTESIAN_POINT('',(0.,0.,4.));
#5720 = DIRECTION('',(0.,0.,1.));
#5721 = DIRECTION('',(1.,0.,-0.));
#5722 = PCURVE('',#5694,#5723);
#5723 = DEFINITIONAL_REPRESENTATION('',(#5724),#5728);
#5724 = CIRCLE('',#5725,12.);
#5725 = AXIS2_PLACEMENT_2D('',#5726,#5727);
#5726 = CARTESIAN_POINT('',(0.,0.));
#5727 = DIRECTION('',(1.,-0.));
#5728 = ( GEOMETRIC_REPRESENTATION_CONTEXT(2) 
PARAMETRIC_REPRESENTATION_CONTEXT() REPRESENTATION_CONTEXT('2D SPACE',''
  ) );
#5729 = PCURVE('',#5730,#5735);
#5730 = CYLINDRICAL_SURFACE('',#5731,12.);
#5731 = AXIS2_PLACEMENT_3D('',#5732,#5733,#5734);
#5732 = CARTESIAN_POINT('',(0.,0.,4.));
#5733 = DIRECTION('',(-0.,-0.,-1.));
#5734 = DIRECTION('',(1.,0.,0.));
#5735 = DEFINITIONAL_REPRESENTATION('',(#5736),#5740);
#5736 = LINE('',#5737,#5738);
#5737 = CARTESIAN_POINT('',(-0.,0.));
#5738 = VECTOR('',#5739,1.);
#5739 = DIRECTION('',(-1.,0.));
#5740 = ( GEOMETRIC_REPRESENTATION_CONTEXT(2) 
PARAMETRIC_REPRESENTATION_CONTEXT() REPRESENTATION_CONTEXT('2D SPACE',''
  ) );
#5741 = ADVANCED_FACE('',(#5742),#5730,.T.);
#5742 = FACE_BOUND('',#5743,.F.);
#5743 = EDGE_LOOP('',(#5744,#5745,#5768,#5790));
#5744 = ORIENTED_EDGE('',*,*,#5713,.T.);
#5745 = ORIENTED_EDGE('',*,*,#5746,.T.);
#5746 = EDGE_CURVE('',#5714,#5747,#5749,.T.);
#5747 = VERTEX_POINT('',#5748);
#5748 = CARTESIAN_POINT('',(12.,0.,0.));
#5749 = SEAM_CURVE('',#5750,(#5754,#5761),.PCURVE_S1.);
#5750 = LINE('',#5751,#5752);
#5751 = CARTESIAN_POINT('',(12.,0.,4.));
#5752 = VECTOR('',#5753,1.);
#5753 = DIRECTION('',(0.,0.,-1.));
#5754 = PCURVE('',#5730,#5755);
#5755 = DEFINITIONAL_REPRESENTATION('',(#5756),#5760);
#5756 = LINE('',#5757,#5758);
#5757 = CARTESIAN_POINT('',(-0.,0.));
#5758 = VECTOR('',#5759,1.);
#5759 = DIRECTION('',(-0.,1.));
#5760 = ( GEOMETRIC_REPRESENTATION_CONTEXT(2) 
PARAMETRIC_REPRESENTATION_CONTEXT() REPRESENTATION_CONTEXT('2D SPACE',''
  ) );
#5761 = PCURVE('',#5730,#5762);
#5762 = DEFINITIONAL_REPRESENTATION('',(#5763),#5767);
#5763 = LINE('',#5764,#5765);
#5764 = CARTESIAN_POINT('',(-6.28318530718,0.));
#5765 = VECTOR('',#5766,1.);
#5766 = DIRECTION('',(-0.,1.));
#5767 = ( GEOMETRIC_REPRESENTATION_CONTEXT(2) 
PARAMETRIC_REPRESENTATION_CONTEXT() REPRESENTATION_CONTEXT('2D SPACE',''
  ) );
#5768 = ORIENTED_EDGE('',*,*,#5769,.F.);
#5769 = EDGE_CURVE('',#5747,#5747,#5770,.T.);
#5770 = SURFACE_CURVE('',#5771,(#5776,#5783),.PCURVE_S1.);
#5771 = CIRCLE('',#5772,12.);
#5772 = AXIS2_PLACEMENT_3D('',#5773,#5774,#5775);
#5773 = CARTESIAN_POINT('',(0.,0.,0.));
#5774 = DIRECTION('',(0.,0.,1.));
#5775 = DIRECTION('',(1.,0.,-0.));
#5776 = PCURVE('',#5730,#5777);
#5777 = DEFINITIONAL_REPRESENTATION('',(#5778),#5782);
#5778 = LINE('',#5779,#5780);
#5779 = CARTESIAN_POINT('',(-0.,4.));
#5780 = VECTOR('',#5781,1.);
#5781 = DIRECTION('',(-1.,0.));
#5782 = ( GEOMETRIC_REPRESENTATION_CONTEXT(2) 
PARAMETRIC_REPRESENTATION_CONTEXT() REPRESENTATION_CONTEXT('2D SPACE',''
  ) );
#5783 = PCURVE('',#5644,#5784);
#5784 = DEFINITIONAL_REPRESENTATION('',(#5785),#5789);
#5785 = CIRCLE('',#5786,12.);
#5786 = AXIS2_PLACEMENT_2D('',#5787,#5788);
#5787 = CARTESIAN_POINT('',(0.,0.));
#5788 = DIRECTION('',(1.,0.));
#5789 = ( GEOMETRIC_REPRESENTATION_CONTEXT(2) 
PARAMETRIC_REPRESENTATION_CONTEXT() REPRESENTATION_CONTEXT('2D SPACE',''
  ) );
#5790 = ORIENTED_EDGE('',*,*,#5746,.F.);
#5791 = ADVANCED_FACE('',(#5792,#5795),#5644,.F.);
#5792 = FACE_BOUND('',#5793,.F.);
#5793 = EDGE_LOOP('',(#5794));
#5794 = ORIENTED_EDGE('',*,*,#5769,.T.);
#5795 = FACE_BOUND('',#5796,.F.);
#5796 = EDGE_LOOP('',(#5797));
#5797 = ORIENTED_EDGE('',*,*,#5622,.F.);
#5798 = ( GEOMETRIC_REPRESENTATION_CONTEXT(3) 
GLOBAL_UNCERTAINTY_ASSIGNED_CONTEXT((#5802)) 
GLOBAL_UNIT_ASSIGNED_CONTEXT((#5799,#5800,#5801)) REPRESENTATION_CONTEXT
('Context #1','3D Context with UNIT and UNCERTAINTY') );
#5799 = ( LENGTH_UNIT() NAMED_UNIT(*) SI_UNIT(.MILLI.,.METRE.) );
#5800 = ( NAMED_UNIT(*) PLANE_ANGLE_UNIT() SI_UNIT($,.RADIAN.) );
#5801 = ( NAMED_UNIT(*) SI_UNIT($,.STERADIAN.) SOLID_ANGLE_UNIT() );
#5802 = UNCERTAINTY_MEASURE_WITH_UNIT(LENGTH_MEASURE(1.E-07),#5799,
  'distance_accuracy_value','confusion accuracy');
#5803 = CONTEXT_DEPENDENT_SHAPE_REPRESENTATION(#5804,#5806);
#5804 = ( REPRESENTATION_RELATIONSHIP('','',#5615,#10) 
REPRESENTATION_RELATIONSHIP_WITH_TRANSFORMATION(#5805) 
SHAPE_REPRESENTATION_RELATIONSHIP() );
#5805 = ITEM_DEFINED_TRANSFORMATION('','',#11,#27);
#5806 = PRODUCT_DEFINITION_SHAPE('Placement','Placement of an item',
  #5807);
#5807 = NEXT_ASSEMBLY_USAGE_OCCURRENCE('9','thrust_AXK1024','',#5,#5610,
  $);
#5808 = PRODUCT_RELATED_PRODUCT_CATEGORY('part',$,(#5612));
#5809 = SHAPE_DEFINITION_REPRESENTATION(#5810,#5816);
#5810 = PRODUCT_DEFINITION_SHAPE('','',#5811);
#5811 = PRODUCT_DEFINITION('design','',#5812,#5815);
#5812 = PRODUCT_DEFINITION_FORMATION('','',#5813);
#5813 = PRODUCT('case_shaft_ref','case_shaft_ref','',(#5814));
#5814 = PRODUCT_CONTEXT('',#2,'mechanical');
#5815 = PRODUCT_DEFINITION_CONTEXT('part definition',#2,'design');
#5816 = ADVANCED_BREP_SHAPE_REPRESENTATION('',(#11,#5817),#5915);
#5817 = MANIFOLD_SOLID_BREP('',#5818);
#5818 = CLOSED_SHELL('',(#5819,#5907,#5911));
#5819 = ADVANCED_FACE('',(#5820),#5833,.T.);
#5820 = FACE_BOUND('',#5821,.T.);
#5821 = EDGE_LOOP('',(#5822,#5856,#5879,#5906));
#5822 = ORIENTED_EDGE('',*,*,#5823,.F.);
#5823 = EDGE_CURVE('',#5824,#5824,#5826,.T.);
#5824 = VERTEX_POINT('',#5825);
#5825 = CARTESIAN_POINT('',(5.,-1.224646799147E-15,13.96));
#5826 = SURFACE_CURVE('',#5827,(#5832,#5844),.PCURVE_S1.);
#5827 = CIRCLE('',#5828,5.);
#5828 = AXIS2_PLACEMENT_3D('',#5829,#5830,#5831);
#5829 = CARTESIAN_POINT('',(0.,0.,13.96));
#5830 = DIRECTION('',(0.,0.,1.));
#5831 = DIRECTION('',(1.,0.,-0.));
#5832 = PCURVE('',#5833,#5838);
#5833 = CYLINDRICAL_SURFACE('',#5834,5.);
#5834 = AXIS2_PLACEMENT_3D('',#5835,#5836,#5837);
#5835 = CARTESIAN_POINT('',(0.,0.,-13.96));
#5836 = DIRECTION('',(0.,0.,1.));
#5837 = DIRECTION('',(1.,0.,-0.));
#5838 = DEFINITIONAL_REPRESENTATION('',(#5839),#5843);
#5839 = LINE('',#5840,#5841);
#5840 = CARTESIAN_POINT('',(0.,27.92));
#5841 = VECTOR('',#5842,1.);
#5842 = DIRECTION('',(1.,0.));
#5843 = ( GEOMETRIC_REPRESENTATION_CONTEXT(2) 
PARAMETRIC_REPRESENTATION_CONTEXT() REPRESENTATION_CONTEXT('2D SPACE',''
  ) );
#5844 = PCURVE('',#5845,#5850);
#5845 = PLANE('',#5846);
#5846 = AXIS2_PLACEMENT_3D('',#5847,#5848,#5849);
#5847 = CARTESIAN_POINT('',(0.,0.,13.96));
#5848 = DIRECTION('',(0.,0.,1.));
#5849 = DIRECTION('',(1.,0.,-0.));
#5850 = DEFINITIONAL_REPRESENTATION('',(#5851),#5855);
#5851 = CIRCLE('',#5852,5.);
#5852 = AXIS2_PLACEMENT_2D('',#5853,#5854);
#5853 = CARTESIAN_POINT('',(0.,0.));
#5854 = DIRECTION('',(1.,0.));
#5855 = ( GEOMETRIC_REPRESENTATION_CONTEXT(2) 
PARAMETRIC_REPRESENTATION_CONTEXT() REPRESENTATION_CONTEXT('2D SPACE',''
  ) );
#5856 = ORIENTED_EDGE('',*,*,#5857,.F.);
#5857 = EDGE_CURVE('',#5858,#5824,#5860,.T.);
#5858 = VERTEX_POINT('',#5859);
#5859 = CARTESIAN_POINT('',(5.,-1.224646799147E-15,-13.96));
#5860 = SEAM_CURVE('',#5861,(#5865,#5872),.PCURVE_S1.);
#5861 = LINE('',#5862,#5863);
#5862 = CARTESIAN_POINT('',(5.,-1.224646799147E-15,-13.96));
#5863 = VECTOR('',#5864,1.);
#5864 = DIRECTION('',(0.,0.,1.));
#5865 = PCURVE('',#5833,#5866);
#5866 = DEFINITIONAL_REPRESENTATION('',(#5867),#5871);
#5867 = LINE('',#5868,#5869);
#5868 = CARTESIAN_POINT('',(6.28318530718,-0.));
#5869 = VECTOR('',#5870,1.);
#5870 = DIRECTION('',(0.,1.));
#5871 = ( GEOMETRIC_REPRESENTATION_CONTEXT(2) 
PARAMETRIC_REPRESENTATION_CONTEXT() REPRESENTATION_CONTEXT('2D SPACE',''
  ) );
#5872 = PCURVE('',#5833,#5873);
#5873 = DEFINITIONAL_REPRESENTATION('',(#5874),#5878);
#5874 = LINE('',#5875,#5876);
#5875 = CARTESIAN_POINT('',(0.,-0.));
#5876 = VECTOR('',#5877,1.);
#5877 = DIRECTION('',(0.,1.));
#5878 = ( GEOMETRIC_REPRESENTATION_CONTEXT(2) 
PARAMETRIC_REPRESENTATION_CONTEXT() REPRESENTATION_CONTEXT('2D SPACE',''
  ) );
#5879 = ORIENTED_EDGE('',*,*,#5880,.T.);
#5880 = EDGE_CURVE('',#5858,#5858,#5881,.T.);
#5881 = SURFACE_CURVE('',#5882,(#5887,#5894),.PCURVE_S1.);
#5882 = CIRCLE('',#5883,5.);
#5883 = AXIS2_PLACEMENT_3D('',#5884,#5885,#5886);
#5884 = CARTESIAN_POINT('',(0.,0.,-13.96));
#5885 = DIRECTION('',(0.,0.,1.));
#5886 = DIRECTION('',(1.,0.,-0.));
#5887 = PCURVE('',#5833,#5888);
#5888 = DEFINITIONAL_REPRESENTATION('',(#5889),#5893);
#5889 = LINE('',#5890,#5891);
#5890 = CARTESIAN_POINT('',(0.,0.));
#5891 = VECTOR('',#5892,1.);
#5892 = DIRECTION('',(1.,0.));
#5893 = ( GEOMETRIC_REPRESENTATION_CONTEXT(2) 
PARAMETRIC_REPRESENTATION_CONTEXT() REPRESENTATION_CONTEXT('2D SPACE',''
  ) );
#5894 = PCURVE('',#5895,#5900);
#5895 = PLANE('',#5896);
#5896 = AXIS2_PLACEMENT_3D('',#5897,#5898,#5899);
#5897 = CARTESIAN_POINT('',(0.,0.,-13.96));
#5898 = DIRECTION('',(0.,0.,1.));
#5899 = DIRECTION('',(1.,0.,-0.));
#5900 = DEFINITIONAL_REPRESENTATION('',(#5901),#5905);
#5901 = CIRCLE('',#5902,5.);
#5902 = AXIS2_PLACEMENT_2D('',#5903,#5904);
#5903 = CARTESIAN_POINT('',(0.,0.));
#5904 = DIRECTION('',(1.,0.));
#5905 = ( GEOMETRIC_REPRESENTATION_CONTEXT(2) 
PARAMETRIC_REPRESENTATION_CONTEXT() REPRESENTATION_CONTEXT('2D SPACE',''
  ) );
#5906 = ORIENTED_EDGE('',*,*,#5857,.T.);
#5907 = ADVANCED_FACE('',(#5908),#5845,.T.);
#5908 = FACE_BOUND('',#5909,.T.);
#5909 = EDGE_LOOP('',(#5910));
#5910 = ORIENTED_EDGE('',*,*,#5823,.T.);
#5911 = ADVANCED_FACE('',(#5912),#5895,.F.);
#5912 = FACE_BOUND('',#5913,.T.);
#5913 = EDGE_LOOP('',(#5914));
#5914 = ORIENTED_EDGE('',*,*,#5880,.F.);
#5915 = ( GEOMETRIC_REPRESENTATION_CONTEXT(3) 
GLOBAL_UNCERTAINTY_ASSIGNED_CONTEXT((#5919)) 
GLOBAL_UNIT_ASSIGNED_CONTEXT((#5916,#5917,#5918)) REPRESENTATION_CONTEXT
('Context #1','3D Context with UNIT and UNCERTAINTY') );
#5916 = ( LENGTH_UNIT() NAMED_UNIT(*) SI_UNIT(.MILLI.,.METRE.) );
#5917 = ( NAMED_UNIT(*) PLANE_ANGLE_UNIT() SI_UNIT($,.RADIAN.) );
#5918 = ( NAMED_UNIT(*) SI_UNIT($,.STERADIAN.) SOLID_ANGLE_UNIT() );
#5919 = UNCERTAINTY_MEASURE_WITH_UNIT(LENGTH_MEASURE(1.E-07),#5916,
  'distance_accuracy_value','confusion accuracy');
#5920 = CONTEXT_DEPENDENT_SHAPE_REPRESENTATION(#5921,#5923);
#5921 = ( REPRESENTATION_RELATIONSHIP('','',#5816,#10) 
REPRESENTATION_RELATIONSHIP_WITH_TRANSFORMATION(#5922) 
SHAPE_REPRESENTATION_RELATIONSHIP() );
#5922 = ITEM_DEFINED_TRANSFORMATION('','',#11,#31);
#5923 = PRODUCT_DEFINITION_SHAPE('Placement','Placement of an item',
  #5924);
#5924 = NEXT_ASSEMBLY_USAGE_OCCURRENCE('10','case_shaft_ref','',#5,#5811
  ,$);
#5925 = PRODUCT_RELATED_PRODUCT_CATEGORY('part',$,(#5813));
#5926 = SHAPE_DEFINITION_REPRESENTATION(#5927,#5933);
#5927 = PRODUCT_DEFINITION_SHAPE('','',#5928);
#5928 = PRODUCT_DEFINITION('design','',#5929,#5932);
#5929 = PRODUCT_DEFINITION_FORMATION('','',#5930);
#5930 = PRODUCT('hub_R','hub_R','',(#5931));
#5931 = PRODUCT_CONTEXT('',#2,'mechanical');
#5932 = PRODUCT_DEFINITION_CONTEXT('part definition',#2,'design');
#5933 = ADVANCED_BREP_SHAPE_REPRESENTATION('',(#11,#5934),#6688);
#5934 = MANIFOLD_SOLID_BREP('',#5935);
#5935 = CLOSED_SHELL('',(#5936,#6004,#6057,#6110,#6165,#6220,#6255,#6290
    ,#6345,#6400,#6435,#6470,#6525,#6580,#6633,#6681));
#5936 = ADVANCED_FACE('',(#5937,#5973),#5950,.T.);
#5937 = FACE_BOUND('',#5938,.F.);
#5938 = EDGE_LOOP('',(#5939));
#5939 = ORIENTED_EDGE('',*,*,#5940,.T.);
#5940 = EDGE_CURVE('',#5941,#5941,#5943,.T.);
#5941 = VERTEX_POINT('',#5942);
#5942 = CARTESIAN_POINT('',(8.5,0.,5.75));
#5943 = SURFACE_CURVE('',#5944,(#5949,#5961),.PCURVE_S1.);
#5944 = CIRCLE('',#5945,8.5);
#5945 = AXIS2_PLACEMENT_3D('',#5946,#5947,#5948);
#5946 = CARTESIAN_POINT('',(0.,0.,5.75));
#5947 = DIRECTION('',(0.,-0.,1.));
#5948 = DIRECTION('',(1.,0.,0.));
#5949 = PCURVE('',#5950,#5955);
#5950 = PLANE('',#5951);
#5951 = AXIS2_PLACEMENT_3D('',#5952,#5953,#5954);
#5952 = CARTESIAN_POINT('',(0.,0.,5.75));
#5953 = DIRECTION('',(0.,0.,1.));
#5954 = DIRECTION('',(1.,0.,-0.));
#5955 = DEFINITIONAL_REPRESENTATION('',(#5956),#5960);
#5956 = CIRCLE('',#5957,8.5);
#5957 = AXIS2_PLACEMENT_2D('',#5958,#5959);
#5958 = CARTESIAN_POINT('',(0.,0.));
#5959 = DIRECTION('',(1.,-0.));
#5960 = ( GEOMETRIC_REPRESENTATION_CONTEXT(2) 
PARAMETRIC_REPRESENTATION_CONTEXT() REPRESENTATION_CONTEXT('2D SPACE',''
  ) );
#5961 = PCURVE('',#5962,#5967);
#5962 = CONICAL_SURFACE('',#5963,8.,0.785398163397);
#5963 = AXIS2_PLACEMENT_3D('',#5964,#5965,#5966);
#5964 = CARTESIAN_POINT('',(0.,0.,5.25));
#5965 = DIRECTION('',(0.,-0.,1.));
#5966 = DIRECTION('',(1.,0.,0.));
#5967 = DEFINITIONAL_REPRESENTATION('',(#5968),#5972);
#5968 = LINE('',#5969,#5970);
#5969 = CARTESIAN_POINT('',(-0.,0.5));
#5970 = VECTOR('',#5971,1.);
#5971 = DIRECTION('',(1.,-0.));
#5972 = ( GEOMETRIC_REPRESENTATION_CONTEXT(2) 
PARAMETRIC_REPRESENTATION_CONTEXT() REPRESENTATION_CONTEXT('2D SPACE',''
  ) );
#5973 = FACE_BOUND('',#5974,.F.);
#5974 = EDGE_LOOP('',(#5975));
#5975 = ORIENTED_EDGE('',*,*,#5976,.F.);
#5976 = EDGE_CURVE('',#5977,#5977,#5979,.T.);
#5977 = VERTEX_POINT('',#5978);
#5978 = CARTESIAN_POINT('',(18.5,0.,5.75));
#5979 = SURFACE_CURVE('',#5980,(#5985,#5992),.PCURVE_S1.);
#5980 = CIRCLE('',#5981,18.5);
#5981 = AXIS2_PLACEMENT_3D('',#5982,#5983,#5984);
#5982 = CARTESIAN_POINT('',(0.,0.,5.75));
#5983 = DIRECTION('',(0.,-0.,1.));
#5984 = DIRECTION('',(1.,0.,0.));
#5985 = PCURVE('',#5950,#5986);
#5986 = DEFINITIONAL_REPRESENTATION('',(#5987),#5991);
#5987 = CIRCLE('',#5988,18.5);
#5988 = AXIS2_PLACEMENT_2D('',#5989,#5990);
#5989 = CARTESIAN_POINT('',(0.,0.));
#5990 = DIRECTION('',(1.,-0.));
#5991 = ( GEOMETRIC_REPRESENTATION_CONTEXT(2) 
PARAMETRIC_REPRESENTATION_CONTEXT() REPRESENTATION_CONTEXT('2D SPACE',''
  ) );
#5992 = PCURVE('',#5993,#5998);
#5993 = CONICAL_SURFACE('',#5994,19.,0.785398163397);
#5994 = AXIS2_PLACEMENT_3D('',#5995,#5996,#5997);
#5995 = CARTESIAN_POINT('',(0.,0.,5.25));
#5996 = DIRECTION('',(-0.,0.,-1.));
#5997 = DIRECTION('',(1.,0.,0.));
#5998 = DEFINITIONAL_REPRESENTATION('',(#5999),#6003);
#5999 = LINE('',#6000,#6001);
#6000 = CARTESIAN_POINT('',(-0.,-0.5));
#6001 = VECTOR('',#6002,1.);
#6002 = DIRECTION('',(-1.,0.));
#6003 = ( GEOMETRIC_REPRESENTATION_CONTEXT(2) 
PARAMETRIC_REPRESENTATION_CONTEXT() REPRESENTATION_CONTEXT('2D SPACE',''
  ) );
#6004 = ADVANCED_FACE('',(#6005),#5962,.F.);
#6005 = FACE_BOUND('',#6006,.T.);
#6006 = EDGE_LOOP('',(#6007,#6028,#6029,#6030));
#6007 = ORIENTED_EDGE('',*,*,#6008,.F.);
#6008 = EDGE_CURVE('',#5941,#6009,#6011,.T.);
#6009 = VERTEX_POINT('',#6010);
#6010 = CARTESIAN_POINT('',(8.,0.,5.25));
#6011 = SEAM_CURVE('',#6012,(#6016,#6022),.PCURVE_S1.);
#6012 = LINE('',#6013,#6014);
#6013 = CARTESIAN_POINT('',(8.,0.,5.25));
#6014 = VECTOR('',#6015,1.);
#6015 = DIRECTION('',(-0.707106781187,0.,-0.707106781187));
#6016 = PCURVE('',#5962,#6017);
#6017 = DEFINITIONAL_REPRESENTATION('',(#6018),#6021);
#6018 = B_SPLINE_CURVE_WITH_KNOTS('',1,(#6019,#6020),.UNSPECIFIED.,.F.,
  .F.,(2,2),(-0.707106781187,0.),.PIECEWISE_BEZIER_KNOTS.);
#6019 = CARTESIAN_POINT('',(0.,0.5));
#6020 = CARTESIAN_POINT('',(0.,0.));
#6021 = ( GEOMETRIC_REPRESENTATION_CONTEXT(2) 
PARAMETRIC_REPRESENTATION_CONTEXT() REPRESENTATION_CONTEXT('2D SPACE',''
  ) );
#6022 = PCURVE('',#5962,#6023);
#6023 = DEFINITIONAL_REPRESENTATION('',(#6024),#6027);
#6024 = B_SPLINE_CURVE_WITH_KNOTS('',1,(#6025,#6026),.UNSPECIFIED.,.F.,
  .F.,(2,2),(-0.707106781187,0.),.PIECEWISE_BEZIER_KNOTS.);
#6025 = CARTESIAN_POINT('',(6.28318530718,0.5));
#6026 = CARTESIAN_POINT('',(6.28318530718,0.));
#6027 = ( GEOMETRIC_REPRESENTATION_CONTEXT(2) 
PARAMETRIC_REPRESENTATION_CONTEXT() REPRESENTATION_CONTEXT('2D SPACE',''
  ) );
#6028 = ORIENTED_EDGE('',*,*,#5940,.T.);
#6029 = ORIENTED_EDGE('',*,*,#6008,.T.);
#6030 = ORIENTED_EDGE('',*,*,#6031,.F.);
#6031 = EDGE_CURVE('',#6009,#6009,#6032,.T.);
#6032 = SURFACE_CURVE('',#6033,(#6038,#6045),.PCURVE_S1.);
#6033 = CIRCLE('',#6034,8.);
#6034 = AXIS2_PLACEMENT_3D('',#6035,#6036,#6037);
#6035 = CARTESIAN_POINT('',(0.,0.,5.25));
#6036 = DIRECTION('',(0.,-0.,1.));
#6037 = DIRECTION('',(1.,0.,0.));
#6038 = PCURVE('',#5962,#6039);
#6039 = DEFINITIONAL_REPRESENTATION('',(#6040),#6044);
#6040 = LINE('',#6041,#6042);
#6041 = CARTESIAN_POINT('',(0.,-0.));
#6042 = VECTOR('',#6043,1.);
#6043 = DIRECTION('',(1.,-0.));
#6044 = ( GEOMETRIC_REPRESENTATION_CONTEXT(2) 
PARAMETRIC_REPRESENTATION_CONTEXT() REPRESENTATION_CONTEXT('2D SPACE',''
  ) );
#6045 = PCURVE('',#6046,#6051);
#6046 = CYLINDRICAL_SURFACE('',#6047,8.);
#6047 = AXIS2_PLACEMENT_3D('',#6048,#6049,#6050);
#6048 = CARTESIAN_POINT('',(0.,0.,0.75));
#6049 = DIRECTION('',(0.,0.,1.));
#6050 = DIRECTION('',(1.,0.,-0.));
#6051 = DEFINITIONAL_REPRESENTATION('',(#6052),#6056);
#6052 = LINE('',#6053,#6054);
#6053 = CARTESIAN_POINT('',(0.,4.5));
#6054 = VECTOR('',#6055,1.);
#6055 = DIRECTION('',(1.,0.));
#6056 = ( GEOMETRIC_REPRESENTATION_CONTEXT(2) 
PARAMETRIC_REPRESENTATION_CONTEXT() REPRESENTATION_CONTEXT('2D SPACE',''
  ) );
#6057 = ADVANCED_FACE('',(#6058),#5993,.T.);
#6058 = FACE_BOUND('',#6059,.F.);
#6059 = EDGE_LOOP('',(#6060,#6081,#6082,#6083));
#6060 = ORIENTED_EDGE('',*,*,#6061,.F.);
#6061 = EDGE_CURVE('',#5977,#6062,#6064,.T.);
#6062 = VERTEX_POINT('',#6063);
#6063 = CARTESIAN_POINT('',(19.,0.,5.25));
#6064 = SEAM_CURVE('',#6065,(#6069,#6075),.PCURVE_S1.);
#6065 = LINE('',#6066,#6067);
#6066 = CARTESIAN_POINT('',(19.,0.,5.25));
#6067 = VECTOR('',#6068,1.);
#6068 = DIRECTION('',(0.707106781187,0.,-0.707106781187));
#6069 = PCURVE('',#5993,#6070);
#6070 = DEFINITIONAL_REPRESENTATION('',(#6071),#6074);
#6071 = B_SPLINE_CURVE_WITH_KNOTS('',1,(#6072,#6073),.UNSPECIFIED.,.F.,
  .F.,(2,2),(-0.707106781187,0.),.PIECEWISE_BEZIER_KNOTS.);
#6072 = CARTESIAN_POINT('',(0.,-0.5));
#6073 = CARTESIAN_POINT('',(0.,0.));
#6074 = ( GEOMETRIC_REPRESENTATION_CONTEXT(2) 
PARAMETRIC_REPRESENTATION_CONTEXT() REPRESENTATION_CONTEXT('2D SPACE',''
  ) );
#6075 = PCURVE('',#5993,#6076);
#6076 = DEFINITIONAL_REPRESENTATION('',(#6077),#6080);
#6077 = B_SPLINE_CURVE_WITH_KNOTS('',1,(#6078,#6079),.UNSPECIFIED.,.F.,
  .F.,(2,2),(-0.707106781187,0.),.PIECEWISE_BEZIER_KNOTS.);
#6078 = CARTESIAN_POINT('',(-6.28318530718,-0.5));
#6079 = CARTESIAN_POINT('',(-6.28318530718,0.));
#6080 = ( GEOMETRIC_REPRESENTATION_CONTEXT(2) 
PARAMETRIC_REPRESENTATION_CONTEXT() REPRESENTATION_CONTEXT('2D SPACE',''
  ) );
#6081 = ORIENTED_EDGE('',*,*,#5976,.T.);
#6082 = ORIENTED_EDGE('',*,*,#6061,.T.);
#6083 = ORIENTED_EDGE('',*,*,#6084,.F.);
#6084 = EDGE_CURVE('',#6062,#6062,#6085,.T.);
#6085 = SURFACE_CURVE('',#6086,(#6091,#6098),.PCURVE_S1.);
#6086 = CIRCLE('',#6087,19.);
#6087 = AXIS2_PLACEMENT_3D('',#6088,#6089,#6090);
#6088 = CARTESIAN_POINT('',(0.,0.,5.25));
#6089 = DIRECTION('',(0.,-0.,1.));
#6090 = DIRECTION('',(1.,0.,0.));
#6091 = PCURVE('',#5993,#6092);
#6092 = DEFINITIONAL_REPRESENTATION('',(#6093),#6097);
#6093 = LINE('',#6094,#6095);
#6094 = CARTESIAN_POINT('',(-0.,0.));
#6095 = VECTOR('',#6096,1.);
#6096 = DIRECTION('',(-1.,0.));
#6097 = ( GEOMETRIC_REPRESENTATION_CONTEXT(2) 
PARAMETRIC_REPRESENTATION_CONTEXT() REPRESENTATION_CONTEXT('2D SPACE',''
  ) );
#6098 = PCURVE('',#6099,#6104);
#6099 = CYLINDRICAL_SURFACE('',#6100,19.);
#6100 = AXIS2_PLACEMENT_3D('',#6101,#6102,#6103);
#6101 = CARTESIAN_POINT('',(0.,0.,5.75));
#6102 = DIRECTION('',(-0.,-0.,-1.));
#6103 = DIRECTION('',(1.,0.,0.));
#6104 = DEFINITIONAL_REPRESENTATION('',(#6105),#6109);
#6105 = LINE('',#6106,#6107);
#6106 = CARTESIAN_POINT('',(-0.,0.5));
#6107 = VECTOR('',#6108,1.);
#6108 = DIRECTION('',(-1.,0.));
#6109 = ( GEOMETRIC_REPRESENTATION_CONTEXT(2) 
PARAMETRIC_REPRESENTATION_CONTEXT() REPRESENTATION_CONTEXT('2D SPACE',''
  ) );
#6110 = ADVANCED_FACE('',(#6111),#6046,.F.);
#6111 = FACE_BOUND('',#6112,.F.);
#6112 = EDGE_LOOP('',(#6113,#6136,#6163,#6164));
#6113 = ORIENTED_EDGE('',*,*,#6114,.F.);
#6114 = EDGE_CURVE('',#6115,#6009,#6117,.T.);
#6115 = VERTEX_POINT('',#6116);
#6116 = CARTESIAN_POINT('',(8.,0.,0.75));
#6117 = SEAM_CURVE('',#6118,(#6122,#6129),.PCURVE_S1.);
#6118 = LINE('',#6119,#6120);
#6119 = CARTESIAN_POINT('',(8.,0.,0.75));
#6120 = VECTOR('',#6121,1.);
#6121 = DIRECTION('',(0.,0.,1.));
#6122 = PCURVE('',#6046,#6123);
#6123 = DEFINITIONAL_REPRESENTATION('',(#6124),#6128);
#6124 = LINE('',#6125,#6126);
#6125 = CARTESIAN_POINT('',(0.,0.));
#6126 = VECTOR('',#6127,1.);
#6127 = DIRECTION('',(0.,1.));
#6128 = ( GEOMETRIC_REPRESENTATION_CONTEXT(2) 
PARAMETRIC_REPRESENTATION_CONTEXT() REPRESENTATION_CONTEXT('2D SPACE',''
  ) );
#6129 = PCURVE('',#6046,#6130);
#6130 = DEFINITIONAL_REPRESENTATION('',(#6131),#6135);
#6131 = LINE('',#6132,#6133);
#6132 = CARTESIAN_POINT('',(6.28318530718,0.));
#6133 = VECTOR('',#6134,1.);
#6134 = DIRECTION('',(0.,1.));
#6135 = ( GEOMETRIC_REPRESENTATION_CONTEXT(2) 
PARAMETRIC_REPRESENTATION_CONTEXT() REPRESENTATION_CONTEXT('2D SPACE',''
  ) );
#6136 = ORIENTED_EDGE('',*,*,#6137,.T.);
#6137 = EDGE_CURVE('',#6115,#6115,#6138,.T.);
#6138 = SURFACE_CURVE('',#6139,(#6144,#6151),.PCURVE_S1.);
#6139 = CIRCLE('',#6140,8.);
#6140 = AXIS2_PLACEMENT_3D('',#6141,#6142,#6143);
#6141 = CARTESIAN_POINT('',(0.,0.,0.75));
#6142 = DIRECTION('',(0.,0.,1.));
#6143 = DIRECTION('',(1.,0.,-0.));
#6144 = PCURVE('',#6046,#6145);
#6145 = DEFINITIONAL_REPRESENTATION('',(#6146),#6150);
#6146 = LINE('',#6147,#6148);
#6147 = CARTESIAN_POINT('',(0.,0.));
#6148 = VECTOR('',#6149,1.);
#6149 = DIRECTION('',(1.,0.));
#6150 = ( GEOMETRIC_REPRESENTATION_CONTEXT(2) 
PARAMETRIC_REPRESENTATION_CONTEXT() REPRESENTATION_CONTEXT('2D SPACE',''
  ) );
#6151 = PCURVE('',#6152,#6157);
#6152 = PLANE('',#6153);
#6153 = AXIS2_PLACEMENT_3D('',#6154,#6155,#6156);
#6154 = CARTESIAN_POINT('',(0.,0.,0.75));
#6155 = DIRECTION('',(0.,0.,1.));
#6156 = DIRECTION('',(1.,0.,-0.));
#6157 = DEFINITIONAL_REPRESENTATION('',(#6158),#6162);
#6158 = CIRCLE('',#6159,8.);
#6159 = AXIS2_PLACEMENT_2D('',#6160,#6161);
#6160 = CARTESIAN_POINT('',(0.,0.));
#6161 = DIRECTION('',(1.,-0.));
#6162 = ( GEOMETRIC_REPRESENTATION_CONTEXT(2) 
PARAMETRIC_REPRESENTATION_CONTEXT() REPRESENTATION_CONTEXT('2D SPACE',''
  ) );
#6163 = ORIENTED_EDGE('',*,*,#6114,.T.);
#6164 = ORIENTED_EDGE('',*,*,#6031,.F.);
#6165 = ADVANCED_FACE('',(#6166),#6099,.T.);
#6166 = FACE_BOUND('',#6167,.F.);
#6167 = EDGE_LOOP('',(#6168,#6191,#6192,#6193));
#6168 = ORIENTED_EDGE('',*,*,#6169,.F.);
#6169 = EDGE_CURVE('',#6062,#6170,#6172,.T.);
#6170 = VERTEX_POINT('',#6171);
#6171 = CARTESIAN_POINT('',(19.,0.,4.25));
#6172 = SEAM_CURVE('',#6173,(#6177,#6184),.PCURVE_S1.);
#6173 = LINE('',#6174,#6175);
#6174 = CARTESIAN_POINT('',(19.,0.,5.75));
#6175 = VECTOR('',#6176,1.);
#6176 = DIRECTION('',(0.,0.,-1.));
#6177 = PCURVE('',#6099,#6178);
#6178 = DEFINITIONAL_REPRESENTATION('',(#6179),#6183);
#6179 = LINE('',#6180,#6181);
#6180 = CARTESIAN_POINT('',(-0.,0.));
#6181 = VECTOR('',#6182,1.);
#6182 = DIRECTION('',(-0.,1.));
#6183 = ( GEOMETRIC_REPRESENTATION_CONTEXT(2) 
PARAMETRIC_REPRESENTATION_CONTEXT() REPRESENTATION_CONTEXT('2D SPACE',''
  ) );
#6184 = PCURVE('',#6099,#6185);
#6185 = DEFINITIONAL_REPRESENTATION('',(#6186),#6190);
#6186 = LINE('',#6187,#6188);
#6187 = CARTESIAN_POINT('',(-6.28318530718,0.));
#6188 = VECTOR('',#6189,1.);
#6189 = DIRECTION('',(-0.,1.));
#6190 = ( GEOMETRIC_REPRESENTATION_CONTEXT(2) 
PARAMETRIC_REPRESENTATION_CONTEXT() REPRESENTATION_CONTEXT('2D SPACE',''
  ) );
#6191 = ORIENTED_EDGE('',*,*,#6084,.T.);
#6192 = ORIENTED_EDGE('',*,*,#6169,.T.);
#6193 = ORIENTED_EDGE('',*,*,#6194,.F.);
#6194 = EDGE_CURVE('',#6170,#6170,#6195,.T.);
#6195 = SURFACE_CURVE('',#6196,(#6201,#6208),.PCURVE_S1.);
#6196 = CIRCLE('',#6197,19.);
#6197 = AXIS2_PLACEMENT_3D('',#6198,#6199,#6200);
#6198 = CARTESIAN_POINT('',(0.,0.,4.25));
#6199 = DIRECTION('',(0.,0.,1.));
#6200 = DIRECTION('',(1.,0.,-0.));
#6201 = PCURVE('',#6099,#6202);
#6202 = DEFINITIONAL_REPRESENTATION('',(#6203),#6207);
#6203 = LINE('',#6204,#6205);
#6204 = CARTESIAN_POINT('',(-0.,1.5));
#6205 = VECTOR('',#6206,1.);
#6206 = DIRECTION('',(-1.,0.));
#6207 = ( GEOMETRIC_REPRESENTATION_CONTEXT(2) 
PARAMETRIC_REPRESENTATION_CONTEXT() REPRESENTATION_CONTEXT('2D SPACE',''
  ) );
#6208 = PCURVE('',#6209,#6214);
#6209 = PLANE('',#6210);
#6210 = AXIS2_PLACEMENT_3D('',#6211,#6212,#6213);
#6211 = CARTESIAN_POINT('',(0.,0.,4.25));
#6212 = DIRECTION('',(0.,0.,1.));
#6213 = DIRECTION('',(1.,0.,-0.));
#6214 = DEFINITIONAL_REPRESENTATION('',(#6215),#6219);
#6215 = CIRCLE('',#6216,19.);
#6216 = AXIS2_PLACEMENT_2D('',#6217,#6218);
#6217 = CARTESIAN_POINT('',(0.,0.));
#6218 = DIRECTION('',(1.,0.));
#6219 = ( GEOMETRIC_REPRESENTATION_CONTEXT(2) 
PARAMETRIC_REPRESENTATION_CONTEXT() REPRESENTATION_CONTEXT('2D SPACE',''
  ) );
#6220 = ADVANCED_FACE('',(#6221,#6252),#6152,.T.);
#6221 = FACE_BOUND('',#6222,.F.);
#6222 = EDGE_LOOP('',(#6223));
#6223 = ORIENTED_EDGE('',*,*,#6224,.T.);
#6224 = EDGE_CURVE('',#6225,#6225,#6227,.T.);
#6225 = VERTEX_POINT('',#6226);
#6226 = CARTESIAN_POINT('',(7.,0.,0.75));
#6227 = SURFACE_CURVE('',#6228,(#6233,#6240),.PCURVE_S1.);
#6228 = CIRCLE('',#6229,7.);
#6229 = AXIS2_PLACEMENT_3D('',#6230,#6231,#6232);
#6230 = CARTESIAN_POINT('',(0.,0.,0.75));
#6231 = DIRECTION('',(0.,0.,1.));
#6232 = DIRECTION('',(1.,0.,-0.));
#6233 = PCURVE('',#6152,#6234);
#6234 = DEFINITIONAL_REPRESENTATION('',(#6235),#6239);
#6235 = CIRCLE('',#6236,7.);
#6236 = AXIS2_PLACEMENT_2D('',#6237,#6238);
#6237 = CARTESIAN_POINT('',(0.,0.));
#6238 = DIRECTION('',(1.,-0.));
#6239 = ( GEOMETRIC_REPRESENTATION_CONTEXT(2) 
PARAMETRIC_REPRESENTATION_CONTEXT() REPRESENTATION_CONTEXT('2D SPACE',''
  ) );
#6240 = PCURVE('',#6241,#6246);
#6241 = CYLINDRICAL_SURFACE('',#6242,7.);
#6242 = AXIS2_PLACEMENT_3D('',#6243,#6244,#6245);
#6243 = CARTESIAN_POINT('',(0.,0.,-0.75));
#6244 = DIRECTION('',(0.,0.,1.));
#6245 = DIRECTION('',(1.,0.,-0.));
#6246 = DEFINITIONAL_REPRESENTATION('',(#6247),#6251);
#6247 = LINE('',#6248,#6249);
#6248 = CARTESIAN_POINT('',(0.,1.5));
#6249 = VECTOR('',#6250,1.);
#6250 = DIRECTION('',(1.,0.));
#6251 = ( GEOMETRIC_REPRESENTATION_CONTEXT(2) 
PARAMETRIC_REPRESENTATION_CONTEXT() REPRESENTATION_CONTEXT('2D SPACE',''
  ) );
#6252 = FACE_BOUND('',#6253,.F.);
#6253 = EDGE_LOOP('',(#6254));
#6254 = ORIENTED_EDGE('',*,*,#6137,.F.);
#6255 = ADVANCED_FACE('',(#6256,#6259),#6209,.F.);
#6256 = FACE_BOUND('',#6257,.F.);
#6257 = EDGE_LOOP('',(#6258));
#6258 = ORIENTED_EDGE('',*,*,#6194,.T.);
#6259 = FACE_BOUND('',#6260,.F.);
#6260 = EDGE_LOOP('',(#6261));
#6261 = ORIENTED_EDGE('',*,*,#6262,.F.);
#6262 = EDGE_CURVE('',#6263,#6263,#6265,.T.);
#6263 = VERTEX_POINT('',#6264);
#6264 = CARTESIAN_POINT('',(18.,0.,4.25));
#6265 = SURFACE_CURVE('',#6266,(#6271,#6278),.PCURVE_S1.);
#6266 = CIRCLE('',#6267,18.);
#6267 = AXIS2_PLACEMENT_3D('',#6268,#6269,#6270);
#6268 = CARTESIAN_POINT('',(0.,0.,4.25));
#6269 = DIRECTION('',(0.,0.,1.));
#6270 = DIRECTION('',(1.,0.,-0.));
#6271 = PCURVE('',#6209,#6272);
#6272 = DEFINITIONAL_REPRESENTATION('',(#6273),#6277);
#6273 = CIRCLE('',#6274,18.);
#6274 = AXIS2_PLACEMENT_2D('',#6275,#6276);
#6275 = CARTESIAN_POINT('',(0.,0.));
#6276 = DIRECTION('',(1.,0.));
#6277 = ( GEOMETRIC_REPRESENTATION_CONTEXT(2) 
PARAMETRIC_REPRESENTATION_CONTEXT() REPRESENTATION_CONTEXT('2D SPACE',''
  ) );
#6278 = PCURVE('',#6279,#6284);
#6279 = CYLINDRICAL_SURFACE('',#6280,18.);
#6280 = AXIS2_PLACEMENT_3D('',#6281,#6282,#6283);
#6281 = CARTESIAN_POINT('',(0.,0.,4.25));
#6282 = DIRECTION('',(-0.,-0.,-1.));
#6283 = DIRECTION('',(1.,0.,0.));
#6284 = DEFINITIONAL_REPRESENTATION('',(#6285),#6289);
#6285 = LINE('',#6286,#6287);
#6286 = CARTESIAN_POINT('',(-0.,0.));
#6287 = VECTOR('',#6288,1.);
#6288 = DIRECTION('',(-1.,0.));
#6289 = ( GEOMETRIC_REPRESENTATION_CONTEXT(2) 
PARAMETRIC_REPRESENTATION_CONTEXT() REPRESENTATION_CONTEXT('2D SPACE',''
  ) );
#6290 = ADVANCED_FACE('',(#6291),#6241,.F.);
#6291 = FACE_BOUND('',#6292,.F.);
#6292 = EDGE_LOOP('',(#6293,#6322,#6343,#6344));
#6293 = ORIENTED_EDGE('',*,*,#6294,.T.);
#6294 = EDGE_CURVE('',#6295,#6295,#6297,.T.);
#6295 = VERTEX_POINT('',#6296);
#6296 = CARTESIAN_POINT('',(7.,0.,-0.75));
#6297 = SURFACE_CURVE('',#6298,(#6303,#6310),.PCURVE_S1.);
#6298 = CIRCLE('',#6299,7.);
#6299 = AXIS2_PLACEMENT_3D('',#6300,#6301,#6302);
#6300 = CARTESIAN_POINT('',(0.,0.,-0.75));
#6301 = DIRECTION('',(0.,0.,1.));
#6302 = DIRECTION('',(1.,0.,-0.));
#6303 = PCURVE('',#6241,#6304);
#6304 = DEFINITIONAL_REPRESENTATION('',(#6305),#6309);
#6305 = LINE('',#6306,#6307);
#6306 = CARTESIAN_POINT('',(0.,0.));
#6307 = VECTOR('',#6308,1.);
#6308 = DIRECTION('',(1.,0.));
#6309 = ( GEOMETRIC_REPRESENTATION_CONTEXT(2) 
PARAMETRIC_REPRESENTATION_CONTEXT() REPRESENTATION_CONTEXT('2D SPACE',''
  ) );
#6310 = PCURVE('',#6311,#6316);
#6311 = PLANE('',#6312);
#6312 = AXIS2_PLACEMENT_3D('',#6313,#6314,#6315);
#6313 = CARTESIAN_POINT('',(0.,0.,-0.75));
#6314 = DIRECTION('',(0.,0.,1.));
#6315 = DIRECTION('',(1.,0.,-0.));
#6316 = DEFINITIONAL_REPRESENTATION('',(#6317),#6321);
#6317 = CIRCLE('',#6318,7.);
#6318 = AXIS2_PLACEMENT_2D('',#6319,#6320);
#6319 = CARTESIAN_POINT('',(0.,0.));
#6320 = DIRECTION('',(1.,0.));
#6321 = ( GEOMETRIC_REPRESENTATION_CONTEXT(2) 
PARAMETRIC_REPRESENTATION_CONTEXT() REPRESENTATION_CONTEXT('2D SPACE',''
  ) );
#6322 = ORIENTED_EDGE('',*,*,#6323,.T.);
#6323 = EDGE_CURVE('',#6295,#6225,#6324,.T.);
#6324 = SEAM_CURVE('',#6325,(#6329,#6336),.PCURVE_S1.);
#6325 = LINE('',#6326,#6327);
#6326 = CARTESIAN_POINT('',(7.,0.,-0.75));
#6327 = VECTOR('',#6328,1.);
#6328 = DIRECTION('',(0.,0.,1.));
#6329 = PCURVE('',#6241,#6330);
#6330 = DEFINITIONAL_REPRESENTATION('',(#6331),#6335);
#6331 = LINE('',#6332,#6333);
#6332 = CARTESIAN_POINT('',(0.,0.));
#6333 = VECTOR('',#6334,1.);
#6334 = DIRECTION('',(0.,1.));
#6335 = ( GEOMETRIC_REPRESENTATION_CONTEXT(2) 
PARAMETRIC_REPRESENTATION_CONTEXT() REPRESENTATION_CONTEXT('2D SPACE',''
  ) );
#6336 = PCURVE('',#6241,#6337);
#6337 = DEFINITIONAL_REPRESENTATION('',(#6338),#6342);
#6338 = LINE('',#6339,#6340);
#6339 = CARTESIAN_POINT('',(6.28318530718,0.));
#6340 = VECTOR('',#6341,1.);
#6341 = DIRECTION('',(0.,1.));
#6342 = ( GEOMETRIC_REPRESENTATION_CONTEXT(2) 
PARAMETRIC_REPRESENTATION_CONTEXT() REPRESENTATION_CONTEXT('2D SPACE',''
  ) );
#6343 = ORIENTED_EDGE('',*,*,#6224,.F.);
#6344 = ORIENTED_EDGE('',*,*,#6323,.F.);
#6345 = ADVANCED_FACE('',(#6346),#6279,.T.);
#6346 = FACE_BOUND('',#6347,.F.);
#6347 = EDGE_LOOP('',(#6348,#6349,#6372,#6399));
#6348 = ORIENTED_EDGE('',*,*,#6262,.T.);
#6349 = ORIENTED_EDGE('',*,*,#6350,.T.);
#6350 = EDGE_CURVE('',#6263,#6351,#6353,.T.);
#6351 = VERTEX_POINT('',#6352);
#6352 = CARTESIAN_POINT('',(18.,0.,-4.25));
#6353 = SEAM_CURVE('',#6354,(#6358,#6365),.PCURVE_S1.);
#6354 = LINE('',#6355,#6356);
#6355 = CARTESIAN_POINT('',(18.,0.,4.25));
#6356 = VECTOR('',#6357,1.);
#6357 = DIRECTION('',(0.,0.,-1.));
#6358 = PCURVE('',#6279,#6359);
#6359 = DEFINITIONAL_REPRESENTATION('',(#6360),#6364);
#6360 = LINE('',#6361,#6362);
#6361 = CARTESIAN_POINT('',(-0.,0.));
#6362 = VECTOR('',#6363,1.);
#6363 = DIRECTION('',(-0.,1.));
#6364 = ( GEOMETRIC_REPRESENTATION_CONTEXT(2) 
PARAMETRIC_REPRESENTATION_CONTEXT() REPRESENTATION_CONTEXT('2D SPACE',''
  ) );
#6365 = PCURVE('',#6279,#6366);
#6366 = DEFINITIONAL_REPRESENTATION('',(#6367),#6371);
#6367 = LINE('',#6368,#6369);
#6368 = CARTESIAN_POINT('',(-6.28318530718,0.));
#6369 = VECTOR('',#6370,1.);
#6370 = DIRECTION('',(-0.,1.));
#6371 = ( GEOMETRIC_REPRESENTATION_CONTEXT(2) 
PARAMETRIC_REPRESENTATION_CONTEXT() REPRESENTATION_CONTEXT('2D SPACE',''
  ) );
#6372 = ORIENTED_EDGE('',*,*,#6373,.F.);
#6373 = EDGE_CURVE('',#6351,#6351,#6374,.T.);
#6374 = SURFACE_CURVE('',#6375,(#6380,#6387),.PCURVE_S1.);
#6375 = CIRCLE('',#6376,18.);
#6376 = AXIS2_PLACEMENT_3D('',#6377,#6378,#6379);
#6377 = CARTESIAN_POINT('',(0.,0.,-4.25));
#6378 = DIRECTION('',(0.,0.,1.));
#6379 = DIRECTION('',(1.,0.,-0.));
#6380 = PCURVE('',#6279,#6381);
#6381 = DEFINITIONAL_REPRESENTATION('',(#6382),#6386);
#6382 = LINE('',#6383,#6384);
#6383 = CARTESIAN_POINT('',(-0.,8.5));
#6384 = VECTOR('',#6385,1.);
#6385 = DIRECTION('',(-1.,0.));
#6386 = ( GEOMETRIC_REPRESENTATION_CONTEXT(2) 
PARAMETRIC_REPRESENTATION_CONTEXT() REPRESENTATION_CONTEXT('2D SPACE',''
  ) );
#6387 = PCURVE('',#6388,#6393);
#6388 = PLANE('',#6389);
#6389 = AXIS2_PLACEMENT_3D('',#6390,#6391,#6392);
#6390 = CARTESIAN_POINT('',(0.,0.,-4.25));
#6391 = DIRECTION('',(0.,0.,1.));
#6392 = DIRECTION('',(1.,0.,-0.));
#6393 = DEFINITIONAL_REPRESENTATION('',(#6394),#6398);
#6394 = CIRCLE('',#6395,18.);
#6395 = AXIS2_PLACEMENT_2D('',#6396,#6397);
#6396 = CARTESIAN_POINT('',(0.,0.));
#6397 = DIRECTION('',(1.,-0.));
#6398 = ( GEOMETRIC_REPRESENTATION_CONTEXT(2) 
PARAMETRIC_REPRESENTATION_CONTEXT() REPRESENTATION_CONTEXT('2D SPACE',''
  ) );
#6399 = ORIENTED_EDGE('',*,*,#6350,.F.);
#6400 = ADVANCED_FACE('',(#6401,#6432),#6311,.F.);
#6401 = FACE_BOUND('',#6402,.F.);
#6402 = EDGE_LOOP('',(#6403));
#6403 = ORIENTED_EDGE('',*,*,#6404,.T.);
#6404 = EDGE_CURVE('',#6405,#6405,#6407,.T.);
#6405 = VERTEX_POINT('',#6406);
#6406 = CARTESIAN_POINT('',(8.,0.,-0.75));
#6407 = SURFACE_CURVE('',#6408,(#6413,#6420),.PCURVE_S1.);
#6408 = CIRCLE('',#6409,8.);
#6409 = AXIS2_PLACEMENT_3D('',#6410,#6411,#6412);
#6410 = CARTESIAN_POINT('',(0.,0.,-0.75));
#6411 = DIRECTION('',(0.,0.,1.));
#6412 = DIRECTION('',(1.,0.,-0.));
#6413 = PCURVE('',#6311,#6414);
#6414 = DEFINITIONAL_REPRESENTATION('',(#6415),#6419);
#6415 = CIRCLE('',#6416,8.);
#6416 = AXIS2_PLACEMENT_2D('',#6417,#6418);
#6417 = CARTESIAN_POINT('',(0.,0.));
#6418 = DIRECTION('',(1.,0.));
#6419 = ( GEOMETRIC_REPRESENTATION_CONTEXT(2) 
PARAMETRIC_REPRESENTATION_CONTEXT() REPRESENTATION_CONTEXT('2D SPACE',''
  ) );
#6420 = PCURVE('',#6421,#6426);
#6421 = CYLINDRICAL_SURFACE('',#6422,8.);
#6422 = AXIS2_PLACEMENT_3D('',#6423,#6424,#6425);
#6423 = CARTESIAN_POINT('',(0.,0.,-5.75));
#6424 = DIRECTION('',(0.,0.,1.));
#6425 = DIRECTION('',(1.,0.,-0.));
#6426 = DEFINITIONAL_REPRESENTATION('',(#6427),#6431);
#6427 = LINE('',#6428,#6429);
#6428 = CARTESIAN_POINT('',(0.,5.));
#6429 = VECTOR('',#6430,1.);
#6430 = DIRECTION('',(1.,0.));
#6431 = ( GEOMETRIC_REPRESENTATION_CONTEXT(2) 
PARAMETRIC_REPRESENTATION_CONTEXT() REPRESENTATION_CONTEXT('2D SPACE',''
  ) );
#6432 = FACE_BOUND('',#6433,.F.);
#6433 = EDGE_LOOP('',(#6434));
#6434 = ORIENTED_EDGE('',*,*,#6294,.F.);
#6435 = ADVANCED_FACE('',(#6436,#6439),#6388,.T.);
#6436 = FACE_BOUND('',#6437,.F.);
#6437 = EDGE_LOOP('',(#6438));
#6438 = ORIENTED_EDGE('',*,*,#6373,.T.);
#6439 = FACE_BOUND('',#6440,.F.);
#6440 = EDGE_LOOP('',(#6441));
#6441 = ORIENTED_EDGE('',*,*,#6442,.F.);
#6442 = EDGE_CURVE('',#6443,#6443,#6445,.T.);
#6443 = VERTEX_POINT('',#6444);
#6444 = CARTESIAN_POINT('',(19.,0.,-4.25));
#6445 = SURFACE_CURVE('',#6446,(#6451,#6458),.PCURVE_S1.);
#6446 = CIRCLE('',#6447,19.);
#6447 = AXIS2_PLACEMENT_3D('',#6448,#6449,#6450);
#6448 = CARTESIAN_POINT('',(0.,0.,-4.25));
#6449 = DIRECTION('',(0.,0.,1.));
#6450 = DIRECTION('',(1.,0.,-0.));
#6451 = PCURVE('',#6388,#6452);
#6452 = DEFINITIONAL_REPRESENTATION('',(#6453),#6457);
#6453 = CIRCLE('',#6454,19.);
#6454 = AXIS2_PLACEMENT_2D('',#6455,#6456);
#6455 = CARTESIAN_POINT('',(0.,0.));
#6456 = DIRECTION('',(1.,-0.));
#6457 = ( GEOMETRIC_REPRESENTATION_CONTEXT(2) 
PARAMETRIC_REPRESENTATION_CONTEXT() REPRESENTATION_CONTEXT('2D SPACE',''
  ) );
#6458 = PCURVE('',#6459,#6464);
#6459 = CYLINDRICAL_SURFACE('',#6460,19.);
#6460 = AXIS2_PLACEMENT_3D('',#6461,#6462,#6463);
#6461 = CARTESIAN_POINT('',(0.,0.,-4.25));
#6462 = DIRECTION('',(-0.,-0.,-1.));
#6463 = DIRECTION('',(1.,0.,0.));
#6464 = DEFINITIONAL_REPRESENTATION('',(#6465),#6469);
#6465 = LINE('',#6466,#6467);
#6466 = CARTESIAN_POINT('',(-0.,0.));
#6467 = VECTOR('',#6468,1.);
#6468 = DIRECTION('',(-1.,0.));
#6469 = ( GEOMETRIC_REPRESENTATION_CONTEXT(2) 
PARAMETRIC_REPRESENTATION_CONTEXT() REPRESENTATION_CONTEXT('2D SPACE',''
  ) );
#6470 = ADVANCED_FACE('',(#6471),#6421,.F.);
#6471 = FACE_BOUND('',#6472,.F.);
#6472 = EDGE_LOOP('',(#6473,#6496,#6523,#6524));
#6473 = ORIENTED_EDGE('',*,*,#6474,.F.);
#6474 = EDGE_CURVE('',#6475,#6405,#6477,.T.);
#6475 = VERTEX_POINT('',#6476);
#6476 = CARTESIAN_POINT('',(8.,0.,-5.25));
#6477 = SEAM_CURVE('',#6478,(#6482,#6489),.PCURVE_S1.);
#6478 = LINE('',#6479,#6480);
#6479 = CARTESIAN_POINT('',(8.,0.,-5.75));
#6480 = VECTOR('',#6481,1.);
#6481 = DIRECTION('',(0.,0.,1.));
#6482 = PCURVE('',#6421,#6483);
#6483 = DEFINITIONAL_REPRESENTATION('',(#6484),#6488);
#6484 = LINE('',#6485,#6486);
#6485 = CARTESIAN_POINT('',(0.,0.));
#6486 = VECTOR('',#6487,1.);
#6487 = DIRECTION('',(0.,1.));
#6488 = ( GEOMETRIC_REPRESENTATION_CONTEXT(2) 
PARAMETRIC_REPRESENTATION_CONTEXT() REPRESENTATION_CONTEXT('2D SPACE',''
  ) );
#6489 = PCURVE('',#6421,#6490);
#6490 = DEFINITIONAL_REPRESENTATION('',(#6491),#6495);
#6491 = LINE('',#6492,#6493);
#6492 = CARTESIAN_POINT('',(6.28318530718,0.));
#6493 = VECTOR('',#6494,1.);
#6494 = DIRECTION('',(0.,1.));
#6495 = ( GEOMETRIC_REPRESENTATION_CONTEXT(2) 
PARAMETRIC_REPRESENTATION_CONTEXT() REPRESENTATION_CONTEXT('2D SPACE',''
  ) );
#6496 = ORIENTED_EDGE('',*,*,#6497,.T.);
#6497 = EDGE_CURVE('',#6475,#6475,#6498,.T.);
#6498 = SURFACE_CURVE('',#6499,(#6504,#6511),.PCURVE_S1.);
#6499 = CIRCLE('',#6500,8.);
#6500 = AXIS2_PLACEMENT_3D('',#6501,#6502,#6503);
#6501 = CARTESIAN_POINT('',(0.,0.,-5.25));
#6502 = DIRECTION('',(0.,0.,1.));
#6503 = DIRECTION('',(1.,0.,-0.));
#6504 = PCURVE('',#6421,#6505);
#6505 = DEFINITIONAL_REPRESENTATION('',(#6506),#6510);
#6506 = LINE('',#6507,#6508);
#6507 = CARTESIAN_POINT('',(0.,0.5));
#6508 = VECTOR('',#6509,1.);
#6509 = DIRECTION('',(1.,0.));
#6510 = ( GEOMETRIC_REPRESENTATION_CONTEXT(2) 
PARAMETRIC_REPRESENTATION_CONTEXT() REPRESENTATION_CONTEXT('2D SPACE',''
  ) );
#6511 = PCURVE('',#6512,#6517);
#6512 = CONICAL_SURFACE('',#6513,8.,0.785398163397);
#6513 = AXIS2_PLACEMENT_3D('',#6514,#6515,#6516);
#6514 = CARTESIAN_POINT('',(0.,0.,-5.25));
#6515 = DIRECTION('',(-0.,-0.,-1.));
#6516 = DIRECTION('',(1.,0.,0.));
#6517 = DEFINITIONAL_REPRESENTATION('',(#6518),#6522);
#6518 = LINE('',#6519,#6520);
#6519 = CARTESIAN_POINT('',(-0.,0.));
#6520 = VECTOR('',#6521,1.);
#6521 = DIRECTION('',(-1.,0.));
#6522 = ( GEOMETRIC_REPRESENTATION_CONTEXT(2) 
PARAMETRIC_REPRESENTATION_CONTEXT() REPRESENTATION_CONTEXT('2D SPACE',''
  ) );
#6523 = ORIENTED_EDGE('',*,*,#6474,.T.);
#6524 = ORIENTED_EDGE('',*,*,#6404,.F.);
#6525 = ADVANCED_FACE('',(#6526),#6459,.T.);
#6526 = FACE_BOUND('',#6527,.F.);
#6527 = EDGE_LOOP('',(#6528,#6551,#6552,#6553));
#6528 = ORIENTED_EDGE('',*,*,#6529,.F.);
#6529 = EDGE_CURVE('',#6443,#6530,#6532,.T.);
#6530 = VERTEX_POINT('',#6531);
#6531 = CARTESIAN_POINT('',(19.,0.,-5.25));
#6532 = SEAM_CURVE('',#6533,(#6537,#6544),.PCURVE_S1.);
#6533 = LINE('',#6534,#6535);
#6534 = CARTESIAN_POINT('',(19.,0.,-4.25));
#6535 = VECTOR('',#6536,1.);
#6536 = DIRECTION('',(0.,0.,-1.));
#6537 = PCURVE('',#6459,#6538);
#6538 = DEFINITIONAL_REPRESENTATION('',(#6539),#6543);
#6539 = LINE('',#6540,#6541);
#6540 = CARTESIAN_POINT('',(-0.,0.));
#6541 = VECTOR('',#6542,1.);
#6542 = DIRECTION('',(-0.,1.));
#6543 = ( GEOMETRIC_REPRESENTATION_CONTEXT(2) 
PARAMETRIC_REPRESENTATION_CONTEXT() REPRESENTATION_CONTEXT('2D SPACE',''
  ) );
#6544 = PCURVE('',#6459,#6545);
#6545 = DEFINITIONAL_REPRESENTATION('',(#6546),#6550);
#6546 = LINE('',#6547,#6548);
#6547 = CARTESIAN_POINT('',(-6.28318530718,0.));
#6548 = VECTOR('',#6549,1.);
#6549 = DIRECTION('',(-0.,1.));
#6550 = ( GEOMETRIC_REPRESENTATION_CONTEXT(2) 
PARAMETRIC_REPRESENTATION_CONTEXT() REPRESENTATION_CONTEXT('2D SPACE',''
  ) );
#6551 = ORIENTED_EDGE('',*,*,#6442,.T.);
#6552 = ORIENTED_EDGE('',*,*,#6529,.T.);
#6553 = ORIENTED_EDGE('',*,*,#6554,.F.);
#6554 = EDGE_CURVE('',#6530,#6530,#6555,.T.);
#6555 = SURFACE_CURVE('',#6556,(#6561,#6568),.PCURVE_S1.);
#6556 = CIRCLE('',#6557,19.);
#6557 = AXIS2_PLACEMENT_3D('',#6558,#6559,#6560);
#6558 = CARTESIAN_POINT('',(0.,0.,-5.25));
#6559 = DIRECTION('',(0.,0.,1.));
#6560 = DIRECTION('',(1.,0.,-0.));
#6561 = PCURVE('',#6459,#6562);
#6562 = DEFINITIONAL_REPRESENTATION('',(#6563),#6567);
#6563 = LINE('',#6564,#6565);
#6564 = CARTESIAN_POINT('',(-0.,1.));
#6565 = VECTOR('',#6566,1.);
#6566 = DIRECTION('',(-1.,0.));
#6567 = ( GEOMETRIC_REPRESENTATION_CONTEXT(2) 
PARAMETRIC_REPRESENTATION_CONTEXT() REPRESENTATION_CONTEXT('2D SPACE',''
  ) );
#6568 = PCURVE('',#6569,#6574);
#6569 = CONICAL_SURFACE('',#6570,19.,0.785398163397);
#6570 = AXIS2_PLACEMENT_3D('',#6571,#6572,#6573);
#6571 = CARTESIAN_POINT('',(0.,0.,-5.25));
#6572 = DIRECTION('',(0.,0.,1.));
#6573 = DIRECTION('',(1.,0.,-0.));
#6574 = DEFINITIONAL_REPRESENTATION('',(#6575),#6579);
#6575 = LINE('',#6576,#6577);
#6576 = CARTESIAN_POINT('',(0.,-0.));
#6577 = VECTOR('',#6578,1.);
#6578 = DIRECTION('',(1.,-0.));
#6579 = ( GEOMETRIC_REPRESENTATION_CONTEXT(2) 
PARAMETRIC_REPRESENTATION_CONTEXT() REPRESENTATION_CONTEXT('2D SPACE',''
  ) );
#6580 = ADVANCED_FACE('',(#6581),#6512,.F.);
#6581 = FACE_BOUND('',#6582,.T.);
#6582 = EDGE_LOOP('',(#6583,#6604,#6605,#6606));
#6583 = ORIENTED_EDGE('',*,*,#6584,.F.);
#6584 = EDGE_CURVE('',#6475,#6585,#6587,.T.);
#6585 = VERTEX_POINT('',#6586);
#6586 = CARTESIAN_POINT('',(8.5,0.,-5.75));
#6587 = SEAM_CURVE('',#6588,(#6592,#6598),.PCURVE_S1.);
#6588 = LINE('',#6589,#6590);
#6589 = CARTESIAN_POINT('',(8.,0.,-5.25));
#6590 = VECTOR('',#6591,1.);
#6591 = DIRECTION('',(0.707106781187,0.,-0.707106781187));
#6592 = PCURVE('',#6512,#6593);
#6593 = DEFINITIONAL_REPRESENTATION('',(#6594),#6597);
#6594 = B_SPLINE_CURVE_WITH_KNOTS('',1,(#6595,#6596),.UNSPECIFIED.,.F.,
  .F.,(2,2),(0.,0.707106781187),.PIECEWISE_BEZIER_KNOTS.);
#6595 = CARTESIAN_POINT('',(0.,0.));
#6596 = CARTESIAN_POINT('',(0.,0.5));
#6597 = ( GEOMETRIC_REPRESENTATION_CONTEXT(2) 
PARAMETRIC_REPRESENTATION_CONTEXT() REPRESENTATION_CONTEXT('2D SPACE',''
  ) );
#6598 = PCURVE('',#6512,#6599);
#6599 = DEFINITIONAL_REPRESENTATION('',(#6600),#6603);
#6600 = B_SPLINE_CURVE_WITH_KNOTS('',1,(#6601,#6602),.UNSPECIFIED.,.F.,
  .F.,(2,2),(0.,0.707106781187),.PIECEWISE_BEZIER_KNOTS.);
#6601 = CARTESIAN_POINT('',(-6.28318530718,0.));
#6602 = CARTESIAN_POINT('',(-6.28318530718,0.5));
#6603 = ( GEOMETRIC_REPRESENTATION_CONTEXT(2) 
PARAMETRIC_REPRESENTATION_CONTEXT() REPRESENTATION_CONTEXT('2D SPACE',''
  ) );
#6604 = ORIENTED_EDGE('',*,*,#6497,.T.);
#6605 = ORIENTED_EDGE('',*,*,#6584,.T.);
#6606 = ORIENTED_EDGE('',*,*,#6607,.F.);
#6607 = EDGE_CURVE('',#6585,#6585,#6608,.T.);
#6608 = SURFACE_CURVE('',#6609,(#6614,#6621),.PCURVE_S1.);
#6609 = CIRCLE('',#6610,8.5);
#6610 = AXIS2_PLACEMENT_3D('',#6611,#6612,#6613);
#6611 = CARTESIAN_POINT('',(0.,0.,-5.75));
#6612 = DIRECTION('',(0.,0.,1.));
#6613 = DIRECTION('',(1.,0.,-0.));
#6614 = PCURVE('',#6512,#6615);
#6615 = DEFINITIONAL_REPRESENTATION('',(#6616),#6620);
#6616 = LINE('',#6617,#6618);
#6617 = CARTESIAN_POINT('',(-0.,0.5));
#6618 = VECTOR('',#6619,1.);
#6619 = DIRECTION('',(-1.,0.));
#6620 = ( GEOMETRIC_REPRESENTATION_CONTEXT(2) 
PARAMETRIC_REPRESENTATION_CONTEXT() REPRESENTATION_CONTEXT('2D SPACE',''
  ) );
#6621 = PCURVE('',#6622,#6627);
#6622 = PLANE('',#6623);
#6623 = AXIS2_PLACEMENT_3D('',#6624,#6625,#6626);
#6624 = CARTESIAN_POINT('',(0.,0.,-5.75));
#6625 = DIRECTION('',(0.,0.,1.));
#6626 = DIRECTION('',(1.,0.,-0.));
#6627 = DEFINITIONAL_REPRESENTATION('',(#6628),#6632);
#6628 = CIRCLE('',#6629,8.5);
#6629 = AXIS2_PLACEMENT_2D('',#6630,#6631);
#6630 = CARTESIAN_POINT('',(0.,0.));
#6631 = DIRECTION('',(1.,0.));
#6632 = ( GEOMETRIC_REPRESENTATION_CONTEXT(2) 
PARAMETRIC_REPRESENTATION_CONTEXT() REPRESENTATION_CONTEXT('2D SPACE',''
  ) );
#6633 = ADVANCED_FACE('',(#6634),#6569,.T.);
#6634 = FACE_BOUND('',#6635,.F.);
#6635 = EDGE_LOOP('',(#6636,#6657,#6658,#6659));
#6636 = ORIENTED_EDGE('',*,*,#6637,.F.);
#6637 = EDGE_CURVE('',#6530,#6638,#6640,.T.);
#6638 = VERTEX_POINT('',#6639);
#6639 = CARTESIAN_POINT('',(18.5,0.,-5.75));
#6640 = SEAM_CURVE('',#6641,(#6645,#6651),.PCURVE_S1.);
#6641 = LINE('',#6642,#6643);
#6642 = CARTESIAN_POINT('',(19.,0.,-5.25));
#6643 = VECTOR('',#6644,1.);
#6644 = DIRECTION('',(-0.707106781187,-0.,-0.707106781187));
#6645 = PCURVE('',#6569,#6646);
#6646 = DEFINITIONAL_REPRESENTATION('',(#6647),#6650);
#6647 = B_SPLINE_CURVE_WITH_KNOTS('',1,(#6648,#6649),.UNSPECIFIED.,.F.,
  .F.,(2,2),(0.,0.707106781187),.PIECEWISE_BEZIER_KNOTS.);
#6648 = CARTESIAN_POINT('',(0.,0.));
#6649 = CARTESIAN_POINT('',(0.,-0.5));
#6650 = ( GEOMETRIC_REPRESENTATION_CONTEXT(2) 
PARAMETRIC_REPRESENTATION_CONTEXT() REPRESENTATION_CONTEXT('2D SPACE',''
  ) );
#6651 = PCURVE('',#6569,#6652);
#6652 = DEFINITIONAL_REPRESENTATION('',(#6653),#6656);
#6653 = B_SPLINE_CURVE_WITH_KNOTS('',1,(#6654,#6655),.UNSPECIFIED.,.F.,
  .F.,(2,2),(0.,0.707106781187),.PIECEWISE_BEZIER_KNOTS.);
#6654 = CARTESIAN_POINT('',(6.28318530718,0.));
#6655 = CARTESIAN_POINT('',(6.28318530718,-0.5));
#6656 = ( GEOMETRIC_REPRESENTATION_CONTEXT(2) 
PARAMETRIC_REPRESENTATION_CONTEXT() REPRESENTATION_CONTEXT('2D SPACE',''
  ) );
#6657 = ORIENTED_EDGE('',*,*,#6554,.T.);
#6658 = ORIENTED_EDGE('',*,*,#6637,.T.);
#6659 = ORIENTED_EDGE('',*,*,#6660,.F.);
#6660 = EDGE_CURVE('',#6638,#6638,#6661,.T.);
#6661 = SURFACE_CURVE('',#6662,(#6667,#6674),.PCURVE_S1.);
#6662 = CIRCLE('',#6663,18.5);
#6663 = AXIS2_PLACEMENT_3D('',#6664,#6665,#6666);
#6664 = CARTESIAN_POINT('',(0.,0.,-5.75));
#6665 = DIRECTION('',(0.,0.,1.));
#6666 = DIRECTION('',(1.,0.,-0.));
#6667 = PCURVE('',#6569,#6668);
#6668 = DEFINITIONAL_REPRESENTATION('',(#6669),#6673);
#6669 = LINE('',#6670,#6671);
#6670 = CARTESIAN_POINT('',(0.,-0.5));
#6671 = VECTOR('',#6672,1.);
#6672 = DIRECTION('',(1.,-0.));
#6673 = ( GEOMETRIC_REPRESENTATION_CONTEXT(2) 
PARAMETRIC_REPRESENTATION_CONTEXT() REPRESENTATION_CONTEXT('2D SPACE',''
  ) );
#6674 = PCURVE('',#6622,#6675);
#6675 = DEFINITIONAL_REPRESENTATION('',(#6676),#6680);
#6676 = CIRCLE('',#6677,18.5);
#6677 = AXIS2_PLACEMENT_2D('',#6678,#6679);
#6678 = CARTESIAN_POINT('',(0.,0.));
#6679 = DIRECTION('',(1.,0.));
#6680 = ( GEOMETRIC_REPRESENTATION_CONTEXT(2) 
PARAMETRIC_REPRESENTATION_CONTEXT() REPRESENTATION_CONTEXT('2D SPACE',''
  ) );
#6681 = ADVANCED_FACE('',(#6682,#6685),#6622,.F.);
#6682 = FACE_BOUND('',#6683,.F.);
#6683 = EDGE_LOOP('',(#6684));
#6684 = ORIENTED_EDGE('',*,*,#6607,.F.);
#6685 = FACE_BOUND('',#6686,.F.);
#6686 = EDGE_LOOP('',(#6687));
#6687 = ORIENTED_EDGE('',*,*,#6660,.T.);
#6688 = ( GEOMETRIC_REPRESENTATION_CONTEXT(3) 
GLOBAL_UNCERTAINTY_ASSIGNED_CONTEXT((#6692)) 
GLOBAL_UNIT_ASSIGNED_CONTEXT((#6689,#6690,#6691)) REPRESENTATION_CONTEXT
('Context #1','3D Context with UNIT and UNCERTAINTY') );
#6689 = ( LENGTH_UNIT() NAMED_UNIT(*) SI_UNIT(.MILLI.,.METRE.) );
#6690 = ( NAMED_UNIT(*) PLANE_ANGLE_UNIT() SI_UNIT($,.RADIAN.) );
#6691 = ( NAMED_UNIT(*) SI_UNIT($,.STERADIAN.) SOLID_ANGLE_UNIT() );
#6692 = UNCERTAINTY_MEASURE_WITH_UNIT(LENGTH_MEASURE(1.E-07),#6689,
  'distance_accuracy_value','confusion accuracy');
#6693 = CONTEXT_DEPENDENT_SHAPE_REPRESENTATION(#6694,#6696);
#6694 = ( REPRESENTATION_RELATIONSHIP('','',#5933,#10) 
REPRESENTATION_RELATIONSHIP_WITH_TRANSFORMATION(#6695) 
SHAPE_REPRESENTATION_RELATIONSHIP() );
#6695 = ITEM_DEFINED_TRANSFORMATION('','',#11,#35);
#6696 = PRODUCT_DEFINITION_SHAPE('Placement','Placement of an item',
  #6697);
#6697 = NEXT_ASSEMBLY_USAGE_OCCURRENCE('11','hub_L','',#5,#5928,$);
#6698 = PRODUCT_RELATED_PRODUCT_CATEGORY('part',$,(#5930));
#6699 = SHAPE_DEFINITION_REPRESENTATION(#6700,#6706);
#6700 = PRODUCT_DEFINITION_SHAPE('','',#6701);
#6701 = PRODUCT_DEFINITION('design','',#6702,#6705);
#6702 = PRODUCT_DEFINITION_FORMATION('','',#6703);
#6703 = PRODUCT('tire_R','tire_R','',(#6704));
#6704 = PRODUCT_CONTEXT('',#2,'mechanical');
#6705 = PRODUCT_DEFINITION_CONTEXT('part definition',#2,'design');
#6706 = ADVANCED_BREP_SHAPE_REPRESENTATION('',(#11,#6707),#7177);
#6707 = MANIFOLD_SOLID_BREP('',#6708);
#6708 = CLOSED_SHELL('',(#6709,#6777,#6831,#6886,#6941,#6976,#7030,#7085
    ,#7120,#7150));
#6709 = ADVANCED_FACE('',(#6710,#6746),#6723,.T.);
#6710 = FACE_BOUND('',#6711,.F.);
#6711 = EDGE_LOOP('',(#6712));
#6712 = ORIENTED_EDGE('',*,*,#6713,.F.);
#6713 = EDGE_CURVE('',#6714,#6714,#6716,.T.);
#6714 = VERTEX_POINT('',#6715);
#6715 = CARTESIAN_POINT('',(23.,0.,5.55));
#6716 = SURFACE_CURVE('',#6717,(#6722,#6734),.PCURVE_S1.);
#6717 = CIRCLE('',#6718,23.);
#6718 = AXIS2_PLACEMENT_3D('',#6719,#6720,#6721);
#6719 = CARTESIAN_POINT('',(0.,0.,5.55));
#6720 = DIRECTION('',(0.,-0.,1.));
#6721 = DIRECTION('',(1.,0.,0.));
#6722 = PCURVE('',#6723,#6728);
#6723 = PLANE('',#6724);
#6724 = AXIS2_PLACEMENT_3D('',#6725,#6726,#6727);
#6725 = CARTESIAN_POINT('',(0.,0.,5.55));
#6726 = DIRECTION('',(0.,0.,1.));
#6727 = DIRECTION('',(1.,0.,-0.));
#6728 = DEFINITIONAL_REPRESENTATION('',(#6729),#6733);
#6729 = CIRCLE('',#6730,23.);
#6730 = AXIS2_PLACEMENT_2D('',#6731,#6732);
#6731 = CARTESIAN_POINT('',(0.,0.));
#6732 = DIRECTION('',(1.,-0.));
#6733 = ( GEOMETRIC_REPRESENTATION_CONTEXT(2) 
PARAMETRIC_REPRESENTATION_CONTEXT() REPRESENTATION_CONTEXT('2D SPACE',''
  ) );
#6734 = PCURVE('',#6735,#6740);
#6735 = TOROIDAL_SURFACE('',#6736,23.,2.);
#6736 = AXIS2_PLACEMENT_3D('',#6737,#6738,#6739);
#6737 = CARTESIAN_POINT('',(0.,0.,3.55));
#6738 = DIRECTION('',(-0.,0.,-1.));
#6739 = DIRECTION('',(1.,0.,0.));
#6740 = DEFINITIONAL_REPRESENTATION('',(#6741),#6745);
#6741 = LINE('',#6742,#6743);
#6742 = CARTESIAN_POINT('',(-0.,4.712388980385));
#6743 = VECTOR('',#6744,1.);
#6744 = DIRECTION('',(-1.,0.));
#6745 = ( GEOMETRIC_REPRESENTATION_CONTEXT(2) 
PARAMETRIC_REPRESENTATION_CONTEXT() REPRESENTATION_CONTEXT('2D SPACE',''
  ) );
#6746 = FACE_BOUND('',#6747,.F.);
#6747 = EDGE_LOOP('',(#6748));
#6748 = ORIENTED_EDGE('',*,*,#6749,.T.);
#6749 = EDGE_CURVE('',#6750,#6750,#6752,.T.);
#6750 = VERTEX_POINT('',#6751);
#6751 = CARTESIAN_POINT('',(19.,0.,5.55));
#6752 = SURFACE_CURVE('',#6753,(#6758,#6765),.PCURVE_S1.);
#6753 = CIRCLE('',#6754,19.);
#6754 = AXIS2_PLACEMENT_3D('',#6755,#6756,#6757);
#6755 = CARTESIAN_POINT('',(0.,0.,5.55));
#6756 = DIRECTION('',(0.,0.,1.));
#6757 = DIRECTION('',(1.,0.,-0.));
#6758 = PCURVE('',#6723,#6759);
#6759 = DEFINITIONAL_REPRESENTATION('',(#6760),#6764);
#6760 = CIRCLE('',#6761,19.);
#6761 = AXIS2_PLACEMENT_2D('',#6762,#6763);
#6762 = CARTESIAN_POINT('',(0.,0.));
#6763 = DIRECTION('',(1.,-0.));
#6764 = ( GEOMETRIC_REPRESENTATION_CONTEXT(2) 
PARAMETRIC_REPRESENTATION_CONTEXT() REPRESENTATION_CONTEXT('2D SPACE',''
  ) );
#6765 = PCURVE('',#6766,#6771);
#6766 = CYLINDRICAL_SURFACE('',#6767,19.);
#6767 = AXIS2_PLACEMENT_3D('',#6768,#6769,#6770);
#6768 = CARTESIAN_POINT('',(0.,0.,4.25));
#6769 = DIRECTION('',(0.,0.,1.));
#6770 = DIRECTION('',(1.,0.,-0.));
#6771 = DEFINITIONAL_REPRESENTATION('',(#6772),#6776);
#6772 = LINE('',#6773,#6774);
#6773 = CARTESIAN_POINT('',(0.,1.3));
#6774 = VECTOR('',#6775,1.);
#6775 = DIRECTION('',(1.,0.));
#6776 = ( GEOMETRIC_REPRESENTATION_CONTEXT(2) 
PARAMETRIC_REPRESENTATION_CONTEXT() REPRESENTATION_CONTEXT('2D SPACE',''
  ) );
#6777 = ADVANCED_FACE('',(#6778),#6735,.T.);
#6778 = FACE_BOUND('',#6779,.F.);
#6779 = EDGE_LOOP('',(#6780,#6802,#6803,#6804));
#6780 = ORIENTED_EDGE('',*,*,#6781,.F.);
#6781 = EDGE_CURVE('',#6714,#6782,#6784,.T.);
#6782 = VERTEX_POINT('',#6783);
#6783 = CARTESIAN_POINT('',(25.,0.,3.55));
#6784 = SEAM_CURVE('',#6785,(#6790,#6796),.PCURVE_S1.);
#6785 = CIRCLE('',#6786,2.);
#6786 = AXIS2_PLACEMENT_3D('',#6787,#6788,#6789);
#6787 = CARTESIAN_POINT('',(23.,0.,3.55));
#6788 = DIRECTION('',(-0.,1.,0.));
#6789 = DIRECTION('',(1.,0.,0.));
#6790 = PCURVE('',#6735,#6791);
#6791 = DEFINITIONAL_REPRESENTATION('',(#6792),#6795);
#6792 = B_SPLINE_CURVE_WITH_KNOTS('',1,(#6793,#6794),.UNSPECIFIED.,.F.,
  .F.,(2,2),(4.712388980385,6.28318530718),.PIECEWISE_BEZIER_KNOTS.);
#6793 = CARTESIAN_POINT('',(0.,4.712388980385));
#6794 = CARTESIAN_POINT('',(0.,6.28318530718));
#6795 = ( GEOMETRIC_REPRESENTATION_CONTEXT(2) 
PARAMETRIC_REPRESENTATION_CONTEXT() REPRESENTATION_CONTEXT('2D SPACE',''
  ) );
#6796 = PCURVE('',#6735,#6797);
#6797 = DEFINITIONAL_REPRESENTATION('',(#6798),#6801);
#6798 = B_SPLINE_CURVE_WITH_KNOTS('',1,(#6799,#6800),.UNSPECIFIED.,.F.,
  .F.,(2,2),(4.712388980385,6.28318530718),.PIECEWISE_BEZIER_KNOTS.);
#6799 = CARTESIAN_POINT('',(-6.28318530718,4.712388980385));
#6800 = CARTESIAN_POINT('',(-6.28318530718,6.28318530718));
#6801 = ( GEOMETRIC_REPRESENTATION_CONTEXT(2) 
PARAMETRIC_REPRESENTATION_CONTEXT() REPRESENTATION_CONTEXT('2D SPACE',''
  ) );
#6802 = ORIENTED_EDGE('',*,*,#6713,.F.);
#6803 = ORIENTED_EDGE('',*,*,#6781,.T.);
#6804 = ORIENTED_EDGE('',*,*,#6805,.T.);
#6805 = EDGE_CURVE('',#6782,#6782,#6806,.T.);
#6806 = SURFACE_CURVE('',#6807,(#6812,#6819),.PCURVE_S1.);
#6807 = CIRCLE('',#6808,25.);
#6808 = AXIS2_PLACEMENT_3D('',#6809,#6810,#6811);
#6809 = CARTESIAN_POINT('',(0.,0.,3.55));
#6810 = DIRECTION('',(0.,-0.,1.));
#6811 = DIRECTION('',(1.,0.,0.));
#6812 = PCURVE('',#6735,#6813);
#6813 = DEFINITIONAL_REPRESENTATION('',(#6814),#6818);
#6814 = LINE('',#6815,#6816);
#6815 = CARTESIAN_POINT('',(-0.,6.28318530718));
#6816 = VECTOR('',#6817,1.);
#6817 = DIRECTION('',(-1.,0.));
#6818 = ( GEOMETRIC_REPRESENTATION_CONTEXT(2) 
PARAMETRIC_REPRESENTATION_CONTEXT() REPRESENTATION_CONTEXT('2D SPACE',''
  ) );
#6819 = PCURVE('',#6820,#6825);
#6820 = CYLINDRICAL_SURFACE('',#6821,25.);
#6821 = AXIS2_PLACEMENT_3D('',#6822,#6823,#6824);
#6822 = CARTESIAN_POINT('',(0.,0.,5.55));
#6823 = DIRECTION('',(-0.,-0.,-1.));
#6824 = DIRECTION('',(1.,0.,0.));
#6825 = DEFINITIONAL_REPRESENTATION('',(#6826),#6830);
#6826 = LINE('',#6827,#6828);
#6827 = CARTESIAN_POINT('',(-0.,2.));
#6828 = VECTOR('',#6829,1.);
#6829 = DIRECTION('',(-1.,0.));
#6830 = ( GEOMETRIC_REPRESENTATION_CONTEXT(2) 
PARAMETRIC_REPRESENTATION_CONTEXT() REPRESENTATION_CONTEXT('2D SPACE',''
  ) );
#6831 = ADVANCED_FACE('',(#6832),#6766,.F.);
#6832 = FACE_BOUND('',#6833,.F.);
#6833 = EDGE_LOOP('',(#6834,#6863,#6884,#6885));
#6834 = ORIENTED_EDGE('',*,*,#6835,.T.);
#6835 = EDGE_CURVE('',#6836,#6836,#6838,.T.);
#6836 = VERTEX_POINT('',#6837);
#6837 = CARTESIAN_POINT('',(19.,0.,4.25));
#6838 = SURFACE_CURVE('',#6839,(#6844,#6851),.PCURVE_S1.);
#6839 = CIRCLE('',#6840,19.);
#6840 = AXIS2_PLACEMENT_3D('',#6841,#6842,#6843);
#6841 = CARTESIAN_POINT('',(0.,0.,4.25));
#6842 = DIRECTION('',(0.,0.,1.));
#6843 = DIRECTION('',(1.,0.,-0.));
#6844 = PCURVE('',#6766,#6845);
#6845 = DEFINITIONAL_REPRESENTATION('',(#6846),#6850);
#6846 = LINE('',#6847,#6848);
#6847 = CARTESIAN_POINT('',(0.,0.));
#6848 = VECTOR('',#6849,1.);
#6849 = DIRECTION('',(1.,0.));
#6850 = ( GEOMETRIC_REPRESENTATION_CONTEXT(2) 
PARAMETRIC_REPRESENTATION_CONTEXT() REPRESENTATION_CONTEXT('2D SPACE',''
  ) );
#6851 = PCURVE('',#6852,#6857);
#6852 = PLANE('',#6853);
#6853 = AXIS2_PLACEMENT_3D('',#6854,#6855,#6856);
#6854 = CARTESIAN_POINT('',(0.,0.,4.25));
#6855 = DIRECTION('',(0.,0.,1.));
#6856 = DIRECTION('',(1.,0.,-0.));
#6857 = DEFINITIONAL_REPRESENTATION('',(#6858),#6862);
#6858 = CIRCLE('',#6859,19.);
#6859 = AXIS2_PLACEMENT_2D('',#6860,#6861);
#6860 = CARTESIAN_POINT('',(0.,0.));
#6861 = DIRECTION('',(1.,-0.));
#6862 = ( GEOMETRIC_REPRESENTATION_CONTEXT(2) 
PARAMETRIC_REPRESENTATION_CONTEXT() REPRESENTATION_CONTEXT('2D SPACE',''
  ) );
#6863 = ORIENTED_EDGE('',*,*,#6864,.T.);
#6864 = EDGE_CURVE('',#6836,#6750,#6865,.T.);
#6865 = SEAM_CURVE('',#6866,(#6870,#6877),.PCURVE_S1.);
#6866 = LINE('',#6867,#6868);
#6867 = CARTESIAN_POINT('',(19.,0.,4.25));
#6868 = VECTOR('',#6869,1.);
#6869 = DIRECTION('',(0.,0.,1.));
#6870 = PCURVE('',#6766,#6871);
#6871 = DEFINITIONAL_REPRESENTATION('',(#6872),#6876);
#6872 = LINE('',#6873,#6874);
#6873 = CARTESIAN_POINT('',(0.,0.));
#6874 = VECTOR('',#6875,1.);
#6875 = DIRECTION('',(0.,1.));
#6876 = ( GEOMETRIC_REPRESENTATION_CONTEXT(2) 
PARAMETRIC_REPRESENTATION_CONTEXT() REPRESENTATION_CONTEXT('2D SPACE',''
  ) );
#6877 = PCURVE('',#6766,#6878);
#6878 = DEFINITIONAL_REPRESENTATION('',(#6879),#6883);
#6879 = LINE('',#6880,#6881);
#6880 = CARTESIAN_POINT('',(6.28318530718,0.));
#6881 = VECTOR('',#6882,1.);
#6882 = DIRECTION('',(0.,1.));
#6883 = ( GEOMETRIC_REPRESENTATION_CONTEXT(2) 
PARAMETRIC_REPRESENTATION_CONTEXT() REPRESENTATION_CONTEXT('2D SPACE',''
  ) );
#6884 = ORIENTED_EDGE('',*,*,#6749,.F.);
#6885 = ORIENTED_EDGE('',*,*,#6864,.F.);
#6886 = ADVANCED_FACE('',(#6887),#6820,.T.);
#6887 = FACE_BOUND('',#6888,.F.);
#6888 = EDGE_LOOP('',(#6889,#6912,#6913,#6914));
#6889 = ORIENTED_EDGE('',*,*,#6890,.F.);
#6890 = EDGE_CURVE('',#6782,#6891,#6893,.T.);
#6891 = VERTEX_POINT('',#6892);
#6892 = CARTESIAN_POINT('',(25.,0.,-3.55));
#6893 = SEAM_CURVE('',#6894,(#6898,#6905),.PCURVE_S1.);
#6894 = LINE('',#6895,#6896);
#6895 = CARTESIAN_POINT('',(25.,0.,5.55));
#6896 = VECTOR('',#6897,1.);
#6897 = DIRECTION('',(0.,0.,-1.));
#6898 = PCURVE('',#6820,#6899);
#6899 = DEFINITIONAL_REPRESENTATION('',(#6900),#6904);
#6900 = LINE('',#6901,#6902);
#6901 = CARTESIAN_POINT('',(-0.,0.));
#6902 = VECTOR('',#6903,1.);
#6903 = DIRECTION('',(-0.,1.));
#6904 = ( GEOMETRIC_REPRESENTATION_CONTEXT(2) 
PARAMETRIC_REPRESENTATION_CONTEXT() REPRESENTATION_CONTEXT('2D SPACE',''
  ) );
#6905 = PCURVE('',#6820,#6906);
#6906 = DEFINITIONAL_REPRESENTATION('',(#6907),#6911);
#6907 = LINE('',#6908,#6909);
#6908 = CARTESIAN_POINT('',(-6.28318530718,0.));
#6909 = VECTOR('',#6910,1.);
#6910 = DIRECTION('',(-0.,1.));
#6911 = ( GEOMETRIC_REPRESENTATION_CONTEXT(2) 
PARAMETRIC_REPRESENTATION_CONTEXT() REPRESENTATION_CONTEXT('2D SPACE',''
  ) );
#6912 = ORIENTED_EDGE('',*,*,#6805,.T.);
#6913 = ORIENTED_EDGE('',*,*,#6890,.T.);
#6914 = ORIENTED_EDGE('',*,*,#6915,.F.);
#6915 = EDGE_CURVE('',#6891,#6891,#6916,.T.);
#6916 = SURFACE_CURVE('',#6917,(#6922,#6929),.PCURVE_S1.);
#6917 = CIRCLE('',#6918,25.);
#6918 = AXIS2_PLACEMENT_3D('',#6919,#6920,#6921);
#6919 = CARTESIAN_POINT('',(0.,0.,-3.55));
#6920 = DIRECTION('',(0.,0.,1.));
#6921 = DIRECTION('',(1.,0.,-0.));
#6922 = PCURVE('',#6820,#6923);
#6923 = DEFINITIONAL_REPRESENTATION('',(#6924),#6928);
#6924 = LINE('',#6925,#6926);
#6925 = CARTESIAN_POINT('',(-0.,9.1));
#6926 = VECTOR('',#6927,1.);
#6927 = DIRECTION('',(-1.,0.));
#6928 = ( GEOMETRIC_REPRESENTATION_CONTEXT(2) 
PARAMETRIC_REPRESENTATION_CONTEXT() REPRESENTATION_CONTEXT('2D SPACE',''
  ) );
#6929 = PCURVE('',#6930,#6935);
#6930 = TOROIDAL_SURFACE('',#6931,23.,2.);
#6931 = AXIS2_PLACEMENT_3D('',#6932,#6933,#6934);
#6932 = CARTESIAN_POINT('',(0.,0.,-3.55));
#6933 = DIRECTION('',(-0.,-0.,-1.));
#6934 = DIRECTION('',(1.,0.,-0.));
#6935 = DEFINITIONAL_REPRESENTATION('',(#6936),#6940);
#6936 = LINE('',#6937,#6938);
#6937 = CARTESIAN_POINT('',(-0.,0.));
#6938 = VECTOR('',#6939,1.);
#6939 = DIRECTION('',(-1.,0.));
#6940 = ( GEOMETRIC_REPRESENTATION_CONTEXT(2) 
PARAMETRIC_REPRESENTATION_CONTEXT() REPRESENTATION_CONTEXT('2D SPACE',''
  ) );
#6941 = ADVANCED_FACE('',(#6942,#6973),#6852,.T.);
#6942 = FACE_BOUND('',#6943,.F.);
#6943 = EDGE_LOOP('',(#6944));
#6944 = ORIENTED_EDGE('',*,*,#6945,.T.);
#6945 = EDGE_CURVE('',#6946,#6946,#6948,.T.);
#6946 = VERTEX_POINT('',#6947);
#6947 = CARTESIAN_POINT('',(18.,0.,4.25));
#6948 = SURFACE_CURVE('',#6949,(#6954,#6961),.PCURVE_S1.);
#6949 = CIRCLE('',#6950,18.);
#6950 = AXIS2_PLACEMENT_3D('',#6951,#6952,#6953);
#6951 = CARTESIAN_POINT('',(0.,0.,4.25));
#6952 = DIRECTION('',(0.,0.,1.));
#6953 = DIRECTION('',(1.,0.,-0.));
#6954 = PCURVE('',#6852,#6955);
#6955 = DEFINITIONAL_REPRESENTATION('',(#6956),#6960);
#6956 = CIRCLE('',#6957,18.);
#6957 = AXIS2_PLACEMENT_2D('',#6958,#6959);
#6958 = CARTESIAN_POINT('',(0.,0.));
#6959 = DIRECTION('',(1.,-0.));
#6960 = ( GEOMETRIC_REPRESENTATION_CONTEXT(2) 
PARAMETRIC_REPRESENTATION_CONTEXT() REPRESENTATION_CONTEXT('2D SPACE',''
  ) );
#6961 = PCURVE('',#6962,#6967);
#6962 = CYLINDRICAL_SURFACE('',#6963,18.);
#6963 = AXIS2_PLACEMENT_3D('',#6964,#6965,#6966);
#6964 = CARTESIAN_POINT('',(0.,0.,-4.25));
#6965 = DIRECTION('',(0.,0.,1.));
#6966 = DIRECTION('',(1.,0.,-0.));
#6967 = DEFINITIONAL_REPRESENTATION('',(#6968),#6972);
#6968 = LINE('',#6969,#6970);
#6969 = CARTESIAN_POINT('',(0.,8.5));
#6970 = VECTOR('',#6971,1.);
#6971 = DIRECTION('',(1.,0.));
#6972 = ( GEOMETRIC_REPRESENTATION_CONTEXT(2) 
PARAMETRIC_REPRESENTATION_CONTEXT() REPRESENTATION_CONTEXT('2D SPACE',''
  ) );
#6973 = FACE_BOUND('',#6974,.F.);
#6974 = EDGE_LOOP('',(#6975));
#6975 = ORIENTED_EDGE('',*,*,#6835,.F.);
#6976 = ADVANCED_FACE('',(#6977),#6930,.T.);
#6977 = FACE_BOUND('',#6978,.F.);
#6978 = EDGE_LOOP('',(#6979,#7001,#7002,#7003));
#6979 = ORIENTED_EDGE('',*,*,#6980,.F.);
#6980 = EDGE_CURVE('',#6891,#6981,#6983,.T.);
#6981 = VERTEX_POINT('',#6982);
#6982 = CARTESIAN_POINT('',(23.,0.,-5.55));
#6983 = SEAM_CURVE('',#6984,(#6989,#6995),.PCURVE_S1.);
#6984 = CIRCLE('',#6985,2.);
#6985 = AXIS2_PLACEMENT_3D('',#6986,#6987,#6988);
#6986 = CARTESIAN_POINT('',(23.,0.,-3.55));
#6987 = DIRECTION('',(0.,1.,0.));
#6988 = DIRECTION('',(1.,0.,-0.));
#6989 = PCURVE('',#6930,#6990);
#6990 = DEFINITIONAL_REPRESENTATION('',(#6991),#6994);
#6991 = B_SPLINE_CURVE_WITH_KNOTS('',1,(#6992,#6993),.UNSPECIFIED.,.F.,
  .F.,(2,2),(0.,1.570796326795),.PIECEWISE_BEZIER_KNOTS.);
#6992 = CARTESIAN_POINT('',(0.,0.));
#6993 = CARTESIAN_POINT('',(0.,1.570796326795));
#6994 = ( GEOMETRIC_REPRESENTATION_CONTEXT(2) 
PARAMETRIC_REPRESENTATION_CONTEXT() REPRESENTATION_CONTEXT('2D SPACE',''
  ) );
#6995 = PCURVE('',#6930,#6996);
#6996 = DEFINITIONAL_REPRESENTATION('',(#6997),#7000);
#6997 = B_SPLINE_CURVE_WITH_KNOTS('',1,(#6998,#6999),.UNSPECIFIED.,.F.,
  .F.,(2,2),(0.,1.570796326795),.PIECEWISE_BEZIER_KNOTS.);
#6998 = CARTESIAN_POINT('',(-6.28318530718,0.));
#6999 = CARTESIAN_POINT('',(-6.28318530718,1.570796326795));
#7000 = ( GEOMETRIC_REPRESENTATION_CONTEXT(2) 
PARAMETRIC_REPRESENTATION_CONTEXT() REPRESENTATION_CONTEXT('2D SPACE',''
  ) );
#7001 = ORIENTED_EDGE('',*,*,#6915,.F.);
#7002 = ORIENTED_EDGE('',*,*,#6980,.T.);
#7003 = ORIENTED_EDGE('',*,*,#7004,.T.);
#7004 = EDGE_CURVE('',#6981,#6981,#7005,.T.);
#7005 = SURFACE_CURVE('',#7006,(#7011,#7018),.PCURVE_S1.);
#7006 = CIRCLE('',#7007,23.);
#7007 = AXIS2_PLACEMENT_3D('',#7008,#7009,#7010);
#7008 = CARTESIAN_POINT('',(0.,0.,-5.55));
#7009 = DIRECTION('',(0.,0.,1.));
#7010 = DIRECTION('',(1.,0.,-0.));
#7011 = PCURVE('',#6930,#7012);
#7012 = DEFINITIONAL_REPRESENTATION('',(#7013),#7017);
#7013 = LINE('',#7014,#7015);
#7014 = CARTESIAN_POINT('',(-0.,1.570796326795));
#7015 = VECTOR('',#7016,1.);
#7016 = DIRECTION('',(-1.,0.));
#7017 = ( GEOMETRIC_REPRESENTATION_CONTEXT(2) 
PARAMETRIC_REPRESENTATION_CONTEXT() REPRESENTATION_CONTEXT('2D SPACE',''
  ) );
#7018 = PCURVE('',#7019,#7024);
#7019 = PLANE('',#7020);
#7020 = AXIS2_PLACEMENT_3D('',#7021,#7022,#7023);
#7021 = CARTESIAN_POINT('',(0.,0.,-5.55));
#7022 = DIRECTION('',(0.,0.,1.));
#7023 = DIRECTION('',(1.,0.,-0.));
#7024 = DEFINITIONAL_REPRESENTATION('',(#7025),#7029);
#7025 = CIRCLE('',#7026,23.);
#7026 = AXIS2_PLACEMENT_2D('',#7027,#7028);
#7027 = CARTESIAN_POINT('',(0.,0.));
#7028 = DIRECTION('',(1.,0.));
#7029 = ( GEOMETRIC_REPRESENTATION_CONTEXT(2) 
PARAMETRIC_REPRESENTATION_CONTEXT() REPRESENTATION_CONTEXT('2D SPACE',''
  ) );
#7030 = ADVANCED_FACE('',(#7031),#6962,.F.);
#7031 = FACE_BOUND('',#7032,.F.);
#7032 = EDGE_LOOP('',(#7033,#7062,#7083,#7084));
#7033 = ORIENTED_EDGE('',*,*,#7034,.T.);
#7034 = EDGE_CURVE('',#7035,#7035,#7037,.T.);
#7035 = VERTEX_POINT('',#7036);
#7036 = CARTESIAN_POINT('',(18.,0.,-4.25));
#7037 = SURFACE_CURVE('',#7038,(#7043,#7050),.PCURVE_S1.);
#7038 = CIRCLE('',#7039,18.);
#7039 = AXIS2_PLACEMENT_3D('',#7040,#7041,#7042);
#7040 = CARTESIAN_POINT('',(0.,0.,-4.25));
#7041 = DIRECTION('',(0.,0.,1.));
#7042 = DIRECTION('',(1.,0.,-0.));
#7043 = PCURVE('',#6962,#7044);
#7044 = DEFINITIONAL_REPRESENTATION('',(#7045),#7049);
#7045 = LINE('',#7046,#7047);
#7046 = CARTESIAN_POINT('',(0.,0.));
#7047 = VECTOR('',#7048,1.);
#7048 = DIRECTION('',(1.,0.));
#7049 = ( GEOMETRIC_REPRESENTATION_CONTEXT(2) 
PARAMETRIC_REPRESENTATION_CONTEXT() REPRESENTATION_CONTEXT('2D SPACE',''
  ) );
#7050 = PCURVE('',#7051,#7056);
#7051 = PLANE('',#7052);
#7052 = AXIS2_PLACEMENT_3D('',#7053,#7054,#7055);
#7053 = CARTESIAN_POINT('',(0.,0.,-4.25));
#7054 = DIRECTION('',(0.,0.,1.));
#7055 = DIRECTION('',(1.,0.,-0.));
#7056 = DEFINITIONAL_REPRESENTATION('',(#7057),#7061);
#7057 = CIRCLE('',#7058,18.);
#7058 = AXIS2_PLACEMENT_2D('',#7059,#7060);
#7059 = CARTESIAN_POINT('',(0.,0.));
#7060 = DIRECTION('',(1.,0.));
#7061 = ( GEOMETRIC_REPRESENTATION_CONTEXT(2) 
PARAMETRIC_REPRESENTATION_CONTEXT() REPRESENTATION_CONTEXT('2D SPACE',''
  ) );
#7062 = ORIENTED_EDGE('',*,*,#7063,.T.);
#7063 = EDGE_CURVE('',#7035,#6946,#7064,.T.);
#7064 = SEAM_CURVE('',#7065,(#7069,#7076),.PCURVE_S1.);
#7065 = LINE('',#7066,#7067);
#7066 = CARTESIAN_POINT('',(18.,0.,-4.25));
#7067 = VECTOR('',#7068,1.);
#7068 = DIRECTION('',(0.,0.,1.));
#7069 = PCURVE('',#6962,#7070);
#7070 = DEFINITIONAL_REPRESENTATION('',(#7071),#7075);
#7071 = LINE('',#7072,#7073);
#7072 = CARTESIAN_POINT('',(0.,0.));
#7073 = VECTOR('',#7074,1.);
#7074 = DIRECTION('',(0.,1.));
#7075 = ( GEOMETRIC_REPRESENTATION_CONTEXT(2) 
PARAMETRIC_REPRESENTATION_CONTEXT() REPRESENTATION_CONTEXT('2D SPACE',''
  ) );
#7076 = PCURVE('',#6962,#7077);
#7077 = DEFINITIONAL_REPRESENTATION('',(#7078),#7082);
#7078 = LINE('',#7079,#7080);
#7079 = CARTESIAN_POINT('',(6.28318530718,0.));
#7080 = VECTOR('',#7081,1.);
#7081 = DIRECTION('',(0.,1.));
#7082 = ( GEOMETRIC_REPRESENTATION_CONTEXT(2) 
PARAMETRIC_REPRESENTATION_CONTEXT() REPRESENTATION_CONTEXT('2D SPACE',''
  ) );
#7083 = ORIENTED_EDGE('',*,*,#6945,.F.);
#7084 = ORIENTED_EDGE('',*,*,#7063,.F.);
#7085 = ADVANCED_FACE('',(#7086,#7089),#7019,.F.);
#7086 = FACE_BOUND('',#7087,.F.);
#7087 = EDGE_LOOP('',(#7088));
#7088 = ORIENTED_EDGE('',*,*,#7004,.T.);
#7089 = FACE_BOUND('',#7090,.F.);
#7090 = EDGE_LOOP('',(#7091));
#7091 = ORIENTED_EDGE('',*,*,#7092,.F.);
#7092 = EDGE_CURVE('',#7093,#7093,#7095,.T.);
#7093 = VERTEX_POINT('',#7094);
#7094 = CARTESIAN_POINT('',(19.,0.,-5.55));
#7095 = SURFACE_CURVE('',#7096,(#7101,#7108),.PCURVE_S1.);
#7096 = CIRCLE('',#7097,19.);
#7097 = AXIS2_PLACEMENT_3D('',#7098,#7099,#7100);
#7098 = CARTESIAN_POINT('',(0.,0.,-5.55));
#7099 = DIRECTION('',(0.,0.,1.));
#7100 = DIRECTION('',(1.,0.,-0.));
#7101 = PCURVE('',#7019,#7102);
#7102 = DEFINITIONAL_REPRESENTATION('',(#7103),#7107);
#7103 = CIRCLE('',#7104,19.);
#7104 = AXIS2_PLACEMENT_2D('',#7105,#7106);
#7105 = CARTESIAN_POINT('',(0.,0.));
#7106 = DIRECTION('',(1.,0.));
#7107 = ( GEOMETRIC_REPRESENTATION_CONTEXT(2) 
PARAMETRIC_REPRESENTATION_CONTEXT() REPRESENTATION_CONTEXT('2D SPACE',''
  ) );
#7108 = PCURVE('',#7109,#7114);
#7109 = CYLINDRICAL_SURFACE('',#7110,19.);
#7110 = AXIS2_PLACEMENT_3D('',#7111,#7112,#7113);
#7111 = CARTESIAN_POINT('',(0.,0.,-5.55));
#7112 = DIRECTION('',(0.,0.,1.));
#7113 = DIRECTION('',(1.,0.,-0.));
#7114 = DEFINITIONAL_REPRESENTATION('',(#7115),#7119);
#7115 = LINE('',#7116,#7117);
#7116 = CARTESIAN_POINT('',(0.,0.));
#7117 = VECTOR('',#7118,1.);
#7118 = DIRECTION('',(1.,0.));
#7119 = ( GEOMETRIC_REPRESENTATION_CONTEXT(2) 
PARAMETRIC_REPRESENTATION_CONTEXT() REPRESENTATION_CONTEXT('2D SPACE',''
  ) );
#7120 = ADVANCED_FACE('',(#7121,#7147),#7051,.F.);
#7121 = FACE_BOUND('',#7122,.F.);
#7122 = EDGE_LOOP('',(#7123));
#7123 = ORIENTED_EDGE('',*,*,#7124,.T.);
#7124 = EDGE_CURVE('',#7125,#7125,#7127,.T.);
#7125 = VERTEX_POINT('',#7126);
#7126 = CARTESIAN_POINT('',(19.,0.,-4.25));
#7127 = SURFACE_CURVE('',#7128,(#7133,#7140),.PCURVE_S1.);
#7128 = CIRCLE('',#7129,19.);
#7129 = AXIS2_PLACEMENT_3D('',#7130,#7131,#7132);
#7130 = CARTESIAN_POINT('',(0.,0.,-4.25));
#7131 = DIRECTION('',(0.,0.,1.));
#7132 = DIRECTION('',(1.,0.,-0.));
#7133 = PCURVE('',#7051,#7134);
#7134 = DEFINITIONAL_REPRESENTATION('',(#7135),#7139);
#7135 = CIRCLE('',#7136,19.);
#7136 = AXIS2_PLACEMENT_2D('',#7137,#7138);
#7137 = CARTESIAN_POINT('',(0.,0.));
#7138 = DIRECTION('',(1.,0.));
#7139 = ( GEOMETRIC_REPRESENTATION_CONTEXT(2) 
PARAMETRIC_REPRESENTATION_CONTEXT() REPRESENTATION_CONTEXT('2D SPACE',''
  ) );
#7140 = PCURVE('',#7109,#7141);
#7141 = DEFINITIONAL_REPRESENTATION('',(#7142),#7146);
#7142 = LINE('',#7143,#7144);
#7143 = CARTESIAN_POINT('',(0.,1.3));
#7144 = VECTOR('',#7145,1.);
#7145 = DIRECTION('',(1.,0.));
#7146 = ( GEOMETRIC_REPRESENTATION_CONTEXT(2) 
PARAMETRIC_REPRESENTATION_CONTEXT() REPRESENTATION_CONTEXT('2D SPACE',''
  ) );
#7147 = FACE_BOUND('',#7148,.F.);
#7148 = EDGE_LOOP('',(#7149));
#7149 = ORIENTED_EDGE('',*,*,#7034,.F.);
#7150 = ADVANCED_FACE('',(#7151),#7109,.F.);
#7151 = FACE_BOUND('',#7152,.F.);
#7152 = EDGE_LOOP('',(#7153,#7154,#7175,#7176));
#7153 = ORIENTED_EDGE('',*,*,#7092,.T.);
#7154 = ORIENTED_EDGE('',*,*,#7155,.T.);
#7155 = EDGE_CURVE('',#7093,#7125,#7156,.T.);
#7156 = SEAM_CURVE('',#7157,(#7161,#7168),.PCURVE_S1.);
#7157 = LINE('',#7158,#7159);
#7158 = CARTESIAN_POINT('',(19.,0.,-5.55));
#7159 = VECTOR('',#7160,1.);
#7160 = DIRECTION('',(0.,0.,1.));
#7161 = PCURVE('',#7109,#7162);
#7162 = DEFINITIONAL_REPRESENTATION('',(#7163),#7167);
#7163 = LINE('',#7164,#7165);
#7164 = CARTESIAN_POINT('',(0.,0.));
#7165 = VECTOR('',#7166,1.);
#7166 = DIRECTION('',(0.,1.));
#7167 = ( GEOMETRIC_REPRESENTATION_CONTEXT(2) 
PARAMETRIC_REPRESENTATION_CONTEXT() REPRESENTATION_CONTEXT('2D SPACE',''
  ) );
#7168 = PCURVE('',#7109,#7169);
#7169 = DEFINITIONAL_REPRESENTATION('',(#7170),#7174);
#7170 = LINE('',#7171,#7172);
#7171 = CARTESIAN_POINT('',(6.28318530718,0.));
#7172 = VECTOR('',#7173,1.);
#7173 = DIRECTION('',(0.,1.));
#7174 = ( GEOMETRIC_REPRESENTATION_CONTEXT(2) 
PARAMETRIC_REPRESENTATION_CONTEXT() REPRESENTATION_CONTEXT('2D SPACE',''
  ) );
#7175 = ORIENTED_EDGE('',*,*,#7124,.F.);
#7176 = ORIENTED_EDGE('',*,*,#7155,.F.);
#7177 = ( GEOMETRIC_REPRESENTATION_CONTEXT(3) 
GLOBAL_UNCERTAINTY_ASSIGNED_CONTEXT((#7181)) 
GLOBAL_UNIT_ASSIGNED_CONTEXT((#7178,#7179,#7180)) REPRESENTATION_CONTEXT
('Context #1','3D Context with UNIT and UNCERTAINTY') );
#7178 = ( LENGTH_UNIT() NAMED_UNIT(*) SI_UNIT(.MILLI.,.METRE.) );
#7179 = ( NAMED_UNIT(*) PLANE_ANGLE_UNIT() SI_UNIT($,.RADIAN.) );
#7180 = ( NAMED_UNIT(*) SI_UNIT($,.STERADIAN.) SOLID_ANGLE_UNIT() );
#7181 = UNCERTAINTY_MEASURE_WITH_UNIT(LENGTH_MEASURE(1.E-07),#7178,
  'distance_accuracy_value','confusion accuracy');
#7182 = CONTEXT_DEPENDENT_SHAPE_REPRESENTATION(#7183,#7185);
#7183 = ( REPRESENTATION_RELATIONSHIP('','',#6706,#10) 
REPRESENTATION_RELATIONSHIP_WITH_TRANSFORMATION(#7184) 
SHAPE_REPRESENTATION_RELATIONSHIP() );
#7184 = ITEM_DEFINED_TRANSFORMATION('','',#11,#39);
#7185 = PRODUCT_DEFINITION_SHAPE('Placement','Placement of an item',
  #7186);
#7186 = NEXT_ASSEMBLY_USAGE_OCCURRENCE('12','tire_L','',#5,#6701,$);
#7187 = PRODUCT_RELATED_PRODUCT_CATEGORY('part',$,(#6703));
#7188 = SHAPE_DEFINITION_REPRESENTATION(#7189,#7195);
#7189 = PRODUCT_DEFINITION_SHAPE('','',#7190);
#7190 = PRODUCT_DEFINITION('design','',#7191,#7194);
#7191 = PRODUCT_DEFINITION_FORMATION('','',#7192);
#7192 = PRODUCT('spacer_R','spacer_R','',(#7193));
#7193 = PRODUCT_CONTEXT('',#2,'mechanical');
#7194 = PRODUCT_DEFINITION_CONTEXT('part definition',#2,'design');
#7195 = ADVANCED_BREP_SHAPE_REPRESENTATION('',(#11,#7196),#7378);
#7196 = MANIFOLD_SOLID_BREP('',#7197);
#7197 = CLOSED_SHELL('',(#7198,#7286,#7321,#7371));
#7198 = ADVANCED_FACE('',(#7199),#7212,.F.);
#7199 = FACE_BOUND('',#7200,.F.);
#7200 = EDGE_LOOP('',(#7201,#7235,#7258,#7285));
#7201 = ORIENTED_EDGE('',*,*,#7202,.T.);
#7202 = EDGE_CURVE('',#7203,#7203,#7205,.T.);
#7203 = VERTEX_POINT('',#7204);
#7204 = CARTESIAN_POINT('',(4.1,0.,-0.75));
#7205 = SURFACE_CURVE('',#7206,(#7211,#7223),.PCURVE_S1.);
#7206 = CIRCLE('',#7207,4.1);
#7207 = AXIS2_PLACEMENT_3D('',#7208,#7209,#7210);
#7208 = CARTESIAN_POINT('',(0.,0.,-0.75));
#7209 = DIRECTION('',(0.,0.,1.));
#7210 = DIRECTION('',(1.,0.,-0.));
#7211 = PCURVE('',#7212,#7217);
#7212 = CYLINDRICAL_SURFACE('',#7213,4.1);
#7213 = AXIS2_PLACEMENT_3D('',#7214,#7215,#7216);
#7214 = CARTESIAN_POINT('',(0.,0.,-0.75));
#7215 = DIRECTION('',(0.,0.,1.));
#7216 = DIRECTION('',(1.,0.,-0.));
#7217 = DEFINITIONAL_REPRESENTATION('',(#7218),#7222);
#7218 = LINE('',#7219,#7220);
#7219 = CARTESIAN_POINT('',(0.,0.));
#7220 = VECTOR('',#7221,1.);
#7221 = DIRECTION('',(1.,0.));
#7222 = ( GEOMETRIC_REPRESENTATION_CONTEXT(2) 
PARAMETRIC_REPRESENTATION_CONTEXT() REPRESENTATION_CONTEXT('2D SPACE',''
  ) );
#7223 = PCURVE('',#7224,#7229);
#7224 = PLANE('',#7225);
#7225 = AXIS2_PLACEMENT_3D('',#7226,#7227,#7228);
#7226 = CARTESIAN_POINT('',(0.,0.,-0.75));
#7227 = DIRECTION('',(0.,0.,1.));
#7228 = DIRECTION('',(1.,0.,-0.));
#7229 = DEFINITIONAL_REPRESENTATION('',(#7230),#7234);
#7230 = CIRCLE('',#7231,4.1);
#7231 = AXIS2_PLACEMENT_2D('',#7232,#7233);
#7232 = CARTESIAN_POINT('',(0.,0.));
#7233 = DIRECTION('',(1.,0.));
#7234 = ( GEOMETRIC_REPRESENTATION_CONTEXT(2) 
PARAMETRIC_REPRESENTATION_CONTEXT() REPRESENTATION_CONTEXT('2D SPACE',''
  ) );
#7235 = ORIENTED_EDGE('',*,*,#7236,.T.);
#7236 = EDGE_CURVE('',#7203,#7237,#7239,.T.);
#7237 = VERTEX_POINT('',#7238);
#7238 = CARTESIAN_POINT('',(4.1,0.,0.75));
#7239 = SEAM_CURVE('',#7240,(#7244,#7251),.PCURVE_S1.);
#7240 = LINE('',#7241,#7242);
#7241 = CARTESIAN_POINT('',(4.1,0.,-0.75));
#7242 = VECTOR('',#7243,1.);
#7243 = DIRECTION('',(0.,0.,1.));
#7244 = PCURVE('',#7212,#7245);
#7245 = DEFINITIONAL_REPRESENTATION('',(#7246),#7250);
#7246 = LINE('',#7247,#7248);
#7247 = CARTESIAN_POINT('',(0.,0.));
#7248 = VECTOR('',#7249,1.);
#7249 = DIRECTION('',(0.,1.));
#7250 = ( GEOMETRIC_REPRESENTATION_CONTEXT(2) 
PARAMETRIC_REPRESENTATION_CONTEXT() REPRESENTATION_CONTEXT('2D SPACE',''
  ) );
#7251 = PCURVE('',#7212,#7252);
#7252 = DEFINITIONAL_REPRESENTATION('',(#7253),#7257);
#7253 = LINE('',#7254,#7255);
#7254 = CARTESIAN_POINT('',(6.28318530718,0.));
#7255 = VECTOR('',#7256,1.);
#7256 = DIRECTION('',(0.,1.));
#7257 = ( GEOMETRIC_REPRESENTATION_CONTEXT(2) 
PARAMETRIC_REPRESENTATION_CONTEXT() REPRESENTATION_CONTEXT('2D SPACE',''
  ) );
#7258 = ORIENTED_EDGE('',*,*,#7259,.F.);
#7259 = EDGE_CURVE('',#7237,#7237,#7260,.T.);
#7260 = SURFACE_CURVE('',#7261,(#7266,#7273),.PCURVE_S1.);
#7261 = CIRCLE('',#7262,4.1);
#7262 = AXIS2_PLACEMENT_3D('',#7263,#7264,#7265);
#7263 = CARTESIAN_POINT('',(0.,0.,0.75));
#7264 = DIRECTION('',(0.,0.,1.));
#7265 = DIRECTION('',(1.,0.,-0.));
#7266 = PCURVE('',#7212,#7267);
#7267 = DEFINITIONAL_REPRESENTATION('',(#7268),#7272);
#7268 = LINE('',#7269,#7270);
#7269 = CARTESIAN_POINT('',(0.,1.5));
#7270 = VECTOR('',#7271,1.);
#7271 = DIRECTION('',(1.,0.));
#7272 = ( GEOMETRIC_REPRESENTATION_CONTEXT(2) 
PARAMETRIC_REPRESENTATION_CONTEXT() REPRESENTATION_CONTEXT('2D SPACE',''
  ) );
#7273 = PCURVE('',#7274,#7279);
#7274 = PLANE('',#7275);
#7275 = AXIS2_PLACEMENT_3D('',#7276,#7277,#7278);
#7276 = CARTESIAN_POINT('',(0.,0.,0.75));
#7277 = DIRECTION('',(0.,0.,1.));
#7278 = DIRECTION('',(1.,0.,-0.));
#7279 = DEFINITIONAL_REPRESENTATION('',(#7280),#7284);
#7280 = CIRCLE('',#7281,4.1);
#7281 = AXIS2_PLACEMENT_2D('',#7282,#7283);
#7282 = CARTESIAN_POINT('',(0.,0.));
#7283 = DIRECTION('',(1.,-0.));
#7284 = ( GEOMETRIC_REPRESENTATION_CONTEXT(2) 
PARAMETRIC_REPRESENTATION_CONTEXT() REPRESENTATION_CONTEXT('2D SPACE',''
  ) );
#7285 = ORIENTED_EDGE('',*,*,#7236,.F.);
#7286 = ADVANCED_FACE('',(#7287,#7290),#7274,.T.);
#7287 = FACE_BOUND('',#7288,.F.);
#7288 = EDGE_LOOP('',(#7289));
#7289 = ORIENTED_EDGE('',*,*,#7259,.T.);
#7290 = FACE_BOUND('',#7291,.F.);
#7291 = EDGE_LOOP('',(#7292));
#7292 = ORIENTED_EDGE('',*,*,#7293,.F.);
#7293 = EDGE_CURVE('',#7294,#7294,#7296,.T.);
#7294 = VERTEX_POINT('',#7295);
#7295 = CARTESIAN_POINT('',(5.5,0.,0.75));
#7296 = SURFACE_CURVE('',#7297,(#7302,#7309),.PCURVE_S1.);
#7297 = CIRCLE('',#7298,5.5);
#7298 = AXIS2_PLACEMENT_3D('',#7299,#7300,#7301);
#7299 = CARTESIAN_POINT('',(0.,0.,0.75));
#7300 = DIRECTION('',(0.,0.,1.));
#7301 = DIRECTION('',(1.,0.,-0.));
#7302 = PCURVE('',#7274,#7303);
#7303 = DEFINITIONAL_REPRESENTATION('',(#7304),#7308);
#7304 = CIRCLE('',#7305,5.5);
#7305 = AXIS2_PLACEMENT_2D('',#7306,#7307);
#7306 = CARTESIAN_POINT('',(0.,0.));
#7307 = DIRECTION('',(1.,-0.));
#7308 = ( GEOMETRIC_REPRESENTATION_CONTEXT(2) 
PARAMETRIC_REPRESENTATION_CONTEXT() REPRESENTATION_CONTEXT('2D SPACE',''
  ) );
#7309 = PCURVE('',#7310,#7315);
#7310 = CYLINDRICAL_SURFACE('',#7311,5.5);
#7311 = AXIS2_PLACEMENT_3D('',#7312,#7313,#7314);
#7312 = CARTESIAN_POINT('',(0.,0.,0.75));
#7313 = DIRECTION('',(-0.,-0.,-1.));
#7314 = DIRECTION('',(1.,0.,0.));
#7315 = DEFINITIONAL_REPRESENTATION('',(#7316),#7320);
#7316 = LINE('',#7317,#7318);
#7317 = CARTESIAN_POINT('',(-0.,0.));
#7318 = VECTOR('',#7319,1.);
#7319 = DIRECTION('',(-1.,0.));
#7320 = ( GEOMETRIC_REPRESENTATION_CONTEXT(2) 
PARAMETRIC_REPRESENTATION_CONTEXT() REPRESENTATION_CONTEXT('2D SPACE',''
  ) );
#7321 = ADVANCED_FACE('',(#7322),#7310,.T.);
#7322 = FACE_BOUND('',#7323,.F.);
#7323 = EDGE_LOOP('',(#7324,#7325,#7348,#7370));
#7324 = ORIENTED_EDGE('',*,*,#7293,.T.);
#7325 = ORIENTED_EDGE('',*,*,#7326,.T.);
#7326 = EDGE_CURVE('',#7294,#7327,#7329,.T.);
#7327 = VERTEX_POINT('',#7328);
#7328 = CARTESIAN_POINT('',(5.5,0.,-0.75));
#7329 = SEAM_CURVE('',#7330,(#7334,#7341),.PCURVE_S1.);
#7330 = LINE('',#7331,#7332);
#7331 = CARTESIAN_POINT('',(5.5,0.,0.75));
#7332 = VECTOR('',#7333,1.);
#7333 = DIRECTION('',(0.,0.,-1.));
#7334 = PCURVE('',#7310,#7335);
#7335 = DEFINITIONAL_REPRESENTATION('',(#7336),#7340);
#7336 = LINE('',#7337,#7338);
#7337 = CARTESIAN_POINT('',(-0.,0.));
#7338 = VECTOR('',#7339,1.);
#7339 = DIRECTION('',(-0.,1.));
#7340 = ( GEOMETRIC_REPRESENTATION_CONTEXT(2) 
PARAMETRIC_REPRESENTATION_CONTEXT() REPRESENTATION_CONTEXT('2D SPACE',''
  ) );
#7341 = PCURVE('',#7310,#7342);
#7342 = DEFINITIONAL_REPRESENTATION('',(#7343),#7347);
#7343 = LINE('',#7344,#7345);
#7344 = CARTESIAN_POINT('',(-6.28318530718,0.));
#7345 = VECTOR('',#7346,1.);
#7346 = DIRECTION('',(-0.,1.));
#7347 = ( GEOMETRIC_REPRESENTATION_CONTEXT(2) 
PARAMETRIC_REPRESENTATION_CONTEXT() REPRESENTATION_CONTEXT('2D SPACE',''
  ) );
#7348 = ORIENTED_EDGE('',*,*,#7349,.F.);
#7349 = EDGE_CURVE('',#7327,#7327,#7350,.T.);
#7350 = SURFACE_CURVE('',#7351,(#7356,#7363),.PCURVE_S1.);
#7351 = CIRCLE('',#7352,5.5);
#7352 = AXIS2_PLACEMENT_3D('',#7353,#7354,#7355);
#7353 = CARTESIAN_POINT('',(0.,0.,-0.75));
#7354 = DIRECTION('',(0.,0.,1.));
#7355 = DIRECTION('',(1.,0.,-0.));
#7356 = PCURVE('',#7310,#7357);
#7357 = DEFINITIONAL_REPRESENTATION('',(#7358),#7362);
#7358 = LINE('',#7359,#7360);
#7359 = CARTESIAN_POINT('',(-0.,1.5));
#7360 = VECTOR('',#7361,1.);
#7361 = DIRECTION('',(-1.,0.));
#7362 = ( GEOMETRIC_REPRESENTATION_CONTEXT(2) 
PARAMETRIC_REPRESENTATION_CONTEXT() REPRESENTATION_CONTEXT('2D SPACE',''
  ) );
#7363 = PCURVE('',#7224,#7364);
#7364 = DEFINITIONAL_REPRESENTATION('',(#7365),#7369);
#7365 = CIRCLE('',#7366,5.5);
#7366 = AXIS2_PLACEMENT_2D('',#7367,#7368);
#7367 = CARTESIAN_POINT('',(0.,0.));
#7368 = DIRECTION('',(1.,0.));
#7369 = ( GEOMETRIC_REPRESENTATION_CONTEXT(2) 
PARAMETRIC_REPRESENTATION_CONTEXT() REPRESENTATION_CONTEXT('2D SPACE',''
  ) );
#7370 = ORIENTED_EDGE('',*,*,#7326,.F.);
#7371 = ADVANCED_FACE('',(#7372,#7375),#7224,.F.);
#7372 = FACE_BOUND('',#7373,.F.);
#7373 = EDGE_LOOP('',(#7374));
#7374 = ORIENTED_EDGE('',*,*,#7349,.T.);
#7375 = FACE_BOUND('',#7376,.F.);
#7376 = EDGE_LOOP('',(#7377));
#7377 = ORIENTED_EDGE('',*,*,#7202,.F.);
#7378 = ( GEOMETRIC_REPRESENTATION_CONTEXT(3) 
GLOBAL_UNCERTAINTY_ASSIGNED_CONTEXT((#7382)) 
GLOBAL_UNIT_ASSIGNED_CONTEXT((#7379,#7380,#7381)) REPRESENTATION_CONTEXT
('Context #1','3D Context with UNIT and UNCERTAINTY') );
#7379 = ( LENGTH_UNIT() NAMED_UNIT(*) SI_UNIT(.MILLI.,.METRE.) );
#7380 = ( NAMED_UNIT(*) PLANE_ANGLE_UNIT() SI_UNIT($,.RADIAN.) );
#7381 = ( NAMED_UNIT(*) SI_UNIT($,.STERADIAN.) SOLID_ANGLE_UNIT() );
#7382 = UNCERTAINTY_MEASURE_WITH_UNIT(LENGTH_MEASURE(1.E-07),#7379,
  'distance_accuracy_value','confusion accuracy');
#7383 = CONTEXT_DEPENDENT_SHAPE_REPRESENTATION(#7384,#7386);
#7384 = ( REPRESENTATION_RELATIONSHIP('','',#7195,#10) 
REPRESENTATION_RELATIONSHIP_WITH_TRANSFORMATION(#7385) 
SHAPE_REPRESENTATION_RELATIONSHIP() );
#7385 = ITEM_DEFINED_TRANSFORMATION('','',#11,#43);
#7386 = PRODUCT_DEFINITION_SHAPE('Placement','Placement of an item',
  #7387);
#7387 = NEXT_ASSEMBLY_USAGE_OCCURRENCE('13','spacer_L','',#5,#7190,$);
#7388 = PRODUCT_RELATED_PRODUCT_CATEGORY('part',$,(#7192));
#7389 = SHAPE_DEFINITION_REPRESENTATION(#7390,#7396);
#7390 = PRODUCT_DEFINITION_SHAPE('','',#7391);
#7391 = PRODUCT_DEFINITION('design','',#7392,#7395);
#7392 = PRODUCT_DEFINITION_FORMATION('','',#7393);
#7393 = PRODUCT('bearing_R_inner','bearing_R_inner','',(#7394));
#7394 = PRODUCT_CONTEXT('',#2,'mechanical');
#7395 = PRODUCT_DEFINITION_CONTEXT('part definition',#2,'design');
#7396 = ADVANCED_BREP_SHAPE_REPRESENTATION('',(#11,#7397),#7579);
#7397 = MANIFOLD_SOLID_BREP('',#7398);
#7398 = CLOSED_SHELL('',(#7399,#7487,#7522,#7572));
#7399 = ADVANCED_FACE('',(#7400),#7413,.F.);
#7400 = FACE_BOUND('',#7401,.F.);
#7401 = EDGE_LOOP('',(#7402,#7436,#7459,#7486));
#7402 = ORIENTED_EDGE('',*,*,#7403,.T.);
#7403 = EDGE_CURVE('',#7404,#7404,#7406,.T.);
#7404 = VERTEX_POINT('',#7405);
#7405 = CARTESIAN_POINT('',(4.,0.,-2.5));
#7406 = SURFACE_CURVE('',#7407,(#7412,#7424),.PCURVE_S1.);
#7407 = CIRCLE('',#7408,4.);
#7408 = AXIS2_PLACEMENT_3D('',#7409,#7410,#7411);
#7409 = CARTESIAN_POINT('',(0.,0.,-2.5));
#7410 = DIRECTION('',(0.,0.,1.));
#7411 = DIRECTION('',(1.,0.,-0.));
#7412 = PCURVE('',#7413,#7418);
#7413 = CYLINDRICAL_SURFACE('',#7414,4.);
#7414 = AXIS2_PLACEMENT_3D('',#7415,#7416,#7417);
#7415 = CARTESIAN_POINT('',(0.,0.,-2.5));
#7416 = DIRECTION('',(0.,0.,1.));
#7417 = DIRECTION('',(1.,0.,-0.));
#7418 = DEFINITIONAL_REPRESENTATION('',(#7419),#7423);
#7419 = LINE('',#7420,#7421);
#7420 = CARTESIAN_POINT('',(0.,0.));
#7421 = VECTOR('',#7422,1.);
#7422 = DIRECTION('',(1.,0.));
#7423 = ( GEOMETRIC_REPRESENTATION_CONTEXT(2) 
PARAMETRIC_REPRESENTATION_CONTEXT() REPRESENTATION_CONTEXT('2D SPACE',''
  ) );
#7424 = PCURVE('',#7425,#7430);
#7425 = PLANE('',#7426);
#7426 = AXIS2_PLACEMENT_3D('',#7427,#7428,#7429);
#7427 = CARTESIAN_POINT('',(0.,0.,-2.5));
#7428 = DIRECTION('',(0.,0.,1.));
#7429 = DIRECTION('',(1.,0.,-0.));
#7430 = DEFINITIONAL_REPRESENTATION('',(#7431),#7435);
#7431 = CIRCLE('',#7432,4.);
#7432 = AXIS2_PLACEMENT_2D('',#7433,#7434);
#7433 = CARTESIAN_POINT('',(0.,0.));
#7434 = DIRECTION('',(1.,0.));
#7435 = ( GEOMETRIC_REPRESENTATION_CONTEXT(2) 
PARAMETRIC_REPRESENTATION_CONTEXT() REPRESENTATION_CONTEXT('2D SPACE',''
  ) );
#7436 = ORIENTED_EDGE('',*,*,#7437,.T.);
#7437 = EDGE_CURVE('',#7404,#7438,#7440,.T.);
#7438 = VERTEX_POINT('',#7439);
#7439 = CARTESIAN_POINT('',(4.,0.,2.5));
#7440 = SEAM_CURVE('',#7441,(#7445,#7452),.PCURVE_S1.);
#7441 = LINE('',#7442,#7443);
#7442 = CARTESIAN_POINT('',(4.,0.,-2.5));
#7443 = VECTOR('',#7444,1.);
#7444 = DIRECTION('',(0.,0.,1.));
#7445 = PCURVE('',#7413,#7446);
#7446 = DEFINITIONAL_REPRESENTATION('',(#7447),#7451);
#7447 = LINE('',#7448,#7449);
#7448 = CARTESIAN_POINT('',(0.,0.));
#7449 = VECTOR('',#7450,1.);
#7450 = DIRECTION('',(0.,1.));
#7451 = ( GEOMETRIC_REPRESENTATION_CONTEXT(2) 
PARAMETRIC_REPRESENTATION_CONTEXT() REPRESENTATION_CONTEXT('2D SPACE',''
  ) );
#7452 = PCURVE('',#7413,#7453);
#7453 = DEFINITIONAL_REPRESENTATION('',(#7454),#7458);
#7454 = LINE('',#7455,#7456);
#7455 = CARTESIAN_POINT('',(6.28318530718,0.));
#7456 = VECTOR('',#7457,1.);
#7457 = DIRECTION('',(0.,1.));
#7458 = ( GEOMETRIC_REPRESENTATION_CONTEXT(2) 
PARAMETRIC_REPRESENTATION_CONTEXT() REPRESENTATION_CONTEXT('2D SPACE',''
  ) );
#7459 = ORIENTED_EDGE('',*,*,#7460,.F.);
#7460 = EDGE_CURVE('',#7438,#7438,#7461,.T.);
#7461 = SURFACE_CURVE('',#7462,(#7467,#7474),.PCURVE_S1.);
#7462 = CIRCLE('',#7463,4.);
#7463 = AXIS2_PLACEMENT_3D('',#7464,#7465,#7466);
#7464 = CARTESIAN_POINT('',(0.,0.,2.5));
#7465 = DIRECTION('',(0.,0.,1.));
#7466 = DIRECTION('',(1.,0.,-0.));
#7467 = PCURVE('',#7413,#7468);
#7468 = DEFINITIONAL_REPRESENTATION('',(#7469),#7473);
#7469 = LINE('',#7470,#7471);
#7470 = CARTESIAN_POINT('',(0.,5.));
#7471 = VECTOR('',#7472,1.);
#7472 = DIRECTION('',(1.,0.));
#7473 = ( GEOMETRIC_REPRESENTATION_CONTEXT(2) 
PARAMETRIC_REPRESENTATION_CONTEXT() REPRESENTATION_CONTEXT('2D SPACE',''
  ) );
#7474 = PCURVE('',#7475,#7480);
#7475 = PLANE('',#7476);
#7476 = AXIS2_PLACEMENT_3D('',#7477,#7478,#7479);
#7477 = CARTESIAN_POINT('',(0.,0.,2.5));
#7478 = DIRECTION('',(0.,0.,1.));
#7479 = DIRECTION('',(1.,0.,-0.));
#7480 = DEFINITIONAL_REPRESENTATION('',(#7481),#7485);
#7481 = CIRCLE('',#7482,4.);
#7482 = AXIS2_PLACEMENT_2D('',#7483,#7484);
#7483 = CARTESIAN_POINT('',(0.,0.));
#7484 = DIRECTION('',(1.,-0.));
#7485 = ( GEOMETRIC_REPRESENTATION_CONTEXT(2) 
PARAMETRIC_REPRESENTATION_CONTEXT() REPRESENTATION_CONTEXT('2D SPACE',''
  ) );
#7486 = ORIENTED_EDGE('',*,*,#7437,.F.);
#7487 = ADVANCED_FACE('',(#7488,#7491),#7475,.T.);
#7488 = FACE_BOUND('',#7489,.F.);
#7489 = EDGE_LOOP('',(#7490));
#7490 = ORIENTED_EDGE('',*,*,#7460,.T.);
#7491 = FACE_BOUND('',#7492,.F.);
#7492 = EDGE_LOOP('',(#7493));
#7493 = ORIENTED_EDGE('',*,*,#7494,.F.);
#7494 = EDGE_CURVE('',#7495,#7495,#7497,.T.);
#7495 = VERTEX_POINT('',#7496);
#7496 = CARTESIAN_POINT('',(8.,0.,2.5));
#7497 = SURFACE_CURVE('',#7498,(#7503,#7510),.PCURVE_S1.);
#7498 = CIRCLE('',#7499,8.);
#7499 = AXIS2_PLACEMENT_3D('',#7500,#7501,#7502);
#7500 = CARTESIAN_POINT('',(0.,0.,2.5));
#7501 = DIRECTION('',(0.,0.,1.));
#7502 = DIRECTION('',(1.,0.,-0.));
#7503 = PCURVE('',#7475,#7504);
#7504 = DEFINITIONAL_REPRESENTATION('',(#7505),#7509);
#7505 = CIRCLE('',#7506,8.);
#7506 = AXIS2_PLACEMENT_2D('',#7507,#7508);
#7507 = CARTESIAN_POINT('',(0.,0.));
#7508 = DIRECTION('',(1.,-0.));
#7509 = ( GEOMETRIC_REPRESENTATION_CONTEXT(2) 
PARAMETRIC_REPRESENTATION_CONTEXT() REPRESENTATION_CONTEXT('2D SPACE',''
  ) );
#7510 = PCURVE('',#7511,#7516);
#7511 = CYLINDRICAL_SURFACE('',#7512,8.);
#7512 = AXIS2_PLACEMENT_3D('',#7513,#7514,#7515);
#7513 = CARTESIAN_POINT('',(0.,0.,2.5));
#7514 = DIRECTION('',(-0.,-0.,-1.));
#7515 = DIRECTION('',(1.,0.,0.));
#7516 = DEFINITIONAL_REPRESENTATION('',(#7517),#7521);
#7517 = LINE('',#7518,#7519);
#7518 = CARTESIAN_POINT('',(-0.,0.));
#7519 = VECTOR('',#7520,1.);
#7520 = DIRECTION('',(-1.,0.));
#7521 = ( GEOMETRIC_REPRESENTATION_CONTEXT(2) 
PARAMETRIC_REPRESENTATION_CONTEXT() REPRESENTATION_CONTEXT('2D SPACE',''
  ) );
#7522 = ADVANCED_FACE('',(#7523),#7511,.T.);
#7523 = FACE_BOUND('',#7524,.F.);
#7524 = EDGE_LOOP('',(#7525,#7526,#7549,#7571));
#7525 = ORIENTED_EDGE('',*,*,#7494,.T.);
#7526 = ORIENTED_EDGE('',*,*,#7527,.T.);
#7527 = EDGE_CURVE('',#7495,#7528,#7530,.T.);
#7528 = VERTEX_POINT('',#7529);
#7529 = CARTESIAN_POINT('',(8.,0.,-2.5));
#7530 = SEAM_CURVE('',#7531,(#7535,#7542),.PCURVE_S1.);
#7531 = LINE('',#7532,#7533);
#7532 = CARTESIAN_POINT('',(8.,0.,2.5));
#7533 = VECTOR('',#7534,1.);
#7534 = DIRECTION('',(0.,0.,-1.));
#7535 = PCURVE('',#7511,#7536);
#7536 = DEFINITIONAL_REPRESENTATION('',(#7537),#7541);
#7537 = LINE('',#7538,#7539);
#7538 = CARTESIAN_POINT('',(-0.,0.));
#7539 = VECTOR('',#7540,1.);
#7540 = DIRECTION('',(-0.,1.));
#7541 = ( GEOMETRIC_REPRESENTATION_CONTEXT(2) 
PARAMETRIC_REPRESENTATION_CONTEXT() REPRESENTATION_CONTEXT('2D SPACE',''
  ) );
#7542 = PCURVE('',#7511,#7543);
#7543 = DEFINITIONAL_REPRESENTATION('',(#7544),#7548);
#7544 = LINE('',#7545,#7546);
#7545 = CARTESIAN_POINT('',(-6.28318530718,0.));
#7546 = VECTOR('',#7547,1.);
#7547 = DIRECTION('',(-0.,1.));
#7548 = ( GEOMETRIC_REPRESENTATION_CONTEXT(2) 
PARAMETRIC_REPRESENTATION_CONTEXT() REPRESENTATION_CONTEXT('2D SPACE',''
  ) );
#7549 = ORIENTED_EDGE('',*,*,#7550,.F.);
#7550 = EDGE_CURVE('',#7528,#7528,#7551,.T.);
#7551 = SURFACE_CURVE('',#7552,(#7557,#7564),.PCURVE_S1.);
#7552 = CIRCLE('',#7553,8.);
#7553 = AXIS2_PLACEMENT_3D('',#7554,#7555,#7556);
#7554 = CARTESIAN_POINT('',(0.,0.,-2.5));
#7555 = DIRECTION('',(0.,0.,1.));
#7556 = DIRECTION('',(1.,0.,-0.));
#7557 = PCURVE('',#7511,#7558);
#7558 = DEFINITIONAL_REPRESENTATION('',(#7559),#7563);
#7559 = LINE('',#7560,#7561);
#7560 = CARTESIAN_POINT('',(-0.,5.));
#7561 = VECTOR('',#7562,1.);
#7562 = DIRECTION('',(-1.,0.));
#7563 = ( GEOMETRIC_REPRESENTATION_CONTEXT(2) 
PARAMETRIC_REPRESENTATION_CONTEXT() REPRESENTATION_CONTEXT('2D SPACE',''
  ) );
#7564 = PCURVE('',#7425,#7565);
#7565 = DEFINITIONAL_REPRESENTATION('',(#7566),#7570);
#7566 = CIRCLE('',#7567,8.);
#7567 = AXIS2_PLACEMENT_2D('',#7568,#7569);
#7568 = CARTESIAN_POINT('',(0.,0.));
#7569 = DIRECTION('',(1.,0.));
#7570 = ( GEOMETRIC_REPRESENTATION_CONTEXT(2) 
PARAMETRIC_REPRESENTATION_CONTEXT() REPRESENTATION_CONTEXT('2D SPACE',''
  ) );
#7571 = ORIENTED_EDGE('',*,*,#7527,.F.);
#7572 = ADVANCED_FACE('',(#7573,#7576),#7425,.F.);
#7573 = FACE_BOUND('',#7574,.F.);
#7574 = EDGE_LOOP('',(#7575));
#7575 = ORIENTED_EDGE('',*,*,#7550,.T.);
#7576 = FACE_BOUND('',#7577,.F.);
#7577 = EDGE_LOOP('',(#7578));
#7578 = ORIENTED_EDGE('',*,*,#7403,.F.);
#7579 = ( GEOMETRIC_REPRESENTATION_CONTEXT(3) 
GLOBAL_UNCERTAINTY_ASSIGNED_CONTEXT((#7583)) 
GLOBAL_UNIT_ASSIGNED_CONTEXT((#7580,#7581,#7582)) REPRESENTATION_CONTEXT
('Context #1','3D Context with UNIT and UNCERTAINTY') );
#7580 = ( LENGTH_UNIT() NAMED_UNIT(*) SI_UNIT(.MILLI.,.METRE.) );
#7581 = ( NAMED_UNIT(*) PLANE_ANGLE_UNIT() SI_UNIT($,.RADIAN.) );
#7582 = ( NAMED_UNIT(*) SI_UNIT($,.STERADIAN.) SOLID_ANGLE_UNIT() );
#7583 = UNCERTAINTY_MEASURE_WITH_UNIT(LENGTH_MEASURE(1.E-07),#7580,
  'distance_accuracy_value','confusion accuracy');
#7584 = CONTEXT_DEPENDENT_SHAPE_REPRESENTATION(#7585,#7587);
#7585 = ( REPRESENTATION_RELATIONSHIP('','',#7396,#10) 
REPRESENTATION_RELATIONSHIP_WITH_TRANSFORMATION(#7586) 
SHAPE_REPRESENTATION_RELATIONSHIP() );
#7586 = ITEM_DEFINED_TRANSFORMATION('','',#11,#47);
#7587 = PRODUCT_DEFINITION_SHAPE('Placement','Placement of an item',
  #7588);
#7588 = NEXT_ASSEMBLY_USAGE_OCCURRENCE('14','bearing_L_outer','',#5,
  #7391,$);
#7589 = PRODUCT_RELATED_PRODUCT_CATEGORY('part',$,(#7393));
#7590 = CONTEXT_DEPENDENT_SHAPE_REPRESENTATION(#7591,#7593);
#7591 = ( REPRESENTATION_RELATIONSHIP('','',#7396,#10) 
REPRESENTATION_RELATIONSHIP_WITH_TRANSFORMATION(#7592) 
SHAPE_REPRESENTATION_RELATIONSHIP() );
#7592 = ITEM_DEFINED_TRANSFORMATION('','',#11,#51);
#7593 = PRODUCT_DEFINITION_SHAPE('Placement','Placement of an item',
  #7594);
#7594 = NEXT_ASSEMBLY_USAGE_OCCURRENCE('15','bearing_L_inner','',#5,
  #7391,$);
#7595 = CONTEXT_DEPENDENT_SHAPE_REPRESENTATION(#7596,#7598);
#7596 = ( REPRESENTATION_RELATIONSHIP('','',#5933,#10) 
REPRESENTATION_RELATIONSHIP_WITH_TRANSFORMATION(#7597) 
SHAPE_REPRESENTATION_RELATIONSHIP() );
#7597 = ITEM_DEFINED_TRANSFORMATION('','',#11,#55);
#7598 = PRODUCT_DEFINITION_SHAPE('Placement','Placement of an item',
  #7599);
#7599 = NEXT_ASSEMBLY_USAGE_OCCURRENCE('16','hub_R','',#5,#5928,$);
#7600 = CONTEXT_DEPENDENT_SHAPE_REPRESENTATION(#7601,#7603);
#7601 = ( REPRESENTATION_RELATIONSHIP('','',#6706,#10) 
REPRESENTATION_RELATIONSHIP_WITH_TRANSFORMATION(#7602) 
SHAPE_REPRESENTATION_RELATIONSHIP() );
#7602 = ITEM_DEFINED_TRANSFORMATION('','',#11,#59);
#7603 = PRODUCT_DEFINITION_SHAPE('Placement','Placement of an item',
  #7604);
#7604 = NEXT_ASSEMBLY_USAGE_OCCURRENCE('17','tire_R','',#5,#6701,$);
#7605 = CONTEXT_DEPENDENT_SHAPE_REPRESENTATION(#7606,#7608);
#7606 = ( REPRESENTATION_RELATIONSHIP('','',#7195,#10) 
REPRESENTATION_RELATIONSHIP_WITH_TRANSFORMATION(#7607) 
SHAPE_REPRESENTATION_RELATIONSHIP() );
#7607 = ITEM_DEFINED_TRANSFORMATION('','',#11,#63);
#7608 = PRODUCT_DEFINITION_SHAPE('Placement','Placement of an item',
  #7609);
#7609 = NEXT_ASSEMBLY_USAGE_OCCURRENCE('18','spacer_R','',#5,#7190,$);
#7610 = CONTEXT_DEPENDENT_SHAPE_REPRESENTATION(#7611,#7613);
#7611 = ( REPRESENTATION_RELATIONSHIP('','',#7396,#10) 
REPRESENTATION_RELATIONSHIP_WITH_TRANSFORMATION(#7612) 
SHAPE_REPRESENTATION_RELATIONSHIP() );
#7612 = ITEM_DEFINED_TRANSFORMATION('','',#11,#67);
#7613 = PRODUCT_DEFINITION_SHAPE('Placement','Placement of an item',
  #7614);
#7614 = NEXT_ASSEMBLY_USAGE_OCCURRENCE('19','bearing_R_outer','',#5,
  #7391,$);
#7615 = CONTEXT_DEPENDENT_SHAPE_REPRESENTATION(#7616,#7618);
#7616 = ( REPRESENTATION_RELATIONSHIP('','',#7396,#10) 
REPRESENTATION_RELATIONSHIP_WITH_TRANSFORMATION(#7617) 
SHAPE_REPRESENTATION_RELATIONSHIP() );
#7617 = ITEM_DEFINED_TRANSFORMATION('','',#11,#71);
#7618 = PRODUCT_DEFINITION_SHAPE('Placement','Placement of an item',
  #7619);
#7619 = NEXT_ASSEMBLY_USAGE_OCCURRENCE('20','bearing_R_inner','',#5,
  #7391,$);
ENDSEC;
END-ISO-10303-21;
